source_id,source_sha256,page,table,row,column,value_original,reference,verification_status
S034,acf5cfe1780ba93146e23e9cc459bc71737b0d1bc6aed236e7b4cd9ae6fcffe3,31,1,1,1,S.No.,PDF page 31; detected table 1; row 1; column 1,review_required
S034,acf5cfe1780ba93146e23e9cc459bc71737b0d1bc6aed236e7b4cd9ae6fcffe3,31,1,1,2,Corridor,PDF page 31; detected table 1; row 1; column 2,review_required
S034,acf5cfe1780ba93146e23e9cc459bc71737b0d1bc6aed236e7b4cd9ae6fcffe3,31,1,1,3,"Capital Cost
(Rs. Crore)",PDF page 31; detected table 1; row 1; column 3,review_required
S034,acf5cfe1780ba93146e23e9cc459bc71737b0d1bc6aed236e7b4cd9ae6fcffe3,31,1,1,4,"Taxes &
Duties
(Rs. Crore)",PDF page 31; detected table 1; row 1; column 4,review_required
S034,acf5cfe1780ba93146e23e9cc459bc71737b0d1bc6aed236e7b4cd9ae6fcffe3,31,1,1,5,"Total
(Rs. Crore)",PDF page 31; detected table 1; row 1; column 5,review_required
S034,acf5cfe1780ba93146e23e9cc459bc71737b0d1bc6aed236e7b4cd9ae6fcffe3,31,1,2,1,1.,PDF page 31; detected table 1; row 2; column 1,review_required
S034,acf5cfe1780ba93146e23e9cc459bc71737b0d1bc6aed236e7b4cd9ae6fcffe3,31,1,2,2,Aerocity - Tughlakabad,PDF page 31; detected table 1; row 2; column 2,review_required
S034,acf5cfe1780ba93146e23e9cc459bc71737b0d1bc6aed236e7b4cd9ae6fcffe3,31,1,2,3,7293,PDF page 31; detected table 1; row 2; column 3,review_required
S034,acf5cfe1780ba93146e23e9cc459bc71737b0d1bc6aed236e7b4cd9ae6fcffe3,31,1,2,4,938,PDF page 31; detected table 1; row 2; column 4,review_required
S034,acf5cfe1780ba93146e23e9cc459bc71737b0d1bc6aed236e7b4cd9ae6fcffe3,31,1,2,5,8231,PDF page 31; detected table 1; row 2; column 5,review_required
S034,acf5cfe1780ba93146e23e9cc459bc71737b0d1bc6aed236e7b4cd9ae6fcffe3,31,1,3,1,2.,PDF page 31; detected table 1; row 3; column 1,review_required
S034,acf5cfe1780ba93146e23e9cc459bc71737b0d1bc6aed236e7b4cd9ae6fcffe3,31,1,3,2,"Janakpuri West – R K
Ashram",PDF page 31; detected table 1; row 3; column 2,review_required
S034,acf5cfe1780ba93146e23e9cc459bc71737b0d1bc6aed236e7b4cd9ae6fcffe3,31,1,3,3,8394,PDF page 31; detected table 1; row 3; column 3,review_required
S034,acf5cfe1780ba93146e23e9cc459bc71737b0d1bc6aed236e7b4cd9ae6fcffe3,31,1,3,4,955,PDF page 31; detected table 1; row 3; column 4,review_required
S034,acf5cfe1780ba93146e23e9cc459bc71737b0d1bc6aed236e7b4cd9ae6fcffe3,31,1,3,5,9349,PDF page 31; detected table 1; row 3; column 5,review_required
S034,acf5cfe1780ba93146e23e9cc459bc71737b0d1bc6aed236e7b4cd9ae6fcffe3,31,1,4,1,3.,PDF page 31; detected table 1; row 4; column 1,review_required
S034,acf5cfe1780ba93146e23e9cc459bc71737b0d1bc6aed236e7b4cd9ae6fcffe3,31,1,4,2,Mukundpur-Maujpur,PDF page 31; detected table 1; row 4; column 2,review_required
S034,acf5cfe1780ba93146e23e9cc459bc71737b0d1bc6aed236e7b4cd9ae6fcffe3,31,1,4,3,1943,PDF page 31; detected table 1; row 4; column 3,review_required
S034,acf5cfe1780ba93146e23e9cc459bc71737b0d1bc6aed236e7b4cd9ae6fcffe3,31,1,4,4,247,PDF page 31; detected table 1; row 4; column 4,review_required
S034,acf5cfe1780ba93146e23e9cc459bc71737b0d1bc6aed236e7b4cd9ae6fcffe3,31,1,4,5,2190,PDF page 31; detected table 1; row 4; column 5,review_required
S034,acf5cfe1780ba93146e23e9cc459bc71737b0d1bc6aed236e7b4cd9ae6fcffe3,31,1,5,1,4.,PDF page 31; detected table 1; row 5; column 1,review_required
S034,acf5cfe1780ba93146e23e9cc459bc71737b0d1bc6aed236e7b4cd9ae6fcffe3,31,1,5,2,"Additional Rolling Stock
including augmentation
of depot",PDF page 31; detected table 1; row 5; column 2,review_required
S034,acf5cfe1780ba93146e23e9cc459bc71737b0d1bc6aed236e7b4cd9ae6fcffe3,31,1,5,3,2339,PDF page 31; detected table 1; row 5; column 3,review_required
S034,acf5cfe1780ba93146e23e9cc459bc71737b0d1bc6aed236e7b4cd9ae6fcffe3,31,1,5,4,384,PDF page 31; detected table 1; row 5; column 4,review_required
S034,acf5cfe1780ba93146e23e9cc459bc71737b0d1bc6aed236e7b4cd9ae6fcffe3,31,1,5,5,2723,PDF page 31; detected table 1; row 5; column 5,review_required
S034,acf5cfe1780ba93146e23e9cc459bc71737b0d1bc6aed236e7b4cd9ae6fcffe3,31,1,6,1,Total,PDF page 31; detected table 1; row 6; column 1,review_required
S034,acf5cfe1780ba93146e23e9cc459bc71737b0d1bc6aed236e7b4cd9ae6fcffe3,31,1,6,3,19969,PDF page 31; detected table 1; row 6; column 3,review_required
S034,acf5cfe1780ba93146e23e9cc459bc71737b0d1bc6aed236e7b4cd9ae6fcffe3,31,1,6,4,2524,PDF page 31; detected table 1; row 6; column 4,review_required
S034,acf5cfe1780ba93146e23e9cc459bc71737b0d1bc6aed236e7b4cd9ae6fcffe3,31,1,6,5,22493,PDF page 31; detected table 1; row 6; column 5,review_required
S034,acf5cfe1780ba93146e23e9cc459bc71737b0d1bc6aed236e7b4cd9ae6fcffe3,36,1,1,1,Corridor,PDF page 36; detected table 1; row 1; column 1,review_required
S034,acf5cfe1780ba93146e23e9cc459bc71737b0d1bc6aed236e7b4cd9ae6fcffe3,36,1,1,2,Land Requirement (Ha),PDF page 36; detected table 1; row 1; column 2,review_required
S034,acf5cfe1780ba93146e23e9cc459bc71737b0d1bc6aed236e7b4cd9ae6fcffe3,36,1,2,2,Government,PDF page 36; detected table 1; row 2; column 2,review_required
S034,acf5cfe1780ba93146e23e9cc459bc71737b0d1bc6aed236e7b4cd9ae6fcffe3,36,1,2,4,Private,PDF page 36; detected table 1; row 2; column 4,review_required
S034,acf5cfe1780ba93146e23e9cc459bc71737b0d1bc6aed236e7b4cd9ae6fcffe3,36,1,2,6,Total,PDF page 36; detected table 1; row 2; column 6,review_required
S034,acf5cfe1780ba93146e23e9cc459bc71737b0d1bc6aed236e7b4cd9ae6fcffe3,36,1,3,2,P,PDF page 36; detected table 1; row 3; column 2,review_required
S034,acf5cfe1780ba93146e23e9cc459bc71737b0d1bc6aed236e7b4cd9ae6fcffe3,36,1,3,3,T,PDF page 36; detected table 1; row 3; column 3,review_required
S034,acf5cfe1780ba93146e23e9cc459bc71737b0d1bc6aed236e7b4cd9ae6fcffe3,36,1,3,4,P,PDF page 36; detected table 1; row 3; column 4,review_required
S034,acf5cfe1780ba93146e23e9cc459bc71737b0d1bc6aed236e7b4cd9ae6fcffe3,36,1,3,5,T,PDF page 36; detected table 1; row 3; column 5,review_required
S034,acf5cfe1780ba93146e23e9cc459bc71737b0d1bc6aed236e7b4cd9ae6fcffe3,36,1,3,6,P,PDF page 36; detected table 1; row 3; column 6,review_required
S034,acf5cfe1780ba93146e23e9cc459bc71737b0d1bc6aed236e7b4cd9ae6fcffe3,36,1,3,7,T,PDF page 36; detected table 1; row 3; column 7,review_required
S034,acf5cfe1780ba93146e23e9cc459bc71737b0d1bc6aed236e7b4cd9ae6fcffe3,36,1,4,1,Aerocity - Tughlakabad,PDF page 36; detected table 1; row 4; column 1,review_required
S034,acf5cfe1780ba93146e23e9cc459bc71737b0d1bc6aed236e7b4cd9ae6fcffe3,36,1,4,2,7.17,PDF page 36; detected table 1; row 4; column 2,review_required
S034,acf5cfe1780ba93146e23e9cc459bc71737b0d1bc6aed236e7b4cd9ae6fcffe3,36,1,4,3,38.66,PDF page 36; detected table 1; row 4; column 3,review_required
S034,acf5cfe1780ba93146e23e9cc459bc71737b0d1bc6aed236e7b4cd9ae6fcffe3,36,1,4,4,0.2407,PDF page 36; detected table 1; row 4; column 4,review_required
S034,acf5cfe1780ba93146e23e9cc459bc71737b0d1bc6aed236e7b4cd9ae6fcffe3,36,1,4,5,0.4825,PDF page 36; detected table 1; row 4; column 5,review_required
S034,acf5cfe1780ba93146e23e9cc459bc71737b0d1bc6aed236e7b4cd9ae6fcffe3,36,1,4,6,7.4107,PDF page 36; detected table 1; row 4; column 6,review_required
S034,acf5cfe1780ba93146e23e9cc459bc71737b0d1bc6aed236e7b4cd9ae6fcffe3,36,1,4,7,39.1425,PDF page 36; detected table 1; row 4; column 7,review_required
S034,acf5cfe1780ba93146e23e9cc459bc71737b0d1bc6aed236e7b4cd9ae6fcffe3,36,1,5,1,Janakpuri West – R K Ashram,PDF page 36; detected table 1; row 5; column 1,review_required
S034,acf5cfe1780ba93146e23e9cc459bc71737b0d1bc6aed236e7b4cd9ae6fcffe3,36,1,5,2,11.01,PDF page 36; detected table 1; row 5; column 2,review_required
S034,acf5cfe1780ba93146e23e9cc459bc71737b0d1bc6aed236e7b4cd9ae6fcffe3,36,1,5,3,26.12,PDF page 36; detected table 1; row 5; column 3,review_required
S034,acf5cfe1780ba93146e23e9cc459bc71737b0d1bc6aed236e7b4cd9ae6fcffe3,36,1,5,4,0.08,PDF page 36; detected table 1; row 5; column 4,review_required
S034,acf5cfe1780ba93146e23e9cc459bc71737b0d1bc6aed236e7b4cd9ae6fcffe3,36,1,5,5,0,PDF page 36; detected table 1; row 5; column 5,review_required
S034,acf5cfe1780ba93146e23e9cc459bc71737b0d1bc6aed236e7b4cd9ae6fcffe3,36,1,5,6,11.09,PDF page 36; detected table 1; row 5; column 6,review_required
S034,acf5cfe1780ba93146e23e9cc459bc71737b0d1bc6aed236e7b4cd9ae6fcffe3,36,1,5,7,26.12,PDF page 36; detected table 1; row 5; column 7,review_required
S034,acf5cfe1780ba93146e23e9cc459bc71737b0d1bc6aed236e7b4cd9ae6fcffe3,36,1,6,1,Mukundpur - Maujpur,PDF page 36; detected table 1; row 6; column 1,review_required
S034,acf5cfe1780ba93146e23e9cc459bc71737b0d1bc6aed236e7b4cd9ae6fcffe3,36,1,6,2,0.62,PDF page 36; detected table 1; row 6; column 2,review_required
S034,acf5cfe1780ba93146e23e9cc459bc71737b0d1bc6aed236e7b4cd9ae6fcffe3,36,1,6,3,7.1773,PDF page 36; detected table 1; row 6; column 3,review_required
S034,acf5cfe1780ba93146e23e9cc459bc71737b0d1bc6aed236e7b4cd9ae6fcffe3,36,1,6,4,0.0,PDF page 36; detected table 1; row 6; column 4,review_required
S034,acf5cfe1780ba93146e23e9cc459bc71737b0d1bc6aed236e7b4cd9ae6fcffe3,36,1,6,5,0.0427,PDF page 36; detected table 1; row 6; column 5,review_required
S034,acf5cfe1780ba93146e23e9cc459bc71737b0d1bc6aed236e7b4cd9ae6fcffe3,36,1,6,6,0.62,PDF page 36; detected table 1; row 6; column 6,review_required
S034,acf5cfe1780ba93146e23e9cc459bc71737b0d1bc6aed236e7b4cd9ae6fcffe3,36,1,6,7,7.22,PDF page 36; detected table 1; row 6; column 7,review_required
S034,acf5cfe1780ba93146e23e9cc459bc71737b0d1bc6aed236e7b4cd9ae6fcffe3,36,1,7,1,Total,PDF page 36; detected table 1; row 7; column 1,review_required
S034,acf5cfe1780ba93146e23e9cc459bc71737b0d1bc6aed236e7b4cd9ae6fcffe3,36,1,7,2,18.8,PDF page 36; detected table 1; row 7; column 2,review_required
S034,acf5cfe1780ba93146e23e9cc459bc71737b0d1bc6aed236e7b4cd9ae6fcffe3,36,1,7,3,71.9573,PDF page 36; detected table 1; row 7; column 3,review_required
S034,acf5cfe1780ba93146e23e9cc459bc71737b0d1bc6aed236e7b4cd9ae6fcffe3,36,1,7,4,0.3207,PDF page 36; detected table 1; row 7; column 4,review_required
S034,acf5cfe1780ba93146e23e9cc459bc71737b0d1bc6aed236e7b4cd9ae6fcffe3,36,1,7,5,0.5252,PDF page 36; detected table 1; row 7; column 5,review_required
S034,acf5cfe1780ba93146e23e9cc459bc71737b0d1bc6aed236e7b4cd9ae6fcffe3,36,1,7,6,19.1207,PDF page 36; detected table 1; row 7; column 6,review_required
S034,acf5cfe1780ba93146e23e9cc459bc71737b0d1bc6aed236e7b4cd9ae6fcffe3,36,1,7,7,72.4825,PDF page 36; detected table 1; row 7; column 7,review_required
S034,acf5cfe1780ba93146e23e9cc459bc71737b0d1bc6aed236e7b4cd9ae6fcffe3,37,1,1,1,Corridor,PDF page 37; detected table 1; row 1; column 1,review_required
S034,acf5cfe1780ba93146e23e9cc459bc71737b0d1bc6aed236e7b4cd9ae6fcffe3,37,1,1,2,Type of Structures,PDF page 37; detected table 1; row 1; column 2,review_required
S034,acf5cfe1780ba93146e23e9cc459bc71737b0d1bc6aed236e7b4cd9ae6fcffe3,37,1,2,2,Residential,PDF page 37; detected table 1; row 2; column 2,review_required
S034,acf5cfe1780ba93146e23e9cc459bc71737b0d1bc6aed236e7b4cd9ae6fcffe3,37,1,2,3,Commercial,PDF page 37; detected table 1; row 2; column 3,review_required
S034,acf5cfe1780ba93146e23e9cc459bc71737b0d1bc6aed236e7b4cd9ae6fcffe3,37,1,2,4,R + C,PDF page 37; detected table 1; row 2; column 4,review_required
S034,acf5cfe1780ba93146e23e9cc459bc71737b0d1bc6aed236e7b4cd9ae6fcffe3,37,1,2,5,Others,PDF page 37; detected table 1; row 2; column 5,review_required
S034,acf5cfe1780ba93146e23e9cc459bc71737b0d1bc6aed236e7b4cd9ae6fcffe3,37,1,2,6,Total,PDF page 37; detected table 1; row 2; column 6,review_required
S034,acf5cfe1780ba93146e23e9cc459bc71737b0d1bc6aed236e7b4cd9ae6fcffe3,37,1,3,1,Aerocity - Tughlakabad,PDF page 37; detected table 1; row 3; column 1,review_required
S034,acf5cfe1780ba93146e23e9cc459bc71737b0d1bc6aed236e7b4cd9ae6fcffe3,37,1,3,2,5,PDF page 37; detected table 1; row 3; column 2,review_required
S034,acf5cfe1780ba93146e23e9cc459bc71737b0d1bc6aed236e7b4cd9ae6fcffe3,37,1,3,3,42,PDF page 37; detected table 1; row 3; column 3,review_required
S034,acf5cfe1780ba93146e23e9cc459bc71737b0d1bc6aed236e7b4cd9ae6fcffe3,37,1,3,4,0,PDF page 37; detected table 1; row 3; column 4,review_required
S034,acf5cfe1780ba93146e23e9cc459bc71737b0d1bc6aed236e7b4cd9ae6fcffe3,37,1,3,5,0,PDF page 37; detected table 1; row 3; column 5,review_required
S034,acf5cfe1780ba93146e23e9cc459bc71737b0d1bc6aed236e7b4cd9ae6fcffe3,37,1,3,6,47,PDF page 37; detected table 1; row 3; column 6,review_required
S034,acf5cfe1780ba93146e23e9cc459bc71737b0d1bc6aed236e7b4cd9ae6fcffe3,37,1,4,1,Janakpuri West – R K Ashram,PDF page 37; detected table 1; row 4; column 1,review_required
S034,acf5cfe1780ba93146e23e9cc459bc71737b0d1bc6aed236e7b4cd9ae6fcffe3,37,1,4,2,0,PDF page 37; detected table 1; row 4; column 2,review_required
S034,acf5cfe1780ba93146e23e9cc459bc71737b0d1bc6aed236e7b4cd9ae6fcffe3,37,1,4,3,9,PDF page 37; detected table 1; row 4; column 3,review_required
S034,acf5cfe1780ba93146e23e9cc459bc71737b0d1bc6aed236e7b4cd9ae6fcffe3,37,1,4,4,3,PDF page 37; detected table 1; row 4; column 4,review_required
S034,acf5cfe1780ba93146e23e9cc459bc71737b0d1bc6aed236e7b4cd9ae6fcffe3,37,1,4,5,11,PDF page 37; detected table 1; row 4; column 5,review_required
S034,acf5cfe1780ba93146e23e9cc459bc71737b0d1bc6aed236e7b4cd9ae6fcffe3,37,1,4,6,23,PDF page 37; detected table 1; row 4; column 6,review_required
S034,acf5cfe1780ba93146e23e9cc459bc71737b0d1bc6aed236e7b4cd9ae6fcffe3,37,1,5,1,Mukundpur - Maujpur,PDF page 37; detected table 1; row 5; column 1,review_required
S034,acf5cfe1780ba93146e23e9cc459bc71737b0d1bc6aed236e7b4cd9ae6fcffe3,37,1,5,2,0,PDF page 37; detected table 1; row 5; column 2,review_required
S034,acf5cfe1780ba93146e23e9cc459bc71737b0d1bc6aed236e7b4cd9ae6fcffe3,37,1,5,3,0,PDF page 37; detected table 1; row 5; column 3,review_required
S034,acf5cfe1780ba93146e23e9cc459bc71737b0d1bc6aed236e7b4cd9ae6fcffe3,37,1,5,4,0,PDF page 37; detected table 1; row 5; column 4,review_required
S034,acf5cfe1780ba93146e23e9cc459bc71737b0d1bc6aed236e7b4cd9ae6fcffe3,37,1,5,5,0,PDF page 37; detected table 1; row 5; column 5,review_required
S034,acf5cfe1780ba93146e23e9cc459bc71737b0d1bc6aed236e7b4cd9ae6fcffe3,37,1,5,6,0,PDF page 37; detected table 1; row 5; column 6,review_required
S034,acf5cfe1780ba93146e23e9cc459bc71737b0d1bc6aed236e7b4cd9ae6fcffe3,37,1,6,1,Total,PDF page 37; detected table 1; row 6; column 1,review_required
S034,acf5cfe1780ba93146e23e9cc459bc71737b0d1bc6aed236e7b4cd9ae6fcffe3,37,1,6,2,5,PDF page 37; detected table 1; row 6; column 2,review_required
S034,acf5cfe1780ba93146e23e9cc459bc71737b0d1bc6aed236e7b4cd9ae6fcffe3,37,1,6,3,51,PDF page 37; detected table 1; row 6; column 3,review_required
S034,acf5cfe1780ba93146e23e9cc459bc71737b0d1bc6aed236e7b4cd9ae6fcffe3,37,1,6,4,3,PDF page 37; detected table 1; row 6; column 4,review_required
S034,acf5cfe1780ba93146e23e9cc459bc71737b0d1bc6aed236e7b4cd9ae6fcffe3,37,1,6,5,11,PDF page 37; detected table 1; row 6; column 5,review_required
S034,acf5cfe1780ba93146e23e9cc459bc71737b0d1bc6aed236e7b4cd9ae6fcffe3,37,1,6,6,70,PDF page 37; detected table 1; row 6; column 6,review_required
S034,acf5cfe1780ba93146e23e9cc459bc71737b0d1bc6aed236e7b4cd9ae6fcffe3,38,1,1,1,Corridor,PDF page 38; detected table 1; row 1; column 1,review_required
S034,acf5cfe1780ba93146e23e9cc459bc71737b0d1bc6aed236e7b4cd9ae6fcffe3,38,1,1,2,Magnitude of Impacts,PDF page 38; detected table 1; row 1; column 2,review_required
S034,acf5cfe1780ba93146e23e9cc459bc71737b0d1bc6aed236e7b4cd9ae6fcffe3,38,1,2,2,Fully,PDF page 38; detected table 1; row 2; column 2,review_required
S034,acf5cfe1780ba93146e23e9cc459bc71737b0d1bc6aed236e7b4cd9ae6fcffe3,38,1,2,6,Partially,PDF page 38; detected table 1; row 2; column 6,review_required
S034,acf5cfe1780ba93146e23e9cc459bc71737b0d1bc6aed236e7b4cd9ae6fcffe3,38,1,2,10,Total,PDF page 38; detected table 1; row 2; column 10,review_required
S034,acf5cfe1780ba93146e23e9cc459bc71737b0d1bc6aed236e7b4cd9ae6fcffe3,38,1,3,2,R,PDF page 38; detected table 1; row 3; column 2,review_required
S034,acf5cfe1780ba93146e23e9cc459bc71737b0d1bc6aed236e7b4cd9ae6fcffe3,38,1,3,3,C,PDF page 38; detected table 1; row 3; column 3,review_required
S034,acf5cfe1780ba93146e23e9cc459bc71737b0d1bc6aed236e7b4cd9ae6fcffe3,38,1,3,4,R+C,PDF page 38; detected table 1; row 3; column 4,review_required
S034,acf5cfe1780ba93146e23e9cc459bc71737b0d1bc6aed236e7b4cd9ae6fcffe3,38,1,3,5,O,PDF page 38; detected table 1; row 3; column 5,review_required
S034,acf5cfe1780ba93146e23e9cc459bc71737b0d1bc6aed236e7b4cd9ae6fcffe3,38,1,3,6,R,PDF page 38; detected table 1; row 3; column 6,review_required
S034,acf5cfe1780ba93146e23e9cc459bc71737b0d1bc6aed236e7b4cd9ae6fcffe3,38,1,3,7,C,PDF page 38; detected table 1; row 3; column 7,review_required
S034,acf5cfe1780ba93146e23e9cc459bc71737b0d1bc6aed236e7b4cd9ae6fcffe3,38,1,3,8,R+C,PDF page 38; detected table 1; row 3; column 8,review_required
S034,acf5cfe1780ba93146e23e9cc459bc71737b0d1bc6aed236e7b4cd9ae6fcffe3,38,1,3,9,O,PDF page 38; detected table 1; row 3; column 9,review_required
S034,acf5cfe1780ba93146e23e9cc459bc71737b0d1bc6aed236e7b4cd9ae6fcffe3,38,1,3,10,R,PDF page 38; detected table 1; row 3; column 10,review_required
S034,acf5cfe1780ba93146e23e9cc459bc71737b0d1bc6aed236e7b4cd9ae6fcffe3,38,1,3,11,C,PDF page 38; detected table 1; row 3; column 11,review_required
S034,acf5cfe1780ba93146e23e9cc459bc71737b0d1bc6aed236e7b4cd9ae6fcffe3,38,1,3,12,R+C,PDF page 38; detected table 1; row 3; column 12,review_required
S034,acf5cfe1780ba93146e23e9cc459bc71737b0d1bc6aed236e7b4cd9ae6fcffe3,38,1,3,13,O,PDF page 38; detected table 1; row 3; column 13,review_required
S034,acf5cfe1780ba93146e23e9cc459bc71737b0d1bc6aed236e7b4cd9ae6fcffe3,38,1,4,1,Aerocity - Tughlakabad,PDF page 38; detected table 1; row 4; column 1,review_required
S034,acf5cfe1780ba93146e23e9cc459bc71737b0d1bc6aed236e7b4cd9ae6fcffe3,38,1,4,2,5,PDF page 38; detected table 1; row 4; column 2,review_required
S034,acf5cfe1780ba93146e23e9cc459bc71737b0d1bc6aed236e7b4cd9ae6fcffe3,38,1,4,3,8,PDF page 38; detected table 1; row 4; column 3,review_required
S034,acf5cfe1780ba93146e23e9cc459bc71737b0d1bc6aed236e7b4cd9ae6fcffe3,38,1,4,4,0,PDF page 38; detected table 1; row 4; column 4,review_required
S034,acf5cfe1780ba93146e23e9cc459bc71737b0d1bc6aed236e7b4cd9ae6fcffe3,38,1,4,5,0,PDF page 38; detected table 1; row 4; column 5,review_required
S034,acf5cfe1780ba93146e23e9cc459bc71737b0d1bc6aed236e7b4cd9ae6fcffe3,38,1,4,6,0,PDF page 38; detected table 1; row 4; column 6,review_required
S034,acf5cfe1780ba93146e23e9cc459bc71737b0d1bc6aed236e7b4cd9ae6fcffe3,38,1,4,7,34,PDF page 38; detected table 1; row 4; column 7,review_required
S034,acf5cfe1780ba93146e23e9cc459bc71737b0d1bc6aed236e7b4cd9ae6fcffe3,38,1,4,8,0,PDF page 38; detected table 1; row 4; column 8,review_required
S034,acf5cfe1780ba93146e23e9cc459bc71737b0d1bc6aed236e7b4cd9ae6fcffe3,38,1,4,9,0,PDF page 38; detected table 1; row 4; column 9,review_required
S034,acf5cfe1780ba93146e23e9cc459bc71737b0d1bc6aed236e7b4cd9ae6fcffe3,38,1,4,10,5,PDF page 38; detected table 1; row 4; column 10,review_required
S034,acf5cfe1780ba93146e23e9cc459bc71737b0d1bc6aed236e7b4cd9ae6fcffe3,38,1,4,11,42,PDF page 38; detected table 1; row 4; column 11,review_required
S034,acf5cfe1780ba93146e23e9cc459bc71737b0d1bc6aed236e7b4cd9ae6fcffe3,38,1,4,12,0,PDF page 38; detected table 1; row 4; column 12,review_required
S034,acf5cfe1780ba93146e23e9cc459bc71737b0d1bc6aed236e7b4cd9ae6fcffe3,38,1,4,13,0,PDF page 38; detected table 1; row 4; column 13,review_required
S034,acf5cfe1780ba93146e23e9cc459bc71737b0d1bc6aed236e7b4cd9ae6fcffe3,38,1,5,1,"Janakpuri West – R K
Ashram",PDF page 38; detected table 1; row 5; column 1,review_required
S034,acf5cfe1780ba93146e23e9cc459bc71737b0d1bc6aed236e7b4cd9ae6fcffe3,38,1,5,2,0,PDF page 38; detected table 1; row 5; column 2,review_required
S034,acf5cfe1780ba93146e23e9cc459bc71737b0d1bc6aed236e7b4cd9ae6fcffe3,38,1,5,3,9,PDF page 38; detected table 1; row 5; column 3,review_required
S034,acf5cfe1780ba93146e23e9cc459bc71737b0d1bc6aed236e7b4cd9ae6fcffe3,38,1,5,4,3,PDF page 38; detected table 1; row 5; column 4,review_required
S034,acf5cfe1780ba93146e23e9cc459bc71737b0d1bc6aed236e7b4cd9ae6fcffe3,38,1,5,5,11,PDF page 38; detected table 1; row 5; column 5,review_required
S034,acf5cfe1780ba93146e23e9cc459bc71737b0d1bc6aed236e7b4cd9ae6fcffe3,38,1,5,6,0,PDF page 38; detected table 1; row 5; column 6,review_required
S034,acf5cfe1780ba93146e23e9cc459bc71737b0d1bc6aed236e7b4cd9ae6fcffe3,38,1,5,7,0,PDF page 38; detected table 1; row 5; column 7,review_required
S034,acf5cfe1780ba93146e23e9cc459bc71737b0d1bc6aed236e7b4cd9ae6fcffe3,38,1,5,8,0,PDF page 38; detected table 1; row 5; column 8,review_required
S034,acf5cfe1780ba93146e23e9cc459bc71737b0d1bc6aed236e7b4cd9ae6fcffe3,38,1,5,9,0,PDF page 38; detected table 1; row 5; column 9,review_required
S034,acf5cfe1780ba93146e23e9cc459bc71737b0d1bc6aed236e7b4cd9ae6fcffe3,38,1,5,10,0,PDF page 38; detected table 1; row 5; column 10,review_required
S034,acf5cfe1780ba93146e23e9cc459bc71737b0d1bc6aed236e7b4cd9ae6fcffe3,38,1,5,11,9,PDF page 38; detected table 1; row 5; column 11,review_required
S034,acf5cfe1780ba93146e23e9cc459bc71737b0d1bc6aed236e7b4cd9ae6fcffe3,38,1,5,12,3,PDF page 38; detected table 1; row 5; column 12,review_required
S034,acf5cfe1780ba93146e23e9cc459bc71737b0d1bc6aed236e7b4cd9ae6fcffe3,38,1,5,13,11,PDF page 38; detected table 1; row 5; column 13,review_required
S034,acf5cfe1780ba93146e23e9cc459bc71737b0d1bc6aed236e7b4cd9ae6fcffe3,38,1,6,1,Mukundpur - Maujpur,PDF page 38; detected table 1; row 6; column 1,review_required
S034,acf5cfe1780ba93146e23e9cc459bc71737b0d1bc6aed236e7b4cd9ae6fcffe3,38,1,6,2,0,PDF page 38; detected table 1; row 6; column 2,review_required
S034,acf5cfe1780ba93146e23e9cc459bc71737b0d1bc6aed236e7b4cd9ae6fcffe3,38,1,6,3,0,PDF page 38; detected table 1; row 6; column 3,review_required
S034,acf5cfe1780ba93146e23e9cc459bc71737b0d1bc6aed236e7b4cd9ae6fcffe3,38,1,6,4,0,PDF page 38; detected table 1; row 6; column 4,review_required
S034,acf5cfe1780ba93146e23e9cc459bc71737b0d1bc6aed236e7b4cd9ae6fcffe3,38,1,6,5,0,PDF page 38; detected table 1; row 6; column 5,review_required
S034,acf5cfe1780ba93146e23e9cc459bc71737b0d1bc6aed236e7b4cd9ae6fcffe3,38,1,6,6,0,PDF page 38; detected table 1; row 6; column 6,review_required
S034,acf5cfe1780ba93146e23e9cc459bc71737b0d1bc6aed236e7b4cd9ae6fcffe3,38,1,6,7,0,PDF page 38; detected table 1; row 6; column 7,review_required
S034,acf5cfe1780ba93146e23e9cc459bc71737b0d1bc6aed236e7b4cd9ae6fcffe3,38,1,6,8,0,PDF page 38; detected table 1; row 6; column 8,review_required
S034,acf5cfe1780ba93146e23e9cc459bc71737b0d1bc6aed236e7b4cd9ae6fcffe3,38,1,6,9,0,PDF page 38; detected table 1; row 6; column 9,review_required
S034,acf5cfe1780ba93146e23e9cc459bc71737b0d1bc6aed236e7b4cd9ae6fcffe3,38,1,6,10,0,PDF page 38; detected table 1; row 6; column 10,review_required
S034,acf5cfe1780ba93146e23e9cc459bc71737b0d1bc6aed236e7b4cd9ae6fcffe3,38,1,6,11,0,PDF page 38; detected table 1; row 6; column 11,review_required
S034,acf5cfe1780ba93146e23e9cc459bc71737b0d1bc6aed236e7b4cd9ae6fcffe3,38,1,6,12,0,PDF page 38; detected table 1; row 6; column 12,review_required
S034,acf5cfe1780ba93146e23e9cc459bc71737b0d1bc6aed236e7b4cd9ae6fcffe3,38,1,6,13,0,PDF page 38; detected table 1; row 6; column 13,review_required
S034,acf5cfe1780ba93146e23e9cc459bc71737b0d1bc6aed236e7b4cd9ae6fcffe3,38,1,7,1,Total,PDF page 38; detected table 1; row 7; column 1,review_required
S034,acf5cfe1780ba93146e23e9cc459bc71737b0d1bc6aed236e7b4cd9ae6fcffe3,38,1,7,2,5,PDF page 38; detected table 1; row 7; column 2,review_required
S034,acf5cfe1780ba93146e23e9cc459bc71737b0d1bc6aed236e7b4cd9ae6fcffe3,38,1,7,3,17,PDF page 38; detected table 1; row 7; column 3,review_required
S034,acf5cfe1780ba93146e23e9cc459bc71737b0d1bc6aed236e7b4cd9ae6fcffe3,38,1,7,4,3,PDF page 38; detected table 1; row 7; column 4,review_required
S034,acf5cfe1780ba93146e23e9cc459bc71737b0d1bc6aed236e7b4cd9ae6fcffe3,38,1,7,5,11,PDF page 38; detected table 1; row 7; column 5,review_required
S034,acf5cfe1780ba93146e23e9cc459bc71737b0d1bc6aed236e7b4cd9ae6fcffe3,38,1,7,6,0,PDF page 38; detected table 1; row 7; column 6,review_required
S034,acf5cfe1780ba93146e23e9cc459bc71737b0d1bc6aed236e7b4cd9ae6fcffe3,38,1,7,7,34,PDF page 38; detected table 1; row 7; column 7,review_required
S034,acf5cfe1780ba93146e23e9cc459bc71737b0d1bc6aed236e7b4cd9ae6fcffe3,38,1,7,8,0,PDF page 38; detected table 1; row 7; column 8,review_required
S034,acf5cfe1780ba93146e23e9cc459bc71737b0d1bc6aed236e7b4cd9ae6fcffe3,38,1,7,9,0,PDF page 38; detected table 1; row 7; column 9,review_required
S034,acf5cfe1780ba93146e23e9cc459bc71737b0d1bc6aed236e7b4cd9ae6fcffe3,38,1,7,10,5,PDF page 38; detected table 1; row 7; column 10,review_required
S034,acf5cfe1780ba93146e23e9cc459bc71737b0d1bc6aed236e7b4cd9ae6fcffe3,38,1,7,11,51,PDF page 38; detected table 1; row 7; column 11,review_required
S034,acf5cfe1780ba93146e23e9cc459bc71737b0d1bc6aed236e7b4cd9ae6fcffe3,38,1,7,12,3,PDF page 38; detected table 1; row 7; column 12,review_required
S034,acf5cfe1780ba93146e23e9cc459bc71737b0d1bc6aed236e7b4cd9ae6fcffe3,38,1,7,13,11,PDF page 38; detected table 1; row 7; column 13,review_required
S034,acf5cfe1780ba93146e23e9cc459bc71737b0d1bc6aed236e7b4cd9ae6fcffe3,38,2,1,1,Corridor,PDF page 38; detected table 2; row 1; column 1,review_required
S034,acf5cfe1780ba93146e23e9cc459bc71737b0d1bc6aed236e7b4cd9ae6fcffe3,38,2,1,2,Total PAFs,PDF page 38; detected table 2; row 1; column 2,review_required
S034,acf5cfe1780ba93146e23e9cc459bc71737b0d1bc6aed236e7b4cd9ae6fcffe3,38,2,1,3,Total PAPs,PDF page 38; detected table 2; row 1; column 3,review_required
S034,acf5cfe1780ba93146e23e9cc459bc71737b0d1bc6aed236e7b4cd9ae6fcffe3,38,2,2,1,Aerocity - Tughlakabad,PDF page 38; detected table 2; row 2; column 1,review_required
S034,acf5cfe1780ba93146e23e9cc459bc71737b0d1bc6aed236e7b4cd9ae6fcffe3,38,2,2,2,42 (77.78%),PDF page 38; detected table 2; row 2; column 2,review_required
S034,acf5cfe1780ba93146e23e9cc459bc71737b0d1bc6aed236e7b4cd9ae6fcffe3,38,2,2,3,185 (74.0%),PDF page 38; detected table 2; row 2; column 3,review_required
S034,acf5cfe1780ba93146e23e9cc459bc71737b0d1bc6aed236e7b4cd9ae6fcffe3,38,2,3,1,Janakpuri West – R K Ashram,PDF page 38; detected table 2; row 3; column 1,review_required
S034,acf5cfe1780ba93146e23e9cc459bc71737b0d1bc6aed236e7b4cd9ae6fcffe3,38,2,3,2,12 (22.22%),PDF page 38; detected table 2; row 3; column 2,review_required
S034,acf5cfe1780ba93146e23e9cc459bc71737b0d1bc6aed236e7b4cd9ae6fcffe3,38,2,3,3,65 (26.0%),PDF page 38; detected table 2; row 3; column 3,review_required
S034,acf5cfe1780ba93146e23e9cc459bc71737b0d1bc6aed236e7b4cd9ae6fcffe3,38,2,4,1,Mukundpur - Maujpur,PDF page 38; detected table 2; row 4; column 1,review_required
S034,acf5cfe1780ba93146e23e9cc459bc71737b0d1bc6aed236e7b4cd9ae6fcffe3,38,2,4,2,0 (0%),PDF page 38; detected table 2; row 4; column 2,review_required
S034,acf5cfe1780ba93146e23e9cc459bc71737b0d1bc6aed236e7b4cd9ae6fcffe3,38,2,4,3,0 (0%),PDF page 38; detected table 2; row 4; column 3,review_required
S034,acf5cfe1780ba93146e23e9cc459bc71737b0d1bc6aed236e7b4cd9ae6fcffe3,38,2,5,1,Total,PDF page 38; detected table 2; row 5; column 1,review_required
S034,acf5cfe1780ba93146e23e9cc459bc71737b0d1bc6aed236e7b4cd9ae6fcffe3,38,2,5,2,54 (100%),PDF page 38; detected table 2; row 5; column 2,review_required
S034,acf5cfe1780ba93146e23e9cc459bc71737b0d1bc6aed236e7b4cd9ae6fcffe3,38,2,5,3,250 (100%),PDF page 38; detected table 2; row 5; column 3,review_required
S034,acf5cfe1780ba93146e23e9cc459bc71737b0d1bc6aed236e7b4cd9ae6fcffe3,38,3,1,1,Corridor,PDF page 38; detected table 3; row 1; column 1,review_required
S034,acf5cfe1780ba93146e23e9cc459bc71737b0d1bc6aed236e7b4cd9ae6fcffe3,38,3,1,2,"Title
Holders",PDF page 38; detected table 3; row 1; column 2,review_required
S034,acf5cfe1780ba93146e23e9cc459bc71737b0d1bc6aed236e7b4cd9ae6fcffe3,38,3,1,3,"Non-Title
Holders",PDF page 38; detected table 3; row 1; column 3,review_required
S034,acf5cfe1780ba93146e23e9cc459bc71737b0d1bc6aed236e7b4cd9ae6fcffe3,38,3,1,4,Total PAFS,PDF page 38; detected table 3; row 1; column 4,review_required
S034,acf5cfe1780ba93146e23e9cc459bc71737b0d1bc6aed236e7b4cd9ae6fcffe3,38,3,2,1,Aerocity - Tughlakabad,PDF page 38; detected table 3; row 2; column 1,review_required
S034,acf5cfe1780ba93146e23e9cc459bc71737b0d1bc6aed236e7b4cd9ae6fcffe3,38,3,2,2,3 (25.0%),PDF page 38; detected table 3; row 2; column 2,review_required
S034,acf5cfe1780ba93146e23e9cc459bc71737b0d1bc6aed236e7b4cd9ae6fcffe3,38,3,2,3,39 (92.86%),PDF page 38; detected table 3; row 2; column 3,review_required
S034,acf5cfe1780ba93146e23e9cc459bc71737b0d1bc6aed236e7b4cd9ae6fcffe3,38,3,2,4,42 (77.78%),PDF page 38; detected table 3; row 2; column 4,review_required
S034,acf5cfe1780ba93146e23e9cc459bc71737b0d1bc6aed236e7b4cd9ae6fcffe3,38,3,3,1,Janakpuri West – R K Ashram,PDF page 38; detected table 3; row 3; column 1,review_required
S034,acf5cfe1780ba93146e23e9cc459bc71737b0d1bc6aed236e7b4cd9ae6fcffe3,38,3,3,2,9 (75.0%),PDF page 38; detected table 3; row 3; column 2,review_required
S034,acf5cfe1780ba93146e23e9cc459bc71737b0d1bc6aed236e7b4cd9ae6fcffe3,38,3,3,3,3 (7.14%),PDF page 38; detected table 3; row 3; column 3,review_required
S034,acf5cfe1780ba93146e23e9cc459bc71737b0d1bc6aed236e7b4cd9ae6fcffe3,38,3,3,4,12 (22.22%),PDF page 38; detected table 3; row 3; column 4,review_required
S034,acf5cfe1780ba93146e23e9cc459bc71737b0d1bc6aed236e7b4cd9ae6fcffe3,38,3,4,1,Mukundpur - Maujpur,PDF page 38; detected table 3; row 4; column 1,review_required
S034,acf5cfe1780ba93146e23e9cc459bc71737b0d1bc6aed236e7b4cd9ae6fcffe3,38,3,4,2,0 (0%),PDF page 38; detected table 3; row 4; column 2,review_required
S034,acf5cfe1780ba93146e23e9cc459bc71737b0d1bc6aed236e7b4cd9ae6fcffe3,38,3,4,3,0 (0%),PDF page 38; detected table 3; row 4; column 3,review_required
S034,acf5cfe1780ba93146e23e9cc459bc71737b0d1bc6aed236e7b4cd9ae6fcffe3,38,3,4,4,0 (0%),PDF page 38; detected table 3; row 4; column 4,review_required
S034,acf5cfe1780ba93146e23e9cc459bc71737b0d1bc6aed236e7b4cd9ae6fcffe3,38,3,5,1,Total,PDF page 38; detected table 3; row 5; column 1,review_required
S034,acf5cfe1780ba93146e23e9cc459bc71737b0d1bc6aed236e7b4cd9ae6fcffe3,38,3,5,2,12 (22.22%),PDF page 38; detected table 3; row 5; column 2,review_required
S034,acf5cfe1780ba93146e23e9cc459bc71737b0d1bc6aed236e7b4cd9ae6fcffe3,38,3,5,3,42 (77.78%),PDF page 38; detected table 3; row 5; column 3,review_required
S034,acf5cfe1780ba93146e23e9cc459bc71737b0d1bc6aed236e7b4cd9ae6fcffe3,38,3,5,4,54 (100%),PDF page 38; detected table 3; row 5; column 4,review_required
S034,acf5cfe1780ba93146e23e9cc459bc71737b0d1bc6aed236e7b4cd9ae6fcffe3,39,1,1,1,Corridor,PDF page 39; detected table 1; row 1; column 1,review_required
S034,acf5cfe1780ba93146e23e9cc459bc71737b0d1bc6aed236e7b4cd9ae6fcffe3,39,1,1,2,Total PAFs,PDF page 39; detected table 1; row 1; column 2,review_required
S034,acf5cfe1780ba93146e23e9cc459bc71737b0d1bc6aed236e7b4cd9ae6fcffe3,39,1,1,3,"Residential
Affected
Family",PDF page 39; detected table 1; row 1; column 3,review_required
S034,acf5cfe1780ba93146e23e9cc459bc71737b0d1bc6aed236e7b4cd9ae6fcffe3,39,1,1,4,Percentage,PDF page 39; detected table 1; row 1; column 4,review_required
S034,acf5cfe1780ba93146e23e9cc459bc71737b0d1bc6aed236e7b4cd9ae6fcffe3,39,1,2,1,Aerocity - Tughlakabad,PDF page 39; detected table 1; row 2; column 1,review_required
S034,acf5cfe1780ba93146e23e9cc459bc71737b0d1bc6aed236e7b4cd9ae6fcffe3,39,1,2,2,42,PDF page 39; detected table 1; row 2; column 2,review_required
S034,acf5cfe1780ba93146e23e9cc459bc71737b0d1bc6aed236e7b4cd9ae6fcffe3,39,1,2,3,5,PDF page 39; detected table 1; row 2; column 3,review_required
S034,acf5cfe1780ba93146e23e9cc459bc71737b0d1bc6aed236e7b4cd9ae6fcffe3,39,1,2,4,11.90%,PDF page 39; detected table 1; row 2; column 4,review_required
S034,acf5cfe1780ba93146e23e9cc459bc71737b0d1bc6aed236e7b4cd9ae6fcffe3,39,1,3,1,Janakpuri West – R K Ashram,PDF page 39; detected table 1; row 3; column 1,review_required
S034,acf5cfe1780ba93146e23e9cc459bc71737b0d1bc6aed236e7b4cd9ae6fcffe3,39,1,3,2,12,PDF page 39; detected table 1; row 3; column 2,review_required
S034,acf5cfe1780ba93146e23e9cc459bc71737b0d1bc6aed236e7b4cd9ae6fcffe3,39,1,3,3,0,PDF page 39; detected table 1; row 3; column 3,review_required
S034,acf5cfe1780ba93146e23e9cc459bc71737b0d1bc6aed236e7b4cd9ae6fcffe3,39,1,3,4,0%,PDF page 39; detected table 1; row 3; column 4,review_required
S034,acf5cfe1780ba93146e23e9cc459bc71737b0d1bc6aed236e7b4cd9ae6fcffe3,39,1,4,1,Mukundpur - Maujpur,PDF page 39; detected table 1; row 4; column 1,review_required
S034,acf5cfe1780ba93146e23e9cc459bc71737b0d1bc6aed236e7b4cd9ae6fcffe3,39,1,4,2,0,PDF page 39; detected table 1; row 4; column 2,review_required
S034,acf5cfe1780ba93146e23e9cc459bc71737b0d1bc6aed236e7b4cd9ae6fcffe3,39,1,4,3,0,PDF page 39; detected table 1; row 4; column 3,review_required
S034,acf5cfe1780ba93146e23e9cc459bc71737b0d1bc6aed236e7b4cd9ae6fcffe3,39,1,4,4,0%,PDF page 39; detected table 1; row 4; column 4,review_required
S034,acf5cfe1780ba93146e23e9cc459bc71737b0d1bc6aed236e7b4cd9ae6fcffe3,39,1,5,1,Total,PDF page 39; detected table 1; row 5; column 1,review_required
S034,acf5cfe1780ba93146e23e9cc459bc71737b0d1bc6aed236e7b4cd9ae6fcffe3,39,1,5,2,54,PDF page 39; detected table 1; row 5; column 2,review_required
S034,acf5cfe1780ba93146e23e9cc459bc71737b0d1bc6aed236e7b4cd9ae6fcffe3,39,1,5,3,5,PDF page 39; detected table 1; row 5; column 3,review_required
S034,acf5cfe1780ba93146e23e9cc459bc71737b0d1bc6aed236e7b4cd9ae6fcffe3,39,1,5,4,9.26%,PDF page 39; detected table 1; row 5; column 4,review_required
S034,acf5cfe1780ba93146e23e9cc459bc71737b0d1bc6aed236e7b4cd9ae6fcffe3,39,2,1,1,Corridor,PDF page 39; detected table 2; row 1; column 1,review_required
S034,acf5cfe1780ba93146e23e9cc459bc71737b0d1bc6aed236e7b4cd9ae6fcffe3,39,2,1,2,Total PAFs,PDF page 39; detected table 2; row 1; column 2,review_required
S034,acf5cfe1780ba93146e23e9cc459bc71737b0d1bc6aed236e7b4cd9ae6fcffe3,39,2,1,3,"Commercially
Affected
Family",PDF page 39; detected table 2; row 1; column 3,review_required
S034,acf5cfe1780ba93146e23e9cc459bc71737b0d1bc6aed236e7b4cd9ae6fcffe3,39,2,1,4,Percentage,PDF page 39; detected table 2; row 1; column 4,review_required
S034,acf5cfe1780ba93146e23e9cc459bc71737b0d1bc6aed236e7b4cd9ae6fcffe3,39,2,2,1,Aerocity - Tughlakabad,PDF page 39; detected table 2; row 2; column 1,review_required
S034,acf5cfe1780ba93146e23e9cc459bc71737b0d1bc6aed236e7b4cd9ae6fcffe3,39,2,2,2,42,PDF page 39; detected table 2; row 2; column 2,review_required
S034,acf5cfe1780ba93146e23e9cc459bc71737b0d1bc6aed236e7b4cd9ae6fcffe3,39,2,2,3,37,PDF page 39; detected table 2; row 2; column 3,review_required
S034,acf5cfe1780ba93146e23e9cc459bc71737b0d1bc6aed236e7b4cd9ae6fcffe3,39,2,2,4,75.51%,PDF page 39; detected table 2; row 2; column 4,review_required
S034,acf5cfe1780ba93146e23e9cc459bc71737b0d1bc6aed236e7b4cd9ae6fcffe3,39,2,3,1,Janakpuri West – R K Ashram,PDF page 39; detected table 2; row 3; column 1,review_required
S034,acf5cfe1780ba93146e23e9cc459bc71737b0d1bc6aed236e7b4cd9ae6fcffe3,39,2,3,2,12,PDF page 39; detected table 2; row 3; column 2,review_required
S034,acf5cfe1780ba93146e23e9cc459bc71737b0d1bc6aed236e7b4cd9ae6fcffe3,39,2,3,3,12,PDF page 39; detected table 2; row 3; column 3,review_required
S034,acf5cfe1780ba93146e23e9cc459bc71737b0d1bc6aed236e7b4cd9ae6fcffe3,39,2,3,4,24.49%,PDF page 39; detected table 2; row 3; column 4,review_required
S034,acf5cfe1780ba93146e23e9cc459bc71737b0d1bc6aed236e7b4cd9ae6fcffe3,39,2,4,1,Mukundpur - Maujpur,PDF page 39; detected table 2; row 4; column 1,review_required
S034,acf5cfe1780ba93146e23e9cc459bc71737b0d1bc6aed236e7b4cd9ae6fcffe3,39,2,4,2,0,PDF page 39; detected table 2; row 4; column 2,review_required
S034,acf5cfe1780ba93146e23e9cc459bc71737b0d1bc6aed236e7b4cd9ae6fcffe3,39,2,4,3,0,PDF page 39; detected table 2; row 4; column 3,review_required
S034,acf5cfe1780ba93146e23e9cc459bc71737b0d1bc6aed236e7b4cd9ae6fcffe3,39,2,4,4,0%,PDF page 39; detected table 2; row 4; column 4,review_required
S034,acf5cfe1780ba93146e23e9cc459bc71737b0d1bc6aed236e7b4cd9ae6fcffe3,39,2,5,1,Total,PDF page 39; detected table 2; row 5; column 1,review_required
S034,acf5cfe1780ba93146e23e9cc459bc71737b0d1bc6aed236e7b4cd9ae6fcffe3,39,2,5,2,54,PDF page 39; detected table 2; row 5; column 2,review_required
S034,acf5cfe1780ba93146e23e9cc459bc71737b0d1bc6aed236e7b4cd9ae6fcffe3,39,2,5,3,49,PDF page 39; detected table 2; row 5; column 3,review_required
S034,acf5cfe1780ba93146e23e9cc459bc71737b0d1bc6aed236e7b4cd9ae6fcffe3,39,2,5,4,100%,PDF page 39; detected table 2; row 5; column 4,review_required
S034,acf5cfe1780ba93146e23e9cc459bc71737b0d1bc6aed236e7b4cd9ae6fcffe3,40,1,1,1,Corridor,PDF page 40; detected table 1; row 1; column 1,review_required
S034,acf5cfe1780ba93146e23e9cc459bc71737b0d1bc6aed236e7b4cd9ae6fcffe3,40,1,1,2,Common Property Resources,PDF page 40; detected table 1; row 1; column 2,review_required
S034,acf5cfe1780ba93146e23e9cc459bc71737b0d1bc6aed236e7b4cd9ae6fcffe3,40,1,2,2,"Religious
Structures",PDF page 40; detected table 1; row 2; column 2,review_required
S034,acf5cfe1780ba93146e23e9cc459bc71737b0d1bc6aed236e7b4cd9ae6fcffe3,40,1,2,3,Public Toilet,PDF page 40; detected table 1; row 2; column 3,review_required
S034,acf5cfe1780ba93146e23e9cc459bc71737b0d1bc6aed236e7b4cd9ae6fcffe3,40,1,2,4,Others1,PDF page 40; detected table 1; row 2; column 4,review_required
S034,acf5cfe1780ba93146e23e9cc459bc71737b0d1bc6aed236e7b4cd9ae6fcffe3,40,1,2,5,Total,PDF page 40; detected table 1; row 2; column 5,review_required
S034,acf5cfe1780ba93146e23e9cc459bc71737b0d1bc6aed236e7b4cd9ae6fcffe3,40,1,3,1,Aerocity - Tughlakabad,PDF page 40; detected table 1; row 3; column 1,review_required
S034,acf5cfe1780ba93146e23e9cc459bc71737b0d1bc6aed236e7b4cd9ae6fcffe3,40,1,3,2,0,PDF page 40; detected table 1; row 3; column 2,review_required
S034,acf5cfe1780ba93146e23e9cc459bc71737b0d1bc6aed236e7b4cd9ae6fcffe3,40,1,3,3,0,PDF page 40; detected table 1; row 3; column 3,review_required
S034,acf5cfe1780ba93146e23e9cc459bc71737b0d1bc6aed236e7b4cd9ae6fcffe3,40,1,3,4,0,PDF page 40; detected table 1; row 3; column 4,review_required
S034,acf5cfe1780ba93146e23e9cc459bc71737b0d1bc6aed236e7b4cd9ae6fcffe3,40,1,3,5,0,PDF page 40; detected table 1; row 3; column 5,review_required
S034,acf5cfe1780ba93146e23e9cc459bc71737b0d1bc6aed236e7b4cd9ae6fcffe3,40,1,4,1,Janakpuri West – R K Ashram,PDF page 40; detected table 1; row 4; column 1,review_required
S034,acf5cfe1780ba93146e23e9cc459bc71737b0d1bc6aed236e7b4cd9ae6fcffe3,40,1,4,2,2,PDF page 40; detected table 1; row 4; column 2,review_required
S034,acf5cfe1780ba93146e23e9cc459bc71737b0d1bc6aed236e7b4cd9ae6fcffe3,40,1,4,3,5,PDF page 40; detected table 1; row 4; column 3,review_required
S034,acf5cfe1780ba93146e23e9cc459bc71737b0d1bc6aed236e7b4cd9ae6fcffe3,40,1,4,4,4,PDF page 40; detected table 1; row 4; column 4,review_required
S034,acf5cfe1780ba93146e23e9cc459bc71737b0d1bc6aed236e7b4cd9ae6fcffe3,40,1,4,5,11,PDF page 40; detected table 1; row 4; column 5,review_required
S034,acf5cfe1780ba93146e23e9cc459bc71737b0d1bc6aed236e7b4cd9ae6fcffe3,40,1,5,1,Mukundpur - Maujpur,PDF page 40; detected table 1; row 5; column 1,review_required
S034,acf5cfe1780ba93146e23e9cc459bc71737b0d1bc6aed236e7b4cd9ae6fcffe3,40,1,5,2,0,PDF page 40; detected table 1; row 5; column 2,review_required
S034,acf5cfe1780ba93146e23e9cc459bc71737b0d1bc6aed236e7b4cd9ae6fcffe3,40,1,5,3,0,PDF page 40; detected table 1; row 5; column 3,review_required
S034,acf5cfe1780ba93146e23e9cc459bc71737b0d1bc6aed236e7b4cd9ae6fcffe3,40,1,5,4,0,PDF page 40; detected table 1; row 5; column 4,review_required
S034,acf5cfe1780ba93146e23e9cc459bc71737b0d1bc6aed236e7b4cd9ae6fcffe3,40,1,5,5,0,PDF page 40; detected table 1; row 5; column 5,review_required
S034,acf5cfe1780ba93146e23e9cc459bc71737b0d1bc6aed236e7b4cd9ae6fcffe3,40,1,6,1,Total,PDF page 40; detected table 1; row 6; column 1,review_required
S034,acf5cfe1780ba93146e23e9cc459bc71737b0d1bc6aed236e7b4cd9ae6fcffe3,40,1,6,2,2,PDF page 40; detected table 1; row 6; column 2,review_required
S034,acf5cfe1780ba93146e23e9cc459bc71737b0d1bc6aed236e7b4cd9ae6fcffe3,40,1,6,3,5,PDF page 40; detected table 1; row 6; column 3,review_required
S034,acf5cfe1780ba93146e23e9cc459bc71737b0d1bc6aed236e7b4cd9ae6fcffe3,40,1,6,4,4,PDF page 40; detected table 1; row 6; column 4,review_required
S034,acf5cfe1780ba93146e23e9cc459bc71737b0d1bc6aed236e7b4cd9ae6fcffe3,40,1,6,5,11,PDF page 40; detected table 1; row 6; column 5,review_required
S034,acf5cfe1780ba93146e23e9cc459bc71737b0d1bc6aed236e7b4cd9ae6fcffe3,42,1,1,1,S. NO.,PDF page 42; detected table 1; row 1; column 1,review_required
S034,acf5cfe1780ba93146e23e9cc459bc71737b0d1bc6aed236e7b4cd9ae6fcffe3,42,1,1,4,DESCRIPTION,PDF page 42; detected table 1; row 1; column 4,review_required
S034,acf5cfe1780ba93146e23e9cc459bc71737b0d1bc6aed236e7b4cd9ae6fcffe3,42,1,1,7,UNIT,PDF page 42; detected table 1; row 1; column 7,review_required
S034,acf5cfe1780ba93146e23e9cc459bc71737b0d1bc6aed236e7b4cd9ae6fcffe3,42,1,1,10,,PDF page 42; detected table 1; row 1; column 10,review_required
S034,acf5cfe1780ba93146e23e9cc459bc71737b0d1bc6aed236e7b4cd9ae6fcffe3,42,1,1,11,DELHI,PDF page 42; detected table 1; row 1; column 11,review_required
S034,acf5cfe1780ba93146e23e9cc459bc71737b0d1bc6aed236e7b4cd9ae6fcffe3,42,1,1,15,,PDF page 42; detected table 1; row 1; column 15,review_required
S034,acf5cfe1780ba93146e23e9cc459bc71737b0d1bc6aed236e7b4cd9ae6fcffe3,42,1,2,10,,PDF page 42; detected table 1; row 2; column 10,review_required
S034,acf5cfe1780ba93146e23e9cc459bc71737b0d1bc6aed236e7b4cd9ae6fcffe3,42,1,2,11,2001,PDF page 42; detected table 1; row 2; column 11,review_required
S034,acf5cfe1780ba93146e23e9cc459bc71737b0d1bc6aed236e7b4cd9ae6fcffe3,42,1,2,12,,PDF page 42; detected table 1; row 2; column 12,review_required
S034,acf5cfe1780ba93146e23e9cc459bc71737b0d1bc6aed236e7b4cd9ae6fcffe3,42,1,2,13,,PDF page 42; detected table 1; row 2; column 13,review_required
S034,acf5cfe1780ba93146e23e9cc459bc71737b0d1bc6aed236e7b4cd9ae6fcffe3,42,1,2,14,2011,PDF page 42; detected table 1; row 2; column 14,review_required
S034,acf5cfe1780ba93146e23e9cc459bc71737b0d1bc6aed236e7b4cd9ae6fcffe3,42,1,2,15,,PDF page 42; detected table 1; row 2; column 15,review_required
S034,acf5cfe1780ba93146e23e9cc459bc71737b0d1bc6aed236e7b4cd9ae6fcffe3,42,1,3,1,,PDF page 42; detected table 1; row 3; column 1,review_required
S034,acf5cfe1780ba93146e23e9cc459bc71737b0d1bc6aed236e7b4cd9ae6fcffe3,42,1,3,2,1.0,PDF page 42; detected table 1; row 3; column 2,review_required
S034,acf5cfe1780ba93146e23e9cc459bc71737b0d1bc6aed236e7b4cd9ae6fcffe3,42,1,3,3,,PDF page 42; detected table 1; row 3; column 3,review_required
S034,acf5cfe1780ba93146e23e9cc459bc71737b0d1bc6aed236e7b4cd9ae6fcffe3,42,1,3,4,,PDF page 42; detected table 1; row 3; column 4,review_required
S034,acf5cfe1780ba93146e23e9cc459bc71737b0d1bc6aed236e7b4cd9ae6fcffe3,42,1,3,5,Area,PDF page 42; detected table 1; row 3; column 5,review_required
S034,acf5cfe1780ba93146e23e9cc459bc71737b0d1bc6aed236e7b4cd9ae6fcffe3,42,1,3,6,,PDF page 42; detected table 1; row 3; column 6,review_required
S034,acf5cfe1780ba93146e23e9cc459bc71737b0d1bc6aed236e7b4cd9ae6fcffe3,42,1,3,7,,PDF page 42; detected table 1; row 3; column 7,review_required
S034,acf5cfe1780ba93146e23e9cc459bc71737b0d1bc6aed236e7b4cd9ae6fcffe3,42,1,3,8,sq km,PDF page 42; detected table 1; row 3; column 8,review_required
S034,acf5cfe1780ba93146e23e9cc459bc71737b0d1bc6aed236e7b4cd9ae6fcffe3,42,1,3,9,,PDF page 42; detected table 1; row 3; column 9,review_required
S034,acf5cfe1780ba93146e23e9cc459bc71737b0d1bc6aed236e7b4cd9ae6fcffe3,42,1,3,10,,PDF page 42; detected table 1; row 3; column 10,review_required
S034,acf5cfe1780ba93146e23e9cc459bc71737b0d1bc6aed236e7b4cd9ae6fcffe3,42,1,3,11,"1,483",PDF page 42; detected table 1; row 3; column 11,review_required
S034,acf5cfe1780ba93146e23e9cc459bc71737b0d1bc6aed236e7b4cd9ae6fcffe3,42,1,3,12,,PDF page 42; detected table 1; row 3; column 12,review_required
S034,acf5cfe1780ba93146e23e9cc459bc71737b0d1bc6aed236e7b4cd9ae6fcffe3,42,1,3,13,,PDF page 42; detected table 1; row 3; column 13,review_required
S034,acf5cfe1780ba93146e23e9cc459bc71737b0d1bc6aed236e7b4cd9ae6fcffe3,42,1,3,14,"1,483",PDF page 42; detected table 1; row 3; column 14,review_required
S034,acf5cfe1780ba93146e23e9cc459bc71737b0d1bc6aed236e7b4cd9ae6fcffe3,42,1,3,15,,PDF page 42; detected table 1; row 3; column 15,review_required
S034,acf5cfe1780ba93146e23e9cc459bc71737b0d1bc6aed236e7b4cd9ae6fcffe3,42,1,4,1,,PDF page 42; detected table 1; row 4; column 1,review_required
S034,acf5cfe1780ba93146e23e9cc459bc71737b0d1bc6aed236e7b4cd9ae6fcffe3,42,1,4,2,2.0,PDF page 42; detected table 1; row 4; column 2,review_required
S034,acf5cfe1780ba93146e23e9cc459bc71737b0d1bc6aed236e7b4cd9ae6fcffe3,42,1,4,3,,PDF page 42; detected table 1; row 4; column 3,review_required
S034,acf5cfe1780ba93146e23e9cc459bc71737b0d1bc6aed236e7b4cd9ae6fcffe3,42,1,4,4,,PDF page 42; detected table 1; row 4; column 4,review_required
S034,acf5cfe1780ba93146e23e9cc459bc71737b0d1bc6aed236e7b4cd9ae6fcffe3,42,1,4,5,Population (million),PDF page 42; detected table 1; row 4; column 5,review_required
S034,acf5cfe1780ba93146e23e9cc459bc71737b0d1bc6aed236e7b4cd9ae6fcffe3,42,1,4,6,,PDF page 42; detected table 1; row 4; column 6,review_required
S034,acf5cfe1780ba93146e23e9cc459bc71737b0d1bc6aed236e7b4cd9ae6fcffe3,42,1,4,7,,PDF page 42; detected table 1; row 4; column 7,review_required
S034,acf5cfe1780ba93146e23e9cc459bc71737b0d1bc6aed236e7b4cd9ae6fcffe3,42,1,4,8,No.,PDF page 42; detected table 1; row 4; column 8,review_required
S034,acf5cfe1780ba93146e23e9cc459bc71737b0d1bc6aed236e7b4cd9ae6fcffe3,42,1,4,9,,PDF page 42; detected table 1; row 4; column 9,review_required
S034,acf5cfe1780ba93146e23e9cc459bc71737b0d1bc6aed236e7b4cd9ae6fcffe3,42,1,4,10,,PDF page 42; detected table 1; row 4; column 10,review_required
S034,acf5cfe1780ba93146e23e9cc459bc71737b0d1bc6aed236e7b4cd9ae6fcffe3,42,1,4,11,13.85,PDF page 42; detected table 1; row 4; column 11,review_required
S034,acf5cfe1780ba93146e23e9cc459bc71737b0d1bc6aed236e7b4cd9ae6fcffe3,42,1,4,12,,PDF page 42; detected table 1; row 4; column 12,review_required
S034,acf5cfe1780ba93146e23e9cc459bc71737b0d1bc6aed236e7b4cd9ae6fcffe3,42,1,4,13,,PDF page 42; detected table 1; row 4; column 13,review_required
S034,acf5cfe1780ba93146e23e9cc459bc71737b0d1bc6aed236e7b4cd9ae6fcffe3,42,1,4,14,16.75,PDF page 42; detected table 1; row 4; column 14,review_required
S034,acf5cfe1780ba93146e23e9cc459bc71737b0d1bc6aed236e7b4cd9ae6fcffe3,42,1,4,15,,PDF page 42; detected table 1; row 4; column 15,review_required
S034,acf5cfe1780ba93146e23e9cc459bc71737b0d1bc6aed236e7b4cd9ae6fcffe3,42,1,5,1,,PDF page 42; detected table 1; row 5; column 1,review_required
S034,acf5cfe1780ba93146e23e9cc459bc71737b0d1bc6aed236e7b4cd9ae6fcffe3,42,1,5,2,2.1,PDF page 42; detected table 1; row 5; column 2,review_required
S034,acf5cfe1780ba93146e23e9cc459bc71737b0d1bc6aed236e7b4cd9ae6fcffe3,42,1,5,3,,PDF page 42; detected table 1; row 5; column 3,review_required
S034,acf5cfe1780ba93146e23e9cc459bc71737b0d1bc6aed236e7b4cd9ae6fcffe3,42,1,5,4,,PDF page 42; detected table 1; row 5; column 4,review_required
S034,acf5cfe1780ba93146e23e9cc459bc71737b0d1bc6aed236e7b4cd9ae6fcffe3,42,1,5,5,Male (million),PDF page 42; detected table 1; row 5; column 5,review_required
S034,acf5cfe1780ba93146e23e9cc459bc71737b0d1bc6aed236e7b4cd9ae6fcffe3,42,1,5,6,,PDF page 42; detected table 1; row 5; column 6,review_required
S034,acf5cfe1780ba93146e23e9cc459bc71737b0d1bc6aed236e7b4cd9ae6fcffe3,42,1,5,7,,PDF page 42; detected table 1; row 5; column 7,review_required
S034,acf5cfe1780ba93146e23e9cc459bc71737b0d1bc6aed236e7b4cd9ae6fcffe3,42,1,5,8,No.,PDF page 42; detected table 1; row 5; column 8,review_required
S034,acf5cfe1780ba93146e23e9cc459bc71737b0d1bc6aed236e7b4cd9ae6fcffe3,42,1,5,9,,PDF page 42; detected table 1; row 5; column 9,review_required
S034,acf5cfe1780ba93146e23e9cc459bc71737b0d1bc6aed236e7b4cd9ae6fcffe3,42,1,5,10,,PDF page 42; detected table 1; row 5; column 10,review_required
S034,acf5cfe1780ba93146e23e9cc459bc71737b0d1bc6aed236e7b4cd9ae6fcffe3,42,1,5,11,7.61,PDF page 42; detected table 1; row 5; column 11,review_required
S034,acf5cfe1780ba93146e23e9cc459bc71737b0d1bc6aed236e7b4cd9ae6fcffe3,42,1,5,12,,PDF page 42; detected table 1; row 5; column 12,review_required
S034,acf5cfe1780ba93146e23e9cc459bc71737b0d1bc6aed236e7b4cd9ae6fcffe3,42,1,5,13,,PDF page 42; detected table 1; row 5; column 13,review_required
S034,acf5cfe1780ba93146e23e9cc459bc71737b0d1bc6aed236e7b4cd9ae6fcffe3,42,1,5,14,8.98,PDF page 42; detected table 1; row 5; column 14,review_required
S034,acf5cfe1780ba93146e23e9cc459bc71737b0d1bc6aed236e7b4cd9ae6fcffe3,42,1,5,15,,PDF page 42; detected table 1; row 5; column 15,review_required
S034,acf5cfe1780ba93146e23e9cc459bc71737b0d1bc6aed236e7b4cd9ae6fcffe3,42,1,6,1,,PDF page 42; detected table 1; row 6; column 1,review_required
S034,acf5cfe1780ba93146e23e9cc459bc71737b0d1bc6aed236e7b4cd9ae6fcffe3,42,1,6,2,2.2,PDF page 42; detected table 1; row 6; column 2,review_required
S034,acf5cfe1780ba93146e23e9cc459bc71737b0d1bc6aed236e7b4cd9ae6fcffe3,42,1,6,3,,PDF page 42; detected table 1; row 6; column 3,review_required
S034,acf5cfe1780ba93146e23e9cc459bc71737b0d1bc6aed236e7b4cd9ae6fcffe3,42,1,6,4,,PDF page 42; detected table 1; row 6; column 4,review_required
S034,acf5cfe1780ba93146e23e9cc459bc71737b0d1bc6aed236e7b4cd9ae6fcffe3,42,1,6,5,Female (million),PDF page 42; detected table 1; row 6; column 5,review_required
S034,acf5cfe1780ba93146e23e9cc459bc71737b0d1bc6aed236e7b4cd9ae6fcffe3,42,1,6,6,,PDF page 42; detected table 1; row 6; column 6,review_required
S034,acf5cfe1780ba93146e23e9cc459bc71737b0d1bc6aed236e7b4cd9ae6fcffe3,42,1,6,7,,PDF page 42; detected table 1; row 6; column 7,review_required
S034,acf5cfe1780ba93146e23e9cc459bc71737b0d1bc6aed236e7b4cd9ae6fcffe3,42,1,6,8,No.,PDF page 42; detected table 1; row 6; column 8,review_required
S034,acf5cfe1780ba93146e23e9cc459bc71737b0d1bc6aed236e7b4cd9ae6fcffe3,42,1,6,9,,PDF page 42; detected table 1; row 6; column 9,review_required
S034,acf5cfe1780ba93146e23e9cc459bc71737b0d1bc6aed236e7b4cd9ae6fcffe3,42,1,6,10,,PDF page 42; detected table 1; row 6; column 10,review_required
S034,acf5cfe1780ba93146e23e9cc459bc71737b0d1bc6aed236e7b4cd9ae6fcffe3,42,1,6,11,6.24,PDF page 42; detected table 1; row 6; column 11,review_required
S034,acf5cfe1780ba93146e23e9cc459bc71737b0d1bc6aed236e7b4cd9ae6fcffe3,42,1,6,12,,PDF page 42; detected table 1; row 6; column 12,review_required
S034,acf5cfe1780ba93146e23e9cc459bc71737b0d1bc6aed236e7b4cd9ae6fcffe3,42,1,6,13,,PDF page 42; detected table 1; row 6; column 13,review_required
S034,acf5cfe1780ba93146e23e9cc459bc71737b0d1bc6aed236e7b4cd9ae6fcffe3,42,1,6,14,7.80,PDF page 42; detected table 1; row 6; column 14,review_required
S034,acf5cfe1780ba93146e23e9cc459bc71737b0d1bc6aed236e7b4cd9ae6fcffe3,42,1,6,15,,PDF page 42; detected table 1; row 6; column 15,review_required
S034,acf5cfe1780ba93146e23e9cc459bc71737b0d1bc6aed236e7b4cd9ae6fcffe3,42,1,7,1,,PDF page 42; detected table 1; row 7; column 1,review_required
S034,acf5cfe1780ba93146e23e9cc459bc71737b0d1bc6aed236e7b4cd9ae6fcffe3,42,1,7,2,2.3,PDF page 42; detected table 1; row 7; column 2,review_required
S034,acf5cfe1780ba93146e23e9cc459bc71737b0d1bc6aed236e7b4cd9ae6fcffe3,42,1,7,3,,PDF page 42; detected table 1; row 7; column 3,review_required
S034,acf5cfe1780ba93146e23e9cc459bc71737b0d1bc6aed236e7b4cd9ae6fcffe3,42,1,7,4,,PDF page 42; detected table 1; row 7; column 4,review_required
S034,acf5cfe1780ba93146e23e9cc459bc71737b0d1bc6aed236e7b4cd9ae6fcffe3,42,1,7,5,Scheduled Castes,PDF page 42; detected table 1; row 7; column 5,review_required
S034,acf5cfe1780ba93146e23e9cc459bc71737b0d1bc6aed236e7b4cd9ae6fcffe3,42,1,7,6,,PDF page 42; detected table 1; row 7; column 6,review_required
S034,acf5cfe1780ba93146e23e9cc459bc71737b0d1bc6aed236e7b4cd9ae6fcffe3,42,1,7,7,,PDF page 42; detected table 1; row 7; column 7,review_required
S034,acf5cfe1780ba93146e23e9cc459bc71737b0d1bc6aed236e7b4cd9ae6fcffe3,42,1,7,8,No.,PDF page 42; detected table 1; row 7; column 8,review_required
S034,acf5cfe1780ba93146e23e9cc459bc71737b0d1bc6aed236e7b4cd9ae6fcffe3,42,1,7,9,,PDF page 42; detected table 1; row 7; column 9,review_required
S034,acf5cfe1780ba93146e23e9cc459bc71737b0d1bc6aed236e7b4cd9ae6fcffe3,42,1,7,10,,PDF page 42; detected table 1; row 7; column 10,review_required
S034,acf5cfe1780ba93146e23e9cc459bc71737b0d1bc6aed236e7b4cd9ae6fcffe3,42,1,7,11,2.34,PDF page 42; detected table 1; row 7; column 11,review_required
S034,acf5cfe1780ba93146e23e9cc459bc71737b0d1bc6aed236e7b4cd9ae6fcffe3,42,1,7,12,,PDF page 42; detected table 1; row 7; column 12,review_required
S034,acf5cfe1780ba93146e23e9cc459bc71737b0d1bc6aed236e7b4cd9ae6fcffe3,42,1,7,13,,PDF page 42; detected table 1; row 7; column 13,review_required
S034,acf5cfe1780ba93146e23e9cc459bc71737b0d1bc6aed236e7b4cd9ae6fcffe3,42,1,7,14,2.81,PDF page 42; detected table 1; row 7; column 14,review_required
S034,acf5cfe1780ba93146e23e9cc459bc71737b0d1bc6aed236e7b4cd9ae6fcffe3,42,1,7,15,,PDF page 42; detected table 1; row 7; column 15,review_required
S034,acf5cfe1780ba93146e23e9cc459bc71737b0d1bc6aed236e7b4cd9ae6fcffe3,42,1,8,1,,PDF page 42; detected table 1; row 8; column 1,review_required
S034,acf5cfe1780ba93146e23e9cc459bc71737b0d1bc6aed236e7b4cd9ae6fcffe3,42,1,8,2,2.4,PDF page 42; detected table 1; row 8; column 2,review_required
S034,acf5cfe1780ba93146e23e9cc459bc71737b0d1bc6aed236e7b4cd9ae6fcffe3,42,1,8,3,,PDF page 42; detected table 1; row 8; column 3,review_required
S034,acf5cfe1780ba93146e23e9cc459bc71737b0d1bc6aed236e7b4cd9ae6fcffe3,42,1,8,4,,PDF page 42; detected table 1; row 8; column 4,review_required
S034,acf5cfe1780ba93146e23e9cc459bc71737b0d1bc6aed236e7b4cd9ae6fcffe3,42,1,8,5,Scheduled Tribes,PDF page 42; detected table 1; row 8; column 5,review_required
S034,acf5cfe1780ba93146e23e9cc459bc71737b0d1bc6aed236e7b4cd9ae6fcffe3,42,1,8,6,,PDF page 42; detected table 1; row 8; column 6,review_required
S034,acf5cfe1780ba93146e23e9cc459bc71737b0d1bc6aed236e7b4cd9ae6fcffe3,42,1,8,7,,PDF page 42; detected table 1; row 8; column 7,review_required
S034,acf5cfe1780ba93146e23e9cc459bc71737b0d1bc6aed236e7b4cd9ae6fcffe3,42,1,8,8,No.,PDF page 42; detected table 1; row 8; column 8,review_required
S034,acf5cfe1780ba93146e23e9cc459bc71737b0d1bc6aed236e7b4cd9ae6fcffe3,42,1,8,9,,PDF page 42; detected table 1; row 8; column 9,review_required
S034,acf5cfe1780ba93146e23e9cc459bc71737b0d1bc6aed236e7b4cd9ae6fcffe3,42,1,8,10,,PDF page 42; detected table 1; row 8; column 10,review_required
S034,acf5cfe1780ba93146e23e9cc459bc71737b0d1bc6aed236e7b4cd9ae6fcffe3,42,1,8,11,--,PDF page 42; detected table 1; row 8; column 11,review_required
S034,acf5cfe1780ba93146e23e9cc459bc71737b0d1bc6aed236e7b4cd9ae6fcffe3,42,1,8,12,,PDF page 42; detected table 1; row 8; column 12,review_required
S034,acf5cfe1780ba93146e23e9cc459bc71737b0d1bc6aed236e7b4cd9ae6fcffe3,42,1,8,13,,PDF page 42; detected table 1; row 8; column 13,review_required
S034,acf5cfe1780ba93146e23e9cc459bc71737b0d1bc6aed236e7b4cd9ae6fcffe3,42,1,8,14,--,PDF page 42; detected table 1; row 8; column 14,review_required
S034,acf5cfe1780ba93146e23e9cc459bc71737b0d1bc6aed236e7b4cd9ae6fcffe3,42,1,8,15,,PDF page 42; detected table 1; row 8; column 15,review_required
S034,acf5cfe1780ba93146e23e9cc459bc71737b0d1bc6aed236e7b4cd9ae6fcffe3,42,1,9,1,3.0,PDF page 42; detected table 1; row 9; column 1,review_required
S034,acf5cfe1780ba93146e23e9cc459bc71737b0d1bc6aed236e7b4cd9ae6fcffe3,42,1,9,2,3.0,PDF page 42; detected table 1; row 9; column 2,review_required
S034,acf5cfe1780ba93146e23e9cc459bc71737b0d1bc6aed236e7b4cd9ae6fcffe3,42,1,9,4,,PDF page 42; detected table 1; row 9; column 4,review_required
S034,acf5cfe1780ba93146e23e9cc459bc71737b0d1bc6aed236e7b4cd9ae6fcffe3,42,1,9,5,Sex ratio (female per 1000 of,PDF page 42; detected table 1; row 9; column 5,review_required
S034,acf5cfe1780ba93146e23e9cc459bc71737b0d1bc6aed236e7b4cd9ae6fcffe3,42,1,9,6,,PDF page 42; detected table 1; row 9; column 6,review_required
S034,acf5cfe1780ba93146e23e9cc459bc71737b0d1bc6aed236e7b4cd9ae6fcffe3,42,1,9,7,No.,PDF page 42; detected table 1; row 9; column 7,review_required
S034,acf5cfe1780ba93146e23e9cc459bc71737b0d1bc6aed236e7b4cd9ae6fcffe3,42,1,9,8,No.,PDF page 42; detected table 1; row 9; column 8,review_required
S034,acf5cfe1780ba93146e23e9cc459bc71737b0d1bc6aed236e7b4cd9ae6fcffe3,42,1,9,10,821,PDF page 42; detected table 1; row 9; column 10,review_required
S034,acf5cfe1780ba93146e23e9cc459bc71737b0d1bc6aed236e7b4cd9ae6fcffe3,42,1,9,11,821,PDF page 42; detected table 1; row 9; column 11,review_required
S034,acf5cfe1780ba93146e23e9cc459bc71737b0d1bc6aed236e7b4cd9ae6fcffe3,42,1,9,13,866,PDF page 42; detected table 1; row 9; column 13,review_required
S034,acf5cfe1780ba93146e23e9cc459bc71737b0d1bc6aed236e7b4cd9ae6fcffe3,42,1,9,14,866,PDF page 42; detected table 1; row 9; column 14,review_required
S034,acf5cfe1780ba93146e23e9cc459bc71737b0d1bc6aed236e7b4cd9ae6fcffe3,42,1,10,5,male),PDF page 42; detected table 1; row 10; column 5,review_required
S034,acf5cfe1780ba93146e23e9cc459bc71737b0d1bc6aed236e7b4cd9ae6fcffe3,42,1,11,1,,PDF page 42; detected table 1; row 11; column 1,review_required
S034,acf5cfe1780ba93146e23e9cc459bc71737b0d1bc6aed236e7b4cd9ae6fcffe3,42,1,11,2,4.0,PDF page 42; detected table 1; row 11; column 2,review_required
S034,acf5cfe1780ba93146e23e9cc459bc71737b0d1bc6aed236e7b4cd9ae6fcffe3,42,1,11,3,,PDF page 42; detected table 1; row 11; column 3,review_required
S034,acf5cfe1780ba93146e23e9cc459bc71737b0d1bc6aed236e7b4cd9ae6fcffe3,42,1,11,4,,PDF page 42; detected table 1; row 11; column 4,review_required
S034,acf5cfe1780ba93146e23e9cc459bc71737b0d1bc6aed236e7b4cd9ae6fcffe3,42,1,11,5,Density (person per Sq.km.),PDF page 42; detected table 1; row 11; column 5,review_required
S034,acf5cfe1780ba93146e23e9cc459bc71737b0d1bc6aed236e7b4cd9ae6fcffe3,42,1,11,6,,PDF page 42; detected table 1; row 11; column 6,review_required
S034,acf5cfe1780ba93146e23e9cc459bc71737b0d1bc6aed236e7b4cd9ae6fcffe3,42,1,11,7,,PDF page 42; detected table 1; row 11; column 7,review_required
S034,acf5cfe1780ba93146e23e9cc459bc71737b0d1bc6aed236e7b4cd9ae6fcffe3,42,1,11,8,No.,PDF page 42; detected table 1; row 11; column 8,review_required
S034,acf5cfe1780ba93146e23e9cc459bc71737b0d1bc6aed236e7b4cd9ae6fcffe3,42,1,11,9,,PDF page 42; detected table 1; row 11; column 9,review_required
S034,acf5cfe1780ba93146e23e9cc459bc71737b0d1bc6aed236e7b4cd9ae6fcffe3,42,1,11,10,,PDF page 42; detected table 1; row 11; column 10,review_required
S034,acf5cfe1780ba93146e23e9cc459bc71737b0d1bc6aed236e7b4cd9ae6fcffe3,42,1,11,11,9294,PDF page 42; detected table 1; row 11; column 11,review_required
S034,acf5cfe1780ba93146e23e9cc459bc71737b0d1bc6aed236e7b4cd9ae6fcffe3,42,1,11,12,,PDF page 42; detected table 1; row 11; column 12,review_required
S034,acf5cfe1780ba93146e23e9cc459bc71737b0d1bc6aed236e7b4cd9ae6fcffe3,42,1,11,13,,PDF page 42; detected table 1; row 11; column 13,review_required
S034,acf5cfe1780ba93146e23e9cc459bc71737b0d1bc6aed236e7b4cd9ae6fcffe3,42,1,11,14,11297,PDF page 42; detected table 1; row 11; column 14,review_required
S034,acf5cfe1780ba93146e23e9cc459bc71737b0d1bc6aed236e7b4cd9ae6fcffe3,42,1,11,15,,PDF page 42; detected table 1; row 11; column 15,review_required
S034,acf5cfe1780ba93146e23e9cc459bc71737b0d1bc6aed236e7b4cd9ae6fcffe3,42,1,12,1,,PDF page 42; detected table 1; row 12; column 1,review_required
S034,acf5cfe1780ba93146e23e9cc459bc71737b0d1bc6aed236e7b4cd9ae6fcffe3,42,1,12,2,5.0,PDF page 42; detected table 1; row 12; column 2,review_required
S034,acf5cfe1780ba93146e23e9cc459bc71737b0d1bc6aed236e7b4cd9ae6fcffe3,42,1,12,3,,PDF page 42; detected table 1; row 12; column 3,review_required
S034,acf5cfe1780ba93146e23e9cc459bc71737b0d1bc6aed236e7b4cd9ae6fcffe3,42,1,12,4,,PDF page 42; detected table 1; row 12; column 4,review_required
S034,acf5cfe1780ba93146e23e9cc459bc71737b0d1bc6aed236e7b4cd9ae6fcffe3,42,1,12,5,Decedal Growth Rate,PDF page 42; detected table 1; row 12; column 5,review_required
S034,acf5cfe1780ba93146e23e9cc459bc71737b0d1bc6aed236e7b4cd9ae6fcffe3,42,1,12,6,,PDF page 42; detected table 1; row 12; column 6,review_required
S034,acf5cfe1780ba93146e23e9cc459bc71737b0d1bc6aed236e7b4cd9ae6fcffe3,42,1,12,7,,PDF page 42; detected table 1; row 12; column 7,review_required
S034,acf5cfe1780ba93146e23e9cc459bc71737b0d1bc6aed236e7b4cd9ae6fcffe3,42,1,12,8,%,PDF page 42; detected table 1; row 12; column 8,review_required
S034,acf5cfe1780ba93146e23e9cc459bc71737b0d1bc6aed236e7b4cd9ae6fcffe3,42,1,12,9,,PDF page 42; detected table 1; row 12; column 9,review_required
S034,acf5cfe1780ba93146e23e9cc459bc71737b0d1bc6aed236e7b4cd9ae6fcffe3,42,1,12,10,,PDF page 42; detected table 1; row 12; column 10,review_required
S034,acf5cfe1780ba93146e23e9cc459bc71737b0d1bc6aed236e7b4cd9ae6fcffe3,42,1,12,11,47.02,PDF page 42; detected table 1; row 12; column 11,review_required
S034,acf5cfe1780ba93146e23e9cc459bc71737b0d1bc6aed236e7b4cd9ae6fcffe3,42,1,12,12,,PDF page 42; detected table 1; row 12; column 12,review_required
S034,acf5cfe1780ba93146e23e9cc459bc71737b0d1bc6aed236e7b4cd9ae6fcffe3,42,1,12,13,,PDF page 42; detected table 1; row 12; column 13,review_required
S034,acf5cfe1780ba93146e23e9cc459bc71737b0d1bc6aed236e7b4cd9ae6fcffe3,42,1,12,14,21.2,PDF page 42; detected table 1; row 12; column 14,review_required
S034,acf5cfe1780ba93146e23e9cc459bc71737b0d1bc6aed236e7b4cd9ae6fcffe3,42,1,12,15,,PDF page 42; detected table 1; row 12; column 15,review_required
S034,acf5cfe1780ba93146e23e9cc459bc71737b0d1bc6aed236e7b4cd9ae6fcffe3,42,1,13,1,,PDF page 42; detected table 1; row 13; column 1,review_required
S034,acf5cfe1780ba93146e23e9cc459bc71737b0d1bc6aed236e7b4cd9ae6fcffe3,42,1,13,2,5.1,PDF page 42; detected table 1; row 13; column 2,review_required
S034,acf5cfe1780ba93146e23e9cc459bc71737b0d1bc6aed236e7b4cd9ae6fcffe3,42,1,13,3,,PDF page 42; detected table 1; row 13; column 3,review_required
S034,acf5cfe1780ba93146e23e9cc459bc71737b0d1bc6aed236e7b4cd9ae6fcffe3,42,1,13,4,,PDF page 42; detected table 1; row 13; column 4,review_required
S034,acf5cfe1780ba93146e23e9cc459bc71737b0d1bc6aed236e7b4cd9ae6fcffe3,42,1,13,5,Birth Rate*,PDF page 42; detected table 1; row 13; column 5,review_required
S034,acf5cfe1780ba93146e23e9cc459bc71737b0d1bc6aed236e7b4cd9ae6fcffe3,42,1,13,6,,PDF page 42; detected table 1; row 13; column 6,review_required
S034,acf5cfe1780ba93146e23e9cc459bc71737b0d1bc6aed236e7b4cd9ae6fcffe3,42,1,13,7,,PDF page 42; detected table 1; row 13; column 7,review_required
S034,acf5cfe1780ba93146e23e9cc459bc71737b0d1bc6aed236e7b4cd9ae6fcffe3,42,1,13,8,%,PDF page 42; detected table 1; row 13; column 8,review_required
S034,acf5cfe1780ba93146e23e9cc459bc71737b0d1bc6aed236e7b4cd9ae6fcffe3,42,1,13,9,,PDF page 42; detected table 1; row 13; column 9,review_required
S034,acf5cfe1780ba93146e23e9cc459bc71737b0d1bc6aed236e7b4cd9ae6fcffe3,42,1,13,10,,PDF page 42; detected table 1; row 13; column 10,review_required
S034,acf5cfe1780ba93146e23e9cc459bc71737b0d1bc6aed236e7b4cd9ae6fcffe3,42,1,13,11,12.29,PDF page 42; detected table 1; row 13; column 11,review_required
S034,acf5cfe1780ba93146e23e9cc459bc71737b0d1bc6aed236e7b4cd9ae6fcffe3,42,1,13,12,,PDF page 42; detected table 1; row 13; column 12,review_required
S034,acf5cfe1780ba93146e23e9cc459bc71737b0d1bc6aed236e7b4cd9ae6fcffe3,42,1,13,13,,PDF page 42; detected table 1; row 13; column 13,review_required
S034,acf5cfe1780ba93146e23e9cc459bc71737b0d1bc6aed236e7b4cd9ae6fcffe3,42,1,13,14,20.98,PDF page 42; detected table 1; row 13; column 14,review_required
S034,acf5cfe1780ba93146e23e9cc459bc71737b0d1bc6aed236e7b4cd9ae6fcffe3,42,1,13,15,,PDF page 42; detected table 1; row 13; column 15,review_required
S034,acf5cfe1780ba93146e23e9cc459bc71737b0d1bc6aed236e7b4cd9ae6fcffe3,42,1,14,1,,PDF page 42; detected table 1; row 14; column 1,review_required
S034,acf5cfe1780ba93146e23e9cc459bc71737b0d1bc6aed236e7b4cd9ae6fcffe3,42,1,14,2,5.2,PDF page 42; detected table 1; row 14; column 2,review_required
S034,acf5cfe1780ba93146e23e9cc459bc71737b0d1bc6aed236e7b4cd9ae6fcffe3,42,1,14,3,,PDF page 42; detected table 1; row 14; column 3,review_required
S034,acf5cfe1780ba93146e23e9cc459bc71737b0d1bc6aed236e7b4cd9ae6fcffe3,42,1,14,4,,PDF page 42; detected table 1; row 14; column 4,review_required
S034,acf5cfe1780ba93146e23e9cc459bc71737b0d1bc6aed236e7b4cd9ae6fcffe3,42,1,14,5,Death Rate*,PDF page 42; detected table 1; row 14; column 5,review_required
S034,acf5cfe1780ba93146e23e9cc459bc71737b0d1bc6aed236e7b4cd9ae6fcffe3,42,1,14,6,,PDF page 42; detected table 1; row 14; column 6,review_required
S034,acf5cfe1780ba93146e23e9cc459bc71737b0d1bc6aed236e7b4cd9ae6fcffe3,42,1,14,7,,PDF page 42; detected table 1; row 14; column 7,review_required
S034,acf5cfe1780ba93146e23e9cc459bc71737b0d1bc6aed236e7b4cd9ae6fcffe3,42,1,14,8,%,PDF page 42; detected table 1; row 14; column 8,review_required
S034,acf5cfe1780ba93146e23e9cc459bc71737b0d1bc6aed236e7b4cd9ae6fcffe3,42,1,14,9,,PDF page 42; detected table 1; row 14; column 9,review_required
S034,acf5cfe1780ba93146e23e9cc459bc71737b0d1bc6aed236e7b4cd9ae6fcffe3,42,1,14,10,,PDF page 42; detected table 1; row 14; column 10,review_required
S034,acf5cfe1780ba93146e23e9cc459bc71737b0d1bc6aed236e7b4cd9ae6fcffe3,42,1,14,11,6.06,PDF page 42; detected table 1; row 14; column 11,review_required
S034,acf5cfe1780ba93146e23e9cc459bc71737b0d1bc6aed236e7b4cd9ae6fcffe3,42,1,14,12,,PDF page 42; detected table 1; row 14; column 12,review_required
S034,acf5cfe1780ba93146e23e9cc459bc71737b0d1bc6aed236e7b4cd9ae6fcffe3,42,1,14,13,,PDF page 42; detected table 1; row 14; column 13,review_required
S034,acf5cfe1780ba93146e23e9cc459bc71737b0d1bc6aed236e7b4cd9ae6fcffe3,42,1,14,14,6.65,PDF page 42; detected table 1; row 14; column 14,review_required
S034,acf5cfe1780ba93146e23e9cc459bc71737b0d1bc6aed236e7b4cd9ae6fcffe3,42,1,14,15,,PDF page 42; detected table 1; row 14; column 15,review_required
S034,acf5cfe1780ba93146e23e9cc459bc71737b0d1bc6aed236e7b4cd9ae6fcffe3,42,1,15,1,,PDF page 42; detected table 1; row 15; column 1,review_required
S034,acf5cfe1780ba93146e23e9cc459bc71737b0d1bc6aed236e7b4cd9ae6fcffe3,42,1,15,2,5.3,PDF page 42; detected table 1; row 15; column 2,review_required
S034,acf5cfe1780ba93146e23e9cc459bc71737b0d1bc6aed236e7b4cd9ae6fcffe3,42,1,15,3,,PDF page 42; detected table 1; row 15; column 3,review_required
S034,acf5cfe1780ba93146e23e9cc459bc71737b0d1bc6aed236e7b4cd9ae6fcffe3,42,1,15,4,,PDF page 42; detected table 1; row 15; column 4,review_required
S034,acf5cfe1780ba93146e23e9cc459bc71737b0d1bc6aed236e7b4cd9ae6fcffe3,42,1,15,5,Infant Mortality Rate*,PDF page 42; detected table 1; row 15; column 5,review_required
S034,acf5cfe1780ba93146e23e9cc459bc71737b0d1bc6aed236e7b4cd9ae6fcffe3,42,1,15,6,,PDF page 42; detected table 1; row 15; column 6,review_required
S034,acf5cfe1780ba93146e23e9cc459bc71737b0d1bc6aed236e7b4cd9ae6fcffe3,42,1,15,7,,PDF page 42; detected table 1; row 15; column 7,review_required
S034,acf5cfe1780ba93146e23e9cc459bc71737b0d1bc6aed236e7b4cd9ae6fcffe3,42,1,15,8,%,PDF page 42; detected table 1; row 15; column 8,review_required
S034,acf5cfe1780ba93146e23e9cc459bc71737b0d1bc6aed236e7b4cd9ae6fcffe3,42,1,15,9,,PDF page 42; detected table 1; row 15; column 9,review_required
S034,acf5cfe1780ba93146e23e9cc459bc71737b0d1bc6aed236e7b4cd9ae6fcffe3,42,1,15,10,,PDF page 42; detected table 1; row 15; column 10,review_required
S034,acf5cfe1780ba93146e23e9cc459bc71737b0d1bc6aed236e7b4cd9ae6fcffe3,42,1,15,11,23.18,PDF page 42; detected table 1; row 15; column 11,review_required
S034,acf5cfe1780ba93146e23e9cc459bc71737b0d1bc6aed236e7b4cd9ae6fcffe3,42,1,15,12,,PDF page 42; detected table 1; row 15; column 12,review_required
S034,acf5cfe1780ba93146e23e9cc459bc71737b0d1bc6aed236e7b4cd9ae6fcffe3,42,1,15,13,,PDF page 42; detected table 1; row 15; column 13,review_required
S034,acf5cfe1780ba93146e23e9cc459bc71737b0d1bc6aed236e7b4cd9ae6fcffe3,42,1,15,14,21.91,PDF page 42; detected table 1; row 15; column 14,review_required
S034,acf5cfe1780ba93146e23e9cc459bc71737b0d1bc6aed236e7b4cd9ae6fcffe3,42,1,15,15,,PDF page 42; detected table 1; row 15; column 15,review_required
S034,acf5cfe1780ba93146e23e9cc459bc71737b0d1bc6aed236e7b4cd9ae6fcffe3,42,1,16,1,,PDF page 42; detected table 1; row 16; column 1,review_required
S034,acf5cfe1780ba93146e23e9cc459bc71737b0d1bc6aed236e7b4cd9ae6fcffe3,42,1,16,2,6.0,PDF page 42; detected table 1; row 16; column 2,review_required
S034,acf5cfe1780ba93146e23e9cc459bc71737b0d1bc6aed236e7b4cd9ae6fcffe3,42,1,16,3,,PDF page 42; detected table 1; row 16; column 3,review_required
S034,acf5cfe1780ba93146e23e9cc459bc71737b0d1bc6aed236e7b4cd9ae6fcffe3,42,1,16,4,,PDF page 42; detected table 1; row 16; column 4,review_required
S034,acf5cfe1780ba93146e23e9cc459bc71737b0d1bc6aed236e7b4cd9ae6fcffe3,42,1,16,5,Literate (million),PDF page 42; detected table 1; row 16; column 5,review_required
S034,acf5cfe1780ba93146e23e9cc459bc71737b0d1bc6aed236e7b4cd9ae6fcffe3,42,1,16,6,,PDF page 42; detected table 1; row 16; column 6,review_required
S034,acf5cfe1780ba93146e23e9cc459bc71737b0d1bc6aed236e7b4cd9ae6fcffe3,42,1,16,7,,PDF page 42; detected table 1; row 16; column 7,review_required
S034,acf5cfe1780ba93146e23e9cc459bc71737b0d1bc6aed236e7b4cd9ae6fcffe3,42,1,16,8,No.,PDF page 42; detected table 1; row 16; column 8,review_required
S034,acf5cfe1780ba93146e23e9cc459bc71737b0d1bc6aed236e7b4cd9ae6fcffe3,42,1,16,9,,PDF page 42; detected table 1; row 16; column 9,review_required
S034,acf5cfe1780ba93146e23e9cc459bc71737b0d1bc6aed236e7b4cd9ae6fcffe3,42,1,16,10,,PDF page 42; detected table 1; row 16; column 10,review_required
S034,acf5cfe1780ba93146e23e9cc459bc71737b0d1bc6aed236e7b4cd9ae6fcffe3,42,1,16,11,9.66,PDF page 42; detected table 1; row 16; column 11,review_required
S034,acf5cfe1780ba93146e23e9cc459bc71737b0d1bc6aed236e7b4cd9ae6fcffe3,42,1,16,12,,PDF page 42; detected table 1; row 16; column 12,review_required
S034,acf5cfe1780ba93146e23e9cc459bc71737b0d1bc6aed236e7b4cd9ae6fcffe3,42,1,16,13,,PDF page 42; detected table 1; row 16; column 13,review_required
S034,acf5cfe1780ba93146e23e9cc459bc71737b0d1bc6aed236e7b4cd9ae6fcffe3,42,1,16,14,12.73,PDF page 42; detected table 1; row 16; column 14,review_required
S034,acf5cfe1780ba93146e23e9cc459bc71737b0d1bc6aed236e7b4cd9ae6fcffe3,42,1,16,15,,PDF page 42; detected table 1; row 16; column 15,review_required
S034,acf5cfe1780ba93146e23e9cc459bc71737b0d1bc6aed236e7b4cd9ae6fcffe3,42,1,17,1,,PDF page 42; detected table 1; row 17; column 1,review_required
S034,acf5cfe1780ba93146e23e9cc459bc71737b0d1bc6aed236e7b4cd9ae6fcffe3,42,1,17,2,6.1,PDF page 42; detected table 1; row 17; column 2,review_required
S034,acf5cfe1780ba93146e23e9cc459bc71737b0d1bc6aed236e7b4cd9ae6fcffe3,42,1,17,3,,PDF page 42; detected table 1; row 17; column 3,review_required
S034,acf5cfe1780ba93146e23e9cc459bc71737b0d1bc6aed236e7b4cd9ae6fcffe3,42,1,17,4,,PDF page 42; detected table 1; row 17; column 4,review_required
S034,acf5cfe1780ba93146e23e9cc459bc71737b0d1bc6aed236e7b4cd9ae6fcffe3,42,1,17,5,Literacy Rate,PDF page 42; detected table 1; row 17; column 5,review_required
S034,acf5cfe1780ba93146e23e9cc459bc71737b0d1bc6aed236e7b4cd9ae6fcffe3,42,1,17,6,,PDF page 42; detected table 1; row 17; column 6,review_required
S034,acf5cfe1780ba93146e23e9cc459bc71737b0d1bc6aed236e7b4cd9ae6fcffe3,42,1,17,7,,PDF page 42; detected table 1; row 17; column 7,review_required
S034,acf5cfe1780ba93146e23e9cc459bc71737b0d1bc6aed236e7b4cd9ae6fcffe3,42,1,17,8,%,PDF page 42; detected table 1; row 17; column 8,review_required
S034,acf5cfe1780ba93146e23e9cc459bc71737b0d1bc6aed236e7b4cd9ae6fcffe3,42,1,17,9,,PDF page 42; detected table 1; row 17; column 9,review_required
S034,acf5cfe1780ba93146e23e9cc459bc71737b0d1bc6aed236e7b4cd9ae6fcffe3,42,1,17,10,,PDF page 42; detected table 1; row 17; column 10,review_required
S034,acf5cfe1780ba93146e23e9cc459bc71737b0d1bc6aed236e7b4cd9ae6fcffe3,42,1,17,11,81.7,PDF page 42; detected table 1; row 17; column 11,review_required
S034,acf5cfe1780ba93146e23e9cc459bc71737b0d1bc6aed236e7b4cd9ae6fcffe3,42,1,17,12,,PDF page 42; detected table 1; row 17; column 12,review_required
S034,acf5cfe1780ba93146e23e9cc459bc71737b0d1bc6aed236e7b4cd9ae6fcffe3,42,1,17,13,,PDF page 42; detected table 1; row 17; column 13,review_required
S034,acf5cfe1780ba93146e23e9cc459bc71737b0d1bc6aed236e7b4cd9ae6fcffe3,42,1,17,14,86.34,PDF page 42; detected table 1; row 17; column 14,review_required
S034,acf5cfe1780ba93146e23e9cc459bc71737b0d1bc6aed236e7b4cd9ae6fcffe3,42,1,17,15,,PDF page 42; detected table 1; row 17; column 15,review_required
S034,acf5cfe1780ba93146e23e9cc459bc71737b0d1bc6aed236e7b4cd9ae6fcffe3,42,1,18,1,,PDF page 42; detected table 1; row 18; column 1,review_required
S034,acf5cfe1780ba93146e23e9cc459bc71737b0d1bc6aed236e7b4cd9ae6fcffe3,42,1,18,2,6.1.1,PDF page 42; detected table 1; row 18; column 2,review_required
S034,acf5cfe1780ba93146e23e9cc459bc71737b0d1bc6aed236e7b4cd9ae6fcffe3,42,1,18,3,,PDF page 42; detected table 1; row 18; column 3,review_required
S034,acf5cfe1780ba93146e23e9cc459bc71737b0d1bc6aed236e7b4cd9ae6fcffe3,42,1,18,4,,PDF page 42; detected table 1; row 18; column 4,review_required
S034,acf5cfe1780ba93146e23e9cc459bc71737b0d1bc6aed236e7b4cd9ae6fcffe3,42,1,18,5,Male,PDF page 42; detected table 1; row 18; column 5,review_required
S034,acf5cfe1780ba93146e23e9cc459bc71737b0d1bc6aed236e7b4cd9ae6fcffe3,42,1,18,6,,PDF page 42; detected table 1; row 18; column 6,review_required
S034,acf5cfe1780ba93146e23e9cc459bc71737b0d1bc6aed236e7b4cd9ae6fcffe3,42,1,18,7,,PDF page 42; detected table 1; row 18; column 7,review_required
S034,acf5cfe1780ba93146e23e9cc459bc71737b0d1bc6aed236e7b4cd9ae6fcffe3,42,1,18,8,%,PDF page 42; detected table 1; row 18; column 8,review_required
S034,acf5cfe1780ba93146e23e9cc459bc71737b0d1bc6aed236e7b4cd9ae6fcffe3,42,1,18,9,,PDF page 42; detected table 1; row 18; column 9,review_required
S034,acf5cfe1780ba93146e23e9cc459bc71737b0d1bc6aed236e7b4cd9ae6fcffe3,42,1,18,10,,PDF page 42; detected table 1; row 18; column 10,review_required
S034,acf5cfe1780ba93146e23e9cc459bc71737b0d1bc6aed236e7b4cd9ae6fcffe3,42,1,18,11,87.3,PDF page 42; detected table 1; row 18; column 11,review_required
S034,acf5cfe1780ba93146e23e9cc459bc71737b0d1bc6aed236e7b4cd9ae6fcffe3,42,1,18,12,,PDF page 42; detected table 1; row 18; column 12,review_required
S034,acf5cfe1780ba93146e23e9cc459bc71737b0d1bc6aed236e7b4cd9ae6fcffe3,42,1,18,13,,PDF page 42; detected table 1; row 18; column 13,review_required
S034,acf5cfe1780ba93146e23e9cc459bc71737b0d1bc6aed236e7b4cd9ae6fcffe3,42,1,18,14,91.03,PDF page 42; detected table 1; row 18; column 14,review_required
S034,acf5cfe1780ba93146e23e9cc459bc71737b0d1bc6aed236e7b4cd9ae6fcffe3,42,1,18,15,,PDF page 42; detected table 1; row 18; column 15,review_required
S034,acf5cfe1780ba93146e23e9cc459bc71737b0d1bc6aed236e7b4cd9ae6fcffe3,42,1,19,1,,PDF page 42; detected table 1; row 19; column 1,review_required
S034,acf5cfe1780ba93146e23e9cc459bc71737b0d1bc6aed236e7b4cd9ae6fcffe3,42,1,19,2,6.1.2,PDF page 42; detected table 1; row 19; column 2,review_required
S034,acf5cfe1780ba93146e23e9cc459bc71737b0d1bc6aed236e7b4cd9ae6fcffe3,42,1,19,3,,PDF page 42; detected table 1; row 19; column 3,review_required
S034,acf5cfe1780ba93146e23e9cc459bc71737b0d1bc6aed236e7b4cd9ae6fcffe3,42,1,19,4,,PDF page 42; detected table 1; row 19; column 4,review_required
S034,acf5cfe1780ba93146e23e9cc459bc71737b0d1bc6aed236e7b4cd9ae6fcffe3,42,1,19,5,Female,PDF page 42; detected table 1; row 19; column 5,review_required
S034,acf5cfe1780ba93146e23e9cc459bc71737b0d1bc6aed236e7b4cd9ae6fcffe3,42,1,19,6,,PDF page 42; detected table 1; row 19; column 6,review_required
S034,acf5cfe1780ba93146e23e9cc459bc71737b0d1bc6aed236e7b4cd9ae6fcffe3,42,1,19,7,,PDF page 42; detected table 1; row 19; column 7,review_required
S034,acf5cfe1780ba93146e23e9cc459bc71737b0d1bc6aed236e7b4cd9ae6fcffe3,42,1,19,8,%,PDF page 42; detected table 1; row 19; column 8,review_required
S034,acf5cfe1780ba93146e23e9cc459bc71737b0d1bc6aed236e7b4cd9ae6fcffe3,42,1,19,9,,PDF page 42; detected table 1; row 19; column 9,review_required
S034,acf5cfe1780ba93146e23e9cc459bc71737b0d1bc6aed236e7b4cd9ae6fcffe3,42,1,19,10,,PDF page 42; detected table 1; row 19; column 10,review_required
S034,acf5cfe1780ba93146e23e9cc459bc71737b0d1bc6aed236e7b4cd9ae6fcffe3,42,1,19,11,74.7,PDF page 42; detected table 1; row 19; column 11,review_required
S034,acf5cfe1780ba93146e23e9cc459bc71737b0d1bc6aed236e7b4cd9ae6fcffe3,42,1,19,12,,PDF page 42; detected table 1; row 19; column 12,review_required
S034,acf5cfe1780ba93146e23e9cc459bc71737b0d1bc6aed236e7b4cd9ae6fcffe3,42,1,19,13,,PDF page 42; detected table 1; row 19; column 13,review_required
S034,acf5cfe1780ba93146e23e9cc459bc71737b0d1bc6aed236e7b4cd9ae6fcffe3,42,1,19,14,80.93,PDF page 42; detected table 1; row 19; column 14,review_required
S034,acf5cfe1780ba93146e23e9cc459bc71737b0d1bc6aed236e7b4cd9ae6fcffe3,42,1,19,15,,PDF page 42; detected table 1; row 19; column 15,review_required
S034,acf5cfe1780ba93146e23e9cc459bc71737b0d1bc6aed236e7b4cd9ae6fcffe3,42,1,20,1,,PDF page 42; detected table 1; row 20; column 1,review_required
S034,acf5cfe1780ba93146e23e9cc459bc71737b0d1bc6aed236e7b4cd9ae6fcffe3,42,1,20,2,6.2,PDF page 42; detected table 1; row 20; column 2,review_required
S034,acf5cfe1780ba93146e23e9cc459bc71737b0d1bc6aed236e7b4cd9ae6fcffe3,42,1,20,3,,PDF page 42; detected table 1; row 20; column 3,review_required
S034,acf5cfe1780ba93146e23e9cc459bc71737b0d1bc6aed236e7b4cd9ae6fcffe3,42,1,20,4,,PDF page 42; detected table 1; row 20; column 4,review_required
S034,acf5cfe1780ba93146e23e9cc459bc71737b0d1bc6aed236e7b4cd9ae6fcffe3,42,1,20,5,Urban,PDF page 42; detected table 1; row 20; column 5,review_required
S034,acf5cfe1780ba93146e23e9cc459bc71737b0d1bc6aed236e7b4cd9ae6fcffe3,42,1,20,6,,PDF page 42; detected table 1; row 20; column 6,review_required
S034,acf5cfe1780ba93146e23e9cc459bc71737b0d1bc6aed236e7b4cd9ae6fcffe3,42,1,20,7,,PDF page 42; detected table 1; row 20; column 7,review_required
S034,acf5cfe1780ba93146e23e9cc459bc71737b0d1bc6aed236e7b4cd9ae6fcffe3,42,1,20,8,%,PDF page 42; detected table 1; row 20; column 8,review_required
S034,acf5cfe1780ba93146e23e9cc459bc71737b0d1bc6aed236e7b4cd9ae6fcffe3,42,1,20,9,,PDF page 42; detected table 1; row 20; column 9,review_required
S034,acf5cfe1780ba93146e23e9cc459bc71737b0d1bc6aed236e7b4cd9ae6fcffe3,42,1,20,10,,PDF page 42; detected table 1; row 20; column 10,review_required
S034,acf5cfe1780ba93146e23e9cc459bc71737b0d1bc6aed236e7b4cd9ae6fcffe3,42,1,20,11,82.04,PDF page 42; detected table 1; row 20; column 11,review_required
S034,acf5cfe1780ba93146e23e9cc459bc71737b0d1bc6aed236e7b4cd9ae6fcffe3,42,1,20,12,,PDF page 42; detected table 1; row 20; column 12,review_required
S034,acf5cfe1780ba93146e23e9cc459bc71737b0d1bc6aed236e7b4cd9ae6fcffe3,42,1,20,13,,PDF page 42; detected table 1; row 20; column 13,review_required
S034,acf5cfe1780ba93146e23e9cc459bc71737b0d1bc6aed236e7b4cd9ae6fcffe3,42,1,20,14,86.43,PDF page 42; detected table 1; row 20; column 14,review_required
S034,acf5cfe1780ba93146e23e9cc459bc71737b0d1bc6aed236e7b4cd9ae6fcffe3,42,1,20,15,,PDF page 42; detected table 1; row 20; column 15,review_required
S034,acf5cfe1780ba93146e23e9cc459bc71737b0d1bc6aed236e7b4cd9ae6fcffe3,42,1,21,1,,PDF page 42; detected table 1; row 21; column 1,review_required
S034,acf5cfe1780ba93146e23e9cc459bc71737b0d1bc6aed236e7b4cd9ae6fcffe3,42,1,21,2,6.3,PDF page 42; detected table 1; row 21; column 2,review_required
S034,acf5cfe1780ba93146e23e9cc459bc71737b0d1bc6aed236e7b4cd9ae6fcffe3,42,1,21,3,,PDF page 42; detected table 1; row 21; column 3,review_required
S034,acf5cfe1780ba93146e23e9cc459bc71737b0d1bc6aed236e7b4cd9ae6fcffe3,42,1,21,4,,PDF page 42; detected table 1; row 21; column 4,review_required
S034,acf5cfe1780ba93146e23e9cc459bc71737b0d1bc6aed236e7b4cd9ae6fcffe3,42,1,21,5,Rural,PDF page 42; detected table 1; row 21; column 5,review_required
S034,acf5cfe1780ba93146e23e9cc459bc71737b0d1bc6aed236e7b4cd9ae6fcffe3,42,1,21,6,,PDF page 42; detected table 1; row 21; column 6,review_required
S034,acf5cfe1780ba93146e23e9cc459bc71737b0d1bc6aed236e7b4cd9ae6fcffe3,42,1,21,7,,PDF page 42; detected table 1; row 21; column 7,review_required
S034,acf5cfe1780ba93146e23e9cc459bc71737b0d1bc6aed236e7b4cd9ae6fcffe3,42,1,21,8,%,PDF page 42; detected table 1; row 21; column 8,review_required
S034,acf5cfe1780ba93146e23e9cc459bc71737b0d1bc6aed236e7b4cd9ae6fcffe3,42,1,21,9,,PDF page 42; detected table 1; row 21; column 9,review_required
S034,acf5cfe1780ba93146e23e9cc459bc71737b0d1bc6aed236e7b4cd9ae6fcffe3,42,1,21,10,,PDF page 42; detected table 1; row 21; column 10,review_required
S034,acf5cfe1780ba93146e23e9cc459bc71737b0d1bc6aed236e7b4cd9ae6fcffe3,42,1,21,11,78.75,PDF page 42; detected table 1; row 21; column 11,review_required
S034,acf5cfe1780ba93146e23e9cc459bc71737b0d1bc6aed236e7b4cd9ae6fcffe3,42,1,21,12,,PDF page 42; detected table 1; row 21; column 12,review_required
S034,acf5cfe1780ba93146e23e9cc459bc71737b0d1bc6aed236e7b4cd9ae6fcffe3,42,1,21,13,,PDF page 42; detected table 1; row 21; column 13,review_required
S034,acf5cfe1780ba93146e23e9cc459bc71737b0d1bc6aed236e7b4cd9ae6fcffe3,42,1,21,14,82.67,PDF page 42; detected table 1; row 21; column 14,review_required
S034,acf5cfe1780ba93146e23e9cc459bc71737b0d1bc6aed236e7b4cd9ae6fcffe3,42,1,21,15,,PDF page 42; detected table 1; row 21; column 15,review_required
S034,acf5cfe1780ba93146e23e9cc459bc71737b0d1bc6aed236e7b4cd9ae6fcffe3,42,1,22,1,,PDF page 42; detected table 1; row 22; column 1,review_required
S034,acf5cfe1780ba93146e23e9cc459bc71737b0d1bc6aed236e7b4cd9ae6fcffe3,42,1,22,2,7.0,PDF page 42; detected table 1; row 22; column 2,review_required
S034,acf5cfe1780ba93146e23e9cc459bc71737b0d1bc6aed236e7b4cd9ae6fcffe3,42,1,22,3,,PDF page 42; detected table 1; row 22; column 3,review_required
S034,acf5cfe1780ba93146e23e9cc459bc71737b0d1bc6aed236e7b4cd9ae6fcffe3,42,1,22,4,,PDF page 42; detected table 1; row 22; column 4,review_required
S034,acf5cfe1780ba93146e23e9cc459bc71737b0d1bc6aed236e7b4cd9ae6fcffe3,42,1,22,5,Total Workers (million),PDF page 42; detected table 1; row 22; column 5,review_required
S034,acf5cfe1780ba93146e23e9cc459bc71737b0d1bc6aed236e7b4cd9ae6fcffe3,42,1,22,6,,PDF page 42; detected table 1; row 22; column 6,review_required
S034,acf5cfe1780ba93146e23e9cc459bc71737b0d1bc6aed236e7b4cd9ae6fcffe3,42,1,22,7,,PDF page 42; detected table 1; row 22; column 7,review_required
S034,acf5cfe1780ba93146e23e9cc459bc71737b0d1bc6aed236e7b4cd9ae6fcffe3,42,1,22,8,No.,PDF page 42; detected table 1; row 22; column 8,review_required
S034,acf5cfe1780ba93146e23e9cc459bc71737b0d1bc6aed236e7b4cd9ae6fcffe3,42,1,22,9,,PDF page 42; detected table 1; row 22; column 9,review_required
S034,acf5cfe1780ba93146e23e9cc459bc71737b0d1bc6aed236e7b4cd9ae6fcffe3,42,1,22,10,,PDF page 42; detected table 1; row 22; column 10,review_required
S034,acf5cfe1780ba93146e23e9cc459bc71737b0d1bc6aed236e7b4cd9ae6fcffe3,42,1,22,11,4.55,PDF page 42; detected table 1; row 22; column 11,review_required
S034,acf5cfe1780ba93146e23e9cc459bc71737b0d1bc6aed236e7b4cd9ae6fcffe3,42,1,22,12,,PDF page 42; detected table 1; row 22; column 12,review_required
S034,acf5cfe1780ba93146e23e9cc459bc71737b0d1bc6aed236e7b4cd9ae6fcffe3,42,1,22,13,,PDF page 42; detected table 1; row 22; column 13,review_required
S034,acf5cfe1780ba93146e23e9cc459bc71737b0d1bc6aed236e7b4cd9ae6fcffe3,42,1,22,14,5.58,PDF page 42; detected table 1; row 22; column 14,review_required
S034,acf5cfe1780ba93146e23e9cc459bc71737b0d1bc6aed236e7b4cd9ae6fcffe3,42,1,22,15,,PDF page 42; detected table 1; row 22; column 15,review_required
S034,acf5cfe1780ba93146e23e9cc459bc71737b0d1bc6aed236e7b4cd9ae6fcffe3,42,1,23,1,,PDF page 42; detected table 1; row 23; column 1,review_required
S034,acf5cfe1780ba93146e23e9cc459bc71737b0d1bc6aed236e7b4cd9ae6fcffe3,42,1,23,2,7.1,PDF page 42; detected table 1; row 23; column 2,review_required
S034,acf5cfe1780ba93146e23e9cc459bc71737b0d1bc6aed236e7b4cd9ae6fcffe3,42,1,23,3,,PDF page 42; detected table 1; row 23; column 3,review_required
S034,acf5cfe1780ba93146e23e9cc459bc71737b0d1bc6aed236e7b4cd9ae6fcffe3,42,1,23,4,,PDF page 42; detected table 1; row 23; column 4,review_required
S034,acf5cfe1780ba93146e23e9cc459bc71737b0d1bc6aed236e7b4cd9ae6fcffe3,42,1,23,5,Main Workers,PDF page 42; detected table 1; row 23; column 5,review_required
S034,acf5cfe1780ba93146e23e9cc459bc71737b0d1bc6aed236e7b4cd9ae6fcffe3,42,1,23,6,,PDF page 42; detected table 1; row 23; column 6,review_required
S034,acf5cfe1780ba93146e23e9cc459bc71737b0d1bc6aed236e7b4cd9ae6fcffe3,42,1,23,7,,PDF page 42; detected table 1; row 23; column 7,review_required
S034,acf5cfe1780ba93146e23e9cc459bc71737b0d1bc6aed236e7b4cd9ae6fcffe3,42,1,23,8,%,PDF page 42; detected table 1; row 23; column 8,review_required
S034,acf5cfe1780ba93146e23e9cc459bc71737b0d1bc6aed236e7b4cd9ae6fcffe3,42,1,23,9,,PDF page 42; detected table 1; row 23; column 9,review_required
S034,acf5cfe1780ba93146e23e9cc459bc71737b0d1bc6aed236e7b4cd9ae6fcffe3,42,1,23,10,,PDF page 42; detected table 1; row 23; column 10,review_required
S034,acf5cfe1780ba93146e23e9cc459bc71737b0d1bc6aed236e7b4cd9ae6fcffe3,42,1,23,11,31.2,PDF page 42; detected table 1; row 23; column 11,review_required
S034,acf5cfe1780ba93146e23e9cc459bc71737b0d1bc6aed236e7b4cd9ae6fcffe3,42,1,23,12,,PDF page 42; detected table 1; row 23; column 12,review_required
S034,acf5cfe1780ba93146e23e9cc459bc71737b0d1bc6aed236e7b4cd9ae6fcffe3,42,1,23,13,,PDF page 42; detected table 1; row 23; column 13,review_required
S034,acf5cfe1780ba93146e23e9cc459bc71737b0d1bc6aed236e7b4cd9ae6fcffe3,42,1,23,14,31.6,PDF page 42; detected table 1; row 23; column 14,review_required
S034,acf5cfe1780ba93146e23e9cc459bc71737b0d1bc6aed236e7b4cd9ae6fcffe3,42,1,23,15,,PDF page 42; detected table 1; row 23; column 15,review_required
S034,acf5cfe1780ba93146e23e9cc459bc71737b0d1bc6aed236e7b4cd9ae6fcffe3,42,1,24,1,,PDF page 42; detected table 1; row 24; column 1,review_required
S034,acf5cfe1780ba93146e23e9cc459bc71737b0d1bc6aed236e7b4cd9ae6fcffe3,42,1,24,2,7.2,PDF page 42; detected table 1; row 24; column 2,review_required
S034,acf5cfe1780ba93146e23e9cc459bc71737b0d1bc6aed236e7b4cd9ae6fcffe3,42,1,24,3,,PDF page 42; detected table 1; row 24; column 3,review_required
S034,acf5cfe1780ba93146e23e9cc459bc71737b0d1bc6aed236e7b4cd9ae6fcffe3,42,1,24,4,,PDF page 42; detected table 1; row 24; column 4,review_required
S034,acf5cfe1780ba93146e23e9cc459bc71737b0d1bc6aed236e7b4cd9ae6fcffe3,42,1,24,5,Marginal Workers,PDF page 42; detected table 1; row 24; column 5,review_required
S034,acf5cfe1780ba93146e23e9cc459bc71737b0d1bc6aed236e7b4cd9ae6fcffe3,42,1,24,6,,PDF page 42; detected table 1; row 24; column 6,review_required
S034,acf5cfe1780ba93146e23e9cc459bc71737b0d1bc6aed236e7b4cd9ae6fcffe3,42,1,24,7,,PDF page 42; detected table 1; row 24; column 7,review_required
S034,acf5cfe1780ba93146e23e9cc459bc71737b0d1bc6aed236e7b4cd9ae6fcffe3,42,1,24,8,%,PDF page 42; detected table 1; row 24; column 8,review_required
S034,acf5cfe1780ba93146e23e9cc459bc71737b0d1bc6aed236e7b4cd9ae6fcffe3,42,1,24,9,,PDF page 42; detected table 1; row 24; column 9,review_required
S034,acf5cfe1780ba93146e23e9cc459bc71737b0d1bc6aed236e7b4cd9ae6fcffe3,42,1,24,10,,PDF page 42; detected table 1; row 24; column 10,review_required
S034,acf5cfe1780ba93146e23e9cc459bc71737b0d1bc6aed236e7b4cd9ae6fcffe3,42,1,24,11,1.6,PDF page 42; detected table 1; row 24; column 11,review_required
S034,acf5cfe1780ba93146e23e9cc459bc71737b0d1bc6aed236e7b4cd9ae6fcffe3,42,1,24,12,,PDF page 42; detected table 1; row 24; column 12,review_required
S034,acf5cfe1780ba93146e23e9cc459bc71737b0d1bc6aed236e7b4cd9ae6fcffe3,42,1,24,13,,PDF page 42; detected table 1; row 24; column 13,review_required
S034,acf5cfe1780ba93146e23e9cc459bc71737b0d1bc6aed236e7b4cd9ae6fcffe3,42,1,24,14,1.7,PDF page 42; detected table 1; row 24; column 14,review_required
S034,acf5cfe1780ba93146e23e9cc459bc71737b0d1bc6aed236e7b4cd9ae6fcffe3,42,1,24,15,,PDF page 42; detected table 1; row 24; column 15,review_required
S034,acf5cfe1780ba93146e23e9cc459bc71737b0d1bc6aed236e7b4cd9ae6fcffe3,42,1,25,1,,PDF page 42; detected table 1; row 25; column 1,review_required
S034,acf5cfe1780ba93146e23e9cc459bc71737b0d1bc6aed236e7b4cd9ae6fcffe3,42,1,25,2,7.3,PDF page 42; detected table 1; row 25; column 2,review_required
S034,acf5cfe1780ba93146e23e9cc459bc71737b0d1bc6aed236e7b4cd9ae6fcffe3,42,1,25,3,,PDF page 42; detected table 1; row 25; column 3,review_required
S034,acf5cfe1780ba93146e23e9cc459bc71737b0d1bc6aed236e7b4cd9ae6fcffe3,42,1,25,4,,PDF page 42; detected table 1; row 25; column 4,review_required
S034,acf5cfe1780ba93146e23e9cc459bc71737b0d1bc6aed236e7b4cd9ae6fcffe3,42,1,25,5,Non-Workers,PDF page 42; detected table 1; row 25; column 5,review_required
S034,acf5cfe1780ba93146e23e9cc459bc71737b0d1bc6aed236e7b4cd9ae6fcffe3,42,1,25,6,,PDF page 42; detected table 1; row 25; column 6,review_required
S034,acf5cfe1780ba93146e23e9cc459bc71737b0d1bc6aed236e7b4cd9ae6fcffe3,42,1,25,7,,PDF page 42; detected table 1; row 25; column 7,review_required
S034,acf5cfe1780ba93146e23e9cc459bc71737b0d1bc6aed236e7b4cd9ae6fcffe3,42,1,25,8,%,PDF page 42; detected table 1; row 25; column 8,review_required
S034,acf5cfe1780ba93146e23e9cc459bc71737b0d1bc6aed236e7b4cd9ae6fcffe3,42,1,25,9,,PDF page 42; detected table 1; row 25; column 9,review_required
S034,acf5cfe1780ba93146e23e9cc459bc71737b0d1bc6aed236e7b4cd9ae6fcffe3,42,1,25,10,,PDF page 42; detected table 1; row 25; column 10,review_required
S034,acf5cfe1780ba93146e23e9cc459bc71737b0d1bc6aed236e7b4cd9ae6fcffe3,42,1,25,11,67.2,PDF page 42; detected table 1; row 25; column 11,review_required
S034,acf5cfe1780ba93146e23e9cc459bc71737b0d1bc6aed236e7b4cd9ae6fcffe3,42,1,25,12,,PDF page 42; detected table 1; row 25; column 12,review_required
S034,acf5cfe1780ba93146e23e9cc459bc71737b0d1bc6aed236e7b4cd9ae6fcffe3,42,1,25,13,,PDF page 42; detected table 1; row 25; column 13,review_required
S034,acf5cfe1780ba93146e23e9cc459bc71737b0d1bc6aed236e7b4cd9ae6fcffe3,42,1,25,14,66.7,PDF page 42; detected table 1; row 25; column 14,review_required
S034,acf5cfe1780ba93146e23e9cc459bc71737b0d1bc6aed236e7b4cd9ae6fcffe3,42,1,25,15,,PDF page 42; detected table 1; row 25; column 15,review_required
S034,acf5cfe1780ba93146e23e9cc459bc71737b0d1bc6aed236e7b4cd9ae6fcffe3,42,1,26,1,,PDF page 42; detected table 1; row 26; column 1,review_required
S034,acf5cfe1780ba93146e23e9cc459bc71737b0d1bc6aed236e7b4cd9ae6fcffe3,42,1,26,2,8.0,PDF page 42; detected table 1; row 26; column 2,review_required
S034,acf5cfe1780ba93146e23e9cc459bc71737b0d1bc6aed236e7b4cd9ae6fcffe3,42,1,26,3,,PDF page 42; detected table 1; row 26; column 3,review_required
S034,acf5cfe1780ba93146e23e9cc459bc71737b0d1bc6aed236e7b4cd9ae6fcffe3,42,1,26,4,,PDF page 42; detected table 1; row 26; column 4,review_required
S034,acf5cfe1780ba93146e23e9cc459bc71737b0d1bc6aed236e7b4cd9ae6fcffe3,42,1,26,5,Household size,PDF page 42; detected table 1; row 26; column 5,review_required
S034,acf5cfe1780ba93146e23e9cc459bc71737b0d1bc6aed236e7b4cd9ae6fcffe3,42,1,26,6,,PDF page 42; detected table 1; row 26; column 6,review_required
S034,acf5cfe1780ba93146e23e9cc459bc71737b0d1bc6aed236e7b4cd9ae6fcffe3,42,1,26,7,,PDF page 42; detected table 1; row 26; column 7,review_required
S034,acf5cfe1780ba93146e23e9cc459bc71737b0d1bc6aed236e7b4cd9ae6fcffe3,42,1,26,8,No.,PDF page 42; detected table 1; row 26; column 8,review_required
S034,acf5cfe1780ba93146e23e9cc459bc71737b0d1bc6aed236e7b4cd9ae6fcffe3,42,1,26,9,,PDF page 42; detected table 1; row 26; column 9,review_required
S034,acf5cfe1780ba93146e23e9cc459bc71737b0d1bc6aed236e7b4cd9ae6fcffe3,42,1,26,10,,PDF page 42; detected table 1; row 26; column 10,review_required
S034,acf5cfe1780ba93146e23e9cc459bc71737b0d1bc6aed236e7b4cd9ae6fcffe3,42,1,26,11,5.0,PDF page 42; detected table 1; row 26; column 11,review_required
S034,acf5cfe1780ba93146e23e9cc459bc71737b0d1bc6aed236e7b4cd9ae6fcffe3,42,1,26,12,,PDF page 42; detected table 1; row 26; column 12,review_required
S034,acf5cfe1780ba93146e23e9cc459bc71737b0d1bc6aed236e7b4cd9ae6fcffe3,42,1,26,13,,PDF page 42; detected table 1; row 26; column 13,review_required
S034,acf5cfe1780ba93146e23e9cc459bc71737b0d1bc6aed236e7b4cd9ae6fcffe3,42,1,26,14,5.02,PDF page 42; detected table 1; row 26; column 14,review_required
S034,acf5cfe1780ba93146e23e9cc459bc71737b0d1bc6aed236e7b4cd9ae6fcffe3,42,1,26,15,,PDF page 42; detected table 1; row 26; column 15,review_required
S034,acf5cfe1780ba93146e23e9cc459bc71737b0d1bc6aed236e7b4cd9ae6fcffe3,43,1,1,1,Corridor,PDF page 43; detected table 1; row 1; column 1,review_required
S034,acf5cfe1780ba93146e23e9cc459bc71737b0d1bc6aed236e7b4cd9ae6fcffe3,43,1,1,2,"Total No. of
PAFs",PDF page 43; detected table 1; row 1; column 2,review_required
S034,acf5cfe1780ba93146e23e9cc459bc71737b0d1bc6aed236e7b4cd9ae6fcffe3,43,1,1,3,"Total No. of
Surveyed
PAFs",PDF page 43; detected table 1; row 1; column 3,review_required
S034,acf5cfe1780ba93146e23e9cc459bc71737b0d1bc6aed236e7b4cd9ae6fcffe3,43,1,2,1,Aerocity - Tughlakabad,PDF page 43; detected table 1; row 2; column 1,review_required
S034,acf5cfe1780ba93146e23e9cc459bc71737b0d1bc6aed236e7b4cd9ae6fcffe3,43,1,2,2,42,PDF page 43; detected table 1; row 2; column 2,review_required
S034,acf5cfe1780ba93146e23e9cc459bc71737b0d1bc6aed236e7b4cd9ae6fcffe3,43,1,2,3,42,PDF page 43; detected table 1; row 2; column 3,review_required
S034,acf5cfe1780ba93146e23e9cc459bc71737b0d1bc6aed236e7b4cd9ae6fcffe3,43,1,3,1,Janakpuri West – R K Ashram,PDF page 43; detected table 1; row 3; column 1,review_required
S034,acf5cfe1780ba93146e23e9cc459bc71737b0d1bc6aed236e7b4cd9ae6fcffe3,43,1,3,2,12,PDF page 43; detected table 1; row 3; column 2,review_required
S034,acf5cfe1780ba93146e23e9cc459bc71737b0d1bc6aed236e7b4cd9ae6fcffe3,43,1,3,3,9,PDF page 43; detected table 1; row 3; column 3,review_required
S034,acf5cfe1780ba93146e23e9cc459bc71737b0d1bc6aed236e7b4cd9ae6fcffe3,43,1,4,1,Mukundpur - Maujpur,PDF page 43; detected table 1; row 4; column 1,review_required
S034,acf5cfe1780ba93146e23e9cc459bc71737b0d1bc6aed236e7b4cd9ae6fcffe3,43,1,4,2,0,PDF page 43; detected table 1; row 4; column 2,review_required
S034,acf5cfe1780ba93146e23e9cc459bc71737b0d1bc6aed236e7b4cd9ae6fcffe3,43,1,4,3,0,PDF page 43; detected table 1; row 4; column 3,review_required
S034,acf5cfe1780ba93146e23e9cc459bc71737b0d1bc6aed236e7b4cd9ae6fcffe3,43,1,5,1,Total,PDF page 43; detected table 1; row 5; column 1,review_required
S034,acf5cfe1780ba93146e23e9cc459bc71737b0d1bc6aed236e7b4cd9ae6fcffe3,43,1,5,2,54,PDF page 43; detected table 1; row 5; column 2,review_required
S034,acf5cfe1780ba93146e23e9cc459bc71737b0d1bc6aed236e7b4cd9ae6fcffe3,43,1,5,3,51,PDF page 43; detected table 1; row 5; column 3,review_required
S034,acf5cfe1780ba93146e23e9cc459bc71737b0d1bc6aed236e7b4cd9ae6fcffe3,43,2,1,1,Corridor,PDF page 43; detected table 2; row 1; column 1,review_required
S034,acf5cfe1780ba93146e23e9cc459bc71737b0d1bc6aed236e7b4cd9ae6fcffe3,43,2,1,2,Male,PDF page 43; detected table 2; row 1; column 2,review_required
S034,acf5cfe1780ba93146e23e9cc459bc71737b0d1bc6aed236e7b4cd9ae6fcffe3,43,2,1,4,Female,PDF page 43; detected table 2; row 1; column 4,review_required
S034,acf5cfe1780ba93146e23e9cc459bc71737b0d1bc6aed236e7b4cd9ae6fcffe3,43,2,1,6,Sex Ratio,PDF page 43; detected table 2; row 1; column 6,review_required
S034,acf5cfe1780ba93146e23e9cc459bc71737b0d1bc6aed236e7b4cd9ae6fcffe3,43,2,2,2,No.,PDF page 43; detected table 2; row 2; column 2,review_required
S034,acf5cfe1780ba93146e23e9cc459bc71737b0d1bc6aed236e7b4cd9ae6fcffe3,43,2,2,3,%,PDF page 43; detected table 2; row 2; column 3,review_required
S034,acf5cfe1780ba93146e23e9cc459bc71737b0d1bc6aed236e7b4cd9ae6fcffe3,43,2,2,4,No.,PDF page 43; detected table 2; row 2; column 4,review_required
S034,acf5cfe1780ba93146e23e9cc459bc71737b0d1bc6aed236e7b4cd9ae6fcffe3,43,2,2,5,%,PDF page 43; detected table 2; row 2; column 5,review_required
S034,acf5cfe1780ba93146e23e9cc459bc71737b0d1bc6aed236e7b4cd9ae6fcffe3,43,2,3,1,Aerocity - Tughlakabad,PDF page 43; detected table 2; row 3; column 1,review_required
S034,acf5cfe1780ba93146e23e9cc459bc71737b0d1bc6aed236e7b4cd9ae6fcffe3,43,2,3,2,101,PDF page 43; detected table 2; row 3; column 2,review_required
S034,acf5cfe1780ba93146e23e9cc459bc71737b0d1bc6aed236e7b4cd9ae6fcffe3,43,2,3,3,55%,PDF page 43; detected table 2; row 3; column 3,review_required
S034,acf5cfe1780ba93146e23e9cc459bc71737b0d1bc6aed236e7b4cd9ae6fcffe3,43,2,3,4,84,PDF page 43; detected table 2; row 3; column 4,review_required
S034,acf5cfe1780ba93146e23e9cc459bc71737b0d1bc6aed236e7b4cd9ae6fcffe3,43,2,3,5,45%,PDF page 43; detected table 2; row 3; column 5,review_required
S034,acf5cfe1780ba93146e23e9cc459bc71737b0d1bc6aed236e7b4cd9ae6fcffe3,43,2,3,6,831.68,PDF page 43; detected table 2; row 3; column 6,review_required
S034,acf5cfe1780ba93146e23e9cc459bc71737b0d1bc6aed236e7b4cd9ae6fcffe3,43,2,4,1,"Janakpuri West – R K
Ashram",PDF page 43; detected table 2; row 4; column 1,review_required
S034,acf5cfe1780ba93146e23e9cc459bc71737b0d1bc6aed236e7b4cd9ae6fcffe3,43,2,4,2,29,PDF page 43; detected table 2; row 4; column 2,review_required
S034,acf5cfe1780ba93146e23e9cc459bc71737b0d1bc6aed236e7b4cd9ae6fcffe3,43,2,4,3,52.72%,PDF page 43; detected table 2; row 4; column 3,review_required
S034,acf5cfe1780ba93146e23e9cc459bc71737b0d1bc6aed236e7b4cd9ae6fcffe3,43,2,4,4,26,PDF page 43; detected table 2; row 4; column 4,review_required
S034,acf5cfe1780ba93146e23e9cc459bc71737b0d1bc6aed236e7b4cd9ae6fcffe3,43,2,4,5,47.27%,PDF page 43; detected table 2; row 4; column 5,review_required
S034,acf5cfe1780ba93146e23e9cc459bc71737b0d1bc6aed236e7b4cd9ae6fcffe3,43,2,4,6,896.55,PDF page 43; detected table 2; row 4; column 6,review_required
S034,acf5cfe1780ba93146e23e9cc459bc71737b0d1bc6aed236e7b4cd9ae6fcffe3,43,2,5,1,Mukundpur - Maujpur,PDF page 43; detected table 2; row 5; column 1,review_required
S034,acf5cfe1780ba93146e23e9cc459bc71737b0d1bc6aed236e7b4cd9ae6fcffe3,43,2,5,2,0,PDF page 43; detected table 2; row 5; column 2,review_required
S034,acf5cfe1780ba93146e23e9cc459bc71737b0d1bc6aed236e7b4cd9ae6fcffe3,43,2,5,3,0,PDF page 43; detected table 2; row 5; column 3,review_required
S034,acf5cfe1780ba93146e23e9cc459bc71737b0d1bc6aed236e7b4cd9ae6fcffe3,43,2,5,4,0,PDF page 43; detected table 2; row 5; column 4,review_required
S034,acf5cfe1780ba93146e23e9cc459bc71737b0d1bc6aed236e7b4cd9ae6fcffe3,43,2,5,5,0,PDF page 43; detected table 2; row 5; column 5,review_required
S034,acf5cfe1780ba93146e23e9cc459bc71737b0d1bc6aed236e7b4cd9ae6fcffe3,43,2,5,6,0,PDF page 43; detected table 2; row 5; column 6,review_required
S034,acf5cfe1780ba93146e23e9cc459bc71737b0d1bc6aed236e7b4cd9ae6fcffe3,43,2,6,1,Total,PDF page 43; detected table 2; row 6; column 1,review_required
S034,acf5cfe1780ba93146e23e9cc459bc71737b0d1bc6aed236e7b4cd9ae6fcffe3,43,2,6,2,130,PDF page 43; detected table 2; row 6; column 2,review_required
S034,acf5cfe1780ba93146e23e9cc459bc71737b0d1bc6aed236e7b4cd9ae6fcffe3,43,2,6,3,54.17%,PDF page 43; detected table 2; row 6; column 3,review_required
S034,acf5cfe1780ba93146e23e9cc459bc71737b0d1bc6aed236e7b4cd9ae6fcffe3,43,2,6,4,110,PDF page 43; detected table 2; row 6; column 4,review_required
S034,acf5cfe1780ba93146e23e9cc459bc71737b0d1bc6aed236e7b4cd9ae6fcffe3,43,2,6,5,45.83%,PDF page 43; detected table 2; row 6; column 5,review_required
S034,acf5cfe1780ba93146e23e9cc459bc71737b0d1bc6aed236e7b4cd9ae6fcffe3,43,2,6,6,846.15,PDF page 43; detected table 2; row 6; column 6,review_required
S034,acf5cfe1780ba93146e23e9cc459bc71737b0d1bc6aed236e7b4cd9ae6fcffe3,44,1,1,1,Corridor,PDF page 44; detected table 1; row 1; column 1,review_required
S034,acf5cfe1780ba93146e23e9cc459bc71737b0d1bc6aed236e7b4cd9ae6fcffe3,44,1,1,2,0 – 14 years,PDF page 44; detected table 1; row 1; column 2,review_required
S034,acf5cfe1780ba93146e23e9cc459bc71737b0d1bc6aed236e7b4cd9ae6fcffe3,44,1,1,4,15 -35 years,PDF page 44; detected table 1; row 1; column 4,review_required
S034,acf5cfe1780ba93146e23e9cc459bc71737b0d1bc6aed236e7b4cd9ae6fcffe3,44,1,1,6,36 – 60 years,PDF page 44; detected table 1; row 1; column 6,review_required
S034,acf5cfe1780ba93146e23e9cc459bc71737b0d1bc6aed236e7b4cd9ae6fcffe3,44,1,1,8,>60 years,PDF page 44; detected table 1; row 1; column 8,review_required
S034,acf5cfe1780ba93146e23e9cc459bc71737b0d1bc6aed236e7b4cd9ae6fcffe3,44,1,1,10,Total,PDF page 44; detected table 1; row 1; column 10,review_required
S034,acf5cfe1780ba93146e23e9cc459bc71737b0d1bc6aed236e7b4cd9ae6fcffe3,44,1,2,2,No.,PDF page 44; detected table 1; row 2; column 2,review_required
S034,acf5cfe1780ba93146e23e9cc459bc71737b0d1bc6aed236e7b4cd9ae6fcffe3,44,1,2,3,%,PDF page 44; detected table 1; row 2; column 3,review_required
S034,acf5cfe1780ba93146e23e9cc459bc71737b0d1bc6aed236e7b4cd9ae6fcffe3,44,1,2,4,No.,PDF page 44; detected table 1; row 2; column 4,review_required
S034,acf5cfe1780ba93146e23e9cc459bc71737b0d1bc6aed236e7b4cd9ae6fcffe3,44,1,2,5,%,PDF page 44; detected table 1; row 2; column 5,review_required
S034,acf5cfe1780ba93146e23e9cc459bc71737b0d1bc6aed236e7b4cd9ae6fcffe3,44,1,2,6,No.,PDF page 44; detected table 1; row 2; column 6,review_required
S034,acf5cfe1780ba93146e23e9cc459bc71737b0d1bc6aed236e7b4cd9ae6fcffe3,44,1,2,7,%,PDF page 44; detected table 1; row 2; column 7,review_required
S034,acf5cfe1780ba93146e23e9cc459bc71737b0d1bc6aed236e7b4cd9ae6fcffe3,44,1,2,8,No.,PDF page 44; detected table 1; row 2; column 8,review_required
S034,acf5cfe1780ba93146e23e9cc459bc71737b0d1bc6aed236e7b4cd9ae6fcffe3,44,1,2,9,%,PDF page 44; detected table 1; row 2; column 9,review_required
S034,acf5cfe1780ba93146e23e9cc459bc71737b0d1bc6aed236e7b4cd9ae6fcffe3,44,1,2,10,No.,PDF page 44; detected table 1; row 2; column 10,review_required
S034,acf5cfe1780ba93146e23e9cc459bc71737b0d1bc6aed236e7b4cd9ae6fcffe3,44,1,2,11,%,PDF page 44; detected table 1; row 2; column 11,review_required
S034,acf5cfe1780ba93146e23e9cc459bc71737b0d1bc6aed236e7b4cd9ae6fcffe3,44,1,3,1,"Aerocity -
Tughlakabad",PDF page 44; detected table 1; row 3; column 1,review_required
S034,acf5cfe1780ba93146e23e9cc459bc71737b0d1bc6aed236e7b4cd9ae6fcffe3,44,1,3,2,31,PDF page 44; detected table 1; row 3; column 2,review_required
S034,acf5cfe1780ba93146e23e9cc459bc71737b0d1bc6aed236e7b4cd9ae6fcffe3,44,1,3,3,16.76%,PDF page 44; detected table 1; row 3; column 3,review_required
S034,acf5cfe1780ba93146e23e9cc459bc71737b0d1bc6aed236e7b4cd9ae6fcffe3,44,1,3,4,58,PDF page 44; detected table 1; row 3; column 4,review_required
S034,acf5cfe1780ba93146e23e9cc459bc71737b0d1bc6aed236e7b4cd9ae6fcffe3,44,1,3,5,31.35%,PDF page 44; detected table 1; row 3; column 5,review_required
S034,acf5cfe1780ba93146e23e9cc459bc71737b0d1bc6aed236e7b4cd9ae6fcffe3,44,1,3,6,76,PDF page 44; detected table 1; row 3; column 6,review_required
S034,acf5cfe1780ba93146e23e9cc459bc71737b0d1bc6aed236e7b4cd9ae6fcffe3,44,1,3,7,41.08%,PDF page 44; detected table 1; row 3; column 7,review_required
S034,acf5cfe1780ba93146e23e9cc459bc71737b0d1bc6aed236e7b4cd9ae6fcffe3,44,1,3,8,20,PDF page 44; detected table 1; row 3; column 8,review_required
S034,acf5cfe1780ba93146e23e9cc459bc71737b0d1bc6aed236e7b4cd9ae6fcffe3,44,1,3,9,10.81%,PDF page 44; detected table 1; row 3; column 9,review_required
S034,acf5cfe1780ba93146e23e9cc459bc71737b0d1bc6aed236e7b4cd9ae6fcffe3,44,1,3,10,185,PDF page 44; detected table 1; row 3; column 10,review_required
S034,acf5cfe1780ba93146e23e9cc459bc71737b0d1bc6aed236e7b4cd9ae6fcffe3,44,1,3,11,100%,PDF page 44; detected table 1; row 3; column 11,review_required
S034,acf5cfe1780ba93146e23e9cc459bc71737b0d1bc6aed236e7b4cd9ae6fcffe3,44,1,4,1,"Janakpuri West
– R K Ashram",PDF page 44; detected table 1; row 4; column 1,review_required
S034,acf5cfe1780ba93146e23e9cc459bc71737b0d1bc6aed236e7b4cd9ae6fcffe3,44,1,4,2,2,PDF page 44; detected table 1; row 4; column 2,review_required
S034,acf5cfe1780ba93146e23e9cc459bc71737b0d1bc6aed236e7b4cd9ae6fcffe3,44,1,4,3,3.63%,PDF page 44; detected table 1; row 4; column 3,review_required
S034,acf5cfe1780ba93146e23e9cc459bc71737b0d1bc6aed236e7b4cd9ae6fcffe3,44,1,4,4,23,PDF page 44; detected table 1; row 4; column 4,review_required
S034,acf5cfe1780ba93146e23e9cc459bc71737b0d1bc6aed236e7b4cd9ae6fcffe3,44,1,4,5,41.82%,PDF page 44; detected table 1; row 4; column 5,review_required
S034,acf5cfe1780ba93146e23e9cc459bc71737b0d1bc6aed236e7b4cd9ae6fcffe3,44,1,4,6,22,PDF page 44; detected table 1; row 4; column 6,review_required
S034,acf5cfe1780ba93146e23e9cc459bc71737b0d1bc6aed236e7b4cd9ae6fcffe3,44,1,4,7,40.0%,PDF page 44; detected table 1; row 4; column 7,review_required
S034,acf5cfe1780ba93146e23e9cc459bc71737b0d1bc6aed236e7b4cd9ae6fcffe3,44,1,4,8,8,PDF page 44; detected table 1; row 4; column 8,review_required
S034,acf5cfe1780ba93146e23e9cc459bc71737b0d1bc6aed236e7b4cd9ae6fcffe3,44,1,4,9,14.55%,PDF page 44; detected table 1; row 4; column 9,review_required
S034,acf5cfe1780ba93146e23e9cc459bc71737b0d1bc6aed236e7b4cd9ae6fcffe3,44,1,4,10,55,PDF page 44; detected table 1; row 4; column 10,review_required
S034,acf5cfe1780ba93146e23e9cc459bc71737b0d1bc6aed236e7b4cd9ae6fcffe3,44,1,4,11,100%,PDF page 44; detected table 1; row 4; column 11,review_required
S034,acf5cfe1780ba93146e23e9cc459bc71737b0d1bc6aed236e7b4cd9ae6fcffe3,44,1,5,1,"Mukundpur -
Maujpur",PDF page 44; detected table 1; row 5; column 1,review_required
S034,acf5cfe1780ba93146e23e9cc459bc71737b0d1bc6aed236e7b4cd9ae6fcffe3,44,1,5,2,0,PDF page 44; detected table 1; row 5; column 2,review_required
S034,acf5cfe1780ba93146e23e9cc459bc71737b0d1bc6aed236e7b4cd9ae6fcffe3,44,1,5,3,0,PDF page 44; detected table 1; row 5; column 3,review_required
S034,acf5cfe1780ba93146e23e9cc459bc71737b0d1bc6aed236e7b4cd9ae6fcffe3,44,1,5,4,0,PDF page 44; detected table 1; row 5; column 4,review_required
S034,acf5cfe1780ba93146e23e9cc459bc71737b0d1bc6aed236e7b4cd9ae6fcffe3,44,1,5,5,0,PDF page 44; detected table 1; row 5; column 5,review_required
S034,acf5cfe1780ba93146e23e9cc459bc71737b0d1bc6aed236e7b4cd9ae6fcffe3,44,1,5,6,0,PDF page 44; detected table 1; row 5; column 6,review_required
S034,acf5cfe1780ba93146e23e9cc459bc71737b0d1bc6aed236e7b4cd9ae6fcffe3,44,1,5,7,0,PDF page 44; detected table 1; row 5; column 7,review_required
S034,acf5cfe1780ba93146e23e9cc459bc71737b0d1bc6aed236e7b4cd9ae6fcffe3,44,1,5,8,0,PDF page 44; detected table 1; row 5; column 8,review_required
S034,acf5cfe1780ba93146e23e9cc459bc71737b0d1bc6aed236e7b4cd9ae6fcffe3,44,1,5,9,0,PDF page 44; detected table 1; row 5; column 9,review_required
S034,acf5cfe1780ba93146e23e9cc459bc71737b0d1bc6aed236e7b4cd9ae6fcffe3,44,1,5,10,0,PDF page 44; detected table 1; row 5; column 10,review_required
S034,acf5cfe1780ba93146e23e9cc459bc71737b0d1bc6aed236e7b4cd9ae6fcffe3,44,1,5,11,0,PDF page 44; detected table 1; row 5; column 11,review_required
S034,acf5cfe1780ba93146e23e9cc459bc71737b0d1bc6aed236e7b4cd9ae6fcffe3,44,1,6,1,Total,PDF page 44; detected table 1; row 6; column 1,review_required
S034,acf5cfe1780ba93146e23e9cc459bc71737b0d1bc6aed236e7b4cd9ae6fcffe3,44,1,6,2,33,PDF page 44; detected table 1; row 6; column 2,review_required
S034,acf5cfe1780ba93146e23e9cc459bc71737b0d1bc6aed236e7b4cd9ae6fcffe3,44,1,6,3,13.75%,PDF page 44; detected table 1; row 6; column 3,review_required
S034,acf5cfe1780ba93146e23e9cc459bc71737b0d1bc6aed236e7b4cd9ae6fcffe3,44,1,6,4,81,PDF page 44; detected table 1; row 6; column 4,review_required
S034,acf5cfe1780ba93146e23e9cc459bc71737b0d1bc6aed236e7b4cd9ae6fcffe3,44,1,6,5,33.75%,PDF page 44; detected table 1; row 6; column 5,review_required
S034,acf5cfe1780ba93146e23e9cc459bc71737b0d1bc6aed236e7b4cd9ae6fcffe3,44,1,6,6,98,PDF page 44; detected table 1; row 6; column 6,review_required
S034,acf5cfe1780ba93146e23e9cc459bc71737b0d1bc6aed236e7b4cd9ae6fcffe3,44,1,6,7,40.83%,PDF page 44; detected table 1; row 6; column 7,review_required
S034,acf5cfe1780ba93146e23e9cc459bc71737b0d1bc6aed236e7b4cd9ae6fcffe3,44,1,6,8,28,PDF page 44; detected table 1; row 6; column 8,review_required
S034,acf5cfe1780ba93146e23e9cc459bc71737b0d1bc6aed236e7b4cd9ae6fcffe3,44,1,6,9,11.67%,PDF page 44; detected table 1; row 6; column 9,review_required
S034,acf5cfe1780ba93146e23e9cc459bc71737b0d1bc6aed236e7b4cd9ae6fcffe3,44,1,6,10,240,PDF page 44; detected table 1; row 6; column 10,review_required
S034,acf5cfe1780ba93146e23e9cc459bc71737b0d1bc6aed236e7b4cd9ae6fcffe3,44,1,6,11,100%,PDF page 44; detected table 1; row 6; column 11,review_required
S034,acf5cfe1780ba93146e23e9cc459bc71737b0d1bc6aed236e7b4cd9ae6fcffe3,44,2,1,1,Corridor,PDF page 44; detected table 2; row 1; column 1,review_required
S034,acf5cfe1780ba93146e23e9cc459bc71737b0d1bc6aed236e7b4cd9ae6fcffe3,44,2,1,2,Hindu,PDF page 44; detected table 2; row 1; column 2,review_required
S034,acf5cfe1780ba93146e23e9cc459bc71737b0d1bc6aed236e7b4cd9ae6fcffe3,44,2,1,4,Muslim,PDF page 44; detected table 2; row 1; column 4,review_required
S034,acf5cfe1780ba93146e23e9cc459bc71737b0d1bc6aed236e7b4cd9ae6fcffe3,44,2,1,6,Christian,PDF page 44; detected table 2; row 1; column 6,review_required
S034,acf5cfe1780ba93146e23e9cc459bc71737b0d1bc6aed236e7b4cd9ae6fcffe3,44,2,1,8,Jain,PDF page 44; detected table 2; row 1; column 8,review_required
S034,acf5cfe1780ba93146e23e9cc459bc71737b0d1bc6aed236e7b4cd9ae6fcffe3,44,2,1,10,Total,PDF page 44; detected table 2; row 1; column 10,review_required
S034,acf5cfe1780ba93146e23e9cc459bc71737b0d1bc6aed236e7b4cd9ae6fcffe3,44,2,2,2,No.,PDF page 44; detected table 2; row 2; column 2,review_required
S034,acf5cfe1780ba93146e23e9cc459bc71737b0d1bc6aed236e7b4cd9ae6fcffe3,44,2,2,3,%,PDF page 44; detected table 2; row 2; column 3,review_required
S034,acf5cfe1780ba93146e23e9cc459bc71737b0d1bc6aed236e7b4cd9ae6fcffe3,44,2,2,4,No.,PDF page 44; detected table 2; row 2; column 4,review_required
S034,acf5cfe1780ba93146e23e9cc459bc71737b0d1bc6aed236e7b4cd9ae6fcffe3,44,2,2,5,%,PDF page 44; detected table 2; row 2; column 5,review_required
S034,acf5cfe1780ba93146e23e9cc459bc71737b0d1bc6aed236e7b4cd9ae6fcffe3,44,2,2,6,No.,PDF page 44; detected table 2; row 2; column 6,review_required
S034,acf5cfe1780ba93146e23e9cc459bc71737b0d1bc6aed236e7b4cd9ae6fcffe3,44,2,2,7,%,PDF page 44; detected table 2; row 2; column 7,review_required
S034,acf5cfe1780ba93146e23e9cc459bc71737b0d1bc6aed236e7b4cd9ae6fcffe3,44,2,2,8,No.,PDF page 44; detected table 2; row 2; column 8,review_required
S034,acf5cfe1780ba93146e23e9cc459bc71737b0d1bc6aed236e7b4cd9ae6fcffe3,44,2,2,9,%,PDF page 44; detected table 2; row 2; column 9,review_required
S034,acf5cfe1780ba93146e23e9cc459bc71737b0d1bc6aed236e7b4cd9ae6fcffe3,44,2,2,10,No.,PDF page 44; detected table 2; row 2; column 10,review_required
S034,acf5cfe1780ba93146e23e9cc459bc71737b0d1bc6aed236e7b4cd9ae6fcffe3,44,2,2,11,%,PDF page 44; detected table 2; row 2; column 11,review_required
S034,acf5cfe1780ba93146e23e9cc459bc71737b0d1bc6aed236e7b4cd9ae6fcffe3,44,2,3,1,"Aerocity -
Tughlakabad",PDF page 44; detected table 2; row 3; column 1,review_required
S034,acf5cfe1780ba93146e23e9cc459bc71737b0d1bc6aed236e7b4cd9ae6fcffe3,44,2,3,2,167,PDF page 44; detected table 2; row 3; column 2,review_required
S034,acf5cfe1780ba93146e23e9cc459bc71737b0d1bc6aed236e7b4cd9ae6fcffe3,44,2,3,3,90.48%,PDF page 44; detected table 2; row 3; column 3,review_required
S034,acf5cfe1780ba93146e23e9cc459bc71737b0d1bc6aed236e7b4cd9ae6fcffe3,44,2,3,4,13,PDF page 44; detected table 2; row 3; column 4,review_required
S034,acf5cfe1780ba93146e23e9cc459bc71737b0d1bc6aed236e7b4cd9ae6fcffe3,44,2,3,5,7.14%,PDF page 44; detected table 2; row 3; column 5,review_required
S034,acf5cfe1780ba93146e23e9cc459bc71737b0d1bc6aed236e7b4cd9ae6fcffe3,44,2,3,6,5,PDF page 44; detected table 2; row 3; column 6,review_required
S034,acf5cfe1780ba93146e23e9cc459bc71737b0d1bc6aed236e7b4cd9ae6fcffe3,44,2,3,7,2.38%,PDF page 44; detected table 2; row 3; column 7,review_required
S034,acf5cfe1780ba93146e23e9cc459bc71737b0d1bc6aed236e7b4cd9ae6fcffe3,44,2,3,8,0,PDF page 44; detected table 2; row 3; column 8,review_required
S034,acf5cfe1780ba93146e23e9cc459bc71737b0d1bc6aed236e7b4cd9ae6fcffe3,44,2,3,9,0,PDF page 44; detected table 2; row 3; column 9,review_required
S034,acf5cfe1780ba93146e23e9cc459bc71737b0d1bc6aed236e7b4cd9ae6fcffe3,44,2,3,10,185,PDF page 44; detected table 2; row 3; column 10,review_required
S034,acf5cfe1780ba93146e23e9cc459bc71737b0d1bc6aed236e7b4cd9ae6fcffe3,44,2,3,11,100%,PDF page 44; detected table 2; row 3; column 11,review_required
S034,acf5cfe1780ba93146e23e9cc459bc71737b0d1bc6aed236e7b4cd9ae6fcffe3,44,2,4,1,"Janakpuri West – R K
Ashram",PDF page 44; detected table 2; row 4; column 1,review_required
S034,acf5cfe1780ba93146e23e9cc459bc71737b0d1bc6aed236e7b4cd9ae6fcffe3,44,2,4,2,50,PDF page 44; detected table 2; row 4; column 2,review_required
S034,acf5cfe1780ba93146e23e9cc459bc71737b0d1bc6aed236e7b4cd9ae6fcffe3,44,2,4,3,90.91%,PDF page 44; detected table 2; row 4; column 3,review_required
S034,acf5cfe1780ba93146e23e9cc459bc71737b0d1bc6aed236e7b4cd9ae6fcffe3,44,2,4,4,0,PDF page 44; detected table 2; row 4; column 4,review_required
S034,acf5cfe1780ba93146e23e9cc459bc71737b0d1bc6aed236e7b4cd9ae6fcffe3,44,2,4,5,0,PDF page 44; detected table 2; row 4; column 5,review_required
S034,acf5cfe1780ba93146e23e9cc459bc71737b0d1bc6aed236e7b4cd9ae6fcffe3,44,2,4,6,0,PDF page 44; detected table 2; row 4; column 6,review_required
S034,acf5cfe1780ba93146e23e9cc459bc71737b0d1bc6aed236e7b4cd9ae6fcffe3,44,2,4,7,0,PDF page 44; detected table 2; row 4; column 7,review_required
S034,acf5cfe1780ba93146e23e9cc459bc71737b0d1bc6aed236e7b4cd9ae6fcffe3,44,2,4,8,5,PDF page 44; detected table 2; row 4; column 8,review_required
S034,acf5cfe1780ba93146e23e9cc459bc71737b0d1bc6aed236e7b4cd9ae6fcffe3,44,2,4,9,9.09%,PDF page 44; detected table 2; row 4; column 9,review_required
S034,acf5cfe1780ba93146e23e9cc459bc71737b0d1bc6aed236e7b4cd9ae6fcffe3,44,2,4,10,55,PDF page 44; detected table 2; row 4; column 10,review_required
S034,acf5cfe1780ba93146e23e9cc459bc71737b0d1bc6aed236e7b4cd9ae6fcffe3,44,2,4,11,100%,PDF page 44; detected table 2; row 4; column 11,review_required
S034,acf5cfe1780ba93146e23e9cc459bc71737b0d1bc6aed236e7b4cd9ae6fcffe3,44,2,5,1,Mukundpur - Maujpur,PDF page 44; detected table 2; row 5; column 1,review_required
S034,acf5cfe1780ba93146e23e9cc459bc71737b0d1bc6aed236e7b4cd9ae6fcffe3,44,2,5,2,0,PDF page 44; detected table 2; row 5; column 2,review_required
S034,acf5cfe1780ba93146e23e9cc459bc71737b0d1bc6aed236e7b4cd9ae6fcffe3,44,2,5,3,0,PDF page 44; detected table 2; row 5; column 3,review_required
S034,acf5cfe1780ba93146e23e9cc459bc71737b0d1bc6aed236e7b4cd9ae6fcffe3,44,2,5,4,0,PDF page 44; detected table 2; row 5; column 4,review_required
S034,acf5cfe1780ba93146e23e9cc459bc71737b0d1bc6aed236e7b4cd9ae6fcffe3,44,2,5,5,0,PDF page 44; detected table 2; row 5; column 5,review_required
S034,acf5cfe1780ba93146e23e9cc459bc71737b0d1bc6aed236e7b4cd9ae6fcffe3,44,2,5,6,0,PDF page 44; detected table 2; row 5; column 6,review_required
S034,acf5cfe1780ba93146e23e9cc459bc71737b0d1bc6aed236e7b4cd9ae6fcffe3,44,2,5,7,0,PDF page 44; detected table 2; row 5; column 7,review_required
S034,acf5cfe1780ba93146e23e9cc459bc71737b0d1bc6aed236e7b4cd9ae6fcffe3,44,2,5,8,0,PDF page 44; detected table 2; row 5; column 8,review_required
S034,acf5cfe1780ba93146e23e9cc459bc71737b0d1bc6aed236e7b4cd9ae6fcffe3,44,2,5,9,0,PDF page 44; detected table 2; row 5; column 9,review_required
S034,acf5cfe1780ba93146e23e9cc459bc71737b0d1bc6aed236e7b4cd9ae6fcffe3,44,2,5,10,0,PDF page 44; detected table 2; row 5; column 10,review_required
S034,acf5cfe1780ba93146e23e9cc459bc71737b0d1bc6aed236e7b4cd9ae6fcffe3,44,2,5,11,0,PDF page 44; detected table 2; row 5; column 11,review_required
S034,acf5cfe1780ba93146e23e9cc459bc71737b0d1bc6aed236e7b4cd9ae6fcffe3,44,2,6,1,Total,PDF page 44; detected table 2; row 6; column 1,review_required
S034,acf5cfe1780ba93146e23e9cc459bc71737b0d1bc6aed236e7b4cd9ae6fcffe3,44,2,6,2,217,PDF page 44; detected table 2; row 6; column 2,review_required
S034,acf5cfe1780ba93146e23e9cc459bc71737b0d1bc6aed236e7b4cd9ae6fcffe3,44,2,6,3,90.42%,PDF page 44; detected table 2; row 6; column 3,review_required
S034,acf5cfe1780ba93146e23e9cc459bc71737b0d1bc6aed236e7b4cd9ae6fcffe3,44,2,6,4,13,PDF page 44; detected table 2; row 6; column 4,review_required
S034,acf5cfe1780ba93146e23e9cc459bc71737b0d1bc6aed236e7b4cd9ae6fcffe3,44,2,6,5,5.42%,PDF page 44; detected table 2; row 6; column 5,review_required
S034,acf5cfe1780ba93146e23e9cc459bc71737b0d1bc6aed236e7b4cd9ae6fcffe3,44,2,6,6,5,PDF page 44; detected table 2; row 6; column 6,review_required
S034,acf5cfe1780ba93146e23e9cc459bc71737b0d1bc6aed236e7b4cd9ae6fcffe3,44,2,6,7,2.08%,PDF page 44; detected table 2; row 6; column 7,review_required
S034,acf5cfe1780ba93146e23e9cc459bc71737b0d1bc6aed236e7b4cd9ae6fcffe3,44,2,6,8,5,PDF page 44; detected table 2; row 6; column 8,review_required
S034,acf5cfe1780ba93146e23e9cc459bc71737b0d1bc6aed236e7b4cd9ae6fcffe3,44,2,6,9,2.08%,PDF page 44; detected table 2; row 6; column 9,review_required
S034,acf5cfe1780ba93146e23e9cc459bc71737b0d1bc6aed236e7b4cd9ae6fcffe3,44,2,6,10,240,PDF page 44; detected table 2; row 6; column 10,review_required
S034,acf5cfe1780ba93146e23e9cc459bc71737b0d1bc6aed236e7b4cd9ae6fcffe3,44,2,6,11,100%,PDF page 44; detected table 2; row 6; column 11,review_required
S034,acf5cfe1780ba93146e23e9cc459bc71737b0d1bc6aed236e7b4cd9ae6fcffe3,45,1,1,1,Corridor,PDF page 45; detected table 1; row 1; column 1,review_required
S034,acf5cfe1780ba93146e23e9cc459bc71737b0d1bc6aed236e7b4cd9ae6fcffe3,45,1,1,2,SC,PDF page 45; detected table 1; row 1; column 2,review_required
S034,acf5cfe1780ba93146e23e9cc459bc71737b0d1bc6aed236e7b4cd9ae6fcffe3,45,1,1,4,ST,PDF page 45; detected table 1; row 1; column 4,review_required
S034,acf5cfe1780ba93146e23e9cc459bc71737b0d1bc6aed236e7b4cd9ae6fcffe3,45,1,1,6,OBC/BC,PDF page 45; detected table 1; row 1; column 6,review_required
S034,acf5cfe1780ba93146e23e9cc459bc71737b0d1bc6aed236e7b4cd9ae6fcffe3,45,1,1,8,General,PDF page 45; detected table 1; row 1; column 8,review_required
S034,acf5cfe1780ba93146e23e9cc459bc71737b0d1bc6aed236e7b4cd9ae6fcffe3,45,1,1,10,Total,PDF page 45; detected table 1; row 1; column 10,review_required
S034,acf5cfe1780ba93146e23e9cc459bc71737b0d1bc6aed236e7b4cd9ae6fcffe3,45,1,2,2,No.,PDF page 45; detected table 1; row 2; column 2,review_required
S034,acf5cfe1780ba93146e23e9cc459bc71737b0d1bc6aed236e7b4cd9ae6fcffe3,45,1,2,3,%,PDF page 45; detected table 1; row 2; column 3,review_required
S034,acf5cfe1780ba93146e23e9cc459bc71737b0d1bc6aed236e7b4cd9ae6fcffe3,45,1,2,4,No.,PDF page 45; detected table 1; row 2; column 4,review_required
S034,acf5cfe1780ba93146e23e9cc459bc71737b0d1bc6aed236e7b4cd9ae6fcffe3,45,1,2,5,%,PDF page 45; detected table 1; row 2; column 5,review_required
S034,acf5cfe1780ba93146e23e9cc459bc71737b0d1bc6aed236e7b4cd9ae6fcffe3,45,1,2,6,No.,PDF page 45; detected table 1; row 2; column 6,review_required
S034,acf5cfe1780ba93146e23e9cc459bc71737b0d1bc6aed236e7b4cd9ae6fcffe3,45,1,2,7,%,PDF page 45; detected table 1; row 2; column 7,review_required
S034,acf5cfe1780ba93146e23e9cc459bc71737b0d1bc6aed236e7b4cd9ae6fcffe3,45,1,2,8,No.,PDF page 45; detected table 1; row 2; column 8,review_required
S034,acf5cfe1780ba93146e23e9cc459bc71737b0d1bc6aed236e7b4cd9ae6fcffe3,45,1,2,9,%,PDF page 45; detected table 1; row 2; column 9,review_required
S034,acf5cfe1780ba93146e23e9cc459bc71737b0d1bc6aed236e7b4cd9ae6fcffe3,45,1,2,10,No.,PDF page 45; detected table 1; row 2; column 10,review_required
S034,acf5cfe1780ba93146e23e9cc459bc71737b0d1bc6aed236e7b4cd9ae6fcffe3,45,1,2,11,%,PDF page 45; detected table 1; row 2; column 11,review_required
S034,acf5cfe1780ba93146e23e9cc459bc71737b0d1bc6aed236e7b4cd9ae6fcffe3,45,1,3,1,Aerocity - Tughlakabad,PDF page 45; detected table 1; row 3; column 1,review_required
S034,acf5cfe1780ba93146e23e9cc459bc71737b0d1bc6aed236e7b4cd9ae6fcffe3,45,1,3,2,8,PDF page 45; detected table 1; row 3; column 2,review_required
S034,acf5cfe1780ba93146e23e9cc459bc71737b0d1bc6aed236e7b4cd9ae6fcffe3,45,1,3,3,19.05%,PDF page 45; detected table 1; row 3; column 3,review_required
S034,acf5cfe1780ba93146e23e9cc459bc71737b0d1bc6aed236e7b4cd9ae6fcffe3,45,1,3,4,3,PDF page 45; detected table 1; row 3; column 4,review_required
S034,acf5cfe1780ba93146e23e9cc459bc71737b0d1bc6aed236e7b4cd9ae6fcffe3,45,1,3,5,7.14%,PDF page 45; detected table 1; row 3; column 5,review_required
S034,acf5cfe1780ba93146e23e9cc459bc71737b0d1bc6aed236e7b4cd9ae6fcffe3,45,1,3,6,8,PDF page 45; detected table 1; row 3; column 6,review_required
S034,acf5cfe1780ba93146e23e9cc459bc71737b0d1bc6aed236e7b4cd9ae6fcffe3,45,1,3,7,19.05%,PDF page 45; detected table 1; row 3; column 7,review_required
S034,acf5cfe1780ba93146e23e9cc459bc71737b0d1bc6aed236e7b4cd9ae6fcffe3,45,1,3,8,23,PDF page 45; detected table 1; row 3; column 8,review_required
S034,acf5cfe1780ba93146e23e9cc459bc71737b0d1bc6aed236e7b4cd9ae6fcffe3,45,1,3,9,54.76%,PDF page 45; detected table 1; row 3; column 9,review_required
S034,acf5cfe1780ba93146e23e9cc459bc71737b0d1bc6aed236e7b4cd9ae6fcffe3,45,1,3,10,42,PDF page 45; detected table 1; row 3; column 10,review_required
S034,acf5cfe1780ba93146e23e9cc459bc71737b0d1bc6aed236e7b4cd9ae6fcffe3,45,1,3,11,100%,PDF page 45; detected table 1; row 3; column 11,review_required
S034,acf5cfe1780ba93146e23e9cc459bc71737b0d1bc6aed236e7b4cd9ae6fcffe3,45,1,4,1,"Janakpuri West – R K
Ashram",PDF page 45; detected table 1; row 4; column 1,review_required
S034,acf5cfe1780ba93146e23e9cc459bc71737b0d1bc6aed236e7b4cd9ae6fcffe3,45,1,4,2,0,PDF page 45; detected table 1; row 4; column 2,review_required
S034,acf5cfe1780ba93146e23e9cc459bc71737b0d1bc6aed236e7b4cd9ae6fcffe3,45,1,4,3,0,PDF page 45; detected table 1; row 4; column 3,review_required
S034,acf5cfe1780ba93146e23e9cc459bc71737b0d1bc6aed236e7b4cd9ae6fcffe3,45,1,4,4,0,PDF page 45; detected table 1; row 4; column 4,review_required
S034,acf5cfe1780ba93146e23e9cc459bc71737b0d1bc6aed236e7b4cd9ae6fcffe3,45,1,4,5,0,PDF page 45; detected table 1; row 4; column 5,review_required
S034,acf5cfe1780ba93146e23e9cc459bc71737b0d1bc6aed236e7b4cd9ae6fcffe3,45,1,4,6,0,PDF page 45; detected table 1; row 4; column 6,review_required
S034,acf5cfe1780ba93146e23e9cc459bc71737b0d1bc6aed236e7b4cd9ae6fcffe3,45,1,4,7,0,PDF page 45; detected table 1; row 4; column 7,review_required
S034,acf5cfe1780ba93146e23e9cc459bc71737b0d1bc6aed236e7b4cd9ae6fcffe3,45,1,4,8,9,PDF page 45; detected table 1; row 4; column 8,review_required
S034,acf5cfe1780ba93146e23e9cc459bc71737b0d1bc6aed236e7b4cd9ae6fcffe3,45,1,4,9,100%,PDF page 45; detected table 1; row 4; column 9,review_required
S034,acf5cfe1780ba93146e23e9cc459bc71737b0d1bc6aed236e7b4cd9ae6fcffe3,45,1,4,10,9,PDF page 45; detected table 1; row 4; column 10,review_required
S034,acf5cfe1780ba93146e23e9cc459bc71737b0d1bc6aed236e7b4cd9ae6fcffe3,45,1,4,11,100%,PDF page 45; detected table 1; row 4; column 11,review_required
S034,acf5cfe1780ba93146e23e9cc459bc71737b0d1bc6aed236e7b4cd9ae6fcffe3,45,1,5,1,Mukundpur - Maujpur,PDF page 45; detected table 1; row 5; column 1,review_required
S034,acf5cfe1780ba93146e23e9cc459bc71737b0d1bc6aed236e7b4cd9ae6fcffe3,45,1,5,2,0,PDF page 45; detected table 1; row 5; column 2,review_required
S034,acf5cfe1780ba93146e23e9cc459bc71737b0d1bc6aed236e7b4cd9ae6fcffe3,45,1,5,3,0,PDF page 45; detected table 1; row 5; column 3,review_required
S034,acf5cfe1780ba93146e23e9cc459bc71737b0d1bc6aed236e7b4cd9ae6fcffe3,45,1,5,4,0,PDF page 45; detected table 1; row 5; column 4,review_required
S034,acf5cfe1780ba93146e23e9cc459bc71737b0d1bc6aed236e7b4cd9ae6fcffe3,45,1,5,5,0,PDF page 45; detected table 1; row 5; column 5,review_required
S034,acf5cfe1780ba93146e23e9cc459bc71737b0d1bc6aed236e7b4cd9ae6fcffe3,45,1,5,6,0,PDF page 45; detected table 1; row 5; column 6,review_required
S034,acf5cfe1780ba93146e23e9cc459bc71737b0d1bc6aed236e7b4cd9ae6fcffe3,45,1,5,7,0,PDF page 45; detected table 1; row 5; column 7,review_required
S034,acf5cfe1780ba93146e23e9cc459bc71737b0d1bc6aed236e7b4cd9ae6fcffe3,45,1,5,8,0,PDF page 45; detected table 1; row 5; column 8,review_required
S034,acf5cfe1780ba93146e23e9cc459bc71737b0d1bc6aed236e7b4cd9ae6fcffe3,45,1,5,9,0,PDF page 45; detected table 1; row 5; column 9,review_required
S034,acf5cfe1780ba93146e23e9cc459bc71737b0d1bc6aed236e7b4cd9ae6fcffe3,45,1,5,10,0,PDF page 45; detected table 1; row 5; column 10,review_required
S034,acf5cfe1780ba93146e23e9cc459bc71737b0d1bc6aed236e7b4cd9ae6fcffe3,45,1,5,11,0,PDF page 45; detected table 1; row 5; column 11,review_required
S034,acf5cfe1780ba93146e23e9cc459bc71737b0d1bc6aed236e7b4cd9ae6fcffe3,45,1,6,1,Total,PDF page 45; detected table 1; row 6; column 1,review_required
S034,acf5cfe1780ba93146e23e9cc459bc71737b0d1bc6aed236e7b4cd9ae6fcffe3,45,1,6,2,8,PDF page 45; detected table 1; row 6; column 2,review_required
S034,acf5cfe1780ba93146e23e9cc459bc71737b0d1bc6aed236e7b4cd9ae6fcffe3,45,1,6,3,15.6%,PDF page 45; detected table 1; row 6; column 3,review_required
S034,acf5cfe1780ba93146e23e9cc459bc71737b0d1bc6aed236e7b4cd9ae6fcffe3,45,1,6,4,3,PDF page 45; detected table 1; row 6; column 4,review_required
S034,acf5cfe1780ba93146e23e9cc459bc71737b0d1bc6aed236e7b4cd9ae6fcffe3,45,1,6,5,5.87%,PDF page 45; detected table 1; row 6; column 5,review_required
S034,acf5cfe1780ba93146e23e9cc459bc71737b0d1bc6aed236e7b4cd9ae6fcffe3,45,1,6,6,8,PDF page 45; detected table 1; row 6; column 6,review_required
S034,acf5cfe1780ba93146e23e9cc459bc71737b0d1bc6aed236e7b4cd9ae6fcffe3,45,1,6,7,15.69%,PDF page 45; detected table 1; row 6; column 7,review_required
S034,acf5cfe1780ba93146e23e9cc459bc71737b0d1bc6aed236e7b4cd9ae6fcffe3,45,1,6,8,32,PDF page 45; detected table 1; row 6; column 8,review_required
S034,acf5cfe1780ba93146e23e9cc459bc71737b0d1bc6aed236e7b4cd9ae6fcffe3,45,1,6,9,62.75%,PDF page 45; detected table 1; row 6; column 9,review_required
S034,acf5cfe1780ba93146e23e9cc459bc71737b0d1bc6aed236e7b4cd9ae6fcffe3,45,1,6,10,51,PDF page 45; detected table 1; row 6; column 10,review_required
S034,acf5cfe1780ba93146e23e9cc459bc71737b0d1bc6aed236e7b4cd9ae6fcffe3,45,1,6,11,100%,PDF page 45; detected table 1; row 6; column 11,review_required
S034,acf5cfe1780ba93146e23e9cc459bc71737b0d1bc6aed236e7b4cd9ae6fcffe3,45,2,1,1,Corridor,PDF page 45; detected table 2; row 1; column 1,review_required
S034,acf5cfe1780ba93146e23e9cc459bc71737b0d1bc6aed236e7b4cd9ae6fcffe3,45,2,1,2,Illiterate,PDF page 45; detected table 2; row 1; column 2,review_required
S034,acf5cfe1780ba93146e23e9cc459bc71737b0d1bc6aed236e7b4cd9ae6fcffe3,45,2,1,4,Primary,PDF page 45; detected table 2; row 1; column 4,review_required
S034,acf5cfe1780ba93146e23e9cc459bc71737b0d1bc6aed236e7b4cd9ae6fcffe3,45,2,1,6,Secondary,PDF page 45; detected table 2; row 1; column 6,review_required
S034,acf5cfe1780ba93146e23e9cc459bc71737b0d1bc6aed236e7b4cd9ae6fcffe3,45,2,1,8,High School,PDF page 45; detected table 2; row 1; column 8,review_required
S034,acf5cfe1780ba93146e23e9cc459bc71737b0d1bc6aed236e7b4cd9ae6fcffe3,45,2,1,10,College,PDF page 45; detected table 2; row 1; column 10,review_required
S034,acf5cfe1780ba93146e23e9cc459bc71737b0d1bc6aed236e7b4cd9ae6fcffe3,45,2,1,12,Total,PDF page 45; detected table 2; row 1; column 12,review_required
S034,acf5cfe1780ba93146e23e9cc459bc71737b0d1bc6aed236e7b4cd9ae6fcffe3,45,2,2,2,No.,PDF page 45; detected table 2; row 2; column 2,review_required
S034,acf5cfe1780ba93146e23e9cc459bc71737b0d1bc6aed236e7b4cd9ae6fcffe3,45,2,2,3,%,PDF page 45; detected table 2; row 2; column 3,review_required
S034,acf5cfe1780ba93146e23e9cc459bc71737b0d1bc6aed236e7b4cd9ae6fcffe3,45,2,2,4,No.,PDF page 45; detected table 2; row 2; column 4,review_required
S034,acf5cfe1780ba93146e23e9cc459bc71737b0d1bc6aed236e7b4cd9ae6fcffe3,45,2,2,5,%,PDF page 45; detected table 2; row 2; column 5,review_required
S034,acf5cfe1780ba93146e23e9cc459bc71737b0d1bc6aed236e7b4cd9ae6fcffe3,45,2,2,6,No.,PDF page 45; detected table 2; row 2; column 6,review_required
S034,acf5cfe1780ba93146e23e9cc459bc71737b0d1bc6aed236e7b4cd9ae6fcffe3,45,2,2,7,%,PDF page 45; detected table 2; row 2; column 7,review_required
S034,acf5cfe1780ba93146e23e9cc459bc71737b0d1bc6aed236e7b4cd9ae6fcffe3,45,2,2,8,No.,PDF page 45; detected table 2; row 2; column 8,review_required
S034,acf5cfe1780ba93146e23e9cc459bc71737b0d1bc6aed236e7b4cd9ae6fcffe3,45,2,2,9,%,PDF page 45; detected table 2; row 2; column 9,review_required
S034,acf5cfe1780ba93146e23e9cc459bc71737b0d1bc6aed236e7b4cd9ae6fcffe3,45,2,2,10,No.,PDF page 45; detected table 2; row 2; column 10,review_required
S034,acf5cfe1780ba93146e23e9cc459bc71737b0d1bc6aed236e7b4cd9ae6fcffe3,45,2,2,11,%,PDF page 45; detected table 2; row 2; column 11,review_required
S034,acf5cfe1780ba93146e23e9cc459bc71737b0d1bc6aed236e7b4cd9ae6fcffe3,45,2,2,12,No.,PDF page 45; detected table 2; row 2; column 12,review_required
S034,acf5cfe1780ba93146e23e9cc459bc71737b0d1bc6aed236e7b4cd9ae6fcffe3,45,2,3,1,"Aerocity -
Tughlakabad",PDF page 45; detected table 2; row 3; column 1,review_required
S034,acf5cfe1780ba93146e23e9cc459bc71737b0d1bc6aed236e7b4cd9ae6fcffe3,45,2,3,2,22,PDF page 45; detected table 2; row 3; column 2,review_required
S034,acf5cfe1780ba93146e23e9cc459bc71737b0d1bc6aed236e7b4cd9ae6fcffe3,45,2,3,3,11.89%,PDF page 45; detected table 2; row 3; column 3,review_required
S034,acf5cfe1780ba93146e23e9cc459bc71737b0d1bc6aed236e7b4cd9ae6fcffe3,45,2,3,4,13,PDF page 45; detected table 2; row 3; column 4,review_required
S034,acf5cfe1780ba93146e23e9cc459bc71737b0d1bc6aed236e7b4cd9ae6fcffe3,45,2,3,5,7.03%,PDF page 45; detected table 2; row 3; column 5,review_required
S034,acf5cfe1780ba93146e23e9cc459bc71737b0d1bc6aed236e7b4cd9ae6fcffe3,45,2,3,6,52,PDF page 45; detected table 2; row 3; column 6,review_required
S034,acf5cfe1780ba93146e23e9cc459bc71737b0d1bc6aed236e7b4cd9ae6fcffe3,45,2,3,7,28.11%,PDF page 45; detected table 2; row 3; column 7,review_required
S034,acf5cfe1780ba93146e23e9cc459bc71737b0d1bc6aed236e7b4cd9ae6fcffe3,45,2,3,8,74,PDF page 45; detected table 2; row 3; column 8,review_required
S034,acf5cfe1780ba93146e23e9cc459bc71737b0d1bc6aed236e7b4cd9ae6fcffe3,45,2,3,9,40.0%,PDF page 45; detected table 2; row 3; column 9,review_required
S034,acf5cfe1780ba93146e23e9cc459bc71737b0d1bc6aed236e7b4cd9ae6fcffe3,45,2,3,10,24,PDF page 45; detected table 2; row 3; column 10,review_required
S034,acf5cfe1780ba93146e23e9cc459bc71737b0d1bc6aed236e7b4cd9ae6fcffe3,45,2,3,11,12.97%,PDF page 45; detected table 2; row 3; column 11,review_required
S034,acf5cfe1780ba93146e23e9cc459bc71737b0d1bc6aed236e7b4cd9ae6fcffe3,45,2,3,12,185,PDF page 45; detected table 2; row 3; column 12,review_required
S034,acf5cfe1780ba93146e23e9cc459bc71737b0d1bc6aed236e7b4cd9ae6fcffe3,45,2,4,1,"Janakpuri
West – R K
Ashram",PDF page 45; detected table 2; row 4; column 1,review_required
S034,acf5cfe1780ba93146e23e9cc459bc71737b0d1bc6aed236e7b4cd9ae6fcffe3,45,2,4,2,3,PDF page 45; detected table 2; row 4; column 2,review_required
S034,acf5cfe1780ba93146e23e9cc459bc71737b0d1bc6aed236e7b4cd9ae6fcffe3,45,2,4,3,5.45%,PDF page 45; detected table 2; row 4; column 3,review_required
S034,acf5cfe1780ba93146e23e9cc459bc71737b0d1bc6aed236e7b4cd9ae6fcffe3,45,2,4,4,0,PDF page 45; detected table 2; row 4; column 4,review_required
S034,acf5cfe1780ba93146e23e9cc459bc71737b0d1bc6aed236e7b4cd9ae6fcffe3,45,2,4,5,0,PDF page 45; detected table 2; row 4; column 5,review_required
S034,acf5cfe1780ba93146e23e9cc459bc71737b0d1bc6aed236e7b4cd9ae6fcffe3,45,2,4,6,5,PDF page 45; detected table 2; row 4; column 6,review_required
S034,acf5cfe1780ba93146e23e9cc459bc71737b0d1bc6aed236e7b4cd9ae6fcffe3,45,2,4,7,9.09%,PDF page 45; detected table 2; row 4; column 7,review_required
S034,acf5cfe1780ba93146e23e9cc459bc71737b0d1bc6aed236e7b4cd9ae6fcffe3,45,2,4,8,7,PDF page 45; detected table 2; row 4; column 8,review_required
S034,acf5cfe1780ba93146e23e9cc459bc71737b0d1bc6aed236e7b4cd9ae6fcffe3,45,2,4,9,12.73%,PDF page 45; detected table 2; row 4; column 9,review_required
S034,acf5cfe1780ba93146e23e9cc459bc71737b0d1bc6aed236e7b4cd9ae6fcffe3,45,2,4,10,40,PDF page 45; detected table 2; row 4; column 10,review_required
S034,acf5cfe1780ba93146e23e9cc459bc71737b0d1bc6aed236e7b4cd9ae6fcffe3,45,2,4,11,72.73%,PDF page 45; detected table 2; row 4; column 11,review_required
S034,acf5cfe1780ba93146e23e9cc459bc71737b0d1bc6aed236e7b4cd9ae6fcffe3,45,2,4,12,55,PDF page 45; detected table 2; row 4; column 12,review_required
S034,acf5cfe1780ba93146e23e9cc459bc71737b0d1bc6aed236e7b4cd9ae6fcffe3,45,2,5,1,"Mukundpur -
Maujpur",PDF page 45; detected table 2; row 5; column 1,review_required
S034,acf5cfe1780ba93146e23e9cc459bc71737b0d1bc6aed236e7b4cd9ae6fcffe3,45,2,5,2,0,PDF page 45; detected table 2; row 5; column 2,review_required
S034,acf5cfe1780ba93146e23e9cc459bc71737b0d1bc6aed236e7b4cd9ae6fcffe3,45,2,5,3,0,PDF page 45; detected table 2; row 5; column 3,review_required
S034,acf5cfe1780ba93146e23e9cc459bc71737b0d1bc6aed236e7b4cd9ae6fcffe3,45,2,5,4,0,PDF page 45; detected table 2; row 5; column 4,review_required
S034,acf5cfe1780ba93146e23e9cc459bc71737b0d1bc6aed236e7b4cd9ae6fcffe3,45,2,5,5,0,PDF page 45; detected table 2; row 5; column 5,review_required
S034,acf5cfe1780ba93146e23e9cc459bc71737b0d1bc6aed236e7b4cd9ae6fcffe3,45,2,5,6,0,PDF page 45; detected table 2; row 5; column 6,review_required
S034,acf5cfe1780ba93146e23e9cc459bc71737b0d1bc6aed236e7b4cd9ae6fcffe3,45,2,5,7,0,PDF page 45; detected table 2; row 5; column 7,review_required
S034,acf5cfe1780ba93146e23e9cc459bc71737b0d1bc6aed236e7b4cd9ae6fcffe3,45,2,5,8,0,PDF page 45; detected table 2; row 5; column 8,review_required
S034,acf5cfe1780ba93146e23e9cc459bc71737b0d1bc6aed236e7b4cd9ae6fcffe3,45,2,5,9,0,PDF page 45; detected table 2; row 5; column 9,review_required
S034,acf5cfe1780ba93146e23e9cc459bc71737b0d1bc6aed236e7b4cd9ae6fcffe3,45,2,5,10,0,PDF page 45; detected table 2; row 5; column 10,review_required
S034,acf5cfe1780ba93146e23e9cc459bc71737b0d1bc6aed236e7b4cd9ae6fcffe3,45,2,5,11,0,PDF page 45; detected table 2; row 5; column 11,review_required
S034,acf5cfe1780ba93146e23e9cc459bc71737b0d1bc6aed236e7b4cd9ae6fcffe3,45,2,5,12,0,PDF page 45; detected table 2; row 5; column 12,review_required
S034,acf5cfe1780ba93146e23e9cc459bc71737b0d1bc6aed236e7b4cd9ae6fcffe3,45,2,6,1,Total,PDF page 45; detected table 2; row 6; column 1,review_required
S034,acf5cfe1780ba93146e23e9cc459bc71737b0d1bc6aed236e7b4cd9ae6fcffe3,45,2,6,2,25,PDF page 45; detected table 2; row 6; column 2,review_required
S034,acf5cfe1780ba93146e23e9cc459bc71737b0d1bc6aed236e7b4cd9ae6fcffe3,45,2,6,3,10.42%,PDF page 45; detected table 2; row 6; column 3,review_required
S034,acf5cfe1780ba93146e23e9cc459bc71737b0d1bc6aed236e7b4cd9ae6fcffe3,45,2,6,4,13,PDF page 45; detected table 2; row 6; column 4,review_required
S034,acf5cfe1780ba93146e23e9cc459bc71737b0d1bc6aed236e7b4cd9ae6fcffe3,45,2,6,5,5.42%,PDF page 45; detected table 2; row 6; column 5,review_required
S034,acf5cfe1780ba93146e23e9cc459bc71737b0d1bc6aed236e7b4cd9ae6fcffe3,45,2,6,6,57,PDF page 45; detected table 2; row 6; column 6,review_required
S034,acf5cfe1780ba93146e23e9cc459bc71737b0d1bc6aed236e7b4cd9ae6fcffe3,45,2,6,7,23.75%,PDF page 45; detected table 2; row 6; column 7,review_required
S034,acf5cfe1780ba93146e23e9cc459bc71737b0d1bc6aed236e7b4cd9ae6fcffe3,45,2,6,8,81,PDF page 45; detected table 2; row 6; column 8,review_required
S034,acf5cfe1780ba93146e23e9cc459bc71737b0d1bc6aed236e7b4cd9ae6fcffe3,45,2,6,9,33.75%,PDF page 45; detected table 2; row 6; column 9,review_required
S034,acf5cfe1780ba93146e23e9cc459bc71737b0d1bc6aed236e7b4cd9ae6fcffe3,45,2,6,10,64,PDF page 45; detected table 2; row 6; column 10,review_required
S034,acf5cfe1780ba93146e23e9cc459bc71737b0d1bc6aed236e7b4cd9ae6fcffe3,45,2,6,11,26.66%,PDF page 45; detected table 2; row 6; column 11,review_required
S034,acf5cfe1780ba93146e23e9cc459bc71737b0d1bc6aed236e7b4cd9ae6fcffe3,45,2,6,12,240,PDF page 45; detected table 2; row 6; column 12,review_required
S034,acf5cfe1780ba93146e23e9cc459bc71737b0d1bc6aed236e7b4cd9ae6fcffe3,46,1,1,1,Corridor,PDF page 46; detected table 1; row 1; column 1,review_required
S034,acf5cfe1780ba93146e23e9cc459bc71737b0d1bc6aed236e7b4cd9ae6fcffe3,46,1,1,2,Labour,PDF page 46; detected table 1; row 1; column 2,review_required
S034,acf5cfe1780ba93146e23e9cc459bc71737b0d1bc6aed236e7b4cd9ae6fcffe3,46,1,1,4,Business,PDF page 46; detected table 1; row 1; column 4,review_required
S034,acf5cfe1780ba93146e23e9cc459bc71737b0d1bc6aed236e7b4cd9ae6fcffe3,46,1,1,6,Service,PDF page 46; detected table 1; row 1; column 6,review_required
S034,acf5cfe1780ba93146e23e9cc459bc71737b0d1bc6aed236e7b4cd9ae6fcffe3,46,1,1,8,Total,PDF page 46; detected table 1; row 1; column 8,review_required
S034,acf5cfe1780ba93146e23e9cc459bc71737b0d1bc6aed236e7b4cd9ae6fcffe3,46,1,2,2,No.,PDF page 46; detected table 1; row 2; column 2,review_required
S034,acf5cfe1780ba93146e23e9cc459bc71737b0d1bc6aed236e7b4cd9ae6fcffe3,46,1,2,3,%,PDF page 46; detected table 1; row 2; column 3,review_required
S034,acf5cfe1780ba93146e23e9cc459bc71737b0d1bc6aed236e7b4cd9ae6fcffe3,46,1,2,4,No.,PDF page 46; detected table 1; row 2; column 4,review_required
S034,acf5cfe1780ba93146e23e9cc459bc71737b0d1bc6aed236e7b4cd9ae6fcffe3,46,1,2,5,%,PDF page 46; detected table 1; row 2; column 5,review_required
S034,acf5cfe1780ba93146e23e9cc459bc71737b0d1bc6aed236e7b4cd9ae6fcffe3,46,1,2,6,No.,PDF page 46; detected table 1; row 2; column 6,review_required
S034,acf5cfe1780ba93146e23e9cc459bc71737b0d1bc6aed236e7b4cd9ae6fcffe3,46,1,2,7,%,PDF page 46; detected table 1; row 2; column 7,review_required
S034,acf5cfe1780ba93146e23e9cc459bc71737b0d1bc6aed236e7b4cd9ae6fcffe3,46,1,2,8,No.,PDF page 46; detected table 1; row 2; column 8,review_required
S034,acf5cfe1780ba93146e23e9cc459bc71737b0d1bc6aed236e7b4cd9ae6fcffe3,46,1,2,9,%,PDF page 46; detected table 1; row 2; column 9,review_required
S034,acf5cfe1780ba93146e23e9cc459bc71737b0d1bc6aed236e7b4cd9ae6fcffe3,46,1,3,1,Aerocity - Tughlakabad,PDF page 46; detected table 1; row 3; column 1,review_required
S034,acf5cfe1780ba93146e23e9cc459bc71737b0d1bc6aed236e7b4cd9ae6fcffe3,46,1,3,2,2,PDF page 46; detected table 1; row 3; column 2,review_required
S034,acf5cfe1780ba93146e23e9cc459bc71737b0d1bc6aed236e7b4cd9ae6fcffe3,46,1,3,3,4.76%,PDF page 46; detected table 1; row 3; column 3,review_required
S034,acf5cfe1780ba93146e23e9cc459bc71737b0d1bc6aed236e7b4cd9ae6fcffe3,46,1,3,4,40,PDF page 46; detected table 1; row 3; column 4,review_required
S034,acf5cfe1780ba93146e23e9cc459bc71737b0d1bc6aed236e7b4cd9ae6fcffe3,46,1,3,5,95.24%,PDF page 46; detected table 1; row 3; column 5,review_required
S034,acf5cfe1780ba93146e23e9cc459bc71737b0d1bc6aed236e7b4cd9ae6fcffe3,46,1,3,6,0,PDF page 46; detected table 1; row 3; column 6,review_required
S034,acf5cfe1780ba93146e23e9cc459bc71737b0d1bc6aed236e7b4cd9ae6fcffe3,46,1,3,7,0,PDF page 46; detected table 1; row 3; column 7,review_required
S034,acf5cfe1780ba93146e23e9cc459bc71737b0d1bc6aed236e7b4cd9ae6fcffe3,46,1,3,8,42,PDF page 46; detected table 1; row 3; column 8,review_required
S034,acf5cfe1780ba93146e23e9cc459bc71737b0d1bc6aed236e7b4cd9ae6fcffe3,46,1,3,9,100%,PDF page 46; detected table 1; row 3; column 9,review_required
S034,acf5cfe1780ba93146e23e9cc459bc71737b0d1bc6aed236e7b4cd9ae6fcffe3,46,1,4,1,"Janakpuri West – R K
Ashram",PDF page 46; detected table 1; row 4; column 1,review_required
S034,acf5cfe1780ba93146e23e9cc459bc71737b0d1bc6aed236e7b4cd9ae6fcffe3,46,1,4,2,0,PDF page 46; detected table 1; row 4; column 2,review_required
S034,acf5cfe1780ba93146e23e9cc459bc71737b0d1bc6aed236e7b4cd9ae6fcffe3,46,1,4,3,0,PDF page 46; detected table 1; row 4; column 3,review_required
S034,acf5cfe1780ba93146e23e9cc459bc71737b0d1bc6aed236e7b4cd9ae6fcffe3,46,1,4,4,9,PDF page 46; detected table 1; row 4; column 4,review_required
S034,acf5cfe1780ba93146e23e9cc459bc71737b0d1bc6aed236e7b4cd9ae6fcffe3,46,1,4,5,100%,PDF page 46; detected table 1; row 4; column 5,review_required
S034,acf5cfe1780ba93146e23e9cc459bc71737b0d1bc6aed236e7b4cd9ae6fcffe3,46,1,4,6,0,PDF page 46; detected table 1; row 4; column 6,review_required
S034,acf5cfe1780ba93146e23e9cc459bc71737b0d1bc6aed236e7b4cd9ae6fcffe3,46,1,4,7,0,PDF page 46; detected table 1; row 4; column 7,review_required
S034,acf5cfe1780ba93146e23e9cc459bc71737b0d1bc6aed236e7b4cd9ae6fcffe3,46,1,4,8,9,PDF page 46; detected table 1; row 4; column 8,review_required
S034,acf5cfe1780ba93146e23e9cc459bc71737b0d1bc6aed236e7b4cd9ae6fcffe3,46,1,4,9,100%,PDF page 46; detected table 1; row 4; column 9,review_required
S034,acf5cfe1780ba93146e23e9cc459bc71737b0d1bc6aed236e7b4cd9ae6fcffe3,46,1,5,1,Mukundpur - Maujpur,PDF page 46; detected table 1; row 5; column 1,review_required
S034,acf5cfe1780ba93146e23e9cc459bc71737b0d1bc6aed236e7b4cd9ae6fcffe3,46,1,5,2,0,PDF page 46; detected table 1; row 5; column 2,review_required
S034,acf5cfe1780ba93146e23e9cc459bc71737b0d1bc6aed236e7b4cd9ae6fcffe3,46,1,5,3,0,PDF page 46; detected table 1; row 5; column 3,review_required
S034,acf5cfe1780ba93146e23e9cc459bc71737b0d1bc6aed236e7b4cd9ae6fcffe3,46,1,5,4,0,PDF page 46; detected table 1; row 5; column 4,review_required
S034,acf5cfe1780ba93146e23e9cc459bc71737b0d1bc6aed236e7b4cd9ae6fcffe3,46,1,5,5,0,PDF page 46; detected table 1; row 5; column 5,review_required
S034,acf5cfe1780ba93146e23e9cc459bc71737b0d1bc6aed236e7b4cd9ae6fcffe3,46,1,5,6,0,PDF page 46; detected table 1; row 5; column 6,review_required
S034,acf5cfe1780ba93146e23e9cc459bc71737b0d1bc6aed236e7b4cd9ae6fcffe3,46,1,5,7,0,PDF page 46; detected table 1; row 5; column 7,review_required
S034,acf5cfe1780ba93146e23e9cc459bc71737b0d1bc6aed236e7b4cd9ae6fcffe3,46,1,5,8,0,PDF page 46; detected table 1; row 5; column 8,review_required
S034,acf5cfe1780ba93146e23e9cc459bc71737b0d1bc6aed236e7b4cd9ae6fcffe3,46,1,5,9,0,PDF page 46; detected table 1; row 5; column 9,review_required
S034,acf5cfe1780ba93146e23e9cc459bc71737b0d1bc6aed236e7b4cd9ae6fcffe3,46,1,6,1,Total,PDF page 46; detected table 1; row 6; column 1,review_required
S034,acf5cfe1780ba93146e23e9cc459bc71737b0d1bc6aed236e7b4cd9ae6fcffe3,46,1,6,2,2,PDF page 46; detected table 1; row 6; column 2,review_required
S034,acf5cfe1780ba93146e23e9cc459bc71737b0d1bc6aed236e7b4cd9ae6fcffe3,46,1,6,3,3.92%,PDF page 46; detected table 1; row 6; column 3,review_required
S034,acf5cfe1780ba93146e23e9cc459bc71737b0d1bc6aed236e7b4cd9ae6fcffe3,46,1,6,4,49,PDF page 46; detected table 1; row 6; column 4,review_required
S034,acf5cfe1780ba93146e23e9cc459bc71737b0d1bc6aed236e7b4cd9ae6fcffe3,46,1,6,5,96.08%,PDF page 46; detected table 1; row 6; column 5,review_required
S034,acf5cfe1780ba93146e23e9cc459bc71737b0d1bc6aed236e7b4cd9ae6fcffe3,46,1,6,6,0,PDF page 46; detected table 1; row 6; column 6,review_required
S034,acf5cfe1780ba93146e23e9cc459bc71737b0d1bc6aed236e7b4cd9ae6fcffe3,46,1,6,7,0,PDF page 46; detected table 1; row 6; column 7,review_required
S034,acf5cfe1780ba93146e23e9cc459bc71737b0d1bc6aed236e7b4cd9ae6fcffe3,46,1,6,8,51,PDF page 46; detected table 1; row 6; column 8,review_required
S034,acf5cfe1780ba93146e23e9cc459bc71737b0d1bc6aed236e7b4cd9ae6fcffe3,46,1,6,9,100%,PDF page 46; detected table 1; row 6; column 9,review_required
S034,acf5cfe1780ba93146e23e9cc459bc71737b0d1bc6aed236e7b4cd9ae6fcffe3,46,2,1,1,Corridor,PDF page 46; detected table 2; row 1; column 1,review_required
S034,acf5cfe1780ba93146e23e9cc459bc71737b0d1bc6aed236e7b4cd9ae6fcffe3,46,2,1,2,<25000,PDF page 46; detected table 2; row 1; column 2,review_required
S034,acf5cfe1780ba93146e23e9cc459bc71737b0d1bc6aed236e7b4cd9ae6fcffe3,46,2,1,4,25001 - 50000,PDF page 46; detected table 2; row 1; column 4,review_required
S034,acf5cfe1780ba93146e23e9cc459bc71737b0d1bc6aed236e7b4cd9ae6fcffe3,46,2,1,6,50001- 100000,PDF page 46; detected table 2; row 1; column 6,review_required
S034,acf5cfe1780ba93146e23e9cc459bc71737b0d1bc6aed236e7b4cd9ae6fcffe3,46,2,1,8,>100000,PDF page 46; detected table 2; row 1; column 8,review_required
S034,acf5cfe1780ba93146e23e9cc459bc71737b0d1bc6aed236e7b4cd9ae6fcffe3,46,2,1,10,Total,PDF page 46; detected table 2; row 1; column 10,review_required
S034,acf5cfe1780ba93146e23e9cc459bc71737b0d1bc6aed236e7b4cd9ae6fcffe3,46,2,2,2,No.,PDF page 46; detected table 2; row 2; column 2,review_required
S034,acf5cfe1780ba93146e23e9cc459bc71737b0d1bc6aed236e7b4cd9ae6fcffe3,46,2,2,3,%,PDF page 46; detected table 2; row 2; column 3,review_required
S034,acf5cfe1780ba93146e23e9cc459bc71737b0d1bc6aed236e7b4cd9ae6fcffe3,46,2,2,4,No.,PDF page 46; detected table 2; row 2; column 4,review_required
S034,acf5cfe1780ba93146e23e9cc459bc71737b0d1bc6aed236e7b4cd9ae6fcffe3,46,2,2,5,%,PDF page 46; detected table 2; row 2; column 5,review_required
S034,acf5cfe1780ba93146e23e9cc459bc71737b0d1bc6aed236e7b4cd9ae6fcffe3,46,2,2,6,No.,PDF page 46; detected table 2; row 2; column 6,review_required
S034,acf5cfe1780ba93146e23e9cc459bc71737b0d1bc6aed236e7b4cd9ae6fcffe3,46,2,2,7,%,PDF page 46; detected table 2; row 2; column 7,review_required
S034,acf5cfe1780ba93146e23e9cc459bc71737b0d1bc6aed236e7b4cd9ae6fcffe3,46,2,2,8,No.,PDF page 46; detected table 2; row 2; column 8,review_required
S034,acf5cfe1780ba93146e23e9cc459bc71737b0d1bc6aed236e7b4cd9ae6fcffe3,46,2,2,9,%,PDF page 46; detected table 2; row 2; column 9,review_required
S034,acf5cfe1780ba93146e23e9cc459bc71737b0d1bc6aed236e7b4cd9ae6fcffe3,46,2,2,10,No.,PDF page 46; detected table 2; row 2; column 10,review_required
S034,acf5cfe1780ba93146e23e9cc459bc71737b0d1bc6aed236e7b4cd9ae6fcffe3,46,2,2,11,%,PDF page 46; detected table 2; row 2; column 11,review_required
S034,acf5cfe1780ba93146e23e9cc459bc71737b0d1bc6aed236e7b4cd9ae6fcffe3,46,2,3,1,Aerocity - Tughlakabad,PDF page 46; detected table 2; row 3; column 1,review_required
S034,acf5cfe1780ba93146e23e9cc459bc71737b0d1bc6aed236e7b4cd9ae6fcffe3,46,2,3,2,18,PDF page 46; detected table 2; row 3; column 2,review_required
S034,acf5cfe1780ba93146e23e9cc459bc71737b0d1bc6aed236e7b4cd9ae6fcffe3,46,2,3,3,42.86%,PDF page 46; detected table 2; row 3; column 3,review_required
S034,acf5cfe1780ba93146e23e9cc459bc71737b0d1bc6aed236e7b4cd9ae6fcffe3,46,2,3,4,18,PDF page 46; detected table 2; row 3; column 4,review_required
S034,acf5cfe1780ba93146e23e9cc459bc71737b0d1bc6aed236e7b4cd9ae6fcffe3,46,2,3,5,42.86%,PDF page 46; detected table 2; row 3; column 5,review_required
S034,acf5cfe1780ba93146e23e9cc459bc71737b0d1bc6aed236e7b4cd9ae6fcffe3,46,2,3,6,6,PDF page 46; detected table 2; row 3; column 6,review_required
S034,acf5cfe1780ba93146e23e9cc459bc71737b0d1bc6aed236e7b4cd9ae6fcffe3,46,2,3,7,14.29%,PDF page 46; detected table 2; row 3; column 7,review_required
S034,acf5cfe1780ba93146e23e9cc459bc71737b0d1bc6aed236e7b4cd9ae6fcffe3,46,2,3,8,0,PDF page 46; detected table 2; row 3; column 8,review_required
S034,acf5cfe1780ba93146e23e9cc459bc71737b0d1bc6aed236e7b4cd9ae6fcffe3,46,2,3,9,0,PDF page 46; detected table 2; row 3; column 9,review_required
S034,acf5cfe1780ba93146e23e9cc459bc71737b0d1bc6aed236e7b4cd9ae6fcffe3,46,2,3,10,42,PDF page 46; detected table 2; row 3; column 10,review_required
S034,acf5cfe1780ba93146e23e9cc459bc71737b0d1bc6aed236e7b4cd9ae6fcffe3,46,2,3,11,100%,PDF page 46; detected table 2; row 3; column 11,review_required
S034,acf5cfe1780ba93146e23e9cc459bc71737b0d1bc6aed236e7b4cd9ae6fcffe3,46,2,4,1,"Janakpuri West – R K
Ashram",PDF page 46; detected table 2; row 4; column 1,review_required
S034,acf5cfe1780ba93146e23e9cc459bc71737b0d1bc6aed236e7b4cd9ae6fcffe3,46,2,4,2,4,PDF page 46; detected table 2; row 4; column 2,review_required
S034,acf5cfe1780ba93146e23e9cc459bc71737b0d1bc6aed236e7b4cd9ae6fcffe3,46,2,4,3,44.45%,PDF page 46; detected table 2; row 4; column 3,review_required
S034,acf5cfe1780ba93146e23e9cc459bc71737b0d1bc6aed236e7b4cd9ae6fcffe3,46,2,4,4,3,PDF page 46; detected table 2; row 4; column 4,review_required
S034,acf5cfe1780ba93146e23e9cc459bc71737b0d1bc6aed236e7b4cd9ae6fcffe3,46,2,4,5,33.33%,PDF page 46; detected table 2; row 4; column 5,review_required
S034,acf5cfe1780ba93146e23e9cc459bc71737b0d1bc6aed236e7b4cd9ae6fcffe3,46,2,4,6,0,PDF page 46; detected table 2; row 4; column 6,review_required
S034,acf5cfe1780ba93146e23e9cc459bc71737b0d1bc6aed236e7b4cd9ae6fcffe3,46,2,4,7,0,PDF page 46; detected table 2; row 4; column 7,review_required
S034,acf5cfe1780ba93146e23e9cc459bc71737b0d1bc6aed236e7b4cd9ae6fcffe3,46,2,4,8,2,PDF page 46; detected table 2; row 4; column 8,review_required
S034,acf5cfe1780ba93146e23e9cc459bc71737b0d1bc6aed236e7b4cd9ae6fcffe3,46,2,4,9,"22.22
%",PDF page 46; detected table 2; row 4; column 9,review_required
S034,acf5cfe1780ba93146e23e9cc459bc71737b0d1bc6aed236e7b4cd9ae6fcffe3,46,2,4,10,9,PDF page 46; detected table 2; row 4; column 10,review_required
S034,acf5cfe1780ba93146e23e9cc459bc71737b0d1bc6aed236e7b4cd9ae6fcffe3,46,2,4,11,100%,PDF page 46; detected table 2; row 4; column 11,review_required
S034,acf5cfe1780ba93146e23e9cc459bc71737b0d1bc6aed236e7b4cd9ae6fcffe3,46,2,5,1,Mukundpur - Maujpur,PDF page 46; detected table 2; row 5; column 1,review_required
S034,acf5cfe1780ba93146e23e9cc459bc71737b0d1bc6aed236e7b4cd9ae6fcffe3,46,2,5,2,0,PDF page 46; detected table 2; row 5; column 2,review_required
S034,acf5cfe1780ba93146e23e9cc459bc71737b0d1bc6aed236e7b4cd9ae6fcffe3,46,2,5,3,0,PDF page 46; detected table 2; row 5; column 3,review_required
S034,acf5cfe1780ba93146e23e9cc459bc71737b0d1bc6aed236e7b4cd9ae6fcffe3,46,2,5,4,0,PDF page 46; detected table 2; row 5; column 4,review_required
S034,acf5cfe1780ba93146e23e9cc459bc71737b0d1bc6aed236e7b4cd9ae6fcffe3,46,2,5,5,0,PDF page 46; detected table 2; row 5; column 5,review_required
S034,acf5cfe1780ba93146e23e9cc459bc71737b0d1bc6aed236e7b4cd9ae6fcffe3,46,2,5,6,0,PDF page 46; detected table 2; row 5; column 6,review_required
S034,acf5cfe1780ba93146e23e9cc459bc71737b0d1bc6aed236e7b4cd9ae6fcffe3,46,2,5,7,0,PDF page 46; detected table 2; row 5; column 7,review_required
S034,acf5cfe1780ba93146e23e9cc459bc71737b0d1bc6aed236e7b4cd9ae6fcffe3,46,2,5,8,0,PDF page 46; detected table 2; row 5; column 8,review_required
S034,acf5cfe1780ba93146e23e9cc459bc71737b0d1bc6aed236e7b4cd9ae6fcffe3,46,2,5,9,0,PDF page 46; detected table 2; row 5; column 9,review_required
S034,acf5cfe1780ba93146e23e9cc459bc71737b0d1bc6aed236e7b4cd9ae6fcffe3,46,2,5,10,0,PDF page 46; detected table 2; row 5; column 10,review_required
S034,acf5cfe1780ba93146e23e9cc459bc71737b0d1bc6aed236e7b4cd9ae6fcffe3,46,2,5,11,0,PDF page 46; detected table 2; row 5; column 11,review_required
S034,acf5cfe1780ba93146e23e9cc459bc71737b0d1bc6aed236e7b4cd9ae6fcffe3,46,2,6,1,Total,PDF page 46; detected table 2; row 6; column 1,review_required
S034,acf5cfe1780ba93146e23e9cc459bc71737b0d1bc6aed236e7b4cd9ae6fcffe3,46,2,6,2,22,PDF page 46; detected table 2; row 6; column 2,review_required
S034,acf5cfe1780ba93146e23e9cc459bc71737b0d1bc6aed236e7b4cd9ae6fcffe3,46,2,6,3,43.14%,PDF page 46; detected table 2; row 6; column 3,review_required
S034,acf5cfe1780ba93146e23e9cc459bc71737b0d1bc6aed236e7b4cd9ae6fcffe3,46,2,6,4,21,PDF page 46; detected table 2; row 6; column 4,review_required
S034,acf5cfe1780ba93146e23e9cc459bc71737b0d1bc6aed236e7b4cd9ae6fcffe3,46,2,6,5,41.17%,PDF page 46; detected table 2; row 6; column 5,review_required
S034,acf5cfe1780ba93146e23e9cc459bc71737b0d1bc6aed236e7b4cd9ae6fcffe3,46,2,6,6,6,PDF page 46; detected table 2; row 6; column 6,review_required
S034,acf5cfe1780ba93146e23e9cc459bc71737b0d1bc6aed236e7b4cd9ae6fcffe3,46,2,6,7,11.77%,PDF page 46; detected table 2; row 6; column 7,review_required
S034,acf5cfe1780ba93146e23e9cc459bc71737b0d1bc6aed236e7b4cd9ae6fcffe3,46,2,6,8,2,PDF page 46; detected table 2; row 6; column 8,review_required
S034,acf5cfe1780ba93146e23e9cc459bc71737b0d1bc6aed236e7b4cd9ae6fcffe3,46,2,6,9,3.92%,PDF page 46; detected table 2; row 6; column 9,review_required
S034,acf5cfe1780ba93146e23e9cc459bc71737b0d1bc6aed236e7b4cd9ae6fcffe3,46,2,6,10,51,PDF page 46; detected table 2; row 6; column 10,review_required
S034,acf5cfe1780ba93146e23e9cc459bc71737b0d1bc6aed236e7b4cd9ae6fcffe3,46,2,6,11,100%,PDF page 46; detected table 2; row 6; column 11,review_required
S034,acf5cfe1780ba93146e23e9cc459bc71737b0d1bc6aed236e7b4cd9ae6fcffe3,47,1,1,1,Corridor,PDF page 47; detected table 1; row 1; column 1,review_required
S034,acf5cfe1780ba93146e23e9cc459bc71737b0d1bc6aed236e7b4cd9ae6fcffe3,47,1,1,2,Joint,PDF page 47; detected table 1; row 1; column 2,review_required
S034,acf5cfe1780ba93146e23e9cc459bc71737b0d1bc6aed236e7b4cd9ae6fcffe3,47,1,1,4,Nuclear,PDF page 47; detected table 1; row 1; column 4,review_required
S034,acf5cfe1780ba93146e23e9cc459bc71737b0d1bc6aed236e7b4cd9ae6fcffe3,47,1,1,6,Individual,PDF page 47; detected table 1; row 1; column 6,review_required
S034,acf5cfe1780ba93146e23e9cc459bc71737b0d1bc6aed236e7b4cd9ae6fcffe3,47,1,1,8,Total,PDF page 47; detected table 1; row 1; column 8,review_required
S034,acf5cfe1780ba93146e23e9cc459bc71737b0d1bc6aed236e7b4cd9ae6fcffe3,47,1,2,2,No.,PDF page 47; detected table 1; row 2; column 2,review_required
S034,acf5cfe1780ba93146e23e9cc459bc71737b0d1bc6aed236e7b4cd9ae6fcffe3,47,1,2,3,%,PDF page 47; detected table 1; row 2; column 3,review_required
S034,acf5cfe1780ba93146e23e9cc459bc71737b0d1bc6aed236e7b4cd9ae6fcffe3,47,1,2,4,No.,PDF page 47; detected table 1; row 2; column 4,review_required
S034,acf5cfe1780ba93146e23e9cc459bc71737b0d1bc6aed236e7b4cd9ae6fcffe3,47,1,2,5,%,PDF page 47; detected table 1; row 2; column 5,review_required
S034,acf5cfe1780ba93146e23e9cc459bc71737b0d1bc6aed236e7b4cd9ae6fcffe3,47,1,2,6,"No
.",PDF page 47; detected table 1; row 2; column 6,review_required
S034,acf5cfe1780ba93146e23e9cc459bc71737b0d1bc6aed236e7b4cd9ae6fcffe3,47,1,2,7,%,PDF page 47; detected table 1; row 2; column 7,review_required
S034,acf5cfe1780ba93146e23e9cc459bc71737b0d1bc6aed236e7b4cd9ae6fcffe3,47,1,2,8,No.,PDF page 47; detected table 1; row 2; column 8,review_required
S034,acf5cfe1780ba93146e23e9cc459bc71737b0d1bc6aed236e7b4cd9ae6fcffe3,47,1,2,9,%,PDF page 47; detected table 1; row 2; column 9,review_required
S034,acf5cfe1780ba93146e23e9cc459bc71737b0d1bc6aed236e7b4cd9ae6fcffe3,47,1,3,1,Aerocity - Tughlakabad,PDF page 47; detected table 1; row 3; column 1,review_required
S034,acf5cfe1780ba93146e23e9cc459bc71737b0d1bc6aed236e7b4cd9ae6fcffe3,47,1,3,2,10,PDF page 47; detected table 1; row 3; column 2,review_required
S034,acf5cfe1780ba93146e23e9cc459bc71737b0d1bc6aed236e7b4cd9ae6fcffe3,47,1,3,3,23.81%,PDF page 47; detected table 1; row 3; column 3,review_required
S034,acf5cfe1780ba93146e23e9cc459bc71737b0d1bc6aed236e7b4cd9ae6fcffe3,47,1,3,4,29,PDF page 47; detected table 1; row 3; column 4,review_required
S034,acf5cfe1780ba93146e23e9cc459bc71737b0d1bc6aed236e7b4cd9ae6fcffe3,47,1,3,5,69.05%,PDF page 47; detected table 1; row 3; column 5,review_required
S034,acf5cfe1780ba93146e23e9cc459bc71737b0d1bc6aed236e7b4cd9ae6fcffe3,47,1,3,6,3,PDF page 47; detected table 1; row 3; column 6,review_required
S034,acf5cfe1780ba93146e23e9cc459bc71737b0d1bc6aed236e7b4cd9ae6fcffe3,47,1,3,7,7.14%,PDF page 47; detected table 1; row 3; column 7,review_required
S034,acf5cfe1780ba93146e23e9cc459bc71737b0d1bc6aed236e7b4cd9ae6fcffe3,47,1,3,8,42,PDF page 47; detected table 1; row 3; column 8,review_required
S034,acf5cfe1780ba93146e23e9cc459bc71737b0d1bc6aed236e7b4cd9ae6fcffe3,47,1,3,9,100%,PDF page 47; detected table 1; row 3; column 9,review_required
S034,acf5cfe1780ba93146e23e9cc459bc71737b0d1bc6aed236e7b4cd9ae6fcffe3,47,1,4,1,"Janakpuri West – R K
Ashram",PDF page 47; detected table 1; row 4; column 1,review_required
S034,acf5cfe1780ba93146e23e9cc459bc71737b0d1bc6aed236e7b4cd9ae6fcffe3,47,1,4,2,6,PDF page 47; detected table 1; row 4; column 2,review_required
S034,acf5cfe1780ba93146e23e9cc459bc71737b0d1bc6aed236e7b4cd9ae6fcffe3,47,1,4,3,66.67%,PDF page 47; detected table 1; row 4; column 3,review_required
S034,acf5cfe1780ba93146e23e9cc459bc71737b0d1bc6aed236e7b4cd9ae6fcffe3,47,1,4,4,3,PDF page 47; detected table 1; row 4; column 4,review_required
S034,acf5cfe1780ba93146e23e9cc459bc71737b0d1bc6aed236e7b4cd9ae6fcffe3,47,1,4,5,33.33%,PDF page 47; detected table 1; row 4; column 5,review_required
S034,acf5cfe1780ba93146e23e9cc459bc71737b0d1bc6aed236e7b4cd9ae6fcffe3,47,1,4,6,0,PDF page 47; detected table 1; row 4; column 6,review_required
S034,acf5cfe1780ba93146e23e9cc459bc71737b0d1bc6aed236e7b4cd9ae6fcffe3,47,1,4,7,0,PDF page 47; detected table 1; row 4; column 7,review_required
S034,acf5cfe1780ba93146e23e9cc459bc71737b0d1bc6aed236e7b4cd9ae6fcffe3,47,1,4,8,9,PDF page 47; detected table 1; row 4; column 8,review_required
S034,acf5cfe1780ba93146e23e9cc459bc71737b0d1bc6aed236e7b4cd9ae6fcffe3,47,1,4,9,100%,PDF page 47; detected table 1; row 4; column 9,review_required
S034,acf5cfe1780ba93146e23e9cc459bc71737b0d1bc6aed236e7b4cd9ae6fcffe3,47,1,5,1,Mukundpur - Maujpur,PDF page 47; detected table 1; row 5; column 1,review_required
S034,acf5cfe1780ba93146e23e9cc459bc71737b0d1bc6aed236e7b4cd9ae6fcffe3,47,1,5,2,0,PDF page 47; detected table 1; row 5; column 2,review_required
S034,acf5cfe1780ba93146e23e9cc459bc71737b0d1bc6aed236e7b4cd9ae6fcffe3,47,1,5,3,0,PDF page 47; detected table 1; row 5; column 3,review_required
S034,acf5cfe1780ba93146e23e9cc459bc71737b0d1bc6aed236e7b4cd9ae6fcffe3,47,1,5,4,0,PDF page 47; detected table 1; row 5; column 4,review_required
S034,acf5cfe1780ba93146e23e9cc459bc71737b0d1bc6aed236e7b4cd9ae6fcffe3,47,1,5,5,0,PDF page 47; detected table 1; row 5; column 5,review_required
S034,acf5cfe1780ba93146e23e9cc459bc71737b0d1bc6aed236e7b4cd9ae6fcffe3,47,1,5,6,0,PDF page 47; detected table 1; row 5; column 6,review_required
S034,acf5cfe1780ba93146e23e9cc459bc71737b0d1bc6aed236e7b4cd9ae6fcffe3,47,1,5,7,0,PDF page 47; detected table 1; row 5; column 7,review_required
S034,acf5cfe1780ba93146e23e9cc459bc71737b0d1bc6aed236e7b4cd9ae6fcffe3,47,1,5,8,0,PDF page 47; detected table 1; row 5; column 8,review_required
S034,acf5cfe1780ba93146e23e9cc459bc71737b0d1bc6aed236e7b4cd9ae6fcffe3,47,1,5,9,0,PDF page 47; detected table 1; row 5; column 9,review_required
S034,acf5cfe1780ba93146e23e9cc459bc71737b0d1bc6aed236e7b4cd9ae6fcffe3,47,1,6,1,Total,PDF page 47; detected table 1; row 6; column 1,review_required
S034,acf5cfe1780ba93146e23e9cc459bc71737b0d1bc6aed236e7b4cd9ae6fcffe3,47,1,6,2,16,PDF page 47; detected table 1; row 6; column 2,review_required
S034,acf5cfe1780ba93146e23e9cc459bc71737b0d1bc6aed236e7b4cd9ae6fcffe3,47,1,6,3,31.37%,PDF page 47; detected table 1; row 6; column 3,review_required
S034,acf5cfe1780ba93146e23e9cc459bc71737b0d1bc6aed236e7b4cd9ae6fcffe3,47,1,6,4,32,PDF page 47; detected table 1; row 6; column 4,review_required
S034,acf5cfe1780ba93146e23e9cc459bc71737b0d1bc6aed236e7b4cd9ae6fcffe3,47,1,6,5,62.75%,PDF page 47; detected table 1; row 6; column 5,review_required
S034,acf5cfe1780ba93146e23e9cc459bc71737b0d1bc6aed236e7b4cd9ae6fcffe3,47,1,6,6,3,PDF page 47; detected table 1; row 6; column 6,review_required
S034,acf5cfe1780ba93146e23e9cc459bc71737b0d1bc6aed236e7b4cd9ae6fcffe3,47,1,6,7,5.88%,PDF page 47; detected table 1; row 6; column 7,review_required
S034,acf5cfe1780ba93146e23e9cc459bc71737b0d1bc6aed236e7b4cd9ae6fcffe3,47,1,6,8,51,PDF page 47; detected table 1; row 6; column 8,review_required
S034,acf5cfe1780ba93146e23e9cc459bc71737b0d1bc6aed236e7b4cd9ae6fcffe3,47,1,6,9,100%,PDF page 47; detected table 1; row 6; column 9,review_required
S034,acf5cfe1780ba93146e23e9cc459bc71737b0d1bc6aed236e7b4cd9ae6fcffe3,47,2,1,1,Corridor,PDF page 47; detected table 2; row 1; column 1,review_required
S034,acf5cfe1780ba93146e23e9cc459bc71737b0d1bc6aed236e7b4cd9ae6fcffe3,47,2,1,2,Small (2-4),PDF page 47; detected table 2; row 1; column 2,review_required
S034,acf5cfe1780ba93146e23e9cc459bc71737b0d1bc6aed236e7b4cd9ae6fcffe3,47,2,1,4,"Medium
(5-6)",PDF page 47; detected table 2; row 1; column 4,review_required
S034,acf5cfe1780ba93146e23e9cc459bc71737b0d1bc6aed236e7b4cd9ae6fcffe3,47,2,1,6,"Large
(7 & above)",PDF page 47; detected table 2; row 1; column 6,review_required
S034,acf5cfe1780ba93146e23e9cc459bc71737b0d1bc6aed236e7b4cd9ae6fcffe3,47,2,1,8,Individual,PDF page 47; detected table 2; row 1; column 8,review_required
S034,acf5cfe1780ba93146e23e9cc459bc71737b0d1bc6aed236e7b4cd9ae6fcffe3,47,2,1,10,Total,PDF page 47; detected table 2; row 1; column 10,review_required
S034,acf5cfe1780ba93146e23e9cc459bc71737b0d1bc6aed236e7b4cd9ae6fcffe3,47,2,2,2,No.,PDF page 47; detected table 2; row 2; column 2,review_required
S034,acf5cfe1780ba93146e23e9cc459bc71737b0d1bc6aed236e7b4cd9ae6fcffe3,47,2,2,3,%,PDF page 47; detected table 2; row 2; column 3,review_required
S034,acf5cfe1780ba93146e23e9cc459bc71737b0d1bc6aed236e7b4cd9ae6fcffe3,47,2,2,4,No.,PDF page 47; detected table 2; row 2; column 4,review_required
S034,acf5cfe1780ba93146e23e9cc459bc71737b0d1bc6aed236e7b4cd9ae6fcffe3,47,2,2,5,%,PDF page 47; detected table 2; row 2; column 5,review_required
S034,acf5cfe1780ba93146e23e9cc459bc71737b0d1bc6aed236e7b4cd9ae6fcffe3,47,2,2,6,No.,PDF page 47; detected table 2; row 2; column 6,review_required
S034,acf5cfe1780ba93146e23e9cc459bc71737b0d1bc6aed236e7b4cd9ae6fcffe3,47,2,2,7,%,PDF page 47; detected table 2; row 2; column 7,review_required
S034,acf5cfe1780ba93146e23e9cc459bc71737b0d1bc6aed236e7b4cd9ae6fcffe3,47,2,2,8,No.,PDF page 47; detected table 2; row 2; column 8,review_required
S034,acf5cfe1780ba93146e23e9cc459bc71737b0d1bc6aed236e7b4cd9ae6fcffe3,47,2,2,9,%,PDF page 47; detected table 2; row 2; column 9,review_required
S034,acf5cfe1780ba93146e23e9cc459bc71737b0d1bc6aed236e7b4cd9ae6fcffe3,47,2,2,10,No.,PDF page 47; detected table 2; row 2; column 10,review_required
S034,acf5cfe1780ba93146e23e9cc459bc71737b0d1bc6aed236e7b4cd9ae6fcffe3,47,2,2,11,%,PDF page 47; detected table 2; row 2; column 11,review_required
S034,acf5cfe1780ba93146e23e9cc459bc71737b0d1bc6aed236e7b4cd9ae6fcffe3,47,2,3,1,Aerocity - Tughlakabad,PDF page 47; detected table 2; row 3; column 1,review_required
S034,acf5cfe1780ba93146e23e9cc459bc71737b0d1bc6aed236e7b4cd9ae6fcffe3,47,2,3,2,7,PDF page 47; detected table 2; row 3; column 2,review_required
S034,acf5cfe1780ba93146e23e9cc459bc71737b0d1bc6aed236e7b4cd9ae6fcffe3,47,2,3,3,16.66%,PDF page 47; detected table 2; row 3; column 3,review_required
S034,acf5cfe1780ba93146e23e9cc459bc71737b0d1bc6aed236e7b4cd9ae6fcffe3,47,2,3,4,20,PDF page 47; detected table 2; row 3; column 4,review_required
S034,acf5cfe1780ba93146e23e9cc459bc71737b0d1bc6aed236e7b4cd9ae6fcffe3,47,2,3,5,47.62%,PDF page 47; detected table 2; row 3; column 5,review_required
S034,acf5cfe1780ba93146e23e9cc459bc71737b0d1bc6aed236e7b4cd9ae6fcffe3,47,2,3,6,12,PDF page 47; detected table 2; row 3; column 6,review_required
S034,acf5cfe1780ba93146e23e9cc459bc71737b0d1bc6aed236e7b4cd9ae6fcffe3,47,2,3,7,28.57%,PDF page 47; detected table 2; row 3; column 7,review_required
S034,acf5cfe1780ba93146e23e9cc459bc71737b0d1bc6aed236e7b4cd9ae6fcffe3,47,2,3,8,3,PDF page 47; detected table 2; row 3; column 8,review_required
S034,acf5cfe1780ba93146e23e9cc459bc71737b0d1bc6aed236e7b4cd9ae6fcffe3,47,2,3,9,7.14%,PDF page 47; detected table 2; row 3; column 9,review_required
S034,acf5cfe1780ba93146e23e9cc459bc71737b0d1bc6aed236e7b4cd9ae6fcffe3,47,2,3,10,42,PDF page 47; detected table 2; row 3; column 10,review_required
S034,acf5cfe1780ba93146e23e9cc459bc71737b0d1bc6aed236e7b4cd9ae6fcffe3,47,2,3,11,100%,PDF page 47; detected table 2; row 3; column 11,review_required
S034,acf5cfe1780ba93146e23e9cc459bc71737b0d1bc6aed236e7b4cd9ae6fcffe3,47,2,4,1,"Janakpuri West – R K
Ashram",PDF page 47; detected table 2; row 4; column 1,review_required
S034,acf5cfe1780ba93146e23e9cc459bc71737b0d1bc6aed236e7b4cd9ae6fcffe3,47,2,4,2,3,PDF page 47; detected table 2; row 4; column 2,review_required
S034,acf5cfe1780ba93146e23e9cc459bc71737b0d1bc6aed236e7b4cd9ae6fcffe3,47,2,4,3,33.33%,PDF page 47; detected table 2; row 4; column 3,review_required
S034,acf5cfe1780ba93146e23e9cc459bc71737b0d1bc6aed236e7b4cd9ae6fcffe3,47,2,4,4,3,PDF page 47; detected table 2; row 4; column 4,review_required
S034,acf5cfe1780ba93146e23e9cc459bc71737b0d1bc6aed236e7b4cd9ae6fcffe3,47,2,4,5,33.33%,PDF page 47; detected table 2; row 4; column 5,review_required
S034,acf5cfe1780ba93146e23e9cc459bc71737b0d1bc6aed236e7b4cd9ae6fcffe3,47,2,4,6,3,PDF page 47; detected table 2; row 4; column 6,review_required
S034,acf5cfe1780ba93146e23e9cc459bc71737b0d1bc6aed236e7b4cd9ae6fcffe3,47,2,4,7,33.33%,PDF page 47; detected table 2; row 4; column 7,review_required
S034,acf5cfe1780ba93146e23e9cc459bc71737b0d1bc6aed236e7b4cd9ae6fcffe3,47,2,4,8,0,PDF page 47; detected table 2; row 4; column 8,review_required
S034,acf5cfe1780ba93146e23e9cc459bc71737b0d1bc6aed236e7b4cd9ae6fcffe3,47,2,4,9,0,PDF page 47; detected table 2; row 4; column 9,review_required
S034,acf5cfe1780ba93146e23e9cc459bc71737b0d1bc6aed236e7b4cd9ae6fcffe3,47,2,4,10,9,PDF page 47; detected table 2; row 4; column 10,review_required
S034,acf5cfe1780ba93146e23e9cc459bc71737b0d1bc6aed236e7b4cd9ae6fcffe3,47,2,4,11,100%,PDF page 47; detected table 2; row 4; column 11,review_required
S034,acf5cfe1780ba93146e23e9cc459bc71737b0d1bc6aed236e7b4cd9ae6fcffe3,47,2,5,1,Mukundpur - Maujpur,PDF page 47; detected table 2; row 5; column 1,review_required
S034,acf5cfe1780ba93146e23e9cc459bc71737b0d1bc6aed236e7b4cd9ae6fcffe3,47,2,5,2,0,PDF page 47; detected table 2; row 5; column 2,review_required
S034,acf5cfe1780ba93146e23e9cc459bc71737b0d1bc6aed236e7b4cd9ae6fcffe3,47,2,5,3,0,PDF page 47; detected table 2; row 5; column 3,review_required
S034,acf5cfe1780ba93146e23e9cc459bc71737b0d1bc6aed236e7b4cd9ae6fcffe3,47,2,5,4,0,PDF page 47; detected table 2; row 5; column 4,review_required
S034,acf5cfe1780ba93146e23e9cc459bc71737b0d1bc6aed236e7b4cd9ae6fcffe3,47,2,5,5,0,PDF page 47; detected table 2; row 5; column 5,review_required
S034,acf5cfe1780ba93146e23e9cc459bc71737b0d1bc6aed236e7b4cd9ae6fcffe3,47,2,5,6,0,PDF page 47; detected table 2; row 5; column 6,review_required
S034,acf5cfe1780ba93146e23e9cc459bc71737b0d1bc6aed236e7b4cd9ae6fcffe3,47,2,5,7,0,PDF page 47; detected table 2; row 5; column 7,review_required
S034,acf5cfe1780ba93146e23e9cc459bc71737b0d1bc6aed236e7b4cd9ae6fcffe3,47,2,5,8,0,PDF page 47; detected table 2; row 5; column 8,review_required
S034,acf5cfe1780ba93146e23e9cc459bc71737b0d1bc6aed236e7b4cd9ae6fcffe3,47,2,5,9,0,PDF page 47; detected table 2; row 5; column 9,review_required
S034,acf5cfe1780ba93146e23e9cc459bc71737b0d1bc6aed236e7b4cd9ae6fcffe3,47,2,5,10,0,PDF page 47; detected table 2; row 5; column 10,review_required
S034,acf5cfe1780ba93146e23e9cc459bc71737b0d1bc6aed236e7b4cd9ae6fcffe3,47,2,5,11,0,PDF page 47; detected table 2; row 5; column 11,review_required
S034,acf5cfe1780ba93146e23e9cc459bc71737b0d1bc6aed236e7b4cd9ae6fcffe3,47,2,6,1,Total,PDF page 47; detected table 2; row 6; column 1,review_required
S034,acf5cfe1780ba93146e23e9cc459bc71737b0d1bc6aed236e7b4cd9ae6fcffe3,47,2,6,2,10,PDF page 47; detected table 2; row 6; column 2,review_required
S034,acf5cfe1780ba93146e23e9cc459bc71737b0d1bc6aed236e7b4cd9ae6fcffe3,47,2,6,3,19.61%,PDF page 47; detected table 2; row 6; column 3,review_required
S034,acf5cfe1780ba93146e23e9cc459bc71737b0d1bc6aed236e7b4cd9ae6fcffe3,47,2,6,4,23,PDF page 47; detected table 2; row 6; column 4,review_required
S034,acf5cfe1780ba93146e23e9cc459bc71737b0d1bc6aed236e7b4cd9ae6fcffe3,47,2,6,5,45.10%,PDF page 47; detected table 2; row 6; column 5,review_required
S034,acf5cfe1780ba93146e23e9cc459bc71737b0d1bc6aed236e7b4cd9ae6fcffe3,47,2,6,6,15,PDF page 47; detected table 2; row 6; column 6,review_required
S034,acf5cfe1780ba93146e23e9cc459bc71737b0d1bc6aed236e7b4cd9ae6fcffe3,47,2,6,7,29.41%,PDF page 47; detected table 2; row 6; column 7,review_required
S034,acf5cfe1780ba93146e23e9cc459bc71737b0d1bc6aed236e7b4cd9ae6fcffe3,47,2,6,8,3,PDF page 47; detected table 2; row 6; column 8,review_required
S034,acf5cfe1780ba93146e23e9cc459bc71737b0d1bc6aed236e7b4cd9ae6fcffe3,47,2,6,9,5.88%,PDF page 47; detected table 2; row 6; column 9,review_required
S034,acf5cfe1780ba93146e23e9cc459bc71737b0d1bc6aed236e7b4cd9ae6fcffe3,47,2,6,10,51,PDF page 47; detected table 2; row 6; column 10,review_required
S034,acf5cfe1780ba93146e23e9cc459bc71737b0d1bc6aed236e7b4cd9ae6fcffe3,47,2,6,11,100%,PDF page 47; detected table 2; row 6; column 11,review_required
