page,reference,text
1,PDF page 1,"    
 
 
 
 
 
 
 
 
December - 2020  
 
 
 
 
      
 
 
 
 
 
 
Updated Social Impact Assessment Report (Volume – I) 
 
MAPLE Consortium - General Consultant for Mumbai Metro Line 3 
  MUMBAI METRO LINE 3 
 
 
"
2,PDF page 2,"                                                                                               General Consultant for Mumbai Metro Line 3 
 
 
    
 
Updated Social Impact Assessment Report 
Volume - I 
 
December - 2020 
 Issuing 
Entity Discipline Area Document No. Index 
GCC RRL P00 GCC-MMR-RRL-P00-200964-A3 I 
 "
3,PDF page 3,
4,PDF page 4,"                                                                                          General Consultant for Mumbai Metro Line  
 Updated Social Impact Assessment Report Volume-I 
CONTENTS 
Sr. NO TITLE & SUB-TITLE PAGE NO 
   
PREAMBLE      
CHAPTER 1 INTRODUCTION  
   
1.1 Background 1 
1.2 Benefits of the Project 1 
1.3 Project Description  1 
1.4 Land Acquisition and Resettlement  6 
1.5 Minimizing Resettlement  7 
1.6 Objective of Social Impact Assessment (SIA)  8 
1.7 JICA Requirements  8 
1.8 The Report  8 
   
CHAPTER-2 STUDY APPROACH AND METHODOLOGY  
   
2.1 Introduction 9 
2.2 SIA and Resettlement Plan Preparation Process 9 
2.3 Desk Research 11 
2.4 Site Visits and Creating Awareness 11 
2.5 Enumeration of Structure and Mapping 12 
2.6 Socio-Economic Survey 13 
2.7 Compilation and Verification of Data 13 
2.8 Data Analysis and Report Writing 14 
2.9 Community and Public Consultation 14 
2.10 Limitations of the Study 14 "
5,PDF page 5,"                                                                                          General Consultant for Mumbai Metro Line  
 Updated Social Impact Assessment Report Volume-I 
Sr. NO TITLE & SUB-TITLE PAGE NO 
   
   
CHAPTER-3 IMPACTS AND INVENTORY LOSS  
   
3.1 Background 16 
3.2 Overall Project Impact 16 
3.3 Land Requirement and Acquisition 17 
3.4 Inventory of Structure Loss 20 
3.5 Impact on Families and People 24 
3.6 Loss of Residence 25 
3.7 Loss on Business 26 
3.8 Impact on Vulnerable Population 28 
3.9 Impact on Community Resources 29 
   
CHAPTER-4 BASELINE SOCIO-ECONOMIC STUDY  
   
4.1 The Project Area-An Overview 31 
4.2 Profile of Project Affected Families 32 
4.2.1 Demographic and Social Conditions 32 
4.2.1.1 Gender and Sex Ratio 32 
4.2.1.2 Religious and Social Groups 32 
4.2.1.3 Mother Tongue and Place of Nativity 33 
4.2.1.4 Age Group 33 
4.2.1.5 Family Pattern and Family Size 33 
4.2.1.6 Educational Attainment 35 
4.2.2 Economic Conditions of PAFs  35 "
6,PDF page 6,"                                                                                          General Consultant for Mumbai Metro Line  
 Updated Social Impact Assessment Report Volume-I 
Sr. NO TITLE & SUB-TITLE PAGE NO 
   
4.2.2.1 Employment Status 36 
4.3 Household Assets 37 
4.4 Commercial/Self Employment Activities  37 
4.5 Documents Available 38 
4.6 Information on Structure 38 
4.7 Awareness and Opinion about the project 39 
   
CHAPTER-5  PUBLIC CONSULTATION   
   
5.1 Background 41 
5.2 Objectives of the Consultation 41 
5.3 Approach and Methods of Consultation 42 
5.4 Consultation at Project Affected Area 42 
5.5 Consultation at City Level 50 
5.6 Information Disclosure and Consultation 54 
 
5.6.1 Implementation of I.T. enabled Rehabilitation and Resettlement 
System 54 
5.7 Community Participation during Project Implementation 59 
   
CHAPTER-6 RESETTLEMENT POLICY AND LEGAL FRAMEWORK  
   
6.1 Legal Framework 60 
6.2 The Metro Railways (Construction of Works) Act, 1978; amended 
in 2009. 60 
6.3 Maharashtra Regional Town Planning Act, 1966 61 
6.4 JICA’s Guidelines on Involuntary Resettlement 61 "
7,PDF page 7,"                                                                                          General Consultant for Mumbai Metro Line  
 Updated Social Impact Assessment Report Volume-I 
Sr. NO TITLE & SUB-TITLE PAGE NO 
   
6.5 Resettlement and Rehabilitation Policy for MUTP, 1997 (amended 
in 2000) 62 
6.5.1 Eligibility and Entitlement Matrix 63 
6.6 
Right to Fair Compensation and Transparency in Land 
Acquisition, Rehabilitation and Resettlement Act, 2013 
(RFCTLARR Act 2013) 
67 
6.7  
In-situ Rehabilitation with Redevelopment Policy for Project 
Affected Families (PAFs) Due to Kalbadevi and Girgaon Metro 
Station 
72 
6.7.1 Affected Buildings  72 
6.7.2 Permanent Alternate Accommodation Location  72 
6.7.3 Classification of PAFs to determine their entitlements 72 
6.7.4 Temporary Accommodations 73 
6.7.4.1 Option for Residential Transit accommodations  73 
6.7.4.2 Maintenance Charges in Transit accommodations 73 
6.7.4.3 Option of Rents to residential / commercial / shop PAPs for units 
of their choice 73 
6.7.4.4 Shifting Allowance 74 
6.7.5 Option for Change of Unit Use from Commercial to Residential 74 
6.7.6 Agreements to be signed with tenants 74 
6.7.7 Agreements to be signed with tenants 74 
   
CHAPTER-7 INSTITUTIONAL ARRANGEMENT  
   
7.1 Background 75 
7.2 Mumbai Metro Rail Corporation (MMRC) 75 
7.3 NGOs Support during Implementation and Post Resettlement 
Phase 75 
7.4 R&R Implementation Support Consultant 75 "
8,PDF page 8,"                                                                                          General Consultant for Mumbai Metro Line  
 Updated Social Impact Assessment Report Volume-I 
Sr. NO TITLE & SUB-TITLE PAGE NO 
   
7.5 Public Relation Consultant  76 
7.6 Grievance Redress Committee (GRC) 76 
7.7                                External Evaluation Agency  80 
   
CHAPTER-8 RELOCATION AND RESETTLEMENT SITE  
   
8.1 Background 81 
8.2 Resettlement Options 81 
8.2.1 Encroachments / Slum Dwellers on public land, 81 
8.2.2 Legal Title Holders / Occupants of Formal Buildings,  93 
8.2.3 Footpath Occupiers / Licensed Stall Holders on public land, 94 
8.2.4 Others (Govt.). 94 
CHAPTER-9 IMPLEMENTATION SCHEDULE   
   
9.1 Background 95 
9.2 Project Preparatory Stage 95 
9.3 Implementation Stage 95 
9.4 Implementation Schedule 95 
   
CHAPTER 10 RESETTLEMENT ASSISTANCE PLAN AND COST ESTIMATE  
   
10.1 Background 97 
10.2 Valuation of and Compensation for Losses 97 
10.3 Compensation for Land and Structure 97 
10.4 Replacement cost for Non-Titleholders & Titleholders 97 "
9,PDF page 9,"                                                                                          General Consultant for Mumbai Metro Line  
 Updated Social Impact Assessment Report Volume-I 
Sr. NO TITLE & SUB-TITLE PAGE NO 
   
10.5 Shifting Allowance 97 
10.6 Community Operated Fund 98 
10.7 Relocation of Religious Property 98 
10.8 Relocation of other Community Resources 98 
10.9 Compensation for Economic Losses 98 
10.10 Cost Estimate for R&R 99 
 
CHAPTER- 11 MONITORING AND EVALUATION  
   
11.1 Background 101 
11.2 Internal Monitoring 101 
11.3 Independent Evaluation 102 
11.4 Reporting Requirements 103 
References  104 
   
Annexures  105 
 
 "
10,PDF page 10,"                                                                                          General Consultant for Mumbai Metro Line  
 Updated Social Impact Assessment Report Volume-I 
LIST OF TABLES 
NO                 TITLE 
Table 1.1  Corridor Lengths and Period for Implementation in Mumbai Metro Master Plan 
Table 1.2  Major Sections of Metro Corridor (Line III) 
Table 3.1  Overall Project Impacts 
Table 3.2  Impact on Land Resources 
Table 3.3  Impacts on Structures 
Table 3.4  Type of Affect 
Table 3.5 Impact on Affected Families 
Table 3.6  Loss of Residence 
Table 3.7  Loss of Business 
Table 3.8  Vulnerable Population 
Table 3.9  Impact on Community Resources 
Table 4.1  Socio-Economic Characteristics of Mumbai 
Table 4.2  Socio Demographic Profile 
Table 4.3  Educational Attainment 
Table 4.4 Economic Conditions of PAF 
Table 4.5  Employment Status of PAF 
Table 4.6  Household Assets 
Table 4.7 Commercial/Self Employment Activities  
Table 4.8 Documents Available 
Table 4.9 Information on Structure 
Table 4.10  Project Related Information 
Table 5.1  Details of Consultation at Affected Area 
Table 5.2  Issues Discussed & MMRC Reply 
Table 5.3  Details of Public Hearing on Social Issues 
Table 6.1  Main Elements of Metro Railways (Construction of Works) Act 1978 
Table 6.2  MUTP R&R Entitlement Matrix "
11,PDF page 11,"                                                                                          General Consultant for Mumbai Metro Line  
 Updated Social Impact Assessment Report Volume-I 
Table 6.3            Compensation for Landowners 
Table 6.4            Compensation 
Table 6.5            Proposed Carpet Area Matrix for PAPs of Kalbadevi and Girgaon 
Table-7.1  Role of Stakeholders for Implementation of RAP 
Table 8.1  Details about Resettlement Site at Premier, Kurla, West 
Table 8.2 Details about Resettlement Site at Bhandari Metallurgy, Kurla, East 
Table 8.3  Details about Resettlement Site at Chakala, Andheri (East) 
Table 8.4  Details about Resettlement Site at Mahul Village (Industrial) 
Table 8.5 Details about Resettlement Site at Antop Hill, Wadala 
Table 8.6  Details about Resettlement Site at Wonderland, Oshiwara 
Table 8.7 Details about Resettlement Site at Kanjurmarg (East), P-2 
Table 8.8  Details about Resettlement Site at Hariyali Village, Kanjurmarg (East) 
Table 8.9  Details about Resettlement Site at Durga Nagar, Majas 
Table 9.1  RAP Implementation Schedule 
Table 10.1  Cost for Resettlement & Rehabilitation 
Table 11.1  Indicators for Monitoring of RAP Progress 
Table 11.2  Indicators for Project Outcome Evaluation 
LIST OF FIGURES 
NO                 TITLE 
Figure 1.1  Mumbai Metro Master Plan 
Figure 1.2  Proposed Colaba – Bandra – SEEPZ Metro Corridor 
Figure 2.1  Approach and Methodology for SIA 
Figure 7.1  Institutional Framework for Implementation of RAP 
Figure 7.2 Organizational Structure of FLGRC and SLGRC 
Figure 8.1 Resettlement Site at Premier, Kurla (West) 
Figure 8.2 Resettlement Site at Bhandari Metallurgy, Kurla (East) 
Figure 8.3 Resettlement Site at Chakala, Andheri (East) 
Figure 8.4 Resettlement Site at Mahul Village (Industrial) "
12,PDF page 12,"                                                                                          General Consultant for Mumbai Metro Line  
 Updated Social Impact Assessment Report Volume-I 
Figure 8.5 Resettlement Site at Mahul Village (Industrial) 
Figure 8.6 Resettlement Site at Antop Hill, Wadala 
Figure 8.7 Resettlement Site at Wonderland, Oshiwara 
Figure 8.8 Resettlement Site at Kanjurmarg (East), P-2 
Figure 8.9 Typical Layout Plan of Floor 
LIST OF ANNEXURES 
NO  TITLE 
2.1  Public Notification in English 
2.2  Public Notification in Hindi 
2.3  Household Questionnaire 
2.4  Format for Public Consultation 
2.5  Handbill issued to residents 
5.1 to 5.8 Minutes of Public Consultation at Local Level 
5.9  Minutes of Public Hearing at City Level 
5.10-16 Minutes of Public Consultation at Local Level 
5.17 Minutes of Public Consultation of Kalbadevi and Girgaon 
6.1  R&R Policy for MUTP, 2000 
7.1  List of NGOs 
7.2  Draft ToR for R&R Consultant 
7.3  Grievance Redressal Committee Mechanism 
11.1  Format for RAP Implementation 
11.2  ToR for Independent Evaluation Agency 
11.3 Resolution of Board of Directors meeting (MMRCL) held on 6th December, 2014 
 "
13,PDF page 13,"                                                                                          General Consultant for Mumbai Metro Line  
 Updated Social Impact Assessment Report Volume-I 
ABBREVIATION 
APL  Above Poverty Line 
AIDS  Acquired Immunodeficiency Syndrome 
BPL  Below Poverty Line 
BMC  Bombay Municipal Corporation 
BPIP  Borrower’s Project Implementation Plan 
BSES  Baseline Socio-Economic Study  
CPR  Common Property Resources 
CTSO  City Survey Officer 
CRZ  Coastal Regulation Zone 
CRF  Community Revolving Fund 
CEMP  Community Environmental Management Plan 
CBO  Community Based Organization 
DPR  Detailed Project Report 
DC  District Collector 
DRC  Development Rights Certificate 
DMRC  Delhi Metro Rail Corporation 
ESMD  Environmental & Social Management Division 
EIA  Environmental Impact Assessment 
ERG  Economic Rehabilitation Grant 
FGD  Focus Group Discussion 
FSI  Floor Space Index 
GR  Government Resolution 
GOM  Government of Maharashtra 
GRC  Grievance Redress Committee 
GC  General Consultancy 
HIV  Human Immunodeficiency Virus 
ICCP Information and Community Consultation Programme "
14,PDF page 14,"                                                                                          General Consultant for Mumbai Metro Line  
 Updated Social Impact Assessment Report Volume-I 
IEA Independent Evaluation Agency 
JICA  Japan International Cooperation Agency 
SLAO  Special Land Acquisition Officer 
LAA  Land Acquisition Act 
MOUD  Ministry of Urban Development 
MUIP  Mumbai Urban Infrastructure Project 
MMR  Mumbai Metropolitan Region 
MMRDA   Mumbai Metropolitan Region Development Authority 
MMMP   Mumbai Metro Master Plan 
MMRC Mumbai Metro Rail Corporation 
MUTP  Mumbai Urban Transport Project 
MSW  Master in Social Work 
MCGM  Mumbai Corporation of Greater Mumbai 
M&E  Monitoring and Evaluation 
NTH  Non-Title Holder 
NGO  Non-Governmental Organization 
ODA  Official Development Assistance 
PIU  Project Implementation Unit 
PAF  Project Affected Family 
PAP  Project Affected People 
PIC  Public Information Centre 
RAP  Resettlement Action Plan 
ROW Right of Way 
RITES  Rail India Technical and Economic Services 
SC  Scheduled Castes 
ST  Scheduled Tribes 
STD  Sexual Transmitted Disease 
SRA  Slum Rehabilitation Scheme "
15,PDF page 15,"                                                                                          General Consultant for Mumbai Metro Line  
 Updated Social Impact Assessment Report Volume-I 
SDC  Social Development Cell 
SBE  Small Business Enterprise 
SJSRY  Suvarna Jayanti Shahari Rojghar Yojana 
TDR  Transferable Development Rights 
TBM  Tunnel Boring Machine 
TOR  Term of Reference 
TH  Title Holder 
 
 
 
 
 
 
 
 
 
 
 
 
 
 
 
 
 
 
 "
16,PDF page 16,"                                                                                          General Consultant for Mumbai Metro Line  
Page | i  
    Updated Social Impact Assessment Report Volume-I   
PREAMBLE 
 
The Project 
The Government of Maharashtra through Mumbai Metropolitan Region Development Authority 
(MMRDA) has identified metro mode of transport as efficient, economically viable and environmentally 
friendly mass  transport system to meet the future transportation requirement in Mumbai/Mumbai 
Metropolitan Region (MMR). A master plan for Mumbai metro was prepared in 2004 which proposed 
implementation of metro corridors in three phases i.e. Phase I: 2005-2011, Phase II: 2011-2016 and Phase 
III: 2016-2021. MMRDA has carried out DPR studies of all three corridors of Phase-I during 2005-2009 and 
DPRs of four lines of Phase-II & III in 2010. 
 
Project Description 
The length of Colaba -Bandra-SEEPZ corridor is 33.5  km. It wi ll facilitate the commuters to travel from 
South Mumbai to Airport via Mahim-BKC. It will also provide direct access to the economic hubs such as 
BKC, MIDC Industrial Estate, SEEPZ and famous landmarks such as Vidyanagari, Mahalakshmi etc. The 
corridor has  been proposed as fully underground keeping in consideration social and environmental 
aspects. The rail level of the metro line under study is proposed to be kept at least 15 m below ground 
level at station and in tunnel portion. Rock is available at a dep th of 2.10 m to 10.0 m from the ground 
level along the alignment. The rail level will be kept at such level to have a minimum of 6 m rock cushion 
available over the tunnel. This will facilitate to avoid underground utilities and building foundations. Total 
number of stations are 27, out of which 26 are underground, one stations at grade. It has design speed 
95kmph and schedule speed is 35 kmph. Traction system is 25 KV AC, power demand (MVA) is 30-42 MVA 
and receiving substation shall be at Colaba (Science Museum), Aarey and Dharavi. 3.2 m (maximum) wide 
modern rolling stock is with axle load 17t. The seating arrangement is longitudinal for 400 passengers in 
eight coaches train unit. The completion cost except land cost as of DPR 2018 of the project works out to 
₹ 23854.75 crore.  
 
Land Acquisition 
The proposed metro rail project requires land mainly for route alignments of rail tracks, station buildings, 
platforms, entry/exit structures, traffic integration, car shed, power substations, ventilation shafts, 
administrative buildings, property development, maintenance and construction depots at work sites etc. 
For the above purpose the project involves acquisition of 75.89 ha of land has been acquired for the 
purpose of temporary and permanent usages.  
 
Objective of SIA  
The objective of Social Impact Assessment is (i) to prepare a complete inventory of structures, affected 
families and persons, (ii) to identify social impacts and (iii) to prepare Resettlement Action Plan (RAP). The 
SIA includes RAP and is based on an integrated and holistic approach to deal with project impacts and 
aims at rebuilding lives and livelihoods of those affected as quickly as possible.  
 
Study Approach and Methodology 
M/s RITES has conducted a study in 2012 at DPR stage. The alignment and stations were finalized 
subsequently to the preliminary designs. This has necessitated for fresh survey on the alignment and 
station locations.  Census socio -economic survey was conducted in association with M/s Snehal "
17,PDF page 17,"                                                                                          General Consultant for Mumbai Metro Line  
Page | ii  
    Updated Social Impact Assessment Report Volume-I   
Engineering, in the corridor of i mpact zone to identify the affected structures, families/persons and list 
out the adverse impacts of the project. The SIA which includes RAP has been prepared in accordance with 
the JICA guidelines for Environmental and Social Consideration, 2011 and Resettlement and Rehabilitation 
Policy for Mumbai Urban Transport Project, 2000. The methodology adopted to prepare SIA report was 
desk research, site visits and information dissemination, enumeration of structure and mapping, socio -
economic survey, compilation, verification and analysis of data. SIA report prepared by M/s RITES was the 
base for preparing this report. Sections of public consultation at local and City level conducted during 
RITES Study have reproduced in this report. 
 
Impacts and Inventory of Loss 
The project requires acquisition of 75.89 ha of land for construction of different components. Total 2856 
structures have been affected out of which 201 5 are residential, 68 2 commercial, 39 residential cum 
commercial. In addition to this there are 120 other structures affected which consists of 13 public toilets, 
17 religious structures and 90 other type of structures. There are 2736 PAFs found.  
 
Socio-Economic Profile 
The socio-economic survey results indicate that sex ratio is 7 53.93 females per 1000 m ales. Majority of 
the surveyed families are Hindu followed by Muslim. Majority of families ( 46.12%) speak Marathi as 
mother tongue followed by 34.00% who speak Hindi. Majority of surveyed family members are married. 
Majority of families are found as nuclea r. About 79.45% of surveyed people are literate and majority of 
them have studied up to secondary and higher secondary l evel. Average family income is Rs. 9876  per 
month. Majority of affected persons are engaged in private service. People use Auto Rickshaw , Bus and 
Train as mode of travel. 
*Percentages are calculated for each asset against total surveyed PAFs except Girgoan & Kalbadevi 
areas because BSES of those areas did not include the necessary information by M/s. Catapult Reality 
Consultants. 
Public Consultation 
Public consultations were organized during study conducted by M/s RITES at six project affected areas 
namely Girgaon, Acharya Atre Chowk, Dharavi, Santacruz, Marol Naka and MIDC during January -April, 
2012. MMRC had conducted Public Consultations in the areas BKC, Agripada, Sariput Nagar/ Aarey Colony, 
MIDC, Kalbadevi, Girgaon, Sahar (Shanti Nagar), Janata/ Naya Nagar during November 2014 to July 2015. 
About 2042 persons who represent different community and society participated in the consultat ion 
process at community level. In addition to this public consultation was also organized at City level on 11th 
April, 2012 for inviting suggestions and objections from different stakeholders on environment and social 
issues of the proposed project. The m ajor social issues raised by the people were land acquisition, 
demolition of structures, displacement, compensation, job opportunities and relocation of religious places 
and changing of alignment, social amenities at R&R sites, and special scheme for Adivasis. 
 
Apart from the above consultations the MMRC has been conducting Public Consultations for the Kalbadevi 
and Girgaon areas starting from 2014. 
 
Resettlement Policy and Legal Framework 
The Resettlement and Rehabilitation Policy for Mumbai Urban Transport Project, 2000 has been used for 
the purpose of rehabilitation. The policy ensures meaningful consultations with stakeholders in planning "
18,PDF page 18,"                                                                                          General Consultant for Mumbai Metro Line  
Page | iii  
    Updated Social Impact Assessment Report Volume-I   
and implementation of the resettlement program an d make rehabilitation and resettlement plan more 
participatory. Land Acquisition through negotiation shall be done as per the MRTP Act, 1966 under section 
126 1 (a) (b) following the principals of RFCTLARR Act, 2013 (Right to Fair Compensation and Transparency 
in land acquisition rehabilitation and resettlement act, 2013) for compensation and additional 25 % 
incentive for negotiation to expediate process of acquisition will be given. 
 
Institutional Arrangement 
Mumbai Metro Rail Corporation (MMRC) is overall  responsible for implementation of resettlement and 
rehabilitation component of the project. MMRC has coordinated with all implementing agencies like PMC, 
NGO, R&R Implementation Support Consultant and Public Relation Consultant and supervise their work 
and monitor the progress of the project. Land & R&R Department of MMRC has looked after land 
acquisition and rehabilitation activities of the project.  The responsibility of NGO will be assisting MMRC 
in implementation of R&R activities. The implementation of resettlement and rehabilitation activities will 
be monitored through Quarterly Progress Reports (QPR) which will be prepared by MMRC with the 
assistance of consultant. A consultant will be appointed by MMRC to assist in the R&R implementation 
process. The Public Relation Consultant shall coordinate with PR agency in information sharing on the R& 
R activities. Grievance Redress Committee has been formed at field and senior level. Field level GRC has 
addressed grievances relating to individual eligibility a nd entitlements, whereas senior level GRC has 
reviewed decisions of field level GRC on grievance petitions filed by PAP not satisfied with the field level 
verdict. 
 
Relocation and Resettlement Site 
Resettlement requirements for the project is categorized f or Encroachments / Slum Dwellers on public 
land, Legal Title Holders / Occupants of Formal Buildings, Footpath Occupiers / Licensed Stall Holders on 
public land, and Others (Govt.). The finalization for selection of Resettlement site has been taken in 
consultation of PAFs, MMRC officers and other concerned Departments. MMRC has done the 
rehabilitation of Non -titleholder affected families at five locations namely (i) Kurla (west)  - Premier 
compound Building number 10, (ii) Chakala (Building number 1 -2,3, Andheri (East) and (iii) Kanjurmarg 
(Building number P2) (iv) Hariyali Village, Kanjurmarg (East) (v) Durga Nagar, Majas (vi) Antop Hill, Wadala 
which has been developed under Mumbai Urban Infrastructure Project (MUIP). The PAFs losing residential 
and commercial units have been offered tenements as per MUTP R&R Policy.   
 
Implementation Schedule of Land Acquisition and Resettlement Plan 
The R&R activities of the proposed project are divided in to three broad categories based on the stages of 
work and process of implementation. In the project preparation stage, identification of required land for 
acquisition, census & socio-economic survey, public consultation, preparation and review/approval of SIA, 
disclosure of SIA, establishment of GRC and preparation of resettlement site shall be carried out. Activities 
like notification of land acquisition, valuation of structure, payment by competent authority, shifting of 
PAPs shall be taken up during Land Acquisition and Resettlement Plan implementation. During monitoring 
and evaluation stage internal monitoring will be carried out by MMRC and mid and end term evaluation 
will be carried out by an independent evaluation agency.  
 
 "
19,PDF page 19,"                                                                                          General Consultant for Mumbai Metro Line  
Page | iv  
    Updated Social Impact Assessment Report Volume-I   
 
 
Cost Estimate 
The budget is indicative and cost has been updated and adjusted to the infla tion rate as the project 
continues and during implementation. The total cost of proposed metro rail project for resettlement and 
rehabilitation of project affected families would be ₹ 2,11,082 Lacs. 
 
 
 
Monitoring and Evaluation 
Implementation of resettlement action plan has been monitored internally and has been evaluated 
externally. MMRC is responsible for internal monitoring whereas mid and end term evaluation has been 
conducted by independent evaluation consultant. MMRC is res ponsible for supervision and 
implementation of the resettlement and preparing monthly progress reports on resettlement activities. 
Independent Evaluation Consultant has submitted mid and end term evaluation report to MMRC and JICA 
and has been determined w hether resettlement goals have been achieved, more importantly whether 
livelihoods and living standards have been restored/ enhanced and also suggested suitable 
recommendations for improvement. M/s SPARC was appointed for resettlement assistance.  
 
 
 
 
  
 "
20,PDF page 20," 
                                                                                                       General Consultant for Mumbai METRO LINE 3 
Updated Social            Impact Assessment Report (Volume - I)   Page 1
    
CHAPTER-1  INTRODUCTION 
1.1 BACKGROUND 
Mumbai is the economic /commercial capital of India, which is identified by higher growth in economy as 
well as population. Mumbai Metropolitan Region (MMR) is one of the fastest growing metropolitan 
regions in India. MMR covers an area of 4355 sq.km, which includes 8 municipal corporations, 9 municipal 
councils and more than 1000 villages. The pr ojected population of MMR shall be around 34 million, 
however employment opportunities estimated about 15.3 million by year 2031. The increasing population 
requires faster transportation to avoid delay in work and to avoid decongestions in the region. The existing 
transport system of city is not considered capable of bearing the upcoming transportation needs. Thus, 
upgrading transport system is imperative for rapid growth and economic development in Mumbai 
Metropolitan Region (MMR). The expansion of road network in Mumbai is not possible as it requires large 
land acquisition leading to huge displacement of the people. Mumbai desires to be one of the globally 
competitive cities in the world but falls short on several grounds of which transportation inadequacy  is 
the most prominent. The geographic formation of the city makes the expansion of transportation slow 
which does not match with the demand of fast -growing city. In order to improve the overall traffic and 
transportation in Mumbai/Mumbai Metropolitan Region (MMR) and meet the future travel demand, the 
Government of Maharashtra through MMRDA has identified metro mode of transport as efficient, 
economically viable and environmentally friendly mass transport system. MMRDA has proposed metro 
network to meet the transportation requirement with the existing land resource available for present use 
with a nominal land requirement and fewer involuntary displacement. 
In 2004, DMRC had prepared a master plan for development of metro network in Mumbai. The master 
plan proposes total length of 149.97 km for metro network development. It is planned in three phases of 
development, phase-I to be completed during 2005 -2011; phase II to be completed in 2011 -2016; and 
phase III in 2016-2021. Line 1 - Versova –Andheri- Ghatkopar section of metro rail is operational. Line II, 
Charkop-Bandra-Mankhurd section is yet to be started. Line III Colaba-Bandra-SPEEZ, under present study, 
is 33.5 km in length. 
1.2 BENEFITS OF THE PROJECT 
The proposed project corridor shall have direct as w ell as indirect benefits. The proposed project shall 
contribute to reduction in road traffic and road stress, fuel consumption, air pollution, travel time, vehicle 
operating cost, accidents and road maintenance. The proposed metro shall increase mobility a nd 
accessibility to facilitate, increase in economic stimulation in the region, increase in business 
opportunities, improve aesthetics and image of the city. Overall, the proposed project shall change the 
transportation face of MMR. 
1.3 PROJECT DESCRIPTION 
The proposed metro rail will facilitate the commuters to travel from South Mumbai to Airport via Mahim-
BKC. It will also provide direct access to the economic hubs such as BKC, MIDC Industrial Estate, SEEPZ and 
famous landmarks such as Kalina University, Mahalaxmi etc. Table 1.1 has indicated the proposed metro 
rail network lengths for all three phases as per the master plan and amendment plan. Figure 1.1 depicts 
the proposed lines as indicated in the Mumbai Metro Master Plan. The Detailed Project Report for line 3 
(Colaba – Bandra) of Mumbai Metro Phase – 1 was prepared in October 2007 MMRC intends to implement 
Line 3 Colaba – Bandra – SEEPZ which is proposed as fully underground keeping in consideration social 
and environmental aspects. Since the corridor is planned fully underground either on the edge of existing "
21,PDF page 21," 
                                                                                                       General Consultant for Mumbai METRO LINE 3 
Updated Social            Impact Assessment Report (Volume - I)   Page 2
    
road or along the median of the road, there will be no or least disruption to existing services and traffic 
movement. 
With a view to implementing Metro System in Mumbai Metropolitan Region (MMR), the master plan has 
been partly modified. The List of Corridors proposed for implementation is as follows: 
TABLE 1.1 Metro Master Plan (MMR Region) 
Line Name of Corridor Length 
(km) 
Estimated Cost 
(`In Cr.) 
1 Versova-Andheri-Ghatkopar* 11.40 2,356 
2A Dahisar - Charkop – DN Nagar (Andheri) 18.6 6410 
2B DN Nagar (Andheri)- Bandra- Mankhurd 23.60 10986 
3 Colaba-Bandra-SEEPZ** 33.50 24,430 
4 Wadala-Ghatkopar-Mulund-Thane-
Kasarwadavali 32.32 14,549 
4A Kasarwadavali-Gaimukh 2.70 949 
5 
Thane- Bhiwandi-Kalyan 
 
24.9 8417 
6 
Swami Samarth Nagar – Jogeshwari - 
Vikhroli 
 
14.5 6716 
7 Andheri East – Dahisar East 16.5 6208 
8 CSIA-NMIA (Airport Line) 35 15000 
9 Dahisar- Mira Bhayander & Andheri East to 
CSIA  13.5 6607 
10 Gaimukh- Shivaji Chowk (Mira Road) ** 9.2 4476 
11  
(Line 
4 
Extn.) 
Wadala-CSMT (Line 4 extension) ** 12.7 8739 
12 Kalyan-Taloja** 20.7 5494 
13 Shivaji Chowk-Virar 23 6900 
14 Kanjurmarg-Badlapur  45 13500 
 Total 337.10 1,41,737 
Ref: https://mmrda.maharashtra.gov.in/metro-piu and https://mmrda.maharashtra.gov.in/metro-line-1 
 Note: 
 * Project under operation under Public Private Partnership (PPP) 
** Project proposed to be implemented with Japanese Loan Assistance (JICA) 
 "
22,PDF page 22," 
                                                                                                       General Consultant for Mumbai METRO LINE 3 
Updated Social            Impact Assessment Report (Volume - I)   Page 3
    
 
 FIGURE 1.1     MUMBAI METRO MASTER PLAN 
 
"
23,PDF page 23," 
                                                                                                       General Consultant for Mumbai METRO LINE 3 
Updated Social            Impact Assessment Report (Volume - I)   Page 4
    
The proposed metro rail project for 33.5 km in length is divided into seven sections as indicated in Table 
1.2. Figure 1.2 shows the proposed Colaba – Bandra – SEEPZ metro corridor. The rail level of the metro 
line under study is proposed to be kept at least 15 m below ground level at station and in tunnel 
portion. The rail level will be kept at such level to have a minimum of 6 m rock cushion over the tunnel. 
This will facilitate to avoid underground utilities and building foundations. Total number of stations is 27, 
out of which 26 are underground and 01 station is at grade. 
 
TABLE 1.2 
MAJOR SECTIONS OR PACKAGES OF METRO CORRIDOR (LINE III) 
Package Description Appx. 
Chainage 
MM3-CBS-
UGC-01 
Four underground stations at Cuffe Parade, Vidhan Bhavan, 
Churchgate and Hutatma Chowk and associated bored tunnels 
together with two tunnel sidings at Cuffe Parade 
Ch.-488 to 
Ch.3762 
MM3-CBS-
UGC-02 
Four underground stations at CST, Kalbadevi, Girgaon and Grant 
Road and associated bored tunnels. 
Ch.3762 to 
Ch.7811 
MM3-CBS-
UGC-03 
Five underground stations at Mumbai Central, Mahalakshmi, 
Science Museum, Acharya Atre Chowk and Worli and associated 
bored tunnels. 
Ch.7811 to 
Ch.12868 
MM3-CBS-
UGC-04 
Three underground stations at Siddhivinayak Dadar and Shitladevi 
and associated bored tunnels. 
Ch.12868 to 
Ch.18976 
MM3-CBS-
UGC-05 
Four underground stations at Dharavi, B.K.C. Vidyanagri and Santa 
Cruz and associated bored tunnels together with two tunnel sidings 
at B.K.C. 
Ch.18976 to 
Ch.23900 
MM3-CBS-
UGC-06 
Three underground stations at CSIA Domestic Airport, Sahar Road 
and CSIA International Airport and associated bored tunnels. 
Ch.23900 to 
Ch.28388 
MM3-CBS-
UGC-07 
Three underground stations at Marol Naka MIDC and SEEPZ and 
associated bored tunnels together with a ramp for the depot 
connection. 
Ch.28388 to 
Ch.32367 
 
The proposed metro rail has design speed of 95 kmph and schedule speed is 35 kmph. Traction system is 
25 KV AC, power demand (MVA) is 30 -42 MVA, and receiving substation shall be at Colaba (Science 
Museum), Aarey and Dharavi. 3.2 m (maximum) wide modern rolling stock is with axle load 17T. The 
seating arrangement is longitudinal for 400 passengers in eight coaches train u nit. The Cost estimate for 
Mumbai Metro 3 Colaba - BKC (Bandra) - SPEEZ, which covers all civil, electrical, signalling and "
24,PDF page 24," 
                                                                                                       General Consultant for Mumbai METRO LINE 3 
Updated Social            Impact Assessment Report (Volume - I)   Page 5
    
telecommunications works, rolling stock, depot, station security, environmental protection, 
rehabilitation, etc.  was prepared at the September, 2011 price level. The same has now been updated to 
the June, 2018 price level. Further, considering the scheduled date of completion, the Project Completion 
Cost to 2021 is calculated as 334058.23 million. A two tier organization with well-defined responsibilities 
for project execution shall be setup. Mumbai Metro Rail Corporation Limited (MMRC) is at the apex and 
the second level will be a project management team (General Consultant-GC). The GC shall be responsible 
for planning, design and full project management. 
FIGURE1.2: PROPOSED COLABA – BANDRA – SEEPZ METRO CORRIDOR
 
"
25,PDF page 25," 
                                                                                                       General Consultant for Mumbai METRO LINE 3 
Updated Social            Impact Assessment Report (Volume - I)   Page 6
    
1.4 LAND ACQUISITION AND RESETTLEMENT 
The proposed metro project requires land. Acquisition of land for the project shall displace people from 
their home and business. Land is  a scarce commodity in Mumbai Metropolitan area. Efforts have been 
made to keep land requirement to the barest minimum by choosing the alignment in such a way that the 
acquisition is least. The selection of land for metro development was done by considering the following: 
• Preferred Government / Public land instead of private land 
• Preferred open land instead of habitation and building structures 
• Preferred pavements and median of roads instead of structures 
Land is mainly required for route alignment of  rail tracks, station buildings, platforms, entry/exit 
structures, traffic integration, depot/ car shed, power sub -stations, ventilation shafts, administrative 
buildings and temporary construction depots and work sites etc. The identified land plots for acquisition 
are minimum essential to complete the project. Therefore, land acquisition is unavoidable to execute the 
project. 
The acquisition of land for the proposed project involves resettlement of PAPs in shops, commercial - 
cum-residential buildings, residential buildings and hutments along the proposed corridors. Resettlement 
benefits will be given accordingly, for relocation of shops, commercial -cum-residential buildings, 
residential buildings and hutments likely to be affected due to the proposed proje ct. The cost for 
resettlement, rehabilitation and land compensation shall be decided and calculated as per the provisions 
of Resettlement and Rehabilitation Policy of Mumbai Urban Transport Project (MUTP) 1997, as amended 
in December 2000. 
Besides, the policies adopted by the Board of Directors, MMRC in the meeting held on 6th Dec. 2014 are 
also followed for in -situ Rehabilitation of Residential and Commercial units from formal / authorized 
buildings including protected tenements located in the Kalbadevi and Girgaon areas. The BoD, MMRC has 
resolved the issues raised by the residents / private land owners of Kalbadevi and Girgaon are stated 
hereunder: 
In-situ Rehabilitation of Residential & Commercial units from Formal/Authorized 
Buildings including protected Tenements:  
1. In-situ Rehabilitation with Redevelopment of PAPs of Kalbadevi and Girgaon:  
a. Kalbadevi and Girgaon metro stations are located in most congested area with very old 
developments has encountered different issues. Most of the Buildings are very o ld structures 
habituated by tenants protected under Mumbai Rent control Act.  In all 30 privately owned formal 
buildings are getting affected by two Metro stations. These buildings are also affected by road 
widening as per the sanctioned Development plan. All the PAPs have demanded for in -situ 
rehabilitation or a new house within the neighborhood. Backed by local elected representatives, 
the State Govt. was required to declare a special package for residential tenements including 
rehabilitation in the same area.  "
26,PDF page 26," 
                                                                                                       General Consultant for Mumbai METRO LINE 3 
Updated Social            Impact Assessment Report (Volume - I)   Page 7
    
b. To address the demand of affected families, M/s. Catapult Reality Consultant were appointed to 
study the feasibility of in-situ redevelopment and suggest a feasible framework of implementing 
the project and the in-situ rehabilitation.  
c. A Comprehensi ve Redevelopment Action Plan for Kalbadevi and Girgaon stations by 
redevelopment of affected buildings in the area/plots after metro project implementation which 
was prepared. After scrutiny MMRC submitted the proposal to State Govt. State Govt. accorded its 
approval along with few enabling concessions for the special redevelopment proposal. 
d. As approved by the State Govt. the project implementation has been initiated fully addressing the 
PAP requirements and confirming to the MCGM/MHADA guideline for the similar projects.  
e. As the redevelopment of the old buildings was limited to private develo pers till date the in -situ 
rehabilitation project is implemented following the market accepted philosophy; providing 
transit accommodation or market rent to PAPs till the final housing/commercial unit is provided. 
Legally binding commitment letters/agreements signed with PAPs. Minimum built up area norms 
of State Govt. complied in redevelopment buildings. 
f. Cost of the in -situ rehabilitation project to be partially recovered through free -sale component 
available in similar redevelopment projects.  
g. Bridge finance to be raised from MMRDA or Banks/Financial institutions. 
2. Status Private Land Acquisition, Issues encountered, and Solutions worked out: 
a. Board in the meeting held on 6 th Dec. 2014 vide resolution 203(32)/14-15, approved to acquire 
private land required for Mumbai Metro Line 3 through negotiations using the provisions of sec. 
126 of Maharashtra Regional & Town Planning (MR&TP) Act, 1966. It was also approved to 
constitute the compensation committee under the Chairmanship of Shri. S.V. Thakre retired IAS 
officer. Accordingly, Compensation Committee was constituted vide office order Dt. 26th May 2015 
to finalize the compensation for private land to be acquired by negotiations.  
b. Further to this, Government of Maharashtra vide its GR dated 12 May, 2015 allowed  the direct 
purchase of land by negotiation by giving 25% additional compensation on the compensation 
determined according to the provision of section 26 to 30 and Schedule -1 of the RFCTLARR Act, 
2013. 
c. The lands required for underground structures like parts of U/G stations, entry exits, structures 
associated with ancillary works are considered as permanently required. However, the private 
land-owner continues to own them and can put them to on ground activities like parking, 
landscaping etc. However, he ca n’t construct anything below ground that would infringe on the 
metro U/G works. In these cases, it was decided to use them by offering one -time compensation 
equal to 50% of market value determined by competent authority/Ready Reckoner rate. 
 
1.5 MINIMISING RESETTLEMENT 
Attempts have been made during the detailed design preparation of the project to minimize the land 
acquisition, resettlement and any adverse impacts on people in the project area through feasible 
engineering design. Steps have been taken to c onfine the project area in the government land and in 
available Right of Way (ROW) where ever feasible. This has been done with proper consultation with the 
local people and affected communities. Their suggestions have been incorporated, in the design, bas ed 
on technical feasibility. However, there will be some unavoidable land acquisition for which adequate 
compensation has been provided. Further the following specific measures are taken to minimize 
resettlement in this project. 
 Selection of the sub project sites and its various components in the government land;  
 Proper engineering design to avoid and minimize displacement and hence resettlement. 
 Prefer open land instead of habitation and building structures. 
 "
27,PDF page 27," 
                                                                                                       General Consultant for Mumbai METRO LINE 3 
Updated Social            Impact Assessment Report (Volume - I)   Page 8
    
 
1.6 OBJECTIVE OF SOCIAL IMPACT ASSESSMENT (SIA) 
The Social Impact Assessment (SIA) study includes Resettlement Action Plan (RAP) which is based on the 
principle that the population affected by the project has been resettled in proper manner. Further, it also 
takes into account ways of avoiding or minimi zing the impacts wherever possible by exploring other 
alternative project designs. Where displacement is unavoidable, people losing assets, livelihood or other 
resources, assistance is proposed for resettlement. Rehabilitation and Resettlement Policy for M UTP 
(2000) has been followed for the resettlement action plan. Since Japan International Cooperation Agency 
(JICA) is financing the project, the JICA guidelines on Environmental and Social Consideration have also 
been following.  
1.7 JICA REQUIREMENTS 
According to JICA Guidelines for confirmation of Environmental and social Considerations, the proposed 
metro rail project is classified as ‘Category A’. It includes projects in -sensitive sectors or with sensitive 
characteristics and projects located in or near sensitive areas. Metro rail is similar to the “Road, Railways 
and Bridge” category project which is indicated in the JICA guidelines as ‘category A’ project, which 
requires impact assessments of social settings of the project area. 
JICA considers it impor tant to have a dialogue with the partners (the host country, local governments, 
borrowers and project proponents) for its confirmation of social considerations. The active participation 
of key stakeholders (local residents, project affected families and lo cal NGOs) in all stages of the project 
implementation are also desirable. 
1.8 THE REPORT 
This updated Social Impact Assessment report is presented in eleven chapters. The Chapter -1 is on 
Introduction of the Project. A brief description of the project, benefits of the project, project description, 
scope of land acquisition and resettlement, minimizing resettlement, objectives of RAP, JICA 
requirements. Study approach and methodology is given in Chapter -2. Potential Resettlement Impacts 
including details of land and structure and probable significant social impacts is presented in Chapter -3. 
An analysis of Socio -Economic Studies is presented in Chapter -4. Public consultation is presented in 
Chapter-5. Resettlement Policy, Legal and Administrative Framework is given in Chapter-6. Chapter-7 is 
on Institutional Arrangement for implementation of resettlement action plan. Relocation and 
Resettlement Site Plan is given in Chapter -8. Implementation Schedule is presented in Chapter -9. 
Resettlement Assistance Plan and C ost Estimates are presented in Chapter -10. Finally Monitoring and 
Evaluation is given in Chapter-11. 
 
 
 
 
 
 "
28,PDF page 28," 
                                                                                                       General Consultant for Mumbai METRO LINE 3 
Updated Social            Impact Assessment Report (Volume - I)   Page 9
    
CHAPTER-2 STUDY APPROACH AND METHODOLOGY 
2.1 INTODUCTION 
The objective of Social Impact Assessment (SIA) is to prepare a complete inventory of structures, affected 
families and persons, to identify social impacts, and to prepare Resettlement Action Plan (RAP)  
as a part of SIA. In order to capture data for the present exercise, both primary as well as secondary 
sources were systematically tapped. As a part of SIA, socioeconomic survey has been conducted in 
association with M/s Snehal Engineering, in the Corridor of Impact zone to identify the affected structures, 
families/persons and list out the adverse impacts of the project, secondary sources informa tion were 
collected from a number of quarters such as from Census data, Statistical hand book, concerned 
departments, and a host of other literature. Thus, the secondary sources information complemented the 
primary data elicited through field survey from t he affected people and other stakeholders. Since the 
social impact assessment is the basis of resettlement plan preparation, it is imperative to describe the 
various stages of the exercise. 
2.2  SIA AND RESETTLEMENT PLAN PREPARATION PROCESS 
Social impact a ssessment and resettlement action plan is required when the project results in either 
physical or economic displacement of the people. Resettlement plan must ensure that the livelihoods of 
people affected by the project are restored to levels prevailing be fore inception of the project. While 
preparing an effective SIA, the consultant followed some essential components and steps which are (i) 
identification of socio -economic impacts of the project;(ii) public/community consultation;(iii) legal 
framework for land acquisition and compensation;(iv) entitlement policy and matrix;(v) organizational 
responsibilities;(vi) relocation and resettlement;(vii) income restoration; and (viii) implementation 
schedule;(ix) detail R&R budget; and (x) monitoring, evaluation and reporting.  
The approach that was adopted to conduct social impact assessment and to prepare RAP is described 
below and is structured on the scope of work as mentioned in the Term of Reference (TOR). The SIA which 
includes RAP has been prepared with special reference to the guidelines of JICA and R & R Policy for MUTP, 
1997 (amended in 2000). 
Figure 2.1 presents approach and methodology of SIA study in the form of flow chart and various steps 
involved in the study have been described in detail in the following paragraphs. 
 Study of relevant documents, reports and project alignment drawing. 
 Site visits and information dissemination about the project 
 Enumeration of structures and mapping by plane table survey. 
 Review and analysis of socio-economic survey data 
 Consultations and meetings with PAFs, 
 Community/Public Consultations for motivation and how the Metro Line-3 will benefit the people, 
 Changes incorporated in accordance with the change in drawings, 
 Minimize impacts on structures, 
 
 
 "
29,PDF page 29," 
                                                                                                       General Consultant for Mumbai METRO LINE 3 
Updated Social            Impact Assessment Report (Volume - I)   Page 10
    
FIGURE-2.1 
APPROACH AND METHODOLOGY FOR SIA 
 
STEP  1 
Mobilization 
-Discussion with MMRC, JICA 
 
STEP  2 
Desk Research 
-Review of relevant literature, alignment drawing, Acts, Policies, Guidelines 
-Data Collection from Secondary Sources 
-Development of Tools for Data Collection 
 
STEP  3 
Field Studies 
-Site visits for verifying the alignment on the ground & identifying the affected area 
-Meeting & Discussion with community people 
-Mapping and enumeration of structures 
-Training of Investigators 
-Household Socio-economic survey 
- Public/Community Consultation 
 
STEP  4 
Data Analysis 
-Coding, Tabulation & Compilation of collected data 
-Analysis of Baseline Data 
- Analysis of social impacts and Discussion 
-Preparation of RAP "
30,PDF page 30," 
                                                                                                       General Consultant for Mumbai METRO LINE 3 
Updated Social            Impact Assessment Report (Volume - I)   Page 11
    
 
STEP  5 
Report 
-Presentation 
- Submission of Data Report 
-Submission of Draft Final Report 
-Submission of Final Report 
   STEP 6 
-Drafting update of the SIA 
-Submission of updated Draft Report 
- Submission of updated Final Report  
 
EXCEPTION FOR KALBADEVI AND GIRGAON: 
For Kalbadevi & Girgoan – BSES (Baseline Socio Economic Survey) was conducted by M/s. Catapult Reality 
Consultants to prepare in – situ redevelopment Plan. Redevelopment will be done as per 33/7 of DC Rule 
of MMRCL. 
For MHADA is competent Authority to certify the list of tenants.  
A list including all the existing structures of affected buildings is prepared and has been submitted to GC 
by Catapult Reality Consultants and is included as annexure in Vol. IIa (Copy of PAP family details - 
Kalbadevi & Girgaon) of SIA report. Based on this Vol. I has been updated.  
2.3 DESK RESEARCH 
The consultant reviewed the relevant documents, reports and project alignment drawing. For conducting 
socio-economic survey, a verification exercise to identify the project areas based on alignment drawings 
and key stakeholders of the project was carried out. The information verified during this exercise formed 
the base for carrying out the detailed socio-economic survey. 
2.4 SITE VISITS AND CREATING AWARENESS  
Before start o f Baseline Social Economic Study, MMRC has published a notification on 12th December 
2011, informing people about the proposed metro rail Line -III project, in Hindustan Times in English and 
Navbharat Times in Hindi. Please refer to Annexure 2.1 and 2.2 respectively for copy of the notifications.  
In addition to the above MMRC has published one more handbill explaining the salient features of the 
project both in English and Marathi, which was extensively used by the interim consultant to create 
awareness among the PAPs and PAFs. A copy of the handbill was attached to the report as Annexure – 
2.5.  "
31,PDF page 31," 
                                                                                                       General Consultant for Mumbai METRO LINE 3 
Updated Social            Impact Assessment Report (Volume - I)   Page 12
    
 
The field visits and studies were conducted during December 2011 to April, 2012. RITES team visited the 
sites along with MMRDA officials to verify the alignment drawings on the ground and to identify the 
affected area. After identifying the affected areas RITES, MMRDA and SPARC officials consulted with 
different stakeholders at the project area and organized meetings with them to generate awareness about 
the project.  
Followed by these visits several field visits were conducted during September 2013 to July 2015, by Interim 
Consultant’s team independently also with MMRC officials. Most of these visits were to interact with the 
affected communities and make them aware of the proposed project; its details, advantages and impact 
and collect relevant data or information for the preparation Baseline Social Economic Study report also 
options for R&R. 
During site visits it was found that majority of affected people belong to six station locations namely 
Kalbadevi, Girgaon, Acharya Atre Chowk, BKC, Marol Naka, and MIDC. The survey team began by holding 
community meetings in those areas that were to be enumerated. Information about the metro project 
and the survey procedure ( from the numbering of structures to filling out forms) was shared with the 
community; they were also informed about the kinds of documents needed for the survey. 
2.5 ENUMERATION OF STRUCTURE AND MAPPING 
Before the actual household socio-economic survey, all the structures which were likely to be visited by 
M/s Snehal Engineering survey team were identified. Simultaneously a structured Questionnaire for the 
household survey was designed and pretested in the field. Important aspects covered in the Questionnaire 
were identification particulars of PAFs/PAPs, social profile, family details, occupation, source of income, 
family expenditure, document proofs, household assets, information on affected structure, 
commercial/self-employment activities, employment pattern, opinion and views of PAPs on project and 
resettlement and rehabilitation options. A copy of the questionnaire used for Socio-economic Household 
Survey is presented in Annexure-2.3. 
 
"
32,PDF page 32," 
                                                                                                       General Consultant for Mumbai METRO LINE 3 
Updated Social            Impact Assessment Report (Volume - I)   Page 13
    
 
2.6 SOCIO-ECONOMIC SURVEY 
After mapping and enumeration of the stru ctures likely to be affected in the project area, household 
socio-economic survey was carried out to assess impact of the proposed corridor on socio -economic 
conditions of affected families. The household social survey was carried out by survey team of M/s Snehal 
Engineering with the help of a pre -tested “Household Questionnaire”. Prior to commencement of social 
survey at household level, Social Development Experts of Interim Consultants provided one day training 
to the investigators of M/s Snehal Engineeri ng on important aspect of the Questionnaire. The aspects 
covered in the Questionnaire were identification particulars of PAFs/PAPs, social profile, family details, 
occupation, source of income, family expenditure, document proofs, household assets, informa tion on 
affected structure, commercial/self -employment activities, employment pattern, opinion and views of 
PAPs on project and resettlement and rehabilitation. Most part of the questionnaire has been pre-coded 
except those reflecting the opinion and views  of PAP, which have been left open -ended. A copy of 
Questionnaire for Socio -economic Household Survey is presented in Annexure -2.3. Before filling the 
questionnaires, the affected families were asked to have a copy of the necessary documents they need to 
produce as proof of their existence in that particular structure and place. So documents like -ration card, 
electricity bills, voter’s card or any other documents were verified.  
 
2.7 COMPILATION AND VERIFICATION OF DATA 
Survey forms duly filled were conso lidated and entered into a database. This information were updated 
on a regular basis as and when data for incomplete forms were filled in. The data were later shared with 
the communities to cross-check if anyone has been left out due to some reasons or if extra counting has 
been done. 
 
 
"
33,PDF page 33," 
                                                                                                       General Consultant for Mumbai METRO LINE 3 
Updated Social            Impact Assessment Report (Volume - I)   Page 14
    
2.8 DATA ANALYSIS AND REPORT WRITING 
Once the data were collected and finalized with all the necessary changes, analysis of collected data was 
done for different sections. 
2.9 COMMUNITY AND PUBLIC CONSULTATION 
Preliminary public consultations and discussions were conducted with the help of MMRDA officials to 
officially introduce the survey teams to the public. Several rounds of community meetings with potential 
PAFs / PAPs as well as general public and group discussions at p articularly proposed metro rail station 
locations were organized. The objective of conducting public consultations was to obtain the views and 
suggestions of the potentially affected persons to 
minimize adverse social impacts. These consultations 
involved persons from various sections and walks life such 
as traders, women, squatters, kiosks and other 
inhabitants. Special care was taken during the study to 
hold discussions with women groups separately to elicit 
the adverse effects that they are anticipating due to the 
project and their suggestions for mitigating the 
foreseeable adverse effects. During public consultations, 
information flow, grievance redress system, safety, role of 
administration etc. were also discussed.  
The methods adopted for conducting p ublic consultation were (i) Walk -through informal group 
consultation at station locations, (ii) Public meetings, (iii) Focus Group Discussions (FGD) with different 
groups of affected people including residential groups, traders, and slum dwellers (squatter s), (iv) In -
depth individual interviews, through structured questioners (v) Discussions and interviews with key 
informants, (vi) Sharing the opinion and preferences of the PAPs. A format for public consultation is 
presented in Annexure-2.4. 
The ‘Census Bas eline Socio Economic Survey’ study was nothing, but the continuation of the previous 
study conducted by M/s RITES, by the Interim Consultant. Thus, the report was based on the new survey 
conducted by the interim consultant that considered the latest modifications made both in alignment and 
drawings of the line III as well the PAPS and PAFs.  
2.10 LIMITATIONS OF THE STUDY 
Before starting the survey process the survey teams went to the area and to remind the people to keep 
the required identification and oth er relevant documents ready. However, conducting Social survey of 
potentially affected communities was rarely a smooth and hindrance -free process. Following were the 
limitations of such studies due to various hindrances in the field: 
Despite frequent and repeated visits made by survey team, some households were never present or come 
in front of the survey team to reveal the required information.  
Incomplete documentation, locked houses, non-responders: the surveyors have to come back repeatedly 
to these houses in order to record accurate and complete forms.   
"
34,PDF page 34," 
                                                                                                       General Consultant for Mumbai METRO LINE 3 
Updated Social            Impact Assessment Report (Volume - I)   Page 15
    
In some locations like Acharya Atre Chowk, Girgaon and Kalbadevi, people did not respond to the survey 
team while conducting household survey. This is one of the main reasons for delay in survey work an d 
non-completion of data collection. 
The Base Line Socioeconomic Survey (BSES) for Acharya Atre Chowk was completed earlier. 
But after all the people of Girgaon and Kalbadevi have come forward to extend their cooperation in 
conducting the Base Line Socioeconomic Survey (BSES).  
People were protective and possessive of their homes. Therefore, they often stopped survey work and 
demanded that the concerned government officials should explain them personally; convincing such 
which persons to cooperate for the survey was a difficult task. 
Due to frequent objections, non -cooperation of local people at the ground level, the data collection of 
total affected areas has not yet been completed. The present draft SIA report has been prepared based 
on the data collected by M/s Snehal Engineering as of October 2015. However, the survey team has tried 
to enumerate all structures and families which were likely to be affected.  
In spite of all these problems every effort was made for making this study very realistic to the ex isting 
situation.  "
35,PDF page 35," 
                                                                                                       General Consultant for Mumbai METRO LINE 3 
Updated Social            Impact Assessment Report (Volume - I)   Page 16
    
CHAPTER-3 IMPACTS AND INVENTORY LOSS 
3.1 BACKGROUND 
The socio-economic survey was carried out during September 2013 to 5th October 2015 to assess the 
impact of proposed metro rail project. Some corrections in the name of PAPs and minimization of impact 
on structures have incorporated during updating of SIA in the month of October 2017 and December 2020. 
A structured and pre-tested questionnaire was used to collect detailed information about households who 
are going to be affected b y the proposed project and to document the project impact on their assets, 
incomes and livelihood. The objective of the socio economic survey was to generate an inventory of social 
and economic impacts on the people affected by the project; type of impact,  type of ownership, social 
profile of the affected people, poverty status, the presence of non -titleholders in the project area, also 
views of the affected PAPs about the project and on various options for rehabilitation and resettlement. 
The major findings and magnitude of impacts are discussed in the following sections. List of PAPs of each 
affected area is given in Field Data Report (Volume -II) and Copy of GK PAP details  for Girgaon and 
Kalbadevi. 
3.2 OVERALL PROJECT IMPACT 
Table 3.1 indicates overall pr oject impacts. 75.89 ha of land has been acquired for the purpose of 
temporary a nd permanent usages. Total 2856  structures of residential, commercial, residential cum 
commercial and others were identified in the area to be affected by the project. Based on  the property 
identification, the number of PAFs has been determined. Total number of PAFs identified is about 2736. 
Total 2736 affected families have been surveyed and the data thus collected forms the basis of the report. 
Out of total identified 2736 aff ected families, 733  PAFs are titleholders and 2 003 PAFs are non -
titleholders. About 2015 PAFs and 721 PAFs (68 2 commercial and 39 Residential cum commercial) have 
lost their residential and business respectively. About 187 vulnerable families have been affected. 
TABLE 3.1 OVERALL PROJECT IMPACTS 
Sr. No. IMPACT MAGNITUDE 
1 Acquisition of Land (in Ha) 75.89 
2 Impact on Structure (No.) 2856 
2.1 Impact on PAPs 8506 
2.2 Total PAFs (No.) 2736 
2.3 Surveyed PAFs 2736 
2.4 Surveyed PAPs 8506 
3 Titleholder (No.) 733 
4 Non-Titleholder (No.) (Including others) 2123 
5 Loss of Residence 2015 
6 Loss of Business 721 "
36,PDF page 36," 
                                                                                                       General Consultant for Mumbai METRO LINE 3 
Updated Social            Impact Assessment Report (Volume - I)   Page 17
    
7 Vulnerable PAFs 187 
8 Impact on Community Resources 120 
 
3.3 LAND REQUIREMENT AND ACQUISITION 
The proposed Metro project has required land for  different purposes. Land is mainly required for route 
alignments of rail tracks, station buildings, station platforms, station entry/exit structures, traffic 
integration, car shed, power sub -stations, ventilation shafts, administrative buildings, maintena nce and 
construction depots and work sites etc. Land required for the Construction of Cut & Cover station or New 
Austrian Tunneling Method (NATM) stations are earmarked. Construction depot land have been required 
temporarily, however land requirements for maintenance depot at Aarey Colony, stations and traction 
sub-stations are on permanent basis. Land resource is scarce commodity in Mumbai metropolitan areas. 
Acquisition of land shall make affected families landless and houseless in most of the cases. Ther efore, 
every effort has been made to keep land requirements to the barest minimum by realigning the 
alignments away from private property / human habitation. After planning, the land requirement is kept 
at minimum and particularly, acquisition of private land was avoided. 
The table below (Table 3.2) summaries all the permanent land required above ground (for locating 
entry/exits, ventilations shafts, ancillary building etc.) and below ground (for locating station box & 
connections to entry/exits, ventilation shafts, ancillary building etc.) and temporary land required for the 
construction of Mumbai Metro Line 3 Project. 
The project have required the acquisition/transfer of 75.89 ha of land including land required for the 
construction of depot.  
The government has allotted 29.79 ha land at Aarey Colony for construction of depot which is including 
in the total project land above.  
The details of land requirement and acquisition are presented in Table 3.2. 
TABLE 3.2 IMPACTS ON LAND RESOURCES 
Pkg. 
No. 
Name of the 
Station 
Government Land Private Land 
Red Yellow  Green Total Area 
in Sq. Mtr. Red Yellow  Green 
Total 
Area in 
Sq. Mtr. 
Pkg. 
1 Cuff Parade 854 0 27906 28760 0 0 138 138 
Pkg. 
1 
Vidhan 
Bhavan 705 418.5 24970.46 26093.96 0 0 132 132 
Pkg. 
1 Churchgate 807 0 4255 5062 0 102 525.38 627.38 "
37,PDF page 37," 
                                                                                                       General Consultant for Mumbai METRO LINE 3 
Updated Social            Impact Assessment Report (Volume - I)   Page 18
    
Pkg. 
No. 
Name of the 
Station 
Government Land Private Land 
Red Yellow  Green Total Area 
in Sq. Mtr. Red Yellow  Green 
Total 
Area in 
Sq. Mtr. 
Pkg. 
1 
Hutatma 
Chowk 276 9 2435 2720 0 0 125 125 
Pkg. 
2 CST Metro 718 0 40666.46 41384.46 0 0 0 0 
Pkg. 
2 Kalbadevi  0 0 0 0 4410.93 0 0 4410.93 
Pkg. 
2 Girgaon 0 0 950 950 5525.5 0 0 5525.5 
Pkg. 
2 
Grant Road 
Metro 354 0 1690 2044 11 2 82 95 
Pkg. 
3 
Mumbai 
Central Metro 864 473 5465 6802 0 0 0 0 
Pkg. 
3 
Mahalaxmi 
Metro 848.5 274 8907.87 10030.37 23 380.43 697.18 1100.61 
Pkg. 
3 
Science 
Museum 2867 0 10344 13211 0 0 0 0 
Pkg. 
3 
Acharya Atrey 
Chowk  498 0 1661.6 2159.6 112 130 1133.26 1375.26 
Pkg. 
3 Worli 1136 0 560 1696 272 531 3424.23 4227.23 
Pkg. 
3 
Cross Over 
(Science 
Museum) 
0 0 4000 4000 0 0 0 0 
Pkg. 
4 Siddhivinayak 880 0 22040 22920 0 0 0 0 
Pkg. 
4 Dadar Metro 60.09 0 29.1 89.19 38 0 187 225 
Pkg. 
4 Shitaladevi 0 0 0 0 534.19 0 198 732.19 "
38,PDF page 38," 
                                                                                                       General Consultant for Mumbai METRO LINE 3 
Updated Social            Impact Assessment Report (Volume - I)   Page 19
    
Pkg. 
No. 
Name of the 
Station 
Government Land Private Land 
Red Yellow  Green Total Area 
in Sq. Mtr. Red Yellow  Green 
Total 
Area in 
Sq. Mtr. 
Pkg. 
4 
Naya Nagar 
Mahim, Mid 
Launching 
Shaft 
0 0 3865 3865 0 0 0 0 
Pkg. 
4 
Naya Nagar 
Mahim, Mid 
Launching 
Shaft Near 
0 0 5300 5300 0 0 0 0 
Pkg. 
4 
Mahim Desai 
Maidan (Addl. 
Land) 
0 0 2862 2862 0 0 0 0 
Pkg. 
5 Dharavi 3308 0 0 3308 1497 0 300.13 1797.13 
Pkg. 
5 
Bandra (BKC) 
Metro 641.76 14.07 17785.11 18440.94 0 0 0 0 
Pkg. 
5 
Vidyanagari 
Metro 1174 1938.68 11080.54 14193.22 0 144 262.92 406.92 
Pkg. 
5 
Santacruz, 
Agripada, Mid 
Launching 
Shaft (MHADA 
Land) 
85.2 97.7 428 610.9 0 0 0 0 
Pkg. 
6 
CSIA 
(Domestic) 0 0 35743 35743 0 0 0 0 
Pkg. 
6 Sahar Road 0 0 38863 38863 0 0 0 0 
Pkg. 
6 
CSIA 
(International) 0 0 68898 68898 0 0 0 0 
Pkg. 
6 
Sahar road 
MCGM land 285 0 386 671 0 0 0 0 "
39,PDF page 39," 
                                                                                                       General Consultant for Mumbai METRO LINE 3 
Updated Social            Impact Assessment Report (Volume - I)   Page 20
    
Pkg. 
No. 
Name of the 
Station 
Government Land Private Land 
Red Yellow  Green Total Area 
in Sq. Mtr. Red Yellow  Green 
Total 
Area in 
Sq. Mtr. 
Pkg. 
7 
RMC plant 
(casting yard) 30000 0 0 30000 0 0 0 0 
Pkg. 
7 Marol Naka 198 341 13880.5 14419.5 1410.62 53.85 1518.16 2982.63 
Pkg. 
7 MIDC 1738.29 3606.93 5524 10869.22 0 0 212 212 
Pkg. 
7 SEEPZ 1080 0 9710 10790 0 0 926.83 926.83 
Pkg. 
7 Ramp 2100 0 0 2100 0 0 0 0 
Pkg. 
7 Pylon Shifting 7200 0 0 7200 0 0 0 0 
Pkg. 
7 Aarey Depot 297900 0 0 297900 0 0 0 0 
Total 356577.84 7172.88 370206.04 733956.76 13834.24 1343.28 9862.09 25039.61 
 
 3.4 INVENTORY OF STRUCTURE LOSS 
Table 3.3 indicates impact of the proposed project on the different types of structures i.e. residential, 
commercial, residential cum commercial and other types and Table 3.3 indicates types of impact fully on 
the property. The proposed project would impact upon total 2856 structures. Out of the total structures, 
2015 are reside ntial, 68 2 are commercial and 39 are residential cum commercial and others 120. 70 
industrial structures have been identified as affected structures at Marol Naka and they are relocated. 
 
 
 
 
 
 
TABLE 3.3    IMPACTS ON STRUCTURES "
40,PDF page 40," 
                                                                                                       General Consultant for Mumbai METRO LINE 3 
Updated Social            Impact Assessment Report (Volume - I)   Page 21
    
Name of the Location Total Affected 
Structures 
Residential 
(R) 
Commercial 
(C)* 
Residential 
cum 
Commercial 
(R+C) 
Others 
Structures 
other than 
R, C & R+C 
Cuffe Parade 4 0 3 0 1 
Vidhan Bhavan 58 11 4 0 43 
Churchgate 27 0 26 0 1 
Hutatma Chowk 7 0 6 0 1 
CST 6 0 2 0 4 
Kalbadevi 247 103 142 2 0 
Girgaon 486 354 132 0 0 
Grant Road 27 0 27 0 0 
Mumbai Central 27 0 19 0 8 
Mahalakshmi 28 4 9 2 13 
Science Museum 20 1 18 1 0 
Aacharya Atre Chowk 67 26 32 0 9 
Worli 5 0 4 0 1 
Siddhivinayak 6 0 3 0 3 
Dadar 5 0 3 0 2 
Shitaladevi 8 0 8 0 0 
Naya Nagar, Mahim 363 330 20 12 1 
Dharavi 27 11 16 0 0 
BKC 158 125 24 7 2 
Bandra Nr. Jagat Vidya 
Chawl 10 8 0 1 1 
Vidyanagri 11 1 10 0 0 
Santacruz 1 0 0 0 1 
Agripada 39 18 15 3 3 
Sahar Road 179 170 3 3 3 "
41,PDF page 41," 
                                                                                                       General Consultant for Mumbai METRO LINE 3 
Updated Social            Impact Assessment Report (Volume - I)   Page 22
    
Marol Naka* 132 19 105 0 8 
MIDC 514 477 27 3 7 
SEEPZ 6 0 3 0 3 
Sariput Nagar/ Aarey 
Colony 262 235 21 3 3 
Additional for revised 
drg. Sariput Nagar 29 29 0 0 0 
Supplementary Sariput 
Nagar / Aarey Colony 93 89 0 2 2 
Supplementary MIDC 4 4 0 0 0 
Total 2856 2015 682 39 120 
* Industrial Structures are included in Commercial 
Table 3.4 indicates the magnitude of project impact on the structures, which is categorized as partially 
affected structures or fully  affected structures. Total 2856  structures are fully affected and there is no 
partial affected structure. 
TABLE 3.4 TYPE OF AFFECT 
Name of the Location Partially Fully Total 
Colaba / Cuff Parade 0 4 4 
Vidhan Bhavan 0 58 58 
Churchgate 0 27 27 
Hutatma Chowk 0 7 7 
CST Metro 0 6 6 
Kalbadevi  0 247 247 
Girgaon 0 486 486 
Grant Road Metro 0 27 27 
Mumbai Central Metro 0 27 27 
Mahalaxmi Metro 0 28 28 
Science Museum 0 20 20 
Acharya Atrey Chowk  0 67 67 "
42,PDF page 42," 
                                                                                                       General Consultant for Mumbai METRO LINE 3 
Updated Social            Impact Assessment Report (Volume - I)   Page 23
    
Name of the Location Partially Fully Total 
Worli 0 5 5 
Siddhivinayak 0 6 6 
Dadar Metro 0 5 5 
Shitaladevi Temple 0 8 8 
Naya Nagar Mahim 0 363 363 
Dharavi 0 27 27 
Bandra (BKC) Metro 0 158 158 
Bandra Nr. Jagat Vidya Chawl 0 10 10 
Vidyanagari Metro 0 11 11 
Santacruz Metro 0 1 1 
Agripada  0 39 39 
CSIA (Domestic) 0 0 0 
Sahar Road 0 179 179 
CSIA (International) 0 0 0 
Marol Naka 0 132 132 
MIDC 0 514 514 
SEEPZ 0 6 6 
Sariput Nagar/Aarey Colony 0 262 262 
Additional for revised drg. Sariput 
Nagar  0 29 29 
Supplementary Sariput Nagar / Aarey 
Colony 0 93 93 
Supplementary MIDC 0 4 4 
Total 0 2856 2856 
 
 
 
 "
43,PDF page 43," 
                                                                                                       General Consultant for Mumbai METRO LINE 3 
Updated Social            Impact Assessment Report (Volume - I)   Page 24
    
3.5 IMPACT ON FAMILIES AND PEOPLE 
Table 3.5 shows that about 2736 families are affected due to the proposed metro rail project. Out of the 
total 2736 families, 26.79% are in the category of Title Holders (TH) and 73.21% are the Non-Title Holders 
(NTH) category. The NTH category includes squatters and kiosks. The squatte rs and kiosks are on public 
land without any legal permission. Those have been duly relocated at the suitable place. 
TABLE 3.5: IMPACT ON AFFECTED FAMILIES 
Name of the Location 
Category of PAFs 
Title holder Non-title holder Total PAFs 
Cuffe Parade 0 3 3 
Vidhan Bhavan 0 15 15 
Churchgate 0 26 26 
Hutatma Chowk 0 6 6 
CST 0 2 2 
Kalbadevi 247 0 247 
Girgaon 486 0 486 
Grant Road 0 27 27 
Mumbai Central 0 19 19 
Mahalakshmi 0 15 15 
Science Museum 0 20 20 
Aacharya Atre Chowk 0 58 58 
Worli 0 4 4 
Siddhivinayak 0 3 3 
Dadar 0 3 3 
Shitladevi 0 8 8 
Naya Nagar, Mahim 0 362 362 
Dharavi 0 27 27 
BKC 0 156 156 
Bandra Nr. Jagat Vidya Chawl 0 9 9 
Vidyanagri 0 11 11 "
44,PDF page 44," 
                                                                                                       General Consultant for Mumbai METRO LINE 3 
Updated Social            Impact Assessment Report (Volume - I)   Page 25
    
Name of the Location 
Category of PAFs 
Title holder Non-title holder Total PAFs 
Santacruz 0 0 0 
  Agripada 0 36 36 
Sahar Road 0 176 176 
Marol Naka 0 124 124 
MIDC 0 507 507 
SEEPZ 0 3 3 
Sariput Nagar / Aarey Colony 0 259 259 
Additional for revised drg. Sariput Nagar  0 29 29 
Supplementary Sariput Nagar / Aarey Colony 0 91 91 
Supplementary MIDC 0 4 4 
Total 733 2003 2736 
 
3.6 LOSS OF RESIDENCE 
Table 3.6 indicates that out of the total 2736 PAFs, out of 2015 some PAFs had already been resettled and 
remaining will be resettled as their residential units are getting affected due to the proposed project.  
TABLE 3.6 LOSS OF RESIDENCE 
NAME OF THE LOCATION RESIDENTIAL PAFS 
PAFs Male Female Persons (Total) 
Colaba / Cuff Parade 0 0 0 0 
Vidhan Bhavan 11 21 25 46 
Churchgate 0 0 0 0 
Hutatma Chowk 0 0 0 0 
CST Metro 0 0 0 0 
Kalbadevi  103 172 155 327 
Girgaon 354 658 653 1311 
Grant Road Metro 0 0 0 0 
Mumbai Central Metro 0 0 0 0 
Mahalaxmi Metro 4 13 5 18 
Science Museum 1 1 3 4 "
45,PDF page 45," 
                                                                                                       General Consultant for Mumbai METRO LINE 3 
Updated Social            Impact Assessment Report (Volume - I)   Page 26
    
NAME OF THE LOCATION RESIDENTIAL PAFS 
PAFs Male Female Persons (Total) 
Acharya Atrey Chowk  26 18 25 43 
Worli 0 0 0 0 
Siddhivinayak 0 0 0 0 
Dadar Metro 0 0 0 0 
Shitaladevi Temple 0 0 0 0 
Naya Nagar Mahim 330 608 504 1112 
Dharavi 11 29 40 69 
Bandra (BKC) Metro 125 219 197 416 
Bandra Nr. Jagat Vidya Chawl 8 15 15 30 
Vidyanagari Metro 1 1 2 3 
Santacruz Metro 0 0 0 0 
Agripada  18 55 40 95 
CSIA (Domestic) 0 0 0 0 
Sahar Road 170 399 357 756 
CSIA (International) 0 0 0 0 
Marol Naka 19 3 12 15 
MIDC 477 917 730 1647 
SEEPZ 0 0 0 0 
Sariput Nagar/Aarey Colony 235 299 292 591 
Additional for revised drg. Sariput Nagar  29 18 17 35 
Supplementary Sariput Nagar / Aarey 
Colony 
89 126 128 254 
Supplementary MIDC 4 2 7 9 
Total 2015 3574  3207 6781 
 
3.7 LOSS OF BUSINESS 
Table 3.7 indicates the loss of business base. Out of the total 2736 PAFs, 721 PAFs have been resettled for 
their business base. 1725 people depending on earning from business get affected. Kalbadevi and Girgaon 
area is most affected where 10.01% of the total PAFs affected due to the loss in business base. 
 
 
TABLE 3.7 LOSS OF BUSINESS "
46,PDF page 46," 
                                                                                                       General Consultant for Mumbai METRO LINE 3 
Updated Social            Impact Assessment Report (Volume - I)   Page 27
    
NAME OF THE LOCATION COMMERCIAL and Residential cum Commercial PAFs 
PAFs Male Female Persons (Total) 
Colaba / Cuff Parade 3 3 0 3 
Vidhan Bhavan 4 5 9 14 
Churchgate 26 25 3 28 
Hutatma Chowk 6 7 1 8 
CST Metro 2 2 0 2 
Kalbadevi  144 262 286 548 
Girgaon 132 289 236 525 
Grant Road Metro 27 35 4 39 
Mumbai Central Metro 19 14 0 14 
Mahalaxmi Metro 11 14 2 16 
Science Museum 19 19 1 20 
Acharya Atrey Chowk  32 26 5 31 
Worli 4 4 0 4 
Siddhivinayak 3 0 0 0 
Dadar Metro 3 2 1 3 
Shitaladevi Temple 8 9 0 9 
Naya Nagar Mahim             32 33 14 47 
Dharavi 16 15 10 25 
Bandra (BKC) Metro 31 29 4 33 
Bandra Nr. Jagat Vidya Chawl 1 0 0 0 
Vidyanagari Metro 10 4 2 6 
Santacruz Metro 0 0 0 0 
Agripada  18 17 3 20 
CSIA (Domestic) 0 0 0 0 
Sahar Road 6 8 3 11 
CSIA (International) 0 0 0 0 
Marol Naka 105 231 15 246 
MIDC 30 35 3 38 
SEEPZ 3 3 0 3 
Sariput Nagar/Aarey Colony 24 19 11 30 
Additional for revised drg. Sariput 
Nagar 
0 0 0 0 
 
 
Supplementary Sariput Nagar / 
Aarey Colony 
2 1 1 2 "
47,PDF page 47," 
                                                                                                       General Consultant for Mumbai METRO LINE 3 
Updated Social            Impact Assessment Report (Volume - I)   Page 28
    
Supplementary MIDC 0 0 0 0 
Total 721 1111 614 1725 
 
3.8 IMPACT ON VULNERABLE POPULATION 
As per the JICA guidelines vulnerable group is defined as indigenous people, ethnic minorities, the poorest, 
women, the aged, the disabled and other socially/economically vulnerable groups who would be 
adversely affected from a project. But as per the R&R Policy for MUTP, 2000, vulnerable households such 
as women headed households, handicapped and the aged. It does not cover the poorest (BPL family), SCs 
and STs who are considered socially and economically backward as per the Indian Constitution. 
The proposed metro project shall affect total 187 vulnerable families consisting 545 vulnerabl e people. 
Out of 187 vulnerable PAFs comprised 6.83% and vulnerable PAPs is 6.25%. Highest vulnerable people are 
living in Aarey Colony (Sariput Nagar) area. Details of vulnerable population identified are as follows: 
 
 
 
 
 
 
 
 
 
 
 
  
 
 
 
 
 
 "
48,PDF page 48," 
                                                                                                       General Consultant for Mumbai METRO LINE 3 
Updated Social            Impact Assessment Report (Volume - I)   Page 29
    
TABLE 3.8 VULNERABLE POPULATION 
NAME OF THE LOCATION VULNERABLE PAFs  & PAPs 
PAFs PAPs 
Colaba / Cuff Parade 0 0 
Vidhan Bhavan 0 0 
Churchgate 0 0 
Hutatma Chowk 0 0 
CST Metro 0 0 
Kalbadevi  0 0 
Girgaon 0 0 
Grant Road Metro 0 0 
Mumbai Central Metro 0 0 
Mahalaxmi Metro 1 3 
Science Museum 0 0 
Acharya Atrey Chowk  0 0 
Worli 0 0 
Siddhivinayak 0 0 
Dadar Metro 0 0 
Shitaladevi Temple 0 0 
Naya Nagar Mahim 41 113 
Dharavi 2 5 
Bandra (BKC) Metro 20 53 
Bandra Nr. Jagat Vidya Chawl 0 0 
Vidyanagari Metro 1 3 
Santacruz Metro 0 0 
Agripada  0 0 
CSIA (Domestic) 0 0 
Sahar Road 10 41 
CSIA (International) 0 0 
Marol Naka 0 0 
MIDC 34 60 
Supplementary MIDC 0 0 
SEEPZ 0 0 
Sariput Nagar/Aarey Colony 78 267 
Additional for revised drg. Sariput Nagar  0 0 
Supplementary Sariput Nagar / Aarey Colony 0 0 
Supplementary MIDC 0 0 
Total 187 545 
The report is prepared with following considerations:  
Vulnerable families are: families such as scheduled castes/ Tribes, BPL families and women headed 
households (widows/ destitute women/ unmarried or spinsters). 
Vulnerable people are: All the above categories of people and old aged (65 and above) and the physically 
Challenged individuals in various families constitute vulnerable people. 
3.9     IMPACT ON COMMUNITY RESOURCES  "
49,PDF page 49," 
                                                                                                       General Consultant for Mumbai METRO LINE 3 
Updated Social            Impact Assessment Report (Volume - I)   Page 30
    
Table 3.9 indicates the impact of the proposed metro project on community resources. The project has 
impacted total 120 community resources. Out of the total 120 structures, 17 religious structures, 13 public 
toilets and 90 other type of structures have been affected due to the project activities.  
TABLE 3.9 IMPACTS ON COMMUNITY RESOURCES 
AREA 
LOSS OF COMMON RESOURCES 
TOTAL RELIGIOUS 
STRUCTURE 
PUBLIC 
TOILET 
OTHERS 
Colaba/ Cuff Parade 0 1 0 1 
Vidhan Bhavan 1 0 42 43 
Churchgate 0 0 1 1 
Hutatma Chowk 0 0 1 1 
CST Metro 0 0 4 4 
Kalbadevi  0 0 0 0 
Girgaon 0 0 0 0 
Grant Road Metro 0 0 0 0 
Mumbai Central Metro 0 1 7 8 
Mahalaxmi Metro 2 4 7 13 
Science Museum 0 0 0 0 
Acharya Atrey Chowk 2 4 3 9 
Worli 0 0 1 1 
Siddhivinayak 1 0 2 3 
Dadar Metro 0 0 2 2 
Shitaladevi Temple 0 0 0 0 
Naya Nagar Mahim 1 0 0 1 
Dharavi 0 0 0 0 
Bandra (BKC) Metro 1 0 1 2 
BKC (Near Jagat Vidya CHS Chawl) 1 0 0 1 
Vidyanagari Metro 0 0 0 0 
Santacruz Metro 0 0 1 1 
Agripada  2 0 1 3 
CSIA (Domestic) 0 0 0 0 
Sahar Road 2 0 1 3 
CSIA (International) 0 0 0 0 
Marol Naka 0 1 7 8 
MIDC 1 0 6 7 
Supplementary MIDC 0 0 0 0 
SEEPZ 0 1 2 3 
Sariput Nagar/Aarey Colony 2 0 1 3 
Supplementary Sariput Nagar/Aarey 
Colony 
1 1 0 2 
Supplementary MIDC 0 0 0 0 
Total 17 13 90 120 "
50,PDF page 50," 
                                                                                                       General Consultant for Mumbai METRO LINE 3 
Updated Social            Impact Assessment Report (Volume - I)   Page 31
    
CHAPTER-4 BASELINE SOCIO-ECONOMIC STUDY 
4.1 THE PROJECT AREA-AN OVERVIEW 
Mumbai is the largest metropolitan city of India known as commercial capital. Census 2011 recorded 
Mumbai population as 12,442,373 which was 11,914,398 in Census, 2001. The decade growth rate of 
population during 2001-11 was 4.42%. Table 4.1 describes the demographic profile of Mumbai. The area 
of Mumbai is 437.71sq. Km and accommodates 12,442,373 people including 6,715,931 male and 
5,726,442 female. As per the Census record of 2011, Scheduled Caste population comprises 6.46% of the 
total population and Scheduled Tribe population comprises 1.04% share of the total population in 
Mumbai. The sex ratio is about 852 female per 1,000 male. The population growth rate over last ten years 
in Mumbai is about 4.42% (2001-11), birth rate 12.29%, death rate about 6.06% and Infant mortality rate 
is about 37%. According to Census 2001, the population density of Mumbai is worked out at 26,722 
persons per sq. km. Population density at All-India level has been worked out at 324 persons per sq. km. 
in 2001. Table 4.1 indicates that there are 9.23 million literate people and the literacy rate is about 81.05%. 
Out of the total literate population, 83.89% are male and 77.72% are female. Total working population is 
4.53 million. Out of the total workers, main workers are 41.91%, marginal workers 3.30%. 
TABLE - 4.1 SOCIO-ECONOMIC CHARACTERISTICS OF MUMBAI (in million) 
Sr. No. DESCRIPTION  UNIT Mumbai 
1.0 Area sq. km 437.71 
2.0 Population (million) No. 12.44 
2.1 Male (million) No. 6.71 
2.2 Female (million) No. 5.72 
2.3 Scheduled Castes % 6.46 
2.4 Scheduled Tribes % 1.04 
3.0 Sex ratio (female per 1000 of male) No. 852.00 
4.0 Density (person per Sq.km) No. 26722.00 
5.0 Slum Population No 9.00 
6.0 Literate (million) No. 10.08 
6.1 Literacy Rate % 81.05 
6.1.1 Male % 83.89 
6.1.2 Female % 77.72 
7.1 Main Workers % 41.91 
7.2 Marginal Workers % 3.30 
    Source: Census of India-2011 "
51,PDF page 51," 
                                                                                                       General Consultant for Mumbai METRO LINE 3 
Updated Social            Impact Assessment Report (Volume - I)   Page 32
    
The density of population in Mumbai is comparatively high in the country. The increasing population, high 
population density and limited land area have collectively increased the traffic volume of the city. The 
increasing traffic volumes on road need alternative public transport system for effective commutation. 
Metro R ail network was perceived to be fast, convenient and environmental friendly. In the process, 
Maharashtra government has completed the construction of line I metro rail and is now operational. The 
proposed metro corridor shall have the length of 33.5 km, wh ich is considered necessary to provide the 
required level of transport in the city in view of population and area spread. 
The metro transport system is considered suitable being fast and clean transport system, however it also 
displaces people from their h ome and business base in a place like Mumbai where roof for shelter and 
base for business are most desired. The adverse impacts of metro rail project are minimal in comparison 
to the other surface transport systems. MMRC requires the census social survey t o identify the PAFs, 
inventory of the property, assess the socio-economic condition of the project affected people to address 
their issues related to resettlement and rehabilitation as well as the public opinion on the proposed 
project. This chapter begins with the details of the project area in general and baseline information about 
the project affected people in particular. The information gathered in this chapter enable us to understand 
the impact of the project on the socioeconomics of the PAFs and on the area. 
4.2 PROFILE OF PROJECT AFFECTED FAMILIES 
A detailed socio-economic survey was conducted in conjunction with the census of the project affected 
persons (PAPs) to profile the impacted project area and provide a pedestal against which mitigation 
measures and support will be measured. For this purpose comprehensive information related to 
demographic, social, economic, structure, employment, community resources and other information such 
as awareness about the project were collected. This information wa s collected through a structured 
“Household Questionnaire”. 
4.2.1 Demographic and Social Conditions 
The proposed project has affected approximately 2003 PAFs. Out of the total PAFs, 2003 PAFs consisting 
of 5795 PAPs have been covered under the census survey. The baseline socio -economic survey data and 
analysis is based on the surveyed PAFs except Kalbadevi & Girgaon area. 
4.2.1.1  Gender and Sex Ratio 
The data on gender divide and sex ratio is very helpful indicator to know the participatory share of males 
and females in the society, which is also an important indicator for human development index. Among 
the surveyed population it is observed that there are 57.01% are male and remaining 42.99% are female. 
The sex ratio is 753.93 females per 1000 males. 
4.2.1.2 Religious and Social Groups 
Data on religious groups have been collected in order to identify people with the specific religious belief 
among the PAFs. The religious beliefs and social affiliation of the people are indicators that help 
understand cultural behavior of the groups. The social and cultural behavior will help understand the 
desires and preferences of PAPs, which is a prerequisite to reha bilitate the affected people and their 
families. Table 4.2 shows that the Hindus (Hinduism) is the largest affected religious group among the 
project affected families, which is followed by Muslims and then by other religions such as Christians. The "
52,PDF page 52," 
                                                                                                       General Consultant for Mumbai METRO LINE 3 
Updated Social            Impact Assessment Report (Volume - I)   Page 33
    
study result shows that majority (52.56 %) belongs to Hindu religion followed by Muslims (21.12%), 
Buddhist (20.59%), Jains (2.97%), and then by Christians (2.76%). 
Table 4.2 discloses information about social affiliation of a group. The social affiliation of the  group 
differentiates them for benefits under government schemes. Social groups indicate ranking within the 
society, preferences and vulnerability. In general, the families belonging to Scheduled Castes (SC) and 
Scheduled Tribes (ST) under the provisions o f the Constitution of India get preferential treatment in the 
government benefits because the group includes the people who are traditionally vulnerable. Except 
general category, all other groups need attention and to be addressed for their backward socio-economic 
conditions. The surveyed households belo ng to the Scheduled Castes 11.66 %, Other Backward Classes 
(OBC) 12.70%, Nomadic Tribes (NT) 1.11%, Scheduled Tribes 5.50% and 68.80 % is identified in general 
caste category. 
4.2.1.3  Mother Tongue and Place of Nativity 
A majority of families (46.12%) speak Marathi as a mother tongue, followed by 34.00% who speak Hindi, 
7.98% speak Tulu, 4.63% speak Telegu, 4.42% speak Gujrathi and 1.63% Urdu.  
Majority of surveyed families are from Maharashtra. 
4.2.1.4  Age Group 
The persons of surveyed families have been categorized in to five age groups. The distribution of person’s 
age in various group shows that 34.25% belong to 19-34 years age group and 1725% belong to 35-44 years 
age; which is potentially pr oductive group followed by 26.39% of the total persons belong to the below 
18 years age group who are d ependent population. About 17.10% belong to 45-59 years age group and 
5.01% belong above 60 years age group. (Table 4.1).  
4.2.1.5 Family Pattern and Family Size 
Family Pattern and Family Size indicate the fabrics of sentimental attachment among the family members, 
social value, economic structures and financial burdens. The family particulars of the surveyed PAPs/ PAFs 
are given in Table 4.2. Out of total Project Affe cted Families, family size is determined by the economic 
burden and opportunities. Family size has been classified into three categories i.e. small (< 2), medium (3-
5) and large (> 5). Single member families have also been included in the small family size. Table 4.2 shows 
most of the families have their member less than five. Majority of the families 52.69%) are medium sized 
family, 30.24 % are small and individual type with ≥ 2 member. Only 17.07 % of the families are with 
members more than five. The data shows the preponderance of medium sized families over other sized 
families in the project area. 
Marital Status: The marital status of project affected people is indicated under three categories – married, 
unmarried, other including divorced/widowed. It is observed that out of total surveyed PAPs, majority of 
them 53.32% are married, 43.86% are unmarried and only 2.82 % are in other types which includes 
widowed/divorced/separated. 
 
 
 "
53,PDF page 53," 
                                                                                                       General Consultant for Mumbai METRO LINE 3 
Updated Social            Impact Assessment Report (Volume - I)   Page 34
    
TABLE 4.2 SOCIO-DEMOGRAPHIC PROFILE 
SR. NO DESCRIPTION VALUE 
1 Sex Ratio (females per 1000 males) 753.93 
 Male 3304 (57.01%) 
 Female 2491 (42.99%) 
2 Religious Group  
 HINDU 52.56% 
 MUSLIM 21.12% 
 BUDDHIST 20.59% 
 CHRISTIAN 2.76% 
 JAIN 2.97% 
3 Social Group  
 General 68.80% 
 SC 11.66% 
 OBC 12.70% 
 ST 5.50% 
 NT 1.11% 
 VJ 0.02% 
 
% 
% 
 ADIVASI 0.00% 
4 Language  
 MARATHI / KONKANI 46.12% 
 HINDI / BHOJPURI 34.00% 
 URDU 1.63% 
 TAMIL / TELUGU / MALAYALAM 4.63% 
 TULU / KANNADA 7.98% 
 GUJARATI / MARWADI / RAJASTHANI 4.42% 
 ENGLISH / GOAN 0.64% 
 BANGALI 0.00% 
 TRIPURI / NEPALI / UDIYA /  0.42% 
 PUNJABI / SINDHI 0.14% 
 WARLI 0.00% 
5 Age Group  
 < 18 Years 26.39% 
 19-34 34.25% 
 35-44 17.25% 
 45-59 17.10% 
 >60 5.01% 
6 Marital Status  
 Married 53.32% 
 Unmarried 43.86% 
 Others 2.82% 
7 Family Size  
 Small (Less than 2) 30.24% 
 Medium (3-5) 52.69% 
 Large (> 5) 17.07% 
8 Type of Family  
 Nuclear 60.80% 
 
 "
54,PDF page 54," 
                                                                                                       General Consultant for Mumbai METRO LINE 3 
Updated Social            Impact Assessment Report (Volume - I)   Page 35
    
SR. NO DESCRIPTION VALUE 
 Joint 23.81% 
 Single 15.36% 
*Percentages are calculated for each asset against total surveyed PAFs except Girgoan &  Kalbadevi 
areas because BSES of those areas did not include the necessary information by M/s. Catapult Reality 
Consultants. 
4.2.1.6 Educational Attainment 
Education is a double-edged blade. It is a tool for vertical mobility in the society. It provides an opportunity 
to participate in the process of growth and development. However it also creates differences among 
people and introduces a new kind of inequality between those who have it and those who do not. In all 
the cases, education is a basic need and the best indicator of socio-economic development of the region. 
Out of the tot al surveyed population, about 16.42 % are edu cated up to primary class, 39.40 % are 
educated up to secondary level, and 11.56 % have studied up  to Higher Secondary level. 8.96 % of th e 
affected people have done their graduation. 3.10 % of the total surveyed PAPs have gained technical 
education. 
TABLE 4.3: Educational Attainment 
Sr. No. DESCRIPTION VALUE 
1 Literacy Level  
 Literate 79.45% 
 Illiterate 20.55% 
2 Education Level  
 Primary 16.42% 
 High School 39.40% 
3 
% 
 Higher Secondary 11.56%% 
 Graduate 8.96% 
 Technical 3.10% 
*Percentages are calculated for each asset against total surveyed PAFs except Girgoan  & Kalbadevi 
areas because BSES of those areas  did not include the necessary information by M/s. Catapult Reality 
Consultants. 
4.2.2 Economic Conditions of PAFs 
The economic condition of PAFs describes occupational pattern, family income, and number of earning 
and dependent members. The occupational pattern includes work in which the head of the project 
affected families are involved. The family income includes income of all the earning members. The earning 
members include the people who work and earn to contribute to the family; however dependents include 
housewife, child ren, elderly people and others who  cannot work and earn. About 29.32 % of families 
reported less than ₹ 25 00/- monthly income. About 11.94 % of families’ monthly income is betwe en ₹ 
2501 to 5000/ -. About 31.94 % of families’ monthly income is between ₹ 5001 t o 10000/ -, 27.11 % of 
families’ income is more than ₹ 10001/-. The average income of a family is Rs. 9876/-  per month.  (Table 
4.4). "
55,PDF page 55," 
                                                                                                       General Consultant for Mumbai METRO LINE 3 
Updated Social            Impact Assessment Report (Volume - I)   Page 36
    
An attempt was made to collect the information about loan taken by the family for various purposes. Our 
keen interest was to see the housing loan or the loan taken for either purchase of new house or renovation 
of the house. If the family has equal income and expenditure or less income and more expenditure, to 
manage the daily expenses, the family has to avail the loan and it is another aspect to measure the 
economic status of the family. It is important to mention here that most of the respondents did not want 
to give the information on the issue of indebtedness. Only eight surveyed families have availed loan for 
one or the other purpose. 
TABLE 4.4: ECONOMIC CONDITIONS OF PAF 
Sr. No. DESCRIPTION VALUE 
1 Avg. Monthly Income  9876 
2 Monthly Household Income (in ₹)  
 UPTO Rs. 2,500/- 29.32% 
 Rs. 2,501/- to Rs. 5,000/- 11.63% 
 Rs. 5,001/- to Rs. 10,000/- 31.94% 
 Above Rs. 10,001/- 27.11% 
*Percentages are calculated for each asset against total surveyed PAFs except Girgoan  & Kalbadevi 
areas because BSES of those areas  did not include the necessary information by M/s. Catapult Reality 
Consultants. 
4.2.2.1 Employment Status 
The occupation and profession of the head of family has been considered during the social survey 
(residential and residential plus commercial). The study recorded and assessed the capability, base for 
livelihood and skills of the family head, so that resettlement impacts can be assessed. Based on the impact 
assessment rehabilitation plans shall be prepared accordingly. The survey results in Table 4.5 shows that 
majority 71.39 % of the head of project affected families a re engaged in private jobs, 1.20% are se lf-
employed, 8.43% are casual labor and 7.02 % are employed in service of public sectors and government 
jobs. 
TABLE 4.5: EMPLOYMENT STATUS OF PAF 
Sr. No. DESCRIPTION VALUE 
1 Nature of Employment  
 Government Service 7.02% 
 Private Service  71.39% 
 Self Employed  1.20% 
 Casual Worker  8.43% 
 Pensioner 1.15% 
*Percentages are calculated for each asset against total surveyed PAFs except Girgoan  & Kalbadevi 
areas because BSES of those areas did not include the necessary information  by M/s. Catapult Reality 
Consultants. "
56,PDF page 56," 
                                                                                                       General Consultant for Mumbai METRO LINE 3 
Updated Social            Impact Assessment Report (Volume - I)   Page 37
    
4.3 HOUSEHOLD ASSETS 
The household assets indicate the prosperity and paucity of the household. Table 4.7 reveals the 
household assets of the project affected families. The fan, music system, television, two wheeler, radio, 
bicycle, refrigerator, cooking gas, motor bike and car are the common property assets found in the project 
impact area. The material base of consumable goods among the PAFs has significant presence. It is 
observed that most of the PAFs have owned these items in their households. The PAFs consider that their 
consumable material base, that they have in their households, as need of day and necessary to survive in 
cities like Mumbai. 
Table 4.6 indicates that 94.69 % PAFs own s cooking gas connections, 98.97% PAFs own fan, 5 5.62% 
music/radio system , 84.42% televisions, 4.92% two -wheelers, 54.15% refrigerator, 19.21 % washing 
machines, 6.72% computers. 
TABLE 4.6 HOUSEHOLD ASSETS 
Sr. No. DESCRIPTION VALUE 
1 Gas 94.69% 
2 Fan 98.97% 
3 Music System 55.62% 
4 Television Set 84.42% 
5 Two-Wheeler 4.92% 
6 Refrigerator 52.15% 
7 Washing Machine 19.21% 
8 Computer 6.72% 
*Percentages are calculated for each asset against total surveyed PAFs except Girgoan  & Kalbadevi 
areas because BSES of those areas did not include the necessary information by M/s. Catapult Reality 
Consultants. 
4.4  COMMERCIAL/SELF EMPLOYMENT ACTIVITIES 
Table 4.7 indicates commercial and self-employment activities among the commercial PAFs. 0.23% of the 
total interviewed PAFs are running their own small hotels and dhabas, 1.86% own tea and snacks hotels, 
2.09% PAFs own workshop. The shop owners get license from MCGM. Out of the total interviewed PAFs, 
97.24% are holding license and 2.76 % of the PAFs have no formal license to operate the shops. The 
employment pattern indicates the number of people involved in the business activities. 49.23%of the total 
PAFs operate their business and shops without any add itional help from employee.80.52 %PAFs h ave 
employed 1-5 employees, 7.01%PAFs have employed 5 & above people in their work. The proposed metro 
project shall have cumulative impacts on both the PAFs as well as their employed people. 
TABLE 4.7: COMMERCIAL/SELF EMPLOYMENT ACTIVITIES 
Sr. No. DESCRIPTION VALUE 
1 Year of Establishment  
 Less than 5 years 0.91% 
 5 – 10 years 2.45% "
57,PDF page 57," 
                                                                                                       General Consultant for Mumbai METRO LINE 3 
Updated Social            Impact Assessment Report (Volume - I)   Page 38
    
Sr. No. DESCRIPTION VALUE 
 10 – 20 years 21.69% 
 20 -50 years 49.97% 
 50 years and above 24.98% 
2 Type of Shop  
 Hotel 0.23% 
 Tea & Snacks 1.86% 
 Repair & Workshop 2.09% 
 Other Shops 95.59% 
 Other Enterprise 0.23% 
3 No. of Shops got License from BMC  
 Yes 97.24% 
 No 2.76% 
4 Employment Pattern  
 Owner/Operator 49.23% 
 Employed 1-5 persons 80.52% 
 Employed 5 & above 7.01% 
*Percentages are calculated for each asset against total surveyed PAFs except Girgoan  & Kalbadevi 
areas because BSES of those areas did not include the necessary information by M/s. Catapult Reality 
Consultants. 
4.5 DOCUMENTS AVAILABLE 
The survey team has verified the documents available with the PAFs. The documents available with PAPs 
were ration card, name in census record, voter id, AAD HAR card, electric connection. Out of the total 
PAFs, 95.24% have ration cards and 4.76% are without ration cards. 98.8 1% of the PAFs have electric 
connections and meter, however1.19% are without the meter (Table 4.8). 
TABLE 4.8 DOCUMENTS AVAILABLE 
Sr. No. DESCRIPTION VALUE 
1 Ration Card  
 Yes 95.24% 
 No 4.76% 
2 No. of PAFs have Electric Meter  
 Yes 98.81% 
 No 1.19% 
 
4.6 INFORMATION ON STRUCTURE 
The proposed project has affected government, private and community property resource structures. 
These structures are mainly of three uses - residential, commercial, and residential cum commercial and 
others. The study identified three types of structures, based on construction material of the wall and 
floor/roof, which are: kaccha  (temporary) structures, which largely consist of mud/straw walls with tile 
roof; semi-pucca made of wooden walls with tin/roof, and pucca(permanent)- these are made of brick or 
concrete walls with concrete and/corrugated tin roof. The details of structures and impacts of the 
proposed project have been described in Chapter 3. "
58,PDF page 58," 
                                                                                                       General Consultant for Mumbai METRO LINE 3 
Updated Social            Impact Assessment Report (Volume - I)   Page 39
    
Table 4.9 indicates that of  total affected structures 73.39% are residential, 19.22% are commercial, 
1.74%are residential cum commercial and 5.65%is of other types. The structures are class ified in to two 
categories. 7.61%of the structures are kaccha, 92.39% pucca.  
Further the age of the structures are also collected for v aluation of the structures. 5.59% of the building 
structures are constructed before 1960, 3.70 % of the building structures are con structed during 1961-
1970, 15.42% during 1971-1980, 24.19% during 1981-1990, 41.82% during 1991-2000, 3.97% during 2001-
2010 and only 5.31 % are constructed after 2011. 97.92% have electric connections, 74.15% have water 
connections of BMC, and 98.46% have phone/mobile connections in their house. 
 
TABLE 4.9 INFORMATION ON STRUCTURE 
 
Sr. No. 
DESCRIPTION VALUE 
1 Use of Structure  
 Residential 73.39% 
 Commercial 19.22% 
 Residential-cum- Commercial 1.74% 
 Others 5.65% 
2 Type of Construction  
 Kaccha 7.61% 
 Pucca 92.39% 
3 Age of Structure (Year of Construction)  
 <1960 5.59% 
 1961-1970 3.70% 
 1971-1980 15.42% 
 1981-1990 24.19% 
 1991-2000 41.82% 
 2001-2010 3.97% 
 2011 and after 5.31% 
4 Utility Connection  
 Electricity 97.92% 
 Water 74.15% 
 Phone/ Mobile 98.46% 
*Percentages are calculated for each asset against total surveyed PAFs except Girgoan  & Kalbadevi 
areas because BSES of those areas  did not include the necessary information by M/s. Catapult Reality 
Consultants. 
 
 
4.7 AWARENESS AND OPINION ABOUT THE PROJECT 
During the socio -economic survey, some questions were asked to the PAPs regarding the awareness, 
source of information and opinion about the proposed metro rail project. The findings of the survey with 
regards to awareness, source of informatio n and opinion about the proposed project are presented in "
59,PDF page 59," 
                                                                                                       General Consultant for Mumbai METRO LINE 3 
Updated Social            Impact Assessment Report (Volume - I)   Page 40
    
Table 4.10. Out of the total PAFs, 100% of the respondents were aware of the proposed Mumbai metro 
rail, however 0.00% said that they had no information about the proposed metro development.  Out of 
total respondents, 97.14 % considered it as a good government initiative for transport infrastr ucture 
development; however 1.01% replied it as being a bad option because it shall destroy their business base 
and source of livelihood while 1.85% PAFs had no opinion about the proposed metro development. 
 
 
TABLE 4.10 PROJECT RELATED INFORMATION 
Sr. No. DESCRIPTION VALUE 
1 Awareness about the Project  
 Yes 100% 
 No 0.00% 
2 Source of Information  
 Project Meeting 97.64% 
 News Paper 2.39% 
3 Opinion about the Project  
 Good 97.14% 
 Bad 1.01% 
 Can't Say 1.85% 
  
 
 
 
 
 
 
 
 
 
 
 
 
 
 "
60,PDF page 60," 
                                                                                                       General Consultant for Mumbai METRO LINE 3 
Updated Social            Impact Assessment Report (Volume - I)   Page 41
    
CHAPTER-5 PUBLIC CONSULTATION 
5.1 BACKGROUND 
Public consultation is a continuous process throughout the project period, during project preparation and 
implementation stages. The sustainability of any infrastructure development depends on the participatory 
planning in which public consultation plays major role. To ensure peoples ‘participation in the planning 
phase of this project and to treat public consultation and participation as a continuous two way process, 
numerous events were arranged at various stages of project preparation i.e., Detailed Project Report 
(DPR). Aiming at promotion of public understanding and fruitful solutions of developmental problems 
such as local needs an d problem and prospects of resettlement, various stakeholders i.e., displaced 
persons, government officials, local community leaders, people and elected representatives of the people 
are consulted through community meetings, focus group discussions, indivi dual interviews and formal 
consultations. The project will therefore ensure that the displaced population and other stakeholders are 
informed, consulted, and allowed to participate actively in the development process. This will be done 
throughout the project, both during preparation, implementation of project. 
Keeping in mind the significance of consultation and 
participation of the people likely to be affected or displaced 
due to the proposed project, public consultation has been 
taken up as an integral part of social and environmental 
assessment process of the  proposed metro rail project. 
Consultations were used as a tool to inform and educate 
stakeholders about the proposed action both before and 
after the development decisions were made. It assisted in 
identification of the problems associated with the project as 
well as the needs of the population likely to be affected. This participatory process helped in reducing the 
public resistance to change and enabled the participation of the local people in the decision making 
process.  
Initial Public consultation has  been carried out in the project areas with the objectives of minimizing 
probable adverse impacts of the project and to achieve speedy implementation of the project through 
bringing in awareness among the community about the benefits of the project. 
5.2 OBJECTIVES OF THE CONSULTATION 
The basic objective of consultation is to explore R & R measures for affected people in project area with 
specific objectives as follows: 
 Disseminate information to the people about the project in terms of its activities and sc ope of 
work; and understand the views and perceptions of the people affected and local communities 
with reference to acquisition of land or loss of property and its due compensation. 
 Understand views of affected people on land acquisition and resettlement options; 
 Identify and assess major economic and social information and characteristics of the project area 
to enable effective social and resettlement planning and its implementation. 
 Resolve issues related to impact on community property and their relocation. 
 Establish an understanding for identification of overall developmental goals and benefits of the 
project. 
5.3 APPROACH AND METHODS OF CONSULTATION 
"
61,PDF page 61," 
                                                                                                       General Consultant for Mumbai METRO LINE 3 
Updated Social            Impact Assessment Report (Volume - I)   Page 42
    
Preliminary public consultations and discussions were conducted by study team with the help of MMRC 
officials through community meetings with Project Affected Persons (PAPs) as well as general public and 
group discussions at particularly proposed metro rail station locations. The consultation process involved 
various sections of affected persons such as trad ers, women, squatters, kiosks and other inhabitants. 
During public consultations, issues related to land acquisition, compensation, information flow, grievance 
redress, safety, role of administration etc. were discussed. The Social Impact Assessment (SIA) addresses 
all issues raised during public consultation and recommends institutional strengthening measures as well. 
The following methods were adopted for conducting public consultation: 
 Walk-through informal group consultation at station locations. 
 Public meetings 
 Focus Group Discussions (FGD) with different groups of affected people including residential 
groups, traders, and slum dwellers (squatters). 
 In-depth individual interviews 
 Discussions and interviews with key informants 
 Sharing the opinion and preferences of the PAPs 
The consultations have also been carried 
out with special emphasis on the vulnerable 
groups. The key informants included both 
individuals and groups namely  (i) Head of 
households; (ii) Household members; (iii) 
Small business entrepre neurs (SBEs); (iv) 
Local people; (v) Local leader; (vi) 
Community based organizations(CBOs) and 
Non-Governmental Organization (NGOs); 
(vii) Squatters; (viii) Kiosks; (ix) Government 
agencies and departments. Public 
consultations were organized at six place s 
namely Girgaon, Aacharya Atre Chowk, 
Dharavi, Santacruz, Marol Naka and MIDC. The number of participants in consultation is 1712, which 
include different representatives from different echelon of the society. 
5.4 CONSULTATION AT PROJECT AFFECTED AREA 
Public consultation meetings were organized at places namely Kalbadevi, Girgaon, Aacharya Atre Chowk, 
Naya Nagar (Mahim), BKC, Santacruz, Agripada (Santacruz), Sahar Road, Marol Naka, MIDC and Sariput 
Nagar. The details are given in Table 5.1. The number of p articipants in the consultations was 
approximately as indicated in table 5.1, which include different representatives from different echelon of 
the society. The minutes of the meetings and signature of the participants are given in Annexure -5.1 to 
Annexure-5.17. 
"
62,PDF page 62," 
                                                                                                       General Consultant for Mumbai METRO LINE 3 
Updated Social            Impact Assessment Report (Volume - I)   Page 43
    
 
 
 
 
"
63,PDF page 63," 
                                                                                                       General Consultant for Mumbai METRO LINE 3 
Updated Social            Impact Assessment Report (Volume - I)   Page 44
    
TABLE 5.1 
DETAILS OF PUBLIC CONSULTATION AT AFFECTED AREA 
 
Place Date No of 
Participants 
Issues Raised 
Dharavi 16/01/2012 34 Relocation, Job Opportunity, 
shifting allowance, 
Santacruz  17/01/2012 45 Displacement, relocation, 
compensation, job opportunity, 
transit camp 
Acharya Atre Chowk 18/02/2012  6 Changing of station location 
Marol Naka  20/04/2012 72 Displacement, relocation, 
special package, compensation 
MIDC 
Kiran Nagar-1 
Kiran Nagar-2 
Pandit Deen Dayal 
Upadhyay 
Nagar 
 
23/01/2012 
09/02/2012 
21/02/2012 
 
 
13 
36 
48 
 
Displacement, alternative 
accommodation, 
inclusion of 1st floor, job 
opportunity, relocation of 
religious place, social amenities 
Girgaon  
 
13/01/2014 14 Land Acquisition, Demolition of 
Structure, Displacement 
BKC (Dnyaneshwar Nagar) 28/11/2014 205 Displacement, relocation, 
special package, compensation 
Agripada, Dharavi 02/12/2014 39 Relocation, Job Opportunity, 
shifting allowance, 
Sariput Nagar 11/12/2014 202 Displacement, relocation, 
special package, compensation 
MIDC 26/12/2014 307 Displacement, relocation, 
special package, compensation 
Kalbadevi, Girgaon  02 to 04 
March 2015 
332 Land Acquisition, Demolition of 
Structure, Displacement "
64,PDF page 64," 
                                                                                                       General Consultant for Mumbai METRO LINE 3 
Updated Social            Impact Assessment Report (Volume - I)   Page 45
    
Sahar (Shanti Nagar) 12/03/2015 128 Displacement, relocation, 
compensation, job opportunity, 
transit camp, 
Janata/ Naya Nagar 
(Mahim) 
29/07/2015 231 Displacement, relocation, 
special package, compensation 
Kalbadevi and Girgaon 09-12-2016 73 In-Situ rehabilitation and 
redevelopment of PAPs 
Kalbadevi and Girgaon 13-12-2016 64 In-Situ rehabilitation and 
redevelopment of PAPs 
Kalbadevi and Girgaon 14-12-2016 118 In-Situ rehabilitation and 
redevelopment of PAPs 
Kalbadevi and Girgaon 15-12-2016 55 In-Situ rehabilitation and 
redevelopment of PAPs 
Kalbadevi and Girgaon 31-01-2017 20 In-Situ rehabilitation and 
redevelopment of PAPs 
Kalbadevi and Girgaon 07-06-2017 170 In-Situ rehabilitation and 
redevelopment of PAPs 
Kalbadevi and Girgaon 23-10-2017 13 In-Situ rehabilitation and 
redevelopment of PAPs 
Kalbadevi and Girgaon 25-10-2017 99 In-Situ rehabilitation and 
redevelopment of PAPs 
Kalbadevi and Girgaon 10-11-2017 150 In-Situ rehabilitation and 
redevelopment of PAPs 
Kalbadevi and Girgaon 18-01-2018 10 In-Situ rehabilitation and 
redevelopment of PAPs 
Kalbadevi and Girgaon 23-01-2018 26 In-Situ rehabilitation and 
redevelopment of PAPs 
Kalbadevi and Girgaon 10-5-2018 90 In-Situ rehabilitation and 
redevelopment of PAPs 
Kalbadevi and Girgaon 13-08-2018 226 In-Situ rehabilitation and 
redevelopment of PAPs 
Kalbadevi and Girgaon 29-03-2019 367 In-Situ rehabilitation and 
redevelopment of PAPs 
Kalbadevi and Girgaon 03-04-2019 123 In-Situ rehabilitation and 
redevelopment of PAPs "
65,PDF page 65," 
                                                                                                       General Consultant for Mumbai METRO LINE 3 
Updated Social            Impact Assessment Report (Volume - I)   Page 46
    
Some of the important views expressed and suggestions given by the participants are given in Table 5.2. 
TABLE 5.2 
ISSUES DISCUSSED AND MMRC REPLY 
Sr. No. Issues Discussed MMRC Reply 
1 Many people in the project area were not 
aware about the project although public 
notification has been given through 
newspaper of English, Hindi and local 
language; 
-- 
2 People consented to cooperate if adequate 
compensation is given 
R&R benefits will be given as per Govt. 
Policy. 
3 Most people preferred to resettle near their 
previous place of residence and business; 
The people may join local SR Scheme of 
private Developer if feasible. Else will be 
resettled in R&R colonies where 
tenements are available. 
4 Affected families should be properly 
rehabilitated before commencement of 
construction work of the project 
The resettlement is carried out as per 
R&R policy prior to commencement of 
construction work. 
5 Minimum 300 to 400 sq. ft. area should be 
provided to residentially affected families; 
The Residential PAPs will be provided 
tenements as per Govt. policy. 
6 PAPs wanted to know when the 
construction work would commence 
The data of commencement of the 
project will be intimated to PAPs. 
7 Job opportunity should be given to one 
member of each affected family 
Policy related to job opportunity will be 
considered by MMRC. 
8 PAPs asked about creation of employment 
opportunities during  construction and 
operation of the project for them;  
In slum area, particularly at MIDC & 
Santacruz, PAPs demanded constructed 
house for all affected families who have 
separate door and separate kitchen and not 
based on legal documents 
-do- 
 
 
The PAPs will be identified on the basis of 
Baseline Socio-Economic Survey (BSES) 
9 People of slum area demanded to include 
all families in the list of social survey 
whether affected or not; 
Issue is not clear, BSES may cover all 
families in the area but families affected 
by the project will only be resettled. "
66,PDF page 66," 
                                                                                                       General Consultant for Mumbai METRO LINE 3 
Updated Social            Impact Assessment Report (Volume - I)   Page 47
    
Sr. No. Issues Discussed MMRC Reply 
10 All social amenities should be provided in 
resettlement site 
The amenities will be provided as per the 
R & R policy and S. R. regulations. 
11 In case the commercial people are 
disturbed, the project proponent should 
build commercial complex nearby area and 
should give priority to the affected people; 
The people may join local SR Scheme of 
private Developer if feasible. Else will be 
resettled in R&R colonies where 
tenements are available. 
12 People suggested for uninterrupted social 
life during the construction phase 
MMRC will ensure smooth transfer of 
PAFs to the R&R site before start of 
project construction work for not to 
disturb the social life of PAPs. MMRC will 
take necessary mitigation measures to 
minimize the impacts of construction 
activities on social life. 
13 People also suggested a proper 
compensation package to be granted who 
are losing their properties; 
R&R benefits will be given as per Govt. 
Policy. 
14 Minimum 225 sq. ft. area should be given to 
commercially affected people 
Under R&R policy commercial areas or 
size only equivalent to affected area can 
be provided. Maximum 750 sq. ft. out of 
which 225 sq. ft. will be free of cost. 
15 Shifting allowance should be given to all 
displaced PAFs 
Such benefits will be given as per the 
policy. 
16 If people are dislocated temporarily, they 
should be given proper compensation and 
alternative accommodation 
Such benefits will be given as per the 
policy. 
17 No transit camp during construction of the 
project 
Suggestion not clear. Transit 
accommodation if provided by MMRC 
will be in R & R colonies. 
18 People of Santacruz (Gate-1) suggested that 
Stamp Duty Ready Reckoner should be 
followed to determine the rate of 
commercial and residential affected 
structure 
Monetary Compensation is available to 
only land title holders and will be as per 
rules governing acquisition of land. Any 
other monetary compensation will be as 
per R & R policy. 
19 Religious place should not be disturbed All structures affected by the project will 
have to be shifted / resettled. "
67,PDF page 67," 
                                                                                                       General Consultant for Mumbai METRO LINE 3 
Updated Social            Impact Assessment Report (Volume - I)   Page 48
    
Sr. No. Issues Discussed MMRC Reply 
20 The compensation should be based on the 
current market value. 
Monetary Compensation is available to 
only land title holders and will be as per 
rules governing acquisition of land. Any 
other monetary compensation will be as 
per R & R policy. 
21 People suggested that adequate safety 
measures should be provided for 
Uninterrupted social life. 
MMRC will take adequate safety 
measures during construction of the 
project. 
 
22 People would like to receive regular 
updates on project 
Public Information center can be opened 
and operated. 
23 PAPs questioned whether there is an option 
of conversion facility from commercial to 
residential 
(MOM dt.07.06.2017) 
Yes. There is an option of conversion of 
use of unit from commercial to 
residential for commercial properties 
with existing carpet areas of equal or 
more than 100 sq. ft. The PAPs in this 
case can avail transit accommodation & 
additional area incentive against existing 
carpet area with respect to the entitled 
areas for residential units as proposed by 
MMRC. 
24 PAPs questioned of what would happen to 
tenants who do not have tenancy 
documents. 
MMRC replied that the tenancy eligibility 
& the survey would be undertaken by 
MHADA. 
25 PAPs raised query about formation of 
society and conveyance. 
MMRC replied that it would acquire the 
lands from the landowners and transfer 
the land in the name of MMRC. After the 
completion of metro works and 
redeveloped structures, MMRC would 
allot the permanent alternate units as per 
the stipulated policy to entitled PAFs. 
MMRCL would facilitate the formation of 
the society where every PAP would be 
the member of the same and then 
transfer the ownership rights to the 
society. 
26 PAPs queried about who would be 
responsible for maintenance of about lift, 
watchmen and other common utilities 
The maintenance charges in transit 
accommodations would be borne by 
MMRC. The maintenance would consist "
68,PDF page 68," 
                                                                                                       General Consultant for Mumbai METRO LINE 3 
Updated Social            Impact Assessment Report (Volume - I)   Page 49
    
Sr. No. Issues Discussed MMRC Reply 
of structural repairs or works, water 
charges, liftman/ watchman charges etc. 
and not the charges for utilities such as 
electricity, gas, telephone and utilities for 
personal consumption. 
 PAPs asked whether MMRC would be 
maintaining the redevelopment building by 
paying a corpus fund. 
MMRC stated that no corpus fund would 
be raised by MMRC. The redeveloped 
building will be maintained by 
Cooperative Hosing Societies formed. 
27 PAPs raised a query whether the existing 
commercial units with road frontage will be 
provided with road frontage units in the 
redevelopment scheme. 
(MOM dt. 25.10.2017) 
MMRC responded that due to the less 
width of the plots with road frontage, it 
would be difficult to accommodate all the 
existing units with frontage. MMRC 
stated that certain retail units and 
showrooms could be given priority for 
road frontage on ground floor whereas 
office spaces and other ancillary offices 
to be shifted on upper floors.   
 
 
  
"
69,PDF page 69," 
                                                                                                       General Consultant for Mumbai METRO LINE 3 
Updated Social            Impact Assessment Report (Volume - I)   Page 50
    
5.5 PUBLIC CONSULTATION/HEARING AT CITY LEVEL 
Vide newspaper Notification dated 5th April, 2012 a public consultation/hearing was organized at 
Insurance Institute of India, G Block, Plot No-46, BKC, Bandra (E), Mumbai on 11th April 2012 for inviting 
suggestions and objections from concerned stakeholders on environment and social issues of the 
proposed Metro Line -3. About 200 stakeholders attended and 27 stakeholders raised their 
suggestions/objections. A summary of the public hearing is given in Annexure -5.9. Detail of suggestions 
and objections raised by stakeholders on social issues and MMRC remark is given in Table 5.3.  
 
 
TABLE 5.3 
DETAILS OF PUBLIC HEARING ON SOCIAL ISSUES 
Date & 
Time 
Venue Token 
No. 
Issues Suggestion/Objecti
on 
MMRC Remark 
11th 
April,2012 
Insurance 
Institute of 
India (College 
of Insurance), 
G Block, Plot 
No. C-46, 
Bandra-Kurla 
Complex, 
Bandra(E), 
Mumbai-400 
051 
17 Numbering 
during Social 
Survey 
Some numbers are 
put in slums at 
Marol Naka. 
What is the 
meaning of that? 
 
From where will the 
project start? 
 
Whether the 
numbers will 
increase or 
decrease? 
When we can get an 
idea? When and 
Slum numbering is 
part of survey work 
being done for SIA. 
Project extends 
from Colaba to 
SEEPZ 
MMRC is in process 
of determining R&R 
sites. 
The actual impact 
for resettlement 
will depend on 
detailed designs. 
Affected persons 
will be shifted to 
R& R Colony where 
"
70,PDF page 70," 
                                                                                                       General Consultant for Mumbai METRO LINE 3 
Updated Social            Impact Assessment Report (Volume - I)   Page 51
    
Date & 
Time 
Venue Token 
No. 
Issues Suggestion/Objecti
on 
MMRC Remark 
where will we be 
shifted? 
tenements are 
available 
61 Your officers also 
should come. 
People at home are 
getting afraid 
because some 
people came to put 
the number in their 
slums. Please do not 
give to any agency 
to put no. Only 
MMRC officers/staff 
should come for 
this. Please give the 
prior date on 
Sundays so that all 
the concerned 
association people 
are called. 
MMRC can hold 
meetings with 
representatives of 
people and provide 
necessary 
information to 
them. 
11th 
April,2012 
Insurance 
Institute of 
India (College 
of Insurance), 
G Block, Plot 
No. C-46, 
Bandra-Kurla 
Complex, 
Bandra(E), 
Mumbai-400 
051 
5 Public Meeting We want to know 
about the problems 
we will be facing 
because of this 
metro line 3? 
One more hearing 
for PAPs may be 
held? 
VAG experience is 
very bad. 
MMRC can hold 
meetings with 
representatives of 
people and provide 
necessary 
information to 
them. 
57  Meeting should be 
arranged in the area 
of Project affected 
people. All PAPs 
should be taken in 
to Confidence, 
enquired about 
MMRC can hold 
meetings with 
representatives of 
people and provide 
necessary 
information to 
them. "
71,PDF page 71," 
                                                                                                       General Consultant for Mumbai METRO LINE 3 
Updated Social            Impact Assessment Report (Volume - I)   Page 52
    
Date & 
Time 
Venue Token 
No. 
Issues Suggestion/Objecti
on 
MMRC Remark 
project whether 
U/G. 
64  When will you 
conduct the next 
meeting? 
You have to declare 
the meeting date 
today. 
There should be 
transparency in 
conducting survey 
of slums. 
Enquired about 1 
point contact 
Officer from MMRC 
Advised to form a 
committee amongst 
them. 
The details of 
survey will be 
explained to PAP, 
Stakeholders. 
Survey is being 
conducted by NGO 
SPARC and process 
is transparent. 
MMRC has 
designated 
Community 
Development 
Assistance to 
address R&R issues 
of this project. 
11th 
April,2012 
Insurance 
Institute of 
India (College 
of Insurance), 
G Block, Plot 
No. C-46, 
Bandra-Kurla 
Complex, 
Bandra(E), 
Mumbai-400 
051 
34 Displacement & 
Rehabilitation 
Line 3 is very good 
for the future of 
Mumbai. We cannot 
deny the role of 
slum people for the 
development of 
Mumbai. When we 
lose our place; 
please give us good 
place to settle 
within the same 
locality. So that we 
can serve the 
people of Mumbai. 
Please explain why 
you cannot settle us 
in nearby places. It 
is good for the 
future of our 
country. 
PAPs can join local 
Slum Rehabilitation 
Scheme if such 
scheme is 
promoted by 
developer and is 
feasible. If SRA 
Scheme is not 
feasible PAPs will 
be shifted to 
nearby R&R colony 
depending on 
availability of 
tenements. "
72,PDF page 72," 
                                                                                                       General Consultant for Mumbai METRO LINE 3 
Updated Social            Impact Assessment Report (Volume - I)   Page 53
    
Date & 
Time 
Venue Token 
No. 
Issues Suggestion/Objecti
on 
MMRC Remark 
35  Rehabilitate PAPs 
nearby and do not 
send to far off 
place. Take 
confidence of PAPs 
living in slums. 
People have got 
different views. 
As above (token 
No.34) 
77  Numbers put on 
slums in Marol area 
and enquired about 
reason. 
Enquired about R&R 
compensation / 
TDR. 
What is the criteria 
for rehabilitation? 
Whether you will 
take care of owner? 
Survey being done 
for SIA. The 
rehabilitation will 
be done as per 
MUTP R&R policy 
approved by Govt. 
and based on BSES. 
  66 Project 
Implementation 
When line 3 will be 
implemented 
practically? What 
are the SRA plans? 
Implementation of 
Mumbai Metro 
Line-3 is proposed 
between 2013 and 
2019. 
11th 
April,2012 
Insurance 
Institute of 
India (College 
of Insurance), 
G Block, Plot 
No. C-46, 
Bandra-Kurla 
Complex, 
Bandra(E), 
Mumbai-400 
051 
72 Changing of 
RG/PG and basic 
facilities in R&R 
sites 
There are more 
than 10,000 houses 
at Chimatpada. How 
you are going to 
settle them? 
Whether MMRC is 
the authority to 
change the RG/PG. 
There is a PIL and 
court order for no 
development and 
enquired about 
MMRC does not 
have the authority 
to change the D. P. 
reservations but it 
can examine the 
matter and offer 
possible help. The 
R&R colonies are 
provided facilities 
as per the SR 
Scheme norms. "
73,PDF page 73," 
                                                                                                       General Consultant for Mumbai METRO LINE 3 
Updated Social            Impact Assessment Report (Volume - I)   Page 54
    
Date & 
Time 
Venue Token 
No. 
Issues Suggestion/Objecti
on 
MMRC Remark 
whether metro can 
be constructed. 
He enquired about 
SRA schemes. 
Basic facilities like 
schools, markets, 
temple etc. to be 
constructed. 
80 Job Opportunity Benefit to be given 
to people affected 
by metro. They 
need job in Metro. 
They need house 
there only. 
PAPs can join SRA 
Scheme if locally 
feasible else will be 
rehabilitated in 
R&R colonies. 
 
5.6 INFORMATION DISCLOSURE AND CONSULTATION 
During social survey, meetings and focus group discussions were conducted to get wider public input from 
the primary and secondary stakeholders. The roadside communities, particularly the affected small 
business enterprises, took tremendous interests in th e meetings. This consultative approach led to 
identification of issues related to designing of underground stations at populated areas, road 
improvements before construction of metro corridors, reducing disruption of livelihoods and improved 
design for roa dside amenities/services for the traveling public. Most importantly, the affected 
communities strongly felt a sense of participation in the decision-making process.  
Information disclosure is persuaded for effective implementation and timely execution of R esettlement. 
For benefits of PAPs and community in general SIA should be disclosed by MMRC. 
During project implementation, MMRC has been providing information related to entitlement policy and 
various options to the PAPs and community through various mediu ms adopted by R&R department. 
MMRC has been preparing information brochures in local language, i.e., Marathi and Hindi, explaining the 
SIA, the entitlements and the implementation schedule. The SIA is required to be disclosed to the affected 
persons and other stakeholders. 
5.6.1 Implementation of I.T. enabled Rehabilitation and Resettlement System 
To ensure transparency in allotment process and ascertain authenticity of allotments and minimize 
litigations and consequent delays MMRC has utilized R&R system wherein there is no human interference 
in the process of allotment. Database of PAPs is archived into system to identify and enroll them in future 
welfare schemes. Computer generated allotment letter consisting of a Unique QR code and Digitally 
Signed by competent authority are used thereby eliminating fraudulent malpractices of duplicity of "
74,PDF page 74," 
                                                                                                       General Consultant for Mumbai METRO LINE 3 
Updated Social            Impact Assessment Report (Volume - I)   Page 55
    
allotment letters which arise in manually signed allotment letters. The system also has a provision to send 
SMS Alerts to PAPs so that they do not need to run from pillar to post during R&R process.  
1. One window data source; Archived on the portal  
2. Accessibility of the portal within organization thereby reducing process delays 
3. Reduction in data tampering due to read-only format ensuring data security 
4. Aadhaar based linking helped in eradicating multiple benefits to same beneficiary 
5. Allotment of tenements through computerised lottery in the presence of PAFs  
6. Generation of digitally signed Allotment letters  
7. Automated SMS alerts to beneficiary; lottery schedule, result and intimation to collect allotment 
letters  
In addition, MMRC has been disseminating information on various policies, time to time project updates 
to the PAPs by uploading the same on the official website. For dissemination of information and in order 
to clarify on certain policies, MMRC has been uploading FAQs with their replies on the official website. 
R&R department has prepared and grouped the dataset of the PAPs building -wise and uses the same to 
disseminate the information whenever required.  
Through the central PR department, MMRC disseminates various R&R related information through social 
media such as Twitter, Facebook, Instagram, printed media such as local newspapers and visual media 
such as news channels and MMRC’s own Youtube channel. 
 
 
 
 
 
 
 
 
 
 
 
 
 
 
 
 
"
75,PDF page 75," 
                                                                                                       General Consultant for Mumbai METRO LINE 3 
Updated Social            Impact Assessment Report (Volume - I)   Page 56
    
 
Sample of Digitally signed Allotment Letter- Front Side 
  
Quick Response Code can 
be read by mobile app & 
instantly gives the details 
about the allotted 
tenement to the PAP 
Digital signature on the 
allotment letter makes the 
document secure and locks 
it.  
 
Only the document signing 
authority can make the 
changes in it if required "
76,PDF page 76," 
                                                                                                       General Consultant for Mumbai METRO LINE 3 
Updated Social            Impact Assessment Report (Volume - I)   Page 57
    
A. Sample of Digitally signed Allotment Letter- Rear Side 
  
"
77,PDF page 77," 
                                                                                                       General Consultant for Mumbai METRO LINE 3 
Updated Social            Impact Assessment Report (Volume - I)   Page 58
    
B. INTRANET PORTAL SCREENSHOTS 
 
 
 
1 
2 
3 
4 5 "
78,PDF page 78," 
                                                                                                       General Consultant for Mumbai METRO LINE 3 
Updated Social            Impact Assessment Report (Volume - I)   Page 59
    
5.7 COMMUNITY PARTICIPATION DURING PROJECT IMPLEMENTATION 
The effectiveness of the Resettlement is directly related to the degree of continuing involvement of those 
affected by the project. Several additional rounds of consultations with PAPs will be required during 
resettlement. Consultations during resettlement plan implementation shall involve offer and choice of 
options if any. Another round of consultation shall occur when compensation and assistance are provided 
and actual resettlement start. 
The following set of activities will be undertaken for effective implementation of the plan: 
a) MMRC will conduct information dissemination sessions in the project area and solicit the help of 
the local community/ leaders and encourage the participation of the PAP’s in RAP 
implementation. 
b) Consultation and focus group discussions will be conducted at the affected areas with the  
vulnerable groups like women, families of BPL, Scheduled Castes and Scheduled Tribes to ensure 
that the vulnerable groups understand the process and their needs are speci fically taken into 
consideration. 
c) MMRC with the help of Consultant / NGO will organize public meetings, and will appraise the 
communities about the progress of RAP implementation. Regular update of the program of 
resettlement component of the project will be placed for public display at the project offices. 
d) MMRC and field offices will maintain an ongoing interaction with PAPs to identify problems and 
undertake remedial measures. 
  
"
79,PDF page 79," 
                                                                                                       General Consultant for Mumbai METRO LINE 3 
Updated Social            Impact Assessment Report (Volume - I)   Page 60
    
6. RESETTLEMENT POLICY AND LEGAL FRAMEWORK 
6.1                LEGAL FRAMEWORK 
This chapter discusses about the existing laws and regulations of the country and states that are applicable 
to the work of Land Acquisition and resettlement for proposed Mumbai Metro Rail Line -3 corridor. In 
addition, JICA Guidelines, 2010 are a dopted since the Japanese ODA loan will be utilized for the 
implementation of the project. It is very important to analyze the Acts and Policies to understand the 
legalities and procedures in implementing the project. Therefore, the legal framework in whic h the 
proposed metro rail project will be implemented with respect to social issues as well as JICA guidelines 
for environmental and social consideration has been summarized in this chapter. The applicable laws on 
land acquisition and resettlement for the Mumbai metro rail project are: 
 The Metro Railways (Construction of Works) Act, 1978; amended in 2009. 
 Maharashtra Regional Town Planning Act, 1966 
 JICA Guidelines for Environmental and Social Consideration, April 2010  
 Resettlement and Rehabilitation Polic y for Mumbai Urban Transport Project 
(MUTP),1997(Amended in 2000) 
 Right to Fair Compensation and Transparency in Land Acquisition, Rehabilitation and 
Resettlement Act, 2013 (RFCTLARR Act 2013) 
 In-situ Rehabilitation and Redevelopment Policy for PAPs of Kalbadevi and Girgaon 
The following section deals with these policies with a comparison and subsequently deals with the 
entitlements and eligibility for compensation and other resettlement entitlements. 
6.2                  The Metro Railways (Construction of Works) Act, 1978; amended in 2009: 
The most relevant Indian regulation for facilitating construction of Metro Railway Project is the Metro 
Railways (Construction of Works) Act, 1978; amended in 2009. This Act is the principal document for 
procedures to be  followed for construction of Metro corridors for public purposes. Further, the Act 
provides adequate provisions for land acquisition and compensation. 
The Right to Fair Compensation and Transparency in Land Acquisition, Rehabilitation and Resettlement 
Act, 2013 is the act in force for the Land Acquisition, Rehabilitation and Resettlement process. This act 
vide section 105 states that “The Central Government shall, by notification, within one year from the date 
of commencement of this Act, direct that any o f the provisions of this Act relating to the determination 
of compensation in accordance with the First Schedule and rehabilitation and resettlement specified in 
the Second and Third Schedules, being beneficial to the affected families, shall apply to the cases of land 
acquisition under the enactments specified in the Fourth Schedule or shall apply with such exceptions or 
modifications that do not reduce the compensation or dilute the provisions of this Act relating to 
compensation or rehabilitation and resettlement as may be specified in the notification, as the case may 
be.” The Metro Railways (Construction of Works) Act, 1978 is included in the Forth Schedule. The 
notification of Central Government in this regards issued and accordingly the provisions in the relevant 
act will be applicable for Land Acquisition, Rehabilitation and Resettlement for the Project. 
Following table highlights important provisions in the Act:  
 
 "
80,PDF page 80," 
                                                                                                       General Consultant for Mumbai METRO LINE 3 
Updated Social            Impact Assessment Report (Volume - I)   Page 61
    
TABLE 6.1:  MAIN ELEMENTS OF METRO RAILWAYS (Construction of works) ACT 1978 
Sections of the Act Provisioned for  
1 Application or Scope of the Act 
6 Provisions related to acquisition of land. 
7 – 12  Procedure for land acquisition 
13 Determination of amount of Compensation 
17 Land Acquisition Act 1 of 1894 not to apply. -Nothing in the  Land 
Acquisition Act, 1894, shall apply to an acquisition under this Act. 
Institutional Arrangements for Implementation of the Act: 
Chapter II Metro Railway Administration 
 
6.3          Maharashtra Regional Town Planning Act, 1966 
As per the Maharashtra Regional Town Planning Act, 1966; land is being acquired under section 126 for 
public purposes as specified in plans: - (1) When after the publication of a draft Regional Plan, a 
Development or any other plan or town planning scheme, any land is required or reserved for any of the 
public purposes specified in any plan or scheme under this Act at any time the Planning Authority, 
Development Authority, or as the case may be, any Appropriate Authority may, except as otherwise 
provided in section 113A to acquire the land,- 
(a) By an agreement by paying an amount agreed to, or 
(b) In lieu of any such amount, by granting the land -owner or the lessee, subject, however, to the lessee 
paying the lessor or depositing with the Planning Authority, Development  Authority or Appropriate 
Authority, as the case may be, for payment to the lessor, an amount equivalent to the value of the lessor's 
interest to be determined by any of the said Authorities concerned on the basis of the principles laid down 
in the Land Ac quisition Act, 1894, Floor Space Index (FSI) or Transferable Development Rights (TDR) 
against the area of land surrendered free of cost and free from all encumbrances, and also further 
additional Floor Space Index or Transferable Development Rights against the development or construction 
of the amenity on the surrendered land at his cost, as the Final Development Control Regulations prepared 
in this behalf provide 
6.4                      JICA’s GUIDELINES ON INVOLUNTARY RESETTLEMENT 
The JICA guidelines for environmental and social considerations1 are applicable to this project subject to 
provisions in this SIA report. The SIA report has been prepared in accordance with the requirements of 
the JICA on Involuntary Resettlement. The involuntary resettlement ma y cause severe long -term socio-
economic hardships, impoverishment and environmental damages unless appropriate measures are 
carefully planned and carried out. The JICA requires that involuntary resettlement should be avoided 
where feasible, or minimized ex ploring all viable alternative project designs. In cases, it becomes 
unavoidable, then the affected persons should be meaningfully consulted providing them an opportunity "
81,PDF page 81," 
                                                                                                       General Consultant for Mumbai METRO LINE 3 
Updated Social            Impact Assessment Report (Volume - I)   Page 62
    
to participate in the resettlement program. They should be assisted in their efforts to improve their 
livelihoods and standard of living or at least to restore these, in real terms, to pre-displacement levels or 
to levels prevailing prior to the beginning of project implementation, whichever is higher. This approach 
endorses the eligibility of all the categories of persons, whether with formal legal rights or without these 
rights, in a project, but occupying project area prior to the cut -off date established by the borrower and 
acceptable to the Bank. 
1The Guidelines for Environmental and Social Considerations (hereafter, the “new Guidelines”) and the 
Objection Procedures based on the Guidelines for Environmental and Social Considerations (hereafter, the 
new “Objection Procedures”) were put into effect on July 1, 2010. 
6.5          RESETTLEMENT AND REHABILITATION POLICY FOR MUTP, 1997 (amended in 2000) 
Government of Maharashtra had appointed a task force in 1995 under the chairmanship of a former chief 
secretary to the state of Maharashtra consisting of members from the Government, private sector, NGOs 
and civil society to prepare a policy framework for resettlement and rehabilitation of persons affected by 
the project. Based on the recommendations of the committee, GOM had issued a Government Resolution 
(GR) adopting the policy in March, 199 7 which was later amended to incorporate certain changes 
suggested by the Bank to bring the policy in line with the World Bank’s Operational Directive 4.30 on 
involuntary resettlement. This policy is called Resettlement and Rehabilitation for Mumbai Urban 
Transport Project, 1997 (as amended in December, 2000). (Annexure-6.1). 
The R&R policy shall be applicable to Metro Line -3 project wide the Government Resolution MRD – 3311 
/ Pr. No. -149 Na. Vi. 7 dated March 03, 2014. 
The main objectives and principles of the policy are: 
a) Involuntary resettlement should be avoided or minimized where feasible, exploring all viable 
alternative project designs. 
 
b) Where displacement is unavoidable; to develop and execute resettlement plans in such a manner 
that displaced perso ns are compensated for their losses at replacement cost just prior to the 
actual move, displaced persons are assisted in their move and supported during the transition 
period in the resettlement site and displaced persons are assisted in improving or at le ast 
restoring their former living standards, income earning capacity and production levels; and to pay 
particular attention to the needs of poorer-settlers in this regard, 
 
 
c) To accord formal housing rights to the PAPs at the resettlement site. Such rights shall be in the 
form of leasehold rights of the land to the co-operative society of the PAPs and occupancy rights 
of built floor space to the members of the society. The membership of the co -operative society 
and the occupancy rights will be jointly awarde d to the spouses of the PAP household. The 
documents in this respect will be the leasehold agreement with the co -operative society, which 
will include a list of its members and description of dwelling unit allotted to each member. The 
members of the co-operative society will receive a share certificate signifying the membership· of 
the society. 
 
d) To develop and implement the details of the resettlement program through active community 
participation by establishing links with the community based organizations; and "
82,PDF page 82," 
                                                                                                       General Consultant for Mumbai METRO LINE 3 
Updated Social            Impact Assessment Report (Volume - I)   Page 63
    
 
e) To make efforts to retain existing community network in the resettlement area, wherever this is 
not feasible to make efforts to integrate the resettled population with the host community, and 
to minimize the adverse impact, if any, on the host community. 
The policy ensures meaningful consultations with stakeholders in planning and implementation of the 
resettlement program in order to suitably accommodate their inputs and make rehabilitation and 
resettlement plan more participatory and broad based. T he policy ensures benefits of R&R to PAPs 
including non-title holders if they are enumerated during baseline survey for lost assets at replacement 
value. The policy also ensures payment of compensation and resettlement assistance prior to taking over 
the possession of land and commencement of any construction activities. The policy offers resettlement 
option to the affected community; which is a tenement of 20.91 sq. m in multistoried buildings. Vulnerable 
households such as women headed households, handica pped and the aged will be given additional 
package of rehabilitation services. The Grievance Redressal Committee appointed by MMRC shall have 
the power to consider and dispose of all complaints relating to Eligibility and Entitlement. 
6.5.1 ELIGIBILITY AND ENTITLEMENT MATRIX 
As per the MUTP R&R policy all legitimate occupants of land and building affected by MUTP will be eligible 
for the benefits of R&R. PAPs who are squatters and not legal titleholder of land and buildings shall also 
be eligible for R&R if  enumerated during the baseline survey. Therefore, the date of completion of 
baseline survey shall be the Cut-off date. It is on this date that all impacted persons will be identified and 
the nature of the impact disclosed. PAPs who settle in the affected areas after the cut-off date will not be 
eligible for compensation and/or other assistance. They, however, will be given sufficient advance notice, 
requested to vacate premises and dismantle affected structures prior to project implementation.  
For land acquisition, generally the MMRC may offer two options to the land owners. These include (i) cash 
compensation, (ii) award of TDR/FSI and Local Redevelopment. 
Determination of amount payable for acquisition will be decided as per the Metro Railways (Construction 
of Works) Act. 
In case of resident landlords, tenement in the R&R colony is provided in addition to the legal compensation 
fixed by competent authority under Metro Railway Construction act. However, resident landlords who 
opt for cash supplement in lieu of 20.91 sq. m. of structure in a resettlement colony, the cash supplement 
equivalent to cost of construction of floor space(subject to a max. of 20.91 sq. m) occupied prior to 
resettlement will be offered. 
The people who do not have legal title, affecte d by this project and losing houses are entitled to 
tenements of area measuring 20.91 sq. m. The affected shopkeepers are entitled to an equivalent area, if 
affected area is less than 20.91 sq. m. If the affected area is more than 20.91 sq. m., the owners would be 
provided commercial unit up to 20.91 sq. m. area free of cost and they would be entitled for maximum 
area up to 70 sq. m. However, they have to pay the ready reckoner rates of above 20.91 sq. m. In addition, 
there is a provision for providing compensation to those whose travel distances to place of work increases. 
The entitlement matrix provides category wise details regarding the entitlements in relation to the R&R 
principles enumerated above. The following Table 6.2 presents the entitlement matri x for the proposed 
metro rail project. 
 "
83,PDF page 83," 
                                                                                                       General Consultant for Mumbai METRO LINE 3 
Updated Social            Impact Assessment Report (Volume - I)   Page 64
    
 
TABLE 6.2 - MUTP R&R ENTITLEMENT MATRIX 
Sr. 
No. 
Category of RAP Legal 
Compensation 
Rehabilitation 
Monetary 
Supplementary 
Type of Shelter 
related 
Rehabilitation 
Price to be 
Charged 
1. Non-resident land 
Owners (including 
farmers and 
horticulturist 
Market value of 
land and building 
according to LA 
Act. 
Nil Nil  
Non-resident 
lessees 
Appointment of 
compensation for 
the unexpired 
period of lease 
according to LA 
Act. 
Nil Nil  
2 Resident landlord 
(land and building  
including farmers 
and 
horticulturists) 
 
 
As in 1 above 
 
 
 
 
 
Nil 
 
 
 
 
 
 
Cash supplement 
equivalent to cost of 
construction of floor 
space (subject to a 
max. of 20.91 sq. m) 
occupied prior to 
resettlement. 
OR 
Floor space equal to 
self-occupied floor 
area, subject to 
maximum of 70 sq. 
m., irrespective of 
use of floor space. 
First 20.91 sq. m 
of floor space 
free of cost and 
at actual cost for 
the area in excess 
thereof. 
Resident lessee of 
land and building 
Apportionment of 
compensation for 
the unexpired 
period of lease 
according to LA 
Act. 
Nil Floor space equal to 
self-occupied floor 
area, subject to 
maximum of 70 sq. 
m., irrespective of 
use of floor space 
First 20.91 sq. m 
of floor space 
free of cost and 
at actual cost for 
the area in excess 
thereof. 
 "
84,PDF page 84," 
                                                                                                       General Consultant for Mumbai METRO LINE 3 
Updated Social            Impact Assessment Report (Volume - I)   Page 65
    
Sr. 
No. 
Category of RAP Legal 
Compensation 
Rehabilitation 
Monetary 
Supplementary 
Type of Shelter 
related 
Rehabilitation 
Price to be 
Charged 
3. Resident lessees, 
tenants or sub -
tenants or sub -
tenants of 
buildings 
Shifting charges 
according to LA 
Act. 
Nil Floor space equal to 
self-occupied floor 
area, subject to a 
maximum of 70 sq. m. 
irrespective of use of 
floor space. 
Free of cost on 
ownership ba sis 
up to20.91 sq. m. 
of floor space 
and at actual cost 
for area in excess 
thereof. 
4. Squatters  
 
    
 
 
 
 Non-Resident 
structure 
owners(The status 
to be established 
by documentary 
evidence in  
 
Nil 
 
Replacement cost 
of lost structure 
 
Nil 
 
 
 Resident structure 
owner 
 
Nil 
 
Replacement cost 
of lost structure 
 
Township option Plot 
of 25 sq. m. 
 
Free of cost 
 
    Plot in excess of 25 
sq. mtr. 
 
At cost for the 
excess area 
   Nil 
 
PH/HD/SRD Option: 
Residential: floor 
space of 20.91 sq. m 
Shops & business 
Area equivalent area 
with a maximum of 
70 sq. mtr. Out of 
which 20.91 sq. mtr. 
Free of cost 
 
    Area in excess of 
20.91 sq. m 
 
At cost for the 
excess area 
  Tenants Nil Nil Township option Plot 
of 25 sq. m. 
 
Free of cost 
     Plot in excess of 25 
sq. mtr. 
 
At cost for the 
excess area 
 "
85,PDF page 85," 
                                                                                                       General Consultant for Mumbai METRO LINE 3 
Updated Social            Impact Assessment Report (Volume - I)   Page 66
    
Sr. 
No. 
Category of RAP Legal 
Compensation 
Rehabilitation 
Monetary 
Supplementary 
Type of Shelter 
related 
Rehabilitation 
Price to be 
Charged 
    PH/HD/SRD Option: 
Residential: floor 
space of 20.91 sq. m 
Shops & business 
Area equivalent area 
with a maximum of 
70 sq. mtr. Out of 
which 20.91 sq. mtr. 
 
Free of cost 
 
    Area in excess of 
20.91 sq. m 
 
At cost for  the 
excess area 
 
5. Pavement 
dwellers 
  
 
 
 
  
 
 
 
 
  Nil Replacement Cost 
of lost Structure 
 
Township option 
Plot of 25 sq. m 
 
Free of cost 
 
    Plot in excess of 25 
sq. 
 
At cost for the 
excess area 
   Nil PH/HD/SRD Option: 
Residential: floor 
space of 20.91 sq. m 
For shops & business: 
Area equivalent to 
existing area with a 
maximum of 70 sq. m. 
Out of which 20.91. 
Sq. m. 
 
Free of cost 
 
    Area in excess of 
20.91 sq. m 
 
At cost for the 
excess area. 
6. Employees and 
entrepreneurs  
 
 
 
 
 
 
 
 
 
 
 
 
 "
86,PDF page 86," 
                                                                                                       General Consultant for Mumbai METRO LINE 3 
Updated Social            Impact Assessment Report (Volume - I)   Page 67
    
Sr. 
No. 
Category of RAP Legal 
Compensation 
Rehabilitation 
Monetary 
Supplementary 
Type of Shelter 
related 
Rehabilitation 
Price to be 
Charged 
 (a)Employees 
residing in the 
affected 
community and 
working at some 
other place 
 
Nil 
 
 
Amount 
equivalent to the 
fare of twelve 
quarterly season 
tickets for excess 
distance by 
suburban railway. 
 
Nil 
 
 
 (b)Non-resident 
employees 
Nil Same as above Nil  
6. (c) Employees and 
entrepreneurs 
who permanently 
lose their source of 
livelihood 
Nil A lump sum 
compensation 
equivalent to one 
year’s income, as 
determined by 
R&R Agency’ 
valuation 
committee. 
The rehabilitation 
package shall include 
access to 
employment 
information through 
employment 
exchange and 
training facilities for 
appropriate skills be 
provide through on 
going government 
programs, and credit 
through community 
operated fund. 
 
 
6.6 RIGHT TO FAIR COMPENSATION AND TRANSPARENCY IN LAND ACQUISITION, 
REHABILITATION AND RESETTLEMENT ACT, 2013 (RFCTLARR ACT 2013) 
Land Acquisition for the Metro line -3 project is being done as per the MRTP Act 1966 under section 126 
(1) (a) & (b) (acquisition by agreement /Negotiation). 
The provision of RFCTLARR Act, 2013  regarding compensation are to be take into coordination while 
deciding compensation for the acquisition.  
The Section - 26 to 30 of RFCTLARR Act, 2013 reads as below. 
Section 26. Determination of market value of land by Collector:  
(1)  The Collector shall adopt the following criteria in assessing and determining the market value of 
the land, namely: 
(a) the market value, if any, specified in the Indian Stamp Act, 1899 (2 of 1899) for the registration of sale 
deeds or agreements to sell, as the case may be, in the area, where the land is situated; or  
(b) the average sale price for similar type of land situated in the nearest village or nearest vicinity area; or  "
87,PDF page 87," 
                                                                                                       General Consultant for Mumbai METRO LINE 3 
Updated Social            Impact Assessment Report (Volume - I)   Page 68
    
(c) consented amount of compensation as agreed upon under sub -section (2) of section 2 in case of 
acquisition of lands for private companies or for public private partnership projects,  
whichever is higher:  
Provided that the date for determination of market value shall be the date on which the notification has 
been issued under section 11.  
Explanation 1.—The average sale price referred to in clause (b) shall be determined taking into account 
the sale deeds or the agreements to sell registered for similar type of area in the near village or near 
vicinity area during immediately preceding three years  of the year in which such acquisition of land is 
proposed to be made.  
Explanation 2.—For determining the average sale price referred to in Explanation 1, one-half of the total 
number of sale deeds or the agreements to sell in which the highest sale price has been mentioned shall 
be taken into account.  
Explanation 3.—While determining the market value under this section and the average sale price 
referred to in Explanation 1 or Explanation 2, any price paid as compensation for land acquired under the 
provisions of this Act on an earlier occasion in the district shall not be taken into consideration.  
Explanation 4.—While determining the market value under this section and the average sale price 
referred to in Explanation 1 or Explanation 2, any price paid,  which in the opinion of the Collector is not 
indicative of actual prevailing market value may be discounted for the purposes of calculating market 
value.  
(2) The market value calculated as per sub-section (1) shall be multiplied by a factor to be specified in the 
First Schedule.  
(3) Where the market value under sub-section (1) or sub-section (2) cannot be determined for the reason 
that—  
        (a) the land is situated in such area where the transactions in land are restricted by or under any other 
law for the time being in force in that area; or  
         (b) the registered sale deeds or agreements to sell as mentioned in clause (a) of sub -section (1) for 
similar land are not available for the immediately preceding three years; or  
          (c) the market value has not been specified under the Indian Stamp Act, 1899 (2 of 1899) by the 
appropriate authority,  
the State Government concerned shall specify the floor price or minimum price per unit area of the said 
land based on the price calculated in the manner specified in sub-section (1) in respect of similar types of 
land situated in the immediate adjoining areas:  
Provided that in a case where the Requiring Body offers its shares to the owners of the lands (whose lands 
have been acquired) as a part compensation, for acquisition of land, such shares in no case shall exceed 
twenty-five per cent, of the value so calculated under sub-section (1) or sub-section (2) or sub-section (3) 
as the case may be:  "
88,PDF page 88," 
                                                                                                       General Consultant for Mumbai METRO LINE 3 
Updated Social            Impact Assessment Report (Volume - I)   Page 69
    
Provided further that the Requiring Body shall in no case compel any owner of the land (whose land has 
been acquired) to take its shares, the value of which is deductible in the value of the land calculated under 
sub-section (1):  
Provided also that the Collector shall, before initiation of any land acquisition proceedings in any area, 
take all necessary steps to revise and update the market value of the land on the basis of the prevalent 
market rate in that area:  
Provided also that the appropriate Government shall ensure that the market value determined for 
acquisition of any land or property of an educational institution established and administered by a 
religious or linguistic minority shall be such as would not restrict or abrogate the right to establish and 
administer educational institutions of their choice.  
Section 27. Determination of amount of compensation: 
The Collector having determined the market value of the land to be acquired shall calculate the total  
amount of compensation to be paid to the land owner (whose land has been acquired) by including all 
assets attached to the land. 
Section 28. Parameters to be considered by Collector in determination of award:  
In determining the amount of compensation to be awarded for land acquired under this Act, the Collector 
shall take into consideration—  
firstly, the market value as determined under section 26 and the award amount in accordance with the 
First and Second Schedules;  
secondly, the damage sustained by t he person interested, by reason of the taking of any standing crops 
and trees which may be on the land at the time of the Collector's taking possession thereof;  
thirdly, the damage (if any) sustained by the person interested, at the time of the Collector' s taking 
possession of the land, by reason of severing such land from his other land;  
fourthly, the damage (if any) sustained by the person interested, at the time of the Collector's taking 
possession of the land, by reason of the acquisition injuriously affecting his other property, movable or 
immovable, in any other manner, or his earnings;  
fifthly, in consequence of the acquisition of the land by the Collector, the person interested is compelled 
to change his residence or place of business, the reasonable expenses (if any) incidental to such change;  
sixthly, the damage (if any) bona fide resulting from diminution of the profits of the land between the 
time of the publication of the declaration under section 19 and the time of the Collector's taking 
possession of the land; and  
seventhly, any other ground which may be in the interest of equity, justice and beneficial to the affected 
families.  
Section 29. Determination of value of things attached to land or building: 
(1) The Collector in determining the market value of the building and other immovable property or assets 
attached to the land or building which are to be acquired, use the services of a competent engineer or 
any other specialist in the relevant field, as may be considered necessary by him.  "
89,PDF page 89," 
                                                                                                       General Consultant for Mumbai METRO LINE 3 
Updated Social            Impact Assessment Report (Volume - I)   Page 70
    
(2) The Collector for the purpose of determining the value of trees and plants attached to the land 
acquired, use the services of experienced persons in the field of agriculture, forestry, horticulture, 
sericulture, or any other field, as may be considered necessary by him.  
(3) The Collector for the purpose of assessing the value of the standing crops damaged during the process 
of land acquisition, may use the services of experienced persons in the field of agriculture as may be 
considered necessary by him.  
Section 30. Award of solatium: 
(1) The Collector having determined the total compensation to be paid, shall, to arrive at the final award, 
impose a ―Solatium‖ amount equivalent to one hundred per cent. of the compensation amount.  
Explanation-For the removal of doubts it is hereby declared that solatium amount shall be in addition to 
the compensation payable to any person whose land has been acquired.  
(2) The Collector shall issue individual awards detailing the particulars of compensation payable and th e 
details of payment of the compensation as specified in the First Schedule.  
(3) In addition to the market value of the land provided under section 26, the Collector shall, in every case, 
award an amount calculated at the rate of twelve per cent. per annum on such market value for the period 
commencing on and from the date of the publication of the notification of the Social Impact Assessment 
study under sub-section (2) of section 4, in respect of such land, till the date of the award of the Collector 
or the date of taking possession of the land, whichever is earlier. 
Schedule -1 of RECTLARR Act, 2013.  
Table: 6.3:     COMPENSATION FOR LANDOWNERS 
The following components shall constitute the minimum compensation package to be given  
Serial 
No.  
 
Component of compensation package 
in respect of land acquired under the 
Act  
 
Manner of determination of value  
 
Date of 
determination 
of value  
 
1 2 3 4 
1.  Market value of land  To be determined as provided 
under section 26.  
 
2.  Factor by which the market value is to 
be multiplied in the case of rural areas  
1.00 (One) to 2.00 (Two) based on 
the distance of project from urban 
area, as may be notified by the 
appropriate Government.  
 
3.  Factor by which the market value is to 
be multiplied in the case of urban areas  
1(One).   "
90,PDF page 90," 
                                                                                                       General Consultant for Mumbai METRO LINE 3 
Updated Social            Impact Assessment Report (Volume - I)   Page 71
    
4.  Value of assets attached to land or 
building  
To be determined as provided 
under section 29.  
 
5.  Solatium  Equivalent to one hundred per 
cent. of the market value of land 
mentioned against serial number 1 
multiplied by the factor specified 
against serial number 2 for rural 
areas or serial number 3 for urban 
areas plus value of assets attached 
to land or building against serial 
number 4 under column (2).  
 
6.  Final award in rural areas  Market value of land mentioned 
against serial number 1 multiplied 
by the factor specified against 
serial number 2 plus value of 
assets attached to land or building 
mentioned against serial number 4 
under column (2) plus solatiu m 
mentioned against serial number 5 
under column (2).  
 
7.  Final award in urban areas  Market value of land mentioned 
against serial number 1 multiplied 
by the factor specified against 
serial number 3 plus value of 
assets attached to land or building 
mentioned against serial number 4 
under column (2) plus solatium 
mentioned against serial number 5 
under column (2).  
 
8.  Other component, if any, to be 
included  
  
 
Accordingly, compensation is derived in accordance with the section 26-30 and Schedule -1 of RECTLARR 
Act, 2013.  
 Since the acquisition is by negotiation additional incentive of 25% will be added to the compensation as 
per Government Resolution dated 12.5.2015.   
 
 
 "
91,PDF page 91," 
                                                                                                       General Consultant for Mumbai METRO LINE 3 
Updated Social            Impact Assessment Report (Volume - I)   Page 72
    
Table: 6.4: COMPENSATION 
Sr.No. Compensation  Times  
A Market Value 1Time       (x) 
B Factor for Mumbai 1 
C Total Market value ( A x B) 1Time       (x*1=x) 
D Solatium 1-time        x 
E Market Value ( C+D ) 2Time       (x + x = 2x) 
F Addition Incentive25% Of E 0.5 time      0.5x 
 Total ( E + F) 2.5 times    (2.5x) 
Final compensation is (E + F) = 2.5 times of Market Value.  
6.7 IN-SITU REHABILITATION WITH REDEVELOPMENT POLICY FOR PROJECT AFFECTED FAMILIES 
(PAFS) DUE TO KALBADEVI AND GIRGAON METRO STATION 
6.7.1     Affected Buildings 
As a part of the in-situ rehabilitation scheme under 33(7) DCPR 2034, 30 buildings on 24 plots consisting 
of 733 Project affected families (PAFs) are getting affected. The affected buildings are a part of 6 non -
contiguous plots which have been named as K1, K2, K3 blocks at Kalbade vi and G1, G2, G3 blocks at 
Girgaon.  
6.7.2     Permanent Alternate Accommodation Location 
PAFs are proposed to be permanently rehabilitated on the existing 6 non -contiguous plots at Kalbadevi 
and Girgaon.  
6.7.3      Classification of PAFs to determine their entitlements 
The residential and Commercial PAFs are divided into total five categories as per their existing carpet area 
for determining the carpet area (entitlement) to be provided in their permanent alternate 
accommodation is tabulated below.  
Table: 6.5: Proposed Carpet Area Matrix for PAPs of Kalbadevi and Girgaon 
Sr. 
No. 
Category Existing Carpet Area Proposed Carpet Area of 
Alternate Accommodation 
including Fungible Area 
1 Category 1 Residential Area upto 18.81sqmt (upto 202.5 
sqft) 
37.63 sqmt (405 sqft) 
2 Category 2 Residential Area above 18.81sqmt and upto 
27.88sqmt (i.e. Above 202.5 sqft and upto 
300 sqft) 
Double the existing area (i.e. 
range of 405sqft to 600sqft) "
92,PDF page 92," 
                                                                                                       General Consultant for Mumbai METRO LINE 3 
Updated Social            Impact Assessment Report (Volume - I)   Page 73
    
3 Category 3 Residential Area above 27.88sqmt and upto 
41.29sqmt (i.e. Above  300sqft and upto 
444.44sqft) 
600 sqft irrespective of existing 
area 
4 Category 4 Residential Area above 41.29sqmt (above 
444.44sqft) 
Existing area + 35% over and 
above Existing Area 
5 Category 5 Commercial Area Existing area + 20% over and 
above Existing Area 
 
6.7.4      Temporary Accommodations 
In-order to expedite the construction of required metro stations and structures, works and in -situ 
rehabilitation with redevelopment, MMRC would require to shift the PAFs to temporary accommodations. 
The construction for the redevelopment of properties will be undertaken simultaneously and allotted to 
the PAFs. 
6.7.4.1      Option for Residential Transit accommodations  
Sr. 
No. 
Transit 
Accommodation 
Total Residential 
Units 
Area of each unit 
(in sq.ft.) 
Address 
1 Pimpalwadi 
Transit 
Accommodation 
86 225 Shripati Jewel, B& C Wing, 
Pimpalwadi, 
TatyaGharpuremarg, 
Girgaon, Mumbai- 400004 
 
6.7.4.2      Maintenance charges in Transit Accommodations 
The maintenance charges in transit accommodations would be borne by MMRC. The maintenance would 
consist of structural repairs or works, water charges, liftman/ watchman charges etc. and not the charges 
for utilities such as electricity, gas, telephone and utilities for personal consumption. 
6.7.4.3     Option of Rents to residential/ commercial/ shop PAFs for units of their choice 
MMRC proposed the option of rental accommodation for temporary shifting for residential or commercial 
units to be searched by the PAFs of their choice. Following are the considerations for PAFs  opting for 
entitled rents payable by MMRC:  
i.Entitled Rents: MMRC, after conducting the Market survey, fixed the rents based on area slabs and unit 
usage and communicated the same to the PAFs. The rents are fixed for Residential, commercial and shop 
units based on their carpet area slabs. 
ii. Yearly Rent Increment: The aforementioned rents are eligible for annual increment of 10% every year 
from the date of possession. 
iii. Security Deposit:  MMRC would make an initial payment of 11 months for the rent as per the 
entitlement for temporary accommodation of their choice. The subsequent rents would be paid as 11 
months advance basis as per the entitlement of the PAFs and therefore security deposit shall not be paid. "
93,PDF page 93," 
                                                                                                       General Consultant for Mumbai METRO LINE 3 
Updated Social            Impact Assessment Report (Volume - I)   Page 74
    
iv. Agency Charges: One-month additional rent as per the entitlement shall be paid as agency charges for 
facilitating rented properties including identification, negotiations and rent agreement registration. PAFs 
opting for Transit Accommodations by MMRC shall not be paid this one-time Agency charge 
6.7.4.4      Shifting Allowance 
MMRC would make a payment of Rs. 60,000 against shifting which would be disbursed to PAFs in 2 stages 
as per following stages: 
Stages Description Shifting Allowance (INR) 
Stage 1 While shifting PAFs from existing units to transit/ 
temporary accommodations Rs. 25,000 
Stage 2 Shifting from transit/ rented temporary accommodations 
to the permanent premises Rs. 35,000 
6.7.5       Option for Change of Unit Use from Commercial to Residential 
There is an option of conversion of use of unit from commercial to residential for commercial properties 
with existing carpet areas of equal or more than 100 sq.ft. The PAFs in this case can avail transit 
accommodation and additional area incentive against existing carpet area with respect t o the entitled 
areas for residential units as proposed by MMRC.  
6.7.6      Agreements to be signed with tenants  
MMRC would be signing following documents/ agreements with the PAFs in - respect to the options of 
temporary accommodation selected by the PAPs  and provisional agreements for permanent alternate 
accommodation: 
Sr. No. Options Allotment Letters/ Agreements to be Signed 
1 Transit Accommodation at Pimpalwadi Allotment of Transit Accommodation 
Provisional Agreement for Permanent 
Alternate Accommodation 
2 Entitled Rent to the PAFs as 
communicated by MMRC  
Provisional Agreement for Permanent 
Alternate Accommodation  
3 Identified Commercial Units by MMRC 
 
6.7.7       Project Implementation Unit 
MMRC has formed a Rehabilitation and Redevelopment Project Implementation Unit (R&R PIU) under 
Executive Director (Planning) and will directly report to Managing Director. The unit is responsible for the 
smooth implementation of the project.  
 
 "
94,PDF page 94," 
                                                                                                       General Consultant for Mumbai METRO LINE 3 
Updated Social            Impact Assessment Report (Volume - I)   Page 75
    
7. INSTITUTIONAL ARRANGEMENT 
7.1     BACKGROUND 
Resettlement requires involvement of various institutions at different stages of project cycle. This section 
deals with roles and responsibilities of various institutions for a successful resettlement. The institutions 
to be involved in the process are as follows: 
1. Mumbai Metro Rail Corporation (MMRC) 
2. NGOs Support during Implementation and Post Resettlement Phase 
3. R&R Implementation Support of Consultant, if necessary. 
4. Public Relation Consultant, if necessary. 
5. Grievance Redress Committees (GRCs) 
6. External Evaluation Agency  
The role of different stakeholders is given in Table 7.1. An institutional framework for implementation of 
resettlement plan is presented in Figure 7.1. 
7.2     Mumbai Metro Rail Corporation (MMRC) 
MMRC is responsible for planning and implementation of resettlement and rehabilitation component of 
the proposed Metro Line -3 project. The MMRC will coordinate with all implementing agencies and 
monitoring the progress of the project. The MMRC is al so responsible for the delivery of entitlements, 
supervising the work of Project Management Consultant (PMC), NGO (R&R Implementation Support 
Consultant), Public Relation Consultant etc. It will generate Quarterly Progress Report (QPR) for effective 
management decision. The MMRC headed by Managing Director (MD) will be responsible for overall 
planning, supervision and internal evaluation of all activities related resettlement and rehabilitation of 
the proposed project during preparation, implementation and post implementation phase. The MMRC 
staff will work with Consultants for implementation of all R&R activities. 
7.3        NGOs Support during Implementation and Post Resettlement Phase 
Local NGO plays a very crucial role in implementation of resettlement a nd rehabilitation activities. The 
NGO is appointed by MMRC to extend implementation support in the form of assisting affected 
families/persons during relocation. The responsibilities of NGO will be assisting MMRC in conducting 
regular consultations, survey, issue of identity cards, assisting affected families/persons during and post 
resettlement phase, formation of co-operative societies, providing training for managing the societies etc. 
M/s SPARC was appointed as NGO. 
7.4        R&R Implementation Support Consultants 
During implementation of resettlement process, MMRC has appointed General Consultant, RAP 
Consultant, Architect -PMC to assist in implementation of rehabilitation and resettlement plan. The 
consultants have been assisting for (i) preparation of database of affected structures, families, persons, 
(ii)verification of database through field survey,(iii)assistance in information dissemination, (iv) improve 
monitoring system,(v) capacity building,(vi)regular follow up implementation activities and other relevant 
activities (vii) documentation and reporting based on their scope of works. 
 
 "
95,PDF page 95," 
                                                                                                       General Consultant for Mumbai METRO LINE 3 
Updated Social            Impact Assessment Report (Volume - I)   Page 76
    
7.5      Public Relation Consultant 
MMRC will appoint a Public Relation Consultant, if necessary to support in public relation and to ensure 
availability of information to the affected families/persons, traders and concerned third parties to create 
an environment that is supportive of the process of Resettlement and Rehabilitation. The Public Relation 
Consultant should report to AGM (PR) coordinate with the PR agency in information sharing on the R&R 
activities of the proposed metro project and coverage in the R&R activities in the print and electronic 
media. 
7.6     Grievance Redress Committee (GRC) 
The most common reason for delay in implementation of projects is grievance of people losing their land 
and residential and common structures. Considering this, Grievance Redress Committee (GRC) has been 
formed in order to address the grievances of project affected persons. 
The GRC is formed at field level and senior level.  Field Level Grievance Redress Committee (FLGRC) and 
Senior Level Grievance Redress Committee (SLGRC) are one person committees headed by an 
independent Chairperson with representatives from MMRC and assisting NGO, PAP, his or her 
representatives as respondents. An organizational set up of FLGRC and SLGRC is presented in Figure-7.2. 
FLGRC addresses grievances relating to individual eligibility and entitlement, whereas SLGRC reviews 
decisions of FLGRC on grievance petitions filed by affected families/persons not satisfied with the FLGRC 
verdict. Both FLGRC and SLGRC follow the procedure of carrying out hearing and necessary scrutiny after 
informing him/her about specific location, date and time of such meeting. A detail about GRC mechanism 
is given in Annexure 7.2. 
TABLE-7.1 - ROLE OF STAKEHOLDERS FOR IMPLEMENTATION OF RAP 
POSITION RESPONSIBILITIES 
Managing Director -
(MMRC), 
 
 Overall planning and supervision of all project activities; 
 Exercise of administrative approval for finance & execution related 
activities; 
 Supervision and control over responsible officers in MMRC 
 Coordination with JICA, Govt. of India, Govt. of Maharashtra and other   
concerned agencies. 
Officer-in-Charge (R&R), 
MMRC 
 Planning, supervision and implementation of R&R components; 
 Report to Managing Director, MMRC; 
 Supervision and control over the Managers, Officers and support staff 
in MMRC; 
 Liaison and coordination with Land and Estate Management Cell, 
Engineering Cell, NGOs, PAPs & other stakeholders; 
 Prepare and submit all repor ts and communication to Managing 
Director; 
 The administrative domain of Officer-in-Charge (R&R) include:[ 
 Approval of eligibility list 
 Approval of Progress Reports 
 Procurement of Consultancy services for R&R components; 
 Release of payment to Consultants and NGO 
  "
96,PDF page 96," 
                                                                                                       General Consultant for Mumbai METRO LINE 3 
Updated Social            Impact Assessment Report (Volume - I)   Page 77
    
POSITION RESPONSIBILITIES 
NGO  Act as Interface between PAPs and MMRCL 
 Provide assistance to MMRC in carrying out entire R&R process 
 Carry out consultation with PAPs 
 Identify PAPs and assist in preparation if ID cards 
 Compile and document pre -during-post implementation grievances, 
participate in the process of GRCs and assist in addressing them in 
timely manner 
 Assist in opening and operation of PICs in various locations 
 Issuing notices and holding meetings with PAPs 
 Carryout individual, group and community consultation and 
communication with PAPs during various stages of R&R 
 Assess special needs of vulnerable PAPs and such other PAPs requiring 
special attention and assist in preparing and implementing plans for 
them, as may be necessary 
 Assist in distribution of entitlements, shifting of PAPs and clearance of 
lands 
 Prepare plans for relocation of community structures and assets in 
consultation with concerned parties and assist such relocation 
 Assist in maintenance of data and preparation of reports and 
documents 
 Provide inputs in and facilitating monitoring and evaluation of R&R at 
various stages by attending meetings, carrying out field visits etc. 
 Assist in attending to immediate concerns of the shifted PAPs and 
facilitate registration of Cooperative Housing Societies of  the shifted 
PAPs. 
Implementation Support of 
R & R Consultant 
 Preparation of database of affected structures, families, persons; 
 Verification of database through field survey; 
 Improve monitoring system; 
 Capacity building, 
 Regular follow up implementation activities and other relevant 
activities. 
 Assistance in information dissemination 
 Documentation and reporting 
 Report to Officer-in-Charge (R&R) 
Public Relation Consultant  Report to the MMRC 
 Coordinate with PR agency in information sharing on R&R activities of 
the project; 
 Ensure availability of information to PAPs and other stakeholders; 
 Coverage of progress of R&R activities in the print and electronic 
media. 
Grievance Redress 
Committee 
 FLGRC: address grievances relating to individual eligibility and 
entitlement; 
 SLGRC: review decisions of FLGRC on grievance petitions filed by PAPs, "
97,PDF page 97," 
                                                                                                       General Consultant for Mumbai METRO LINE 3 
Updated Social            Impact Assessment Report (Volume - I)   Page 78
    
POSITION RESPONSIBILITIES 
Independent Evaluation 
Agency 
 Evaluate the implementation of the various provisions and activities 
planned in the resettlement process; 
 Review the plan of implementation in the light of the targets, budget 
and duration that had been laid down in the plan. 
   
  
 
 
 
 
 
 
 
 
 
 
 
 
 
 
 
 
 
 
 
 
 
 
 "
98,PDF page 98," 
                                                                                                       General Consultant for Mumbai METRO LINE 3 
Updated Social            Impact Assessment Report (Volume - I)   Page 79
    
 
 
 
 
 
 
 
 
 
 
 
 
 
 
 
 
 
 
 
 
 
 
 
 
 
 
 
 
FIGURE 7.1 
INSTITUTIONAL FRAMEWORK FOR IMPLEMENTATION OF RESETTELEMENT   
 
SUPPORT STAFF 
Secretarial Services-3 
Computer Operator-3 
 
Non-Government 
Organisation (NGO) "
99,PDF page 99," 
                                                                                                       General Consultant for Mumbai METRO LINE 3 
Updated Social            Impact Assessment Report (Volume - I)   Page 80
    
FIGURE 7.2 
ORGANISATIONAL STRUCTURE OF FLGRC and SLGRC 
 
 
 
 
 
 
 
 
 
 
7.7  External Evaluation Agency 
MMRC will appoint an External Evaluation Agency to evaluate the Implementation of SIA in the MML-
3 project for two terms, Mid -term and End-Term. Based on the updated implementation Schedule, 
the Mid-Term External Evaluation Agency would be appointed by January 2021 and will publish their 
Mid-term Evaluation report by June 2021. For the End -term, MMRC will reappoint External Agency 
by February 2025 which will publish their End-term evaluation report by July 2025. 
 
 
 
 
 
 
 
 
 
 
 
 
RESPONDENTS 
 RESPONDENTS 
MMRC / GC 
Representative 
MMRC / GC 
Representative "
100,PDF page 100," 
                                                                                                       General Consultant for Mumbai METRO LINE 3 
Updated Social            Impact Assessment Report (Volume - I)   Page 81
    
8. RELOCATION AND RESETTLEMENT SITE 
8.1       BACKGROUND 
As per the R&R Policy of MUTP, the site for resettlement shall be selected out of the feasible options as a 
part of the resettlement. Environmental Impact Assessment (EIA) of the resettlement site shall be carried 
out as part of the preparation of Community Environment al Management Plan (CEMP). During 
preliminary public consultation it was noted that most of the residential and commercial PAFs prefer to 
resettle near their previous place of residence and business. Based on the collected data there are 2739 
affected residential and commercial PAFs are to be rehabilitated properly. Resettlement requirements for 
the project can be categorized for Encroachments / Slum Dwellers on public land, Legal Title Holders / 
Occupants of Formal Buildings, Footpath Occupiers / Licensed Stall Holders on public land, and Others 
(Govt.). The finalization for selection of Resettlement site would be taken in consultation of PAFs, MMRC 
officers and other concerned Departments. 
8.2     RESETTLEMENT OPTIONS 
Resettlement requirements for the project can be categorized for   
1. Encroachments / Slum Dwellers on public land,  
2. Legal Title Holders / Occupants of Formal Buildings,  
3. Footpath Occupiers / Licensed Stall Holders on public land, and  
4. Others (Govt.). 
5. Formal legal buildings 
Resettlement and Rehabilitation may be considered as per the availability of land.  
A strategy needs to be finalized for resettlement of the PAPs of category - 2 - Legal title holders/ Legal 
Occupants of formal buildings. 
MMRC has appointed M/S Catapult Realty Consultants for planning local area resettlement options for the 
legal title holders at Kalbadevi and Girgaon station areas and make assessment for their resettlement even 
by including host tenements of adjacent buildings for making the resettlement issue viable with proper 
planning. They will draw a plan and submit their comprehensive recommendation/suggestions for 
catering the need of above mentioned two localities. MMRC will finalize the decision of re-development of 
the area. This will have additional impact on number of PAPs and also the cost.   
 
8.2.1 Encroachers and slum Dwellers on public land: 
Majority of PAPs are from this category, it will be possible to resettle them as per the MUTP R&R Policy, 
in the ready tenements located R&R colonies at following locations: 
1. Premier, Kurla (West) * 
2. Chakala, Andheri (East)* 
3. Antop Hill, Wadala 
4. Kanjurmar (East) P2 
5. Hariyali Village, Kanjurmarg (East) 
6. Durga Nagar, Majas 
* Subject to approval from state Govt. 
Details of these colonies are given in table 8.1 to 8.7. "
101,PDF page 101," 
                                                                                                       General Consultant for Mumbai METRO LINE 3 
Updated Social            Impact Assessment Report (Volume - I)   Page 82
    
TABLE 8.1 
DETAILS ABOUT RESETTLEMENT SITE AT PREMIER KURLA (WEST) 
 
1 No. of Buildings constructed 01, Building no.10 ( A to F wings). 
2 Type of Construction G+12. 
3 Total   number of Tenements 556 
4 Carpet area each of residential 
tenement 
269 Sq. ft. 
5 Cost per residential tenements Land and buildings procured from Private 
Developer against TDR. 
Estimated Land + Building value of tenement as per 
Ready Reckoner, 2020-2021 is  
₹ 32,22,500/- (₹128,900/ sq. m.) 
6 Cost per commercial tenements Land and buildings pro cured from Private 
Developer against TDR. 
Estimated Land + Building value of tenement as per 
Ready Reckoner, 2020-2021 is  
₹ 38,39,076/- (₹1,83,600/- per sq. m.) 
7 Social amenities A Society Office, Balwadi, Welfare Centre etc. 
Note: The amounts for tenements at Kurla West (Table 8.1) are values and not costs. 
 
 
TABLE 8.2 
DETAILS ABOUT RESETTLEMENT SITE AT CHAKALA, ANDHERI (EAST)  
1 No. of Buildings constructed 3 
2 Type of Construction ST+13, G+13 and G+15  
3 Total   number of Tenements 1300 Residential + 8 Commercial. 
4 Carpet area each of residential 
tenement 
269 Sq. ft. 
5 Cost per residential tenements Land and buildings procured from Private 
Developer against TDR. 
Estimated Land + Building value of tenement as per 
Ready Reckoner, 2020-2021 is  
₹ 41,93,500/- (₹ 1,67,740/ sq. m.) 
6 Cost per commercial tenements Land and buildings procured from Private 
Developer against TDR. 
Estimated Land + Building value of tenement as per 
Ready Reckoner, 2020-2021 is  
₹ 69,19,119/- (₹3,30,900/- per sq. m.) 
7 Social amenities A Society Office , Balwadi  and Welfare Centre  
Note: The amount for tenements at Chakala, Andheri East (Table 8.2) are values and not costs. 
 
TABLE 8.3 
DETAILS ABOUT RESETTLEMENT SITE AT ANTOP HILL, WADALA 
1 No. of Buildings constructed 1 
2 Type of Construction G+7 "
102,PDF page 102," 
                                                                                                       General Consultant for Mumbai METRO LINE 3 
Updated Social            Impact Assessment Report (Volume - I)   Page 83
    
3 Total   number of Tenements 34 
4 Carpet area each of residential 
tenement 269 Sq. ft. 
5 Cost per residential tenements 
Land and buildings procured from Private 
Developer against TDR. 
Estimated Land + Building value of tenement as per 
Ready Reckoner, 2020-2021 is  
₹ 22,90,000/- (₹ 91,600/ sq. m.) 
6 Social amenities A Society Office, Balwadi and Welfare Centre 
                        Note: The amount for tenements at Antop Hill, Wadala (Table 8.3) are values and not costs. 
 
TABLE 8.4 
DETAILS ABOUT RESETTLEMENT SITE AT KANJURMARG (EAST) P-2 
1 No. of Buildings constructed 1 
2 Type of Construction G+15 
3 Total number of Tenements 94 
4 Carpet area of residential 
tenements 269 Sq. ft. 
5 Cost per residential tenements 
Land and buildings procured from Private 
Developer against TDR. 
Estimated Land + Building value of tenement as per 
Ready Reckoner, 2020-2021 is   
₹ 32,35,500/-(₹ 1,29,420/- per sq. m.) 
6 Social amenities A Society  Office,  Balwadi  and  Welfare Centre  
Note: The amount for tenements at Kanjurmarg (East) P-2 (Table 8.4) are values and not costs. 
 
TABLE 8.5 
DETAILS ABOUT RESETTLEMENT SITE AT HARIYALI VILLAGE, KANJURMARG (EAST)  
 
1 No. of Buildings constructed  4 
2 Type of Construction  G 
3 Total number of Tenements  10 
4 Carpet area of 
commercial tenements  225 Sq. ft. 
5 Cost per commercial tenements 
Land and buildings procured from Private Developer 
against TDR. 
Estimated Land + Building value of tenement as per 
Ready Reckoner, 2020-2021 is  
₹ 33,57,937/- (₹ 1,60,590/- per sq. m.) 
7 Social amenities A Society  Office,  Balwadi  and  Welfare Centre  
Note: The amount for tenements at Hariyali Village, Kanjurmarg (E.) (Table 8.5) are values and not costs. 
 
 
 
 
 "
103,PDF page 103," 
                                                                                                       General Consultant for Mumbai METRO LINE 3 
Updated Social            Impact Assessment Report (Volume - I)   Page 84
    
TABLE 8.6 
 
DETAILS ABOUT RESETTLEMENT SITE AT DURGA NAGAR, MAJAS 
 
1 No. of Buildings constructed  4 
2 Type of Construction  G+7 
3 Total number of Tenements  12 
4 Carpet area of 
commercial tenements  225 Sq. ft. 
6 Cost per commercial tenements 
Land and buildings procured from Private Developer 
against TDR. 
Estimated Land + Building value of tenement as per 
Ready Reckoner, 2020-2021 is  
₹ 36,82,251/- (₹1,76,100/- per sq. m.) 
Note: The amount for tenements at Durga Nagar, Majas (Table 8.6) are values and not costs. 
 
 
TABLE 8.7 
 
DETAILS ABOUT RESETTLEMENT SITE AT Kalbadevi-K3 Building-(Kalbadevi Heights). 
 
1 No. of Buildings constructed  1. 
Basement (Services),  
G+1 (Commercial & Amenities) 
2nd & 3rd (Services) 
4th To 37th (Residential) 
2 Type of Construction  G+37. 
3 Total number of Tenements  291 
4 Carpet area of 
residential tenements  405 sq.ft, 430 sq.ft, 500sq.ft, 550sq.ft. 
5 Cost per residential tenements Estimated Land + Building value of tenement as per 
Ready Reckoner, 2020-2021 is ₹ 2,32,890/- per sq. m. 
6 Cost per commercial tenements 
Estimated Land + Building value of tenement as per 
Ready Reckoner, 2020-2021 is  
₹3,63,600 per sq. m. for shops 
7 Social amenities Society Office, Mechanized Parking Tower, Gym, 
Integrated with Metro Structure below 
Note: The sizes of the tenements are different therefore the Ready Reckoner Rate for per square meter is 
mentioned for the value of tenements at Kalbadevi K3 Building (Table 8.7). 
 
TABLE 8.8 
 
DETAILS ABOUT RESETTLEMENT SITE AT G3 Building (Girgaon Heights). 
1 No. of Buildings constructed  1. 
Basement (Services),  
G+1 (Commercial & Amenities) 
2nd & 3rd (Services) 
4th To 37th (Residential) 
2 Type of Construction G+48. 
3 Basements (Parking. & Services) 
Ground to 7th (Comm. & Part Services)  
8th & 9th (Comm., Services & Amenities)  
10th to 18th (Resi. & Comm.) + 19th to 48th (Resi.) 
3 Total number of Tenements  471 (residential)+137 (Commercial). 
4 Carpet area of 
residential tenements  405sq.ft., 500sq.ft., 550sq.ft., 600sq.ft., 700sq.ft. "
104,PDF page 104," 
                                                                                                       General Consultant for Mumbai METRO LINE 3 
Updated Social            Impact Assessment Report (Volume - I)   Page 85
    
5 Cost per residential tenements 
Estimated Land + Building value of tenement as per 
Ready Reckoner, 2020 -2021 is  ₹ 2,69,590/- per sq. 
m. 
6 Cost per commercial tenements 
Estimated Land + Building value of tenement as per 
Ready Reckoner, 2020-2021 is ₹ 4,96,100/sq.mt. for 
Shops and ₹ 4,54,500/sq.mt.  office. 
7 Social amenities 
Podium Garden, Society Office, Gym, Terrace Amenity 
Space, Commercial Centre, Integrated with Metro 
Structure below. 
Note: The amount for tenements at Girgaon G3 Building (Table 8.8) is value as per Ready RECKNER Rate 
PER Sq. mtr. and  not costs. 
 
 
TABLE 8.9 
 
DETAILS ABOUT RESETTLEMENT SITE AT K2 Building (Kalbadevi Commercial Centre).  
 
1 No. of Buildings constructed  1. 
Basement (Services),  
G+1 (Commercial & Amenities) 
2nd & 3rd (Services) 
4th To 37th (Residential) 
2 Type of Construction  G+16. 
3 Total number of Tenements  Commercial tenements 
4 Carpet area of 
commercial tenements 
 Fish Market + 21 Ancillary Shops, 33 Commercial 
Units, 
Office: 825.12 Sq.m Carpet Area (9th -16th Floor) 
5 Cost per commercial tenements 
Estimated Land + Building value of tenement as per 
Ready Reckoner, 2020 -2021 is ₹ 3,63,600/sq.mt. for 
shops and ₹3,39,500/sq.mt. for office 
6 Social amenities 
Society Office, Mechanized Parking Tower, Separate 
Access points for Market and Commercial floors 
above, Integrated with Metro Structure below 
Note: The amount for tenements at Kalbadevi K2 Building (Table 8.9)  is value as per Ready RECKNER Rate 
PER Sq. mtr. and  not costs. 
 
The location of resettlement sites are presented in Figure 8.1 to Figure 8.9. 
The typical floor layout plan of R&R buildings is given in Figure 8.8. 
 
 
 
 
 
 
 
 
 
 
 
 "
105,PDF page 105," 
                                                                                                       General Consultant for Mumbai METRO LINE 3 
Updated Social            Impact Assessment Report (Volume - I)   Page 86
    
 
FIGURE 8.1 
RESETTLEMENT SITE AT PREMIER KURLA (WEST) 
 
 
 
 
 
 
 
 
 
 
 
 
 
 
"
106,PDF page 106," 
                                                                                                       General Consultant for Mumbai METRO LINE 3 
Updated Social            Impact Assessment Report (Volume - I)   Page 87
    
 
 
FIGURE 8.2 
RESETTLEMENT SITE AT CHAKALA, ANDHERI (EAST)  
 
 
 
 
"
107,PDF page 107," 
                                                                                                       General Consultant for Mumbai METRO LINE 3 
Updated Social            Impact Assessment Report (Volume - I)   Page 88
    
FIGURE 8.3 
RESETTLEMENT SITE AT ANTOP HILL, WADALA 
 
 
 
 
 
 
 
 
 
 
"
108,PDF page 108," 
                                                                                                       General Consultant for Mumbai METRO LINE 3 
Updated Social            Impact Assessment Report (Volume - I)   Page 89
    
FIGURE 8.4 
RESETTLEMENT SITE AT KANJURMARG (EAST), P-2 
 
 
 
 
 
 
 
 
 
 
"
109,PDF page 109," 
                                                                                                       General Consultant for Mumbai METRO LINE 3 
Updated Social            Impact Assessment Report (Volume - I)   Page 90
    
FIGURE 8.5 
RESETTLEMENT SITE AT Kalbadevi-K3 Building-(Kalbadevi heights). 
 
 
 
 
 
 
 
 
 
 
 
 
 
 
 
 
 
 
 
 
"
110,PDF page 110," 
                                                                                                       General Consultant for Mumbai METRO LINE 3 
Updated Social            Impact Assessment Report (Volume - I)   Page 91
    
FIGURE 8.6 
 
RESETTLEMENT SITE AT G3 Building (Girgaon heights). 
 
 
 
 
 
 
 
 
 
 
 
 
"
111,PDF page 111," 
                                                                                                       General Consultant for Mumbai METRO LINE 3 
Updated Social            Impact Assessment Report (Volume - I)   Page 92
    
FIGURE 8.7 
RESETTLEMENT SITE  AT K2 Building (Kalbadevi Commercial Centre). 
 
 
 
 
 
 
 
"
112,PDF page 112," 
                                                                                                       General Consultant for Mumbai METRO LINE 3 
Updated Social            Impact Assessment Report (Volume - I)   Page 93
    
FIGURE 8.8 
TYPICAL FLOOR PLAN 
 
 
In case of local Slum Rehabilitation Scheme covering the PAPs (like in the case of MIDC & BKC), the MMRC 
could give NOC for the Scheme subject to timely clearance of land required for Metro -3 project by the 
developer. Alternatively, PAPs will be provided permanent alternative accommodation to join Slum 
Rehabilitation Scheme later by surrendering tenements to MMRC. 
8.2.2 Legal Title Holders and Occupants of Formal Buildings: 
In-situ redevelopment policy is approved for the rehabilitation of affected families of Kalbadevi and 
Girgaon Metro Stations. The In -situ rehabilitation will be done as per MCGM DC regulation 33/7. Three 
multistoried buildings will be constructed integrated with Kalbadevi and Girgaon Metro Stations.  
The process of In-situ redevelopment of affected buildings at Kalbadevi K2 Block and K3 Block, Girgaon 
G3 Block has been initiated. The detailed scheme is prepared by  Architect Consultant and same is 
submitted to Statutory Authorities for approval. The In -situ scheme of residential and Non -residential 
PAPs of Kalbadevi and Girgaon Metro station is as follows: 
(1) “Kalbadevi Heights (K3 Block)” at Kalbadevi - The Building wi th composite allocation of 
Residential and non-residential PAPs. 
(2) “Kalbadevi Commercial Centre (K2 Block)” at Kalbadevi- The Building with fully non-residential 
allocation along with Fish market. 
(3) “Girgaon Heights” at Girgaon  (G3 Block) – The Building with composite allocation of Residential 
and non-residential PAPs 
The Contractor for Construction of residential cum commercial high rise building at Kalbadevi (“Kalbadevi 
Heights”) has already been appointed. Appointment of Contractor for construction of high rise buildings 
for “Girgaon Heights” is in progress. 
 
 
"
113,PDF page 113," 
                                                                                                       General Consultant for Mumbai METRO LINE 3 
Updated Social            Impact Assessment Report (Volume - I)   Page 94
    
8.2.3 Footpath Occupants / Licensed Stall Holders:  
Most of these are small commercial stalls within the ROW on roads or footpaths, which are dependent on 
their business on pedestrian clients. Hence these stalls are relocated in the existing ROW just outside the 
area affected by the station works. The planning for such relocation was carried out with the help of 
engineering team and in consultation with the MCGM. In cases, where such relocation was not feasible, 
MMRC offered the PAPs available resettlement options irrespective of their acceptability.  
8.2.4 Others (Government structures):  
The resettlement options for PAPs at Vidhan Bhavan (Government and political party offices), MIDC 
(Police Quarters) and Aarey Colony (Office Staff Quarters) are proposed to be worked out through 
negotiations as a part of land transfer arrangements, which may involve construction of new buildings on 
same plot (unaffected part) or adjacent lands of the owner. 
Transit accommodation for the current occupants is provided by MMRCL.  
All the government structures have been relocated and resettled in a proper manner. 
  "
114,PDF page 114," 
                                                                                                       General Consultant for Mumbai METRO LINE 3 
Updated Social            Impact Assessment Report (Volume - I)   Page 95
    
9. IMPLEMENTATION SCHEDULE 
9.1       BACKGROUND 
The implementation schedule for resettlement plan has been scheduled as per the overall project 
implementation. It has been decided to commence civil works after 70% of land required for the project 
is obtained through acquisition, transfer etc. Public consultation, internal monitoring and grievance 
redress shall be underta ken intermittently throughout the project duration. However, the schedule is 
subject to modification depending on the progress of the project activities. As part of advance actions, 
MMRC has established the GRC, and initiated the resettlement implementatio n. The R&R activities of 
proposed project are divided into three broad categories based on the stages of work and process of 
implementation. The details of activities involved in these three phases are project preparation phase, 
resettlement phase and Monitoring and Evaluation (M&E) phase. 
9.2     PROJECT PREPARATORY STAGE (PRE-IMPLEMENTATION STAGE) 
Identification of required land for acquisition, census socio -economic survey, preparation and 
review/approval of SIA, disclosure of SIA, establishment of GRC and preparation of resettlement site will 
be major task during the preparatory stage. 
9.3      IMPLEMENTATION STAGE 
The Land Acquisition and Resettlement Plan (LARP), at this stage, needs to be approved and will be 
disclosed to the PAPs. Upon the approval of LA RP, all the arrangements for fixing the compensation and 
the disbursement need to be done which includes payment of all eligible assistance; relocation of PAPs; 
site preparation for delivering the site to contractors for construction and finally commenceme nt of the 
civil work. Considering the lengthy and time taking process for land acquisition, this step has been taken 
by the MMRC in advance which is being followed as per the Metro Railways Construction Act. Internal 
monitoring will be the responsibility o f MMRC which will start in early stage of the project when 
implementation of LARP starts and will continue till the completion of the implementation of LARP. MMRC 
will be responsible for carrying out the monitoring on half yearly basis. Mid-term and end-term evaluation 
will be done by an Independent Evaluation Agency (IEA). 
9.4      IMPLEMENTATION SCHEDULE 
LARP for the proposed metro rail project including various sub tasks and timeline matching with civil 
work schedule is prepared and presented in Table 9.1. 
 
 
 
 
 
 
 "
115,PDF page 115," 
                                                                                                       General Consultant for Mumbai METRO LINE 3 
Updated Social Impact Assessment Report (Volume - I)   Page 96
    
9 10 11 12 1 2 3 4 5 6 7 8 9 10 11 12 1 2 3 4 5 6 7 8 9 10 11 12 1 2 3 4 5 6 7 8 9 10 11 12 1 2 3 4 5 6 7 8 9 10 11 12 1 2 3 4 5 6 7 8 9 10 11 12 1 2 3 4 5 6 7 8 9 10 11 12 1 2 3 4 5 6 7 8 9 10 11 12 1 2 3 4 5 6 7 8 9 10 11 12 1 2 3 4 5 6 7 8 9 10 11 12 1 2 3 4 5 6 7 8 9 10 11 12 1 2 3 4 5 6 7 8 9 10 11 12
A.
1 Identification of required land for acquisition
2 Census & Socio‐economic survey
3 Community /Public Consultation
4 Preparation of Draft SIA
5 Submission of Revised SIA
6 Review/Approval of SIA
7 Information Brochure in local language (Hindi & Marathi)
8 Disclosure of SIA
9 Establishment of Grievance Redress Committee
10 Preparation of Resettlement Site#
11 Additional Census and Socio‐economic Survey based on final alignment
12 Finalization of updated SIA
B.
1 Notification of Land Acquisition
2 Joint Measurement Survey
3 Draft‐notification by GoM
4 Suggestion and objection by PAPs 
5 Hearing by Competent Authority
6 Declaration of award of compensation (Final Notification)
7 R&R Provision & Shifting of PAPs
1 Consultation and allotment of resettlement site for  Non‐title holders
2 Shifting of PAPs
1 Grievance redress
C.
1 Internal Monitoring
2 External Evaluation
Project Preparation Stage
Monitoring and Evaluation (M&E)
Construction of Permanent Rehabiliation Accomoodations for the PAPs of Kalbadevi and Girgaon
# Applicable only for PAPs shifted to Resettlement Colonies.
2018
Sr. No.
Compensation for title holder
Resettlement assistance for non‐title holder 
2016
Actions
2014 2015
Grievance redress
2017
Land Acquisition & Resettlement Plan Implementation
Permanent Shifting of Kalbadevi and 
Girgaon PAPs 
Mid- Term 
Evaluation
End-Term 
Evaluation
2022
Implementation Schedule of Land Acquisition and Resettlement
2019 2020 2021 2023 2024 2025
Table 9.1 
 
 
 
 
  
 
 
 
 
 
 
 
 
 
 
 
 
 
 
 "
116,PDF page 116," 
                                                                                                       General Consultant for Mumbai METRO LINE 3 
Updated Social        Impact Assessment Report (Volume - I)   Page 97
    
CHAPTER 10 RESETTLEMENT ASSISTANCE PLAN AND COST ESTIMATE 
10.1 BACKGROUND 
This chapter presents an overview of eligibility for entitlement, valuation of and compensation for losses, 
income restoration and cost estimates . The cost estimate for land and structures is based on the actual 
payments done as per the valuations conducted by Competent Authority. The budget is indicative and for 
some of the expenses to be incurred, costs will be updated and adjusted to inflation rate as the project 
continues and during implementation. It is pertinent to note that the final compensation amount for most 
of the lands acquired and structures has been determined by the Competent Authority under MMRDA Act, 
1974.  
10.2 VALUATION AND COMPENSATION FOR LOSSES 
Land requirements have been kept to the barest minimum and worked out on area basis. A cquisition of 
private land has been minimized as far as possible. Private land for metro rail project shall be acquired by 
MMRCL. 
10.3 COMPENSATION FOR LAND & STRUCTURE 
The Compensation for Land and Structures thereon has been considered as per the market value . The 
tabular statement for detailed acquisition of land and loss of structure is given in table 3.2. The total cost 
of private land plus building for compensation has been presented in capital cost estimate. The cost 
including contingencies for private land plus building. Please refer table no. 10.1. 
10.4 REPLACEMENT COST FOR NON-TITLEHOLDERS & TITLE HOLDERS 
Rehabilitation of residential and non-residential non-titleholders PAFs will be done by MMRC. PAFs losing 
residential units shall be offered tenements each at any R&R site. PAFs losing non-residential units shall 
be offered up to 225 sq. ft. shop area. The non -residential PAPs losing over 225 sq. ft., will have a choice 
to purchase additional area beyond 225 sq. ft. and up to 750 sq. ft. at market cost of each site according to 
their eligibility as per R&R policy. Please refer table no. 10.1. 
Relocation to the non-title holders have been given to the extent 269 Sq. ft. instead of 225 Sq. ft. as mention 
earlier. 
MMRC has decided to provide relocation for Kalbadevi and Girgaon area in the vicinity of Kalbadevi and 
Girgaon. The size of the premises for relocation are stated hereunder:  
Existing Carpet Areas Residential (in Sq. Ft.)  Proposed Carpet Area Residential (in Sq. Ft.) 
Less than 202.5 Sq. ft.     405 Sq. Ft. 
202.5 sq. ft. to 300 sq. ft.    Double the existing carpet area of unit 
300 sq. ft. to 444.5 sq. ft.    600 sq. ft. 
More than 444.5 sq. ft.    35% extra carpet area of the unit  
Existing Commercial units are proposed to get 20% increase in the existing carpet area of 
the commercial unit. 
10.5 SHIFTING ALLOWANCE 
For each of the displaced project affected family on Government lands has been provided transportation 
facilities for shifting of household materials and belongings etc. For the title holders or legal tenants in "
117,PDF page 117," 
                                                                                                       General Consultant for Mumbai METRO LINE 3 
Updated Social        Impact Assessment Report (Volume - I)   Page 98
    
Kalbadevi and Girgaon have been paid Rs. 25,000 for shifting to temporary accommodation. For shifting 
back to Permanent Alternate Accommodations, the PAFs of Kalbadevi and Girgaon would be paid shifting 
allowance of one-time Rs. 35,000. Please refer table no. 10.1. 
10.6 COMMUNITY OPERATED FUND 
For those who permanently lose their jobs, the rehabilitation package shall include access to employment 
information through employment exchange and training facilities. Moreover, community operated fun d 
will be created to provide seed capital and other loans. Community operated fund could be linked with 
community saving programs; the fund could be controlled and monitored by the community with the 
assistance of Non-Governmental Organization (NGO).  
For the PAFs on Govt. lands, MMRC has funds at the rate of Rs. 20000/unit to the society for further 
maintenance etc.  
MMRC also offered for employment generation and jobs, however, the response from PAFs was very poor.  
10.7 RELOCATION OF RELIGIOUS PROPERTY 
About Seventeen religious’ structures are affected due to the proposed project. The rehabilitation benefit 
will be provided as per JICA guidelines.  
Please refer table no. 10.1. 
10.8 RELOCATION OF OTHER COMMUNITY RESOURCES 
It is observed from the study that total 103 other structures (including 13 public toilets) are affected. A 
lump sum amount has been considered for relocation of community’s properties. Please refer table no. 
10.1.  
10.9 COMPENSATION FOR ECONOMIC LOSSES: 
Every effort is being made to relocate the affected households to nearby site and thus avoid cutting access 
to existing employment and income earning sources.  
a) If the relocation of workers/ employees results in an increase in travel distance to reach the 
original place of work or new place of work, a lump sum compensation not exceeding twelve 
quarterly season tickets for such excess distance by suburban railway at the time of resettlement 
shall be paid to such workers / employees subject to actual verification of extra expenditure 
incurred. 
b)  If it turns out to be impossible to continue present occupation or where workers/ employees/ 
entrepreneurs permanently lose their source of livelihood, because of displacement, a lump sum 
compensation equivalent to one year's income be given to such workers/ emplo yees/ 
entrepreneurs at the rates to be determined by the R & R implementing agency. 
c) Vulnerable households such as women headed households, handicapped and the aged will be 
extended an additional package of rehabilitation services to help them overcome the difficulties 
on account of resettlement. This will include preference in allotment of dwelling units on the 
ground floor for the handicapped and preference in sanctioning of loans from the fund mentioned "
118,PDF page 118," 
                                                                                                       General Consultant for Mumbai METRO LINE 3 
Updated Social        Impact Assessment Report (Volume - I)   Page 99
    
below. Any further assistance required for vulnerabl e PAPs will be determined during 
resettlement. 
d) For those who permanently lose their jobs, the rehabilitation package shall include access to 
employment information through employment exchange and training facilities. Moreover, 
community operated fund will be created to provide seed capital and other loans. Community 
operated fund could be linked with community saving programs. The fund could be controlled 
and monitored by the community with the assistance of Non-Governmental Organization (NGO). 
10.10 COST ESTIMATE FOR R&R 
The cost for implementation of Resettlement and Rehabilitation Plan is given in Table 10.1. The total cost 
for R&R implementation plan is ₹ 2,11,082 Lacs. 
TABLE 10.1 
COST FOR RESETTLEMENT & REHABILITATION 
 
Sr. No. Particulars Total  
A LAND AND PREMIUM EXPENSES 
 
1 Land Acquisition and Compensation Cost 50,680.0 
2 Fungible FSI premium + TDR Cost  + Premium FSI Cost  7,470.0 
  Total (A) 58,150.0    
B APPROVAL EXPENSES  
 
1 Scrutiny Fees, IOD and other deposits (Approximates) 1,260.0 
2 Development Cess (BUA- Plot Area x 1.33) x 6050 3,570.0 
3 Staircase and Lift Premium (30% x Sale FSI x 25% x RRR x 10%) 890.0 
4 Open Space Deficiency (Approximate) 380.0 
5 Labour Cess (1% on Total Construction BUA i.e Rehab, Sale and Parking 
(F+G+H)  
160.0 
6 Water + Sewerage (Rs.285 / Sq. Mtrs of Total BUA + 70% Sewerage) 470.0 
7 Development Charges Land Component (1%) + Const. Component (4%)) 1,690.0 
8 Miscellaneous Expenses (Approximate) 1,530.0 
9 Assessment Charges (Approximate) 2,680.0 
  Total (B) 12,630.0    
C REHABILITATION AND RESETTLEMENT EXPENSES 
 
1 Rent towards PAPs accommodation 35,770.0 
2 Compensation to PAPs 1,310.0 
3 Corpus - 
4 Shifting & Brokerage  760.0 
5 S.D. Registration of Tenant Agreements (6% of Rent and Brokerage) 1,010.0 
6 Maintenance and Repairing Expenses 1,920.0 
7 Site Expenses (Festivals/ Local nuisance/ Others + Site Offices) 810.0 
8 Relocation of Religious Structures  20.0 
9 Reallocation of Community Resources 500.0 
10 PAP related miscellaneous expenses 360.0 "
119,PDF page 119," 
                                                                                                       General Consultant for Mumbai METRO LINE 3 
Updated Social        Impact Assessment Report (Volume - I)   Page 100
    
11 Employment Allowance Fund - 
12 Post Resettlement Activity 50.0 
13 Expenditure on contractor 500.0 
14 Provision (for Tenements given by authorities as per GoM directives) 7,770.0 
  Total (C) 50,780.0    
D CONSULTANT RELATED EXPENSES 
 
1 Marketing & Brokerage Expenses  1,370.0 
2 Architect /Consultant Fees         3,670.0 
3 Independent Evaluation Agency  80.0 
4 NGO Cost 40.0 
5 Contingency & Miscellaneous overheads 780.0 
  Total (D) 5,940.0    
E CONSTRUCTION EXPENSES 
 
1 Construction - Rehab (including contingencies) 38,520.0 
2 Construction - Free Sale / Incentive area (including contingencies) 25,330.0 
3 Parking Area  1,180.0 
4 Interest on loans 8,500.0 
5 Escalation on Construction Cost  - 
  Total (E) 73,530.0    
  SUB TOTAL (A+B+C+D+E) 2,01,030.0  
Miscellaneous Items @ 5% of Sub Total 10,052  
GRAND TOTAL 2,11,082 
 
 
Note:  
1. The cost includes land and buildings on actuals for title holders.  
2. The Notional cost of resettlement for non -title holders is considered as stated in the table no. 10.1 for a 
tenement of 269 sq. ft. which MMRCL has planned. 
3. The in-situ rehabilitation scheme of  Kalbadevi and Girgaon station areas will have additional cost impacts 
which has been  incorporated in the table 10.1. 
  "
120,PDF page 120," 
                                                                                                       General Consultant for Mumbai METRO LINE 3 
Updated Social        Impact Assessment Report (Volume - I)   Page 101
    
CHAPTER - 11  MONITORING AND EVALUATION 
11.1 BACKGROUND 
Monitoring & Evaluation are critical activities in involuntary resettlement. Monitoring involves periodic 
checking to ascertain whether activities are progressing as per schedule while evaluation is essentially to 
assess the performance of PAPs at the end of the project. For this purpose, a monitoring and evaluation 
(M&E) program is required to be developed to provide feedback to project management which will help 
keep the programs on schedule and make them successful. Monitoring and Evaluation of R&R gives an 
opportunity to the implementation and the funding agency to reflect broadly on the success of the basic 
R&R objectives, strategies and approaches. However, the objective of conducting M&E is to assess the 
efficiency and efficacy in implementation R&R activities, impact and sustainability, drawing lessons as a 
guide to future resettlement planning. 
Monitoring will give particular attention to the project affected vulnerable groups such as scheduled 
castes, BPL families, women headed households, widows, old aged and the disabled. RAP implementation 
will be monitored internally. MMRC will be responsibl e for internal monitoring through their field level 
officers of R&R cell and will prepare quarterly reports on the progress of RAP implementation. An 
Independent Evaluation Consultant may be hired by MMRC for mid and end term evaluation of RAP 
implementation. 
11.2 INTERNAL MONITORING 
The internal monitoring for RAP implementation will be carried out by MMRC. The main objectives of 
internal monitoring are to: 
 measure and report progress against the RAP schedule; 
 verify that agreed entitlements are delivered in full to affected people; 
 identify any problems, issues or cases of hardship resulting from the resettlement process, and to 
develop appropriate corrective actions, or where problems are systemic refer them to the 
management team; 
 monitor the effectiveness of the grievance system 
 Periodically measure the satisfaction of project affected people. 
Internal monitoring will focus on measuring progress against the schedule of actions defined in the RAP. 
Activities to be undertaken by the MMRC will include: 
 Liaison with the Land Acquisition team, construction contractor and project affected communities 
to review and report progress against the RAP; 
 Verification of land acquisition and compensation entitlements are being delivered in accordance 
with the RAP; 
 Verification of agreed measures to restore living standards are being implemented; 
 Identification of any problems, issues, or cases of hardship resulting from resettlement process; 
 Through household interviews, assess project affected peoples’ satisfaction with resettlement  
outcomes; 
 Collection of records of grievances, follow up that appropriate corrective actions have been 
undertaken and that outcomes are satisfactory; 
Monitoring is a continuous process and will be carried out by field level officers of R&R Ce ll on regular 
basis to keep track of the R&R progress. For this purpose, the indicators suggested have been given in 
Table 11.1. 
 
 
 "
121,PDF page 121," 
                                                                                                       General Consultant for Mumbai METRO LINE 3 
Updated Social        Impact Assessment Report (Volume - I)   Page 102
    
TABLE 11.1 
INDICATORS FOR MONITORING OF RAP PROGRESS 
 
INDICATORS PARAMETERS INDICATORS 
Physical 
Extent of land acquired 
Number of structures dismantled 
Number of land users and private structure owners paid compensation 
Number of families affected 
Number of PAPs receiving assistance/compensation 
Number of PAPs provided transport facilities/ shifting allowance 
Financial Amount of compensation paid for land/structure Cash grant for shifting 
Social 
Area and type of house and facility at resettlement site 
Number of time GRC met 
Number of appeals placed before grievance redressal cell 
Number of grievances referred and addressed by GRC 
Number of PAPs approached court 
Grievance 
Consultation for grievance redressal 
PAPs knowledge about their entitlements 
Status of cases pending in court and settled. 
Number of grievance cell meetings 
Number of cases disposed by SMU to the satisfaction of PAPs. 
Baseline socio-economic survey and the land acquisition data provide the necessary benchmark for field 
level monitoring. A format for monitoring of RAP implementation is presented in Annexure 11.1. 
11.3 INDEPENDENT EVALUATION 
As mentioned earlier, an Independent Evaluation Agency (IEA) will be hired by MMRC for mid and end 
term evaluation. A detailed Terms of Reference for IEA is presented in Annexure 11.2. The external 
evaluation will be carried out to achieve the following: 
 Verify results of internal monitoring, 
 Assess whether resettlement objectives have been met, specifically, whether livelihoods and 
living standards have been restored or enhanced, 
 Assess resettlement efficiency, effectiveness, impact and sustainability, drawing lessons as a guide 
to future resettlement policy making and planning. 
 Ascertain whether the resettlement entitlements were appropriate to meeting the objectives, and 
whether the objectives were suited to affected persons’ conditions, 
 This comparison of living standards will be in relation to the baseline information available in the 
BSES. If some baseline information is not available then such information should be collected on 
recall basis during the evaluation. "
122,PDF page 122," 
                                                                                                       General Consultant for Mumbai METRO LINE 3 
Updated Social        Impact Assessment Report (Volume - I)   Page 103
    
The following should be considered as the basis for indicators in monitoring and evaluation of the project. 
The list of impact performance indicators suggested to monitor project objectives is delineated in Table 
11.2. 
TABLE 11.2 
INDICATORS FOR PROJECT OUTCOME EVALUATION 
 
Objectives Risk Factor Outcomes and Impacts 
 The negative impact 
on persons affected 
by the project will 
be minimized. 
 Persons losing 
assets to the project 
shall be 
compensated at 
replacement cost. 
 The project-affected 
persons will be 
assisted in 
improving or 
regaining their 
standard of living. 
 Vulnerable groups 
will be identified 
and assisted in 
improving their 
standard of living. 
 Resettlement plan 
implementation 
may take longer 
time than 
anticipated 
 Institutional 
arrangement may 
not function as 
efficiently as  
expected 
 NGO may not 
perform the task 
as efficiently as 
expected 
 Unexpected 
number of 
grievances 
 Finding a suitable 
rehabilitation site 
for displaced 
population 
 PAPs falling below 
their existing 
standard of living 
 Satisfaction of land owners with the 
compensation and assistance paid 
 Satisfaction of structure owner with 
compensation and assistance 
 % of PAPs adopted the skill acquired 
through training as only economic 
activity 
 % of PAPs adopted the skill acquired 
through training as secondary 
economic activity 
 % of PAPs reported increase in income 
due to training 
 % PAPs got trained in the skill of their 
choice 
 Role of NGO in helping PAPs in 
selecting trade for skill improvement 
 Types of grievances received 
 No. of grievances forwarded to GRC 
and time taken to solve the grievances 
 % of PAPs aware about the GRC 
mechanism 
 % of PAPs aware about the entitlement 
frame work mechanism 
 PAPs opinion about NGO approach and 
accessibility 
Due to the displacement of PAFs in the vicinity to their original location of i nhabitation, there was no 
substantial impact on the livelihood, affecting to very low response to the skill training options provided 
by MMRC. 
Aforementioned outcomes and impacts are in general, however the same would be updated 
as per the report submitted by the Independent Evaluation Agency.  
11.4 REPORTING REQUIREMENTS 
MMRC will be responsible for supervision and implementation of the RAP. MMRC will prepare quarterly 
progress reports on resettlement activities. The Independent Evaluation Consultant will submit draft and 
final reports of their assignment to MMRC and determine whether resettlement goals have been achieved, 
more importantly whether livelihoods and living standards have been restored/ enhanced and suggest 
suitable recommendations for improvement. Submission of the draft report would be carried out after 
completion of assignment and the final report should be submitted after receiving feedback from MMRC. "
123,PDF page 123," 
                                                                                                       General Consultant for Mumbai METRO LINE 3 
Updated Social        Impact Assessment Report (Volume - I)   Page 104
    
REFERENCES 
1. Government of Maharashtra (2000):”Resettlement and Rehabilitation Policy for Mumbai 
2. Urban Transport Project”, Housing and Special Assistance Department, Mumbai. 
3. Government of Maharashtra (2006):”The Mumbai Metropolitan Region Development 
4. Authority Act, 1974, Government Printing, Stationary and Publications, Maharashtra 
5. State, Mumbai. 
6. Government of India ”The Land Acquisition Act, 2013” 
7. Hindustan Times (2011):”Notification “Mumbai Metro Rail Corporation Limited, Mumbai. 
8. JICA (2010):”The Guidelines for Environmental and Social Considerations”, July, Tokyo. 
9. MMRC (2011):”Detailed Project Report for Colaba-Bandra-SEEPZ Metro Corridor”, Final Report, 
November, Mumbai. 
10. MMRDA (2004):”Master Plan for Mumbai Metro”, May, Mumbai. 
11. Navbharat Times (2011):”Notification “Mumbai Metro Rail Corporation Limited, Mumbai. 
 
 
 
 
 
 
 
 
 
 
 
 
 
 
 
 
 "
124,PDF page 124," 
                                                                                                       General Consultant for Mumbai METRO LINE 3 
Updated Social        Impact Assessment Report (Volume - I)   Page 105
    
ANNEXURES 
LIST OF ANNEXURES 
NO  TITLE 
2.1  Public Notification in English 
2.2  Public Notification in Hindi 
2.3  Household Questionnaire 
2.4  Format for Public Consultation 
2.5  Handbill issued to residents 
5.1 to 5.8 Minutes of Public Consultation at Local Level 
5.9  Minutes of Public Hearing at City Level 
5.10-16 Minutes of Public Consultation at Local Level 
5.17 Minutes of Public Consultation of Kalbadevi and Girgaon 
6.1  R&R Policy for MUTP, 2000 
7.1  List of NGOs 
7.2  Draft ToR for R&R Consultant 
7.3  Grievance Redressal Committee Mechanism 
11.1  Format for RAP Implementation 
11.2  ToR for Independent Evaluation Agency 
11.3 Resolution of Board of Directors meeting (MMRCL) held on 6th December, 2014 
 
 
 
 
  
  "
