source_id,source_sha256,page,table,row,column,value_original,reference,verification_status
S019,707dac297cceb21b2b89049c996d1c5e4e276de00309428132d3ecf1bc3e68e3,4,1,1,1,Preface,PDF page 4; detected table 1; row 1; column 1,review_required
S019,707dac297cceb21b2b89049c996d1c5e4e276de00309428132d3ecf1bc3e68e3,4,1,2,1,Executive Summary,PDF page 4; detected table 1; row 2; column 1,review_required
S019,707dac297cceb21b2b89049c996d1c5e4e276de00309428132d3ecf1bc3e68e3,4,1,3,1,"Ch.
No.",PDF page 4; detected table 1; row 3; column 1,review_required
S019,707dac297cceb21b2b89049c996d1c5e4e276de00309428132d3ecf1bc3e68e3,4,1,3,2,Chapters,PDF page 4; detected table 1; row 3; column 2,review_required
S019,707dac297cceb21b2b89049c996d1c5e4e276de00309428132d3ecf1bc3e68e3,4,1,3,3,Authors,PDF page 4; detected table 1; row 3; column 3,review_required
S019,707dac297cceb21b2b89049c996d1c5e4e276de00309428132d3ecf1bc3e68e3,4,1,3,4,"Page
No.",PDF page 4; detected table 1; row 3; column 4,review_required
S019,707dac297cceb21b2b89049c996d1c5e4e276de00309428132d3ecf1bc3e68e3,4,1,4,1,1.,PDF page 4; detected table 1; row 4; column 1,review_required
S019,707dac297cceb21b2b89049c996d1c5e4e276de00309428132d3ecf1bc3e68e3,4,1,4,2,"Observed rainfall features during the
southwest monsoon 2024",PDF page 4; detected table 1; row 4; column 2,review_required
S019,707dac297cceb21b2b89049c996d1c5e4e276de00309428132d3ecf1bc3e68e3,4,1,4,3,"P. Rohini, C.N. Shaligram, P.
Mahajani, S.K. Manik, Rahul
Saxena, A.B. Bandgar, R.
Chattopadhyay, and S.K. Muppa",PDF page 4; detected table 1; row 4; column 3,review_required
S019,707dac297cceb21b2b89049c996d1c5e4e276de00309428132d3ecf1bc3e68e3,4,1,4,4,1-29,PDF page 4; detected table 1; row 4; column 4,review_required
S019,707dac297cceb21b2b89049c996d1c5e4e276de00309428132d3ecf1bc3e68e3,4,1,5,1,2.,PDF page 4; detected table 1; row 5; column 1,review_required
S019,707dac297cceb21b2b89049c996d1c5e4e276de00309428132d3ecf1bc3e68e3,4,1,5,2,"Regional characteristics of the
southwest monsoon 2024",PDF page 4; detected table 1; row 5; column 2,review_required
S019,707dac297cceb21b2b89049c996d1c5e4e276de00309428132d3ecf1bc3e68e3,4,1,5,3,"S.D. Sanap, and R.K. Jenamani",PDF page 4; detected table 1; row 5; column 3,review_required
S019,707dac297cceb21b2b89049c996d1c5e4e276de00309428132d3ecf1bc3e68e3,4,1,5,4,30-44,PDF page 4; detected table 1; row 5; column 4,review_required
S019,707dac297cceb21b2b89049c996d1c5e4e276de00309428132d3ecf1bc3e68e3,4,1,6,1,3.,PDF page 4; detected table 1; row 6; column 1,review_required
S019,707dac297cceb21b2b89049c996d1c5e4e276de00309428132d3ecf1bc3e68e3,4,1,6,2,"Global and regional circulation
anomalies",PDF page 4; detected table 1; row 6; column 2,review_required
S019,707dac297cceb21b2b89049c996d1c5e4e276de00309428132d3ecf1bc3e68e3,4,1,6,3,"C.T. Sabeerali, A.B. Bandgar, P.
Rohini, O.P. Sreejith and S.B.
Ratna",PDF page 4; detected table 1; row 6; column 3,review_required
S019,707dac297cceb21b2b89049c996d1c5e4e276de00309428132d3ecf1bc3e68e3,4,1,6,4,45-63,PDF page 4; detected table 1; row 6; column 4,review_required
S019,707dac297cceb21b2b89049c996d1c5e4e276de00309428132d3ecf1bc3e68e3,4,1,7,1,4.,PDF page 4; detected table 1; row 7; column 1,review_required
S019,707dac297cceb21b2b89049c996d1c5e4e276de00309428132d3ecf1bc3e68e3,4,1,7,2,"Interaction between monsoon
circulation and western disturbances
during the southwest monsoon
season 2024",PDF page 4; detected table 1; row 7; column 2,review_required
S019,707dac297cceb21b2b89049c996d1c5e4e276de00309428132d3ecf1bc3e68e3,4,1,7,3,"Krishna Mishra, R.K. Jenamani,
and S.D. Kotal",PDF page 4; detected table 1; row 7; column 3,review_required
S019,707dac297cceb21b2b89049c996d1c5e4e276de00309428132d3ecf1bc3e68e3,4,1,7,4,64-79,PDF page 4; detected table 1; row 7; column 4,review_required
S019,707dac297cceb21b2b89049c996d1c5e4e276de00309428132d3ecf1bc3e68e3,4,1,8,1,5.,PDF page 4; detected table 1; row 8; column 1,review_required
S019,707dac297cceb21b2b89049c996d1c5e4e276de00309428132d3ecf1bc3e68e3,4,1,8,2,"Prolonged heavy rainfall activities in
Sub-Himalayan West Bengal &
Sikkim (13-20 June) and Tripura (20-
22 August) during the southwest
monsoon season 2024",PDF page 4; detected table 1; row 8; column 2,review_required
S019,707dac297cceb21b2b89049c996d1c5e4e276de00309428132d3ecf1bc3e68e3,4,1,8,3,"P. Roy, G.N. Raha, H.R. Biswas,
S. Das, and K.N. Mohan",PDF page 4; detected table 1; row 8; column 3,review_required
S019,707dac297cceb21b2b89049c996d1c5e4e276de00309428132d3ecf1bc3e68e3,4,1,8,4,80-99,PDF page 4; detected table 1; row 8; column 4,review_required
S019,707dac297cceb21b2b89049c996d1c5e4e276de00309428132d3ecf1bc3e68e3,4,1,9,1,6.,PDF page 4; detected table 1; row 9; column 1,review_required
S019,707dac297cceb21b2b89049c996d1c5e4e276de00309428132d3ecf1bc3e68e3,4,1,9,2,"Heavy rainfall and flooding over
Madhya Maharashtra during 21-26
July 2024",PDF page 4; detected table 1; row 9; column 2,review_required
S019,707dac297cceb21b2b89049c996d1c5e4e276de00309428132d3ecf1bc3e68e3,4,1,9,3,"Sunil G. Kamble, Sushma Nair,
Jismy Poulose, Nitha T.S., and S.
Ravidren",PDF page 4; detected table 1; row 9; column 3,review_required
S019,707dac297cceb21b2b89049c996d1c5e4e276de00309428132d3ecf1bc3e68e3,4,1,9,4,100-112,PDF page 4; detected table 1; row 9; column 4,review_required
S019,707dac297cceb21b2b89049c996d1c5e4e276de00309428132d3ecf1bc3e68e3,4,1,10,1,7.,PDF page 4; detected table 1; row 10; column 1,review_required
S019,707dac297cceb21b2b89049c996d1c5e4e276de00309428132d3ecf1bc3e68e3,4,1,10,2,"Heavy rainfall during 29-30 July 2024
and the landslides in Kerala, the
worst one in the history of state",PDF page 4; detected table 1; row 10; column 2,review_required
S019,707dac297cceb21b2b89049c996d1c5e4e276de00309428132d3ecf1bc3e68e3,4,1,10,3,"Neetha K. Gopal, V.K. Mini and
Arun Kumar V.H.",PDF page 4; detected table 1; row 10; column 3,review_required
S019,707dac297cceb21b2b89049c996d1c5e4e276de00309428132d3ecf1bc3e68e3,4,1,10,4,113-124,PDF page 4; detected table 1; row 10; column 4,review_required
S019,707dac297cceb21b2b89049c996d1c5e4e276de00309428132d3ecf1bc3e68e3,4,1,11,1,8.,PDF page 4; detected table 1; row 11; column 1,review_required
S019,707dac297cceb21b2b89049c996d1c5e4e276de00309428132d3ecf1bc3e68e3,4,1,11,2,"Heavy rainfall and flooding over
Gujarat during 23-30 August 2024",PDF page 4; detected table 1; row 11; column 2,review_required
S019,707dac297cceb21b2b89049c996d1c5e4e276de00309428132d3ecf1bc3e68e3,4,1,11,3,"Ashok K. Das, Ramashray Yadav,
Abhimanyu Chauhan and
Pradeep Sharma",PDF page 4; detected table 1; row 11; column 3,review_required
S019,707dac297cceb21b2b89049c996d1c5e4e276de00309428132d3ecf1bc3e68e3,4,1,11,4,125-139,PDF page 4; detected table 1; row 11; column 4,review_required
S019,707dac297cceb21b2b89049c996d1c5e4e276de00309428132d3ecf1bc3e68e3,4,1,12,1,9.,PDF page 4; detected table 1; row 12; column 1,review_required
S019,707dac297cceb21b2b89049c996d1c5e4e276de00309428132d3ecf1bc3e68e3,4,1,12,2,"Heavy rainfall and flooding over
Telangana and Andhra Pradesh
during 1-2 September 2024",PDF page 4; detected table 1; row 12; column 2,review_required
S019,707dac297cceb21b2b89049c996d1c5e4e276de00309428132d3ecf1bc3e68e3,4,1,12,3,"K. Naga Ratna, S. Stella, S.
Karunasagar, A. Sravani, A.
Dharma Raju, and M. Ravindra
Kumar",PDF page 4; detected table 1; row 12; column 3,review_required
S019,707dac297cceb21b2b89049c996d1c5e4e276de00309428132d3ecf1bc3e68e3,4,1,12,4,140-157,PDF page 4; detected table 1; row 12; column 4,review_required
S019,707dac297cceb21b2b89049c996d1c5e4e276de00309428132d3ecf1bc3e68e3,4,1,13,1,10.,PDF page 4; detected table 1; row 13; column 1,review_required
S019,707dac297cceb21b2b89049c996d1c5e4e276de00309428132d3ecf1bc3e68e3,4,1,13,2,"Heavy rainfall and associated
flooding over Bihar during 26-29
September 2024",PDF page 4; detected table 1; row 13; column 2,review_required
S019,707dac297cceb21b2b89049c996d1c5e4e276de00309428132d3ecf1bc3e68e3,4,1,13,3,"Anand Shankar, H.R. Biswas,
Ashish Kumar and Atul Kumar
Singh",PDF page 4; detected table 1; row 13; column 3,review_required
S019,707dac297cceb21b2b89049c996d1c5e4e276de00309428132d3ecf1bc3e68e3,4,1,13,4,158-174,PDF page 4; detected table 1; row 13; column 4,review_required
S019,707dac297cceb21b2b89049c996d1c5e4e276de00309428132d3ecf1bc3e68e3,5,1,1,1,11.,PDF page 5; detected table 1; row 1; column 1,review_required
S019,707dac297cceb21b2b89049c996d1c5e4e276de00309428132d3ecf1bc3e68e3,5,1,1,2,"Verification of heavy rainfall from
NWP models and operational
forecast during southwest monsoon
2024",PDF page 5; detected table 1; row 1; column 2,review_required
S019,707dac297cceb21b2b89049c996d1c5e4e276de00309428132d3ecf1bc3e68e3,5,1,1,3,"M.T. Bushair, M. Mohapatra, C.J.
Johny, D.R. Pattanaik, Naresh
Kumar, and R.K. Jenamani",PDF page 5; detected table 1; row 1; column 3,review_required
S019,707dac297cceb21b2b89049c996d1c5e4e276de00309428132d3ecf1bc3e68e3,5,1,1,4,175-198,PDF page 5; detected table 1; row 1; column 4,review_required
S019,707dac297cceb21b2b89049c996d1c5e4e276de00309428132d3ecf1bc3e68e3,5,1,2,1,12.,PDF page 5; detected table 1; row 2; column 1,review_required
S019,707dac297cceb21b2b89049c996d1c5e4e276de00309428132d3ecf1bc3e68e3,5,1,2,2,"Verification of operational extended
range forecast during southwest
monsoon 2024",PDF page 5; detected table 1; row 2; column 2,review_required
S019,707dac297cceb21b2b89049c996d1c5e4e276de00309428132d3ecf1bc3e68e3,5,1,2,3,"D.R. Pattanaik, C.J. Johny, M.T.
Bushair, and Ashish Alone",PDF page 5; detected table 1; row 2; column 3,review_required
S019,707dac297cceb21b2b89049c996d1c5e4e276de00309428132d3ecf1bc3e68e3,5,1,2,4,199-218,PDF page 5; detected table 1; row 2; column 4,review_required
S019,707dac297cceb21b2b89049c996d1c5e4e276de00309428132d3ecf1bc3e68e3,5,1,3,1,13.,PDF page 5; detected table 1; row 3; column 1,review_required
S019,707dac297cceb21b2b89049c996d1c5e4e276de00309428132d3ecf1bc3e68e3,5,1,3,2,"Operational and experimental long
range forecasts during southwest
monsoon 2024",PDF page 5; detected table 1; row 3; column 2,review_required
S019,707dac297cceb21b2b89049c996d1c5e4e276de00309428132d3ecf1bc3e68e3,5,1,3,3,"O.P. Sreejith, K.S. Hosalikar, Arti
Bandgar, C.T. Sabeerali, P.
Rohini, M. Madhuri, and Satyaban
B. Ratna",PDF page 5; detected table 1; row 3; column 3,review_required
S019,707dac297cceb21b2b89049c996d1c5e4e276de00309428132d3ecf1bc3e68e3,5,1,3,4,219-237,PDF page 5; detected table 1; row 3; column 4,review_required
S019,707dac297cceb21b2b89049c996d1c5e4e276de00309428132d3ecf1bc3e68e3,5,1,4,1,14.,PDF page 5; detected table 1; row 4; column 1,review_required
S019,707dac297cceb21b2b89049c996d1c5e4e276de00309428132d3ecf1bc3e68e3,5,1,4,2,"Thunderstorm events during summer
monsoon season of 2024",PDF page 5; detected table 1; row 4; column 2,review_required
S019,707dac297cceb21b2b89049c996d1c5e4e276de00309428132d3ecf1bc3e68e3,5,1,4,3,"Soma Sen Roy, Trisanu Banik,
Shakti Singh, Harshit Shukla and
Jayati Singh",PDF page 5; detected table 1; row 4; column 3,review_required
S019,707dac297cceb21b2b89049c996d1c5e4e276de00309428132d3ecf1bc3e68e3,5,1,4,4,238-256,PDF page 5; detected table 1; row 4; column 4,review_required
S019,707dac297cceb21b2b89049c996d1c5e4e276de00309428132d3ecf1bc3e68e3,5,1,5,1,15.,PDF page 5; detected table 1; row 5; column 1,review_required
S019,707dac297cceb21b2b89049c996d1c5e4e276de00309428132d3ecf1bc3e68e3,5,1,5,2,"Performance of agro-meteorological
services during southwest monsoon
2024",PDF page 5; detected table 1; row 5; column 2,review_required
S019,707dac297cceb21b2b89049c996d1c5e4e276de00309428132d3ecf1bc3e68e3,5,1,5,3,"Kripan Ghosh, D.S. Pai, Ashutosh
Kumar Misra, Asha Latwal, S.K.
Goroshi, M.R. Deo, and K.G.
Kanade",PDF page 5; detected table 1; row 5; column 3,review_required
S019,707dac297cceb21b2b89049c996d1c5e4e276de00309428132d3ecf1bc3e68e3,5,1,5,4,257-273,PDF page 5; detected table 1; row 5; column 4,review_required
S019,707dac297cceb21b2b89049c996d1c5e4e276de00309428132d3ecf1bc3e68e3,5,1,6,1,16.,PDF page 5; detected table 1; row 6; column 1,review_required
S019,707dac297cceb21b2b89049c996d1c5e4e276de00309428132d3ecf1bc3e68e3,5,1,6,2,"Forecast performance of low
pressure systems during monsoon
2024",PDF page 5; detected table 1; row 6; column 2,review_required
S019,707dac297cceb21b2b89049c996d1c5e4e276de00309428132d3ecf1bc3e68e3,5,1,6,3,"Monica Sharma, A.K. Das, D.R.
Pattanaik, M.T. Bushair, and
Harsha Soni",PDF page 5; detected table 1; row 6; column 3,review_required
S019,707dac297cceb21b2b89049c996d1c5e4e276de00309428132d3ecf1bc3e68e3,5,1,6,4,274-294,PDF page 5; detected table 1; row 6; column 4,review_required
S019,707dac297cceb21b2b89049c996d1c5e4e276de00309428132d3ecf1bc3e68e3,5,1,7,1,17.,PDF page 5; detected table 1; row 7; column 1,review_required
S019,707dac297cceb21b2b89049c996d1c5e4e276de00309428132d3ecf1bc3e68e3,5,1,7,2,Conclusions,PDF page 5; detected table 1; row 7; column 2,review_required
S019,707dac297cceb21b2b89049c996d1c5e4e276de00309428132d3ecf1bc3e68e3,5,1,7,3,"M. Mohapatra, R.K. Jenamani,
and Satya Prakash",PDF page 5; detected table 1; row 7; column 3,review_required
S019,707dac297cceb21b2b89049c996d1c5e4e276de00309428132d3ecf1bc3e68e3,5,1,7,4,295-298,PDF page 5; detected table 1; row 7; column 4,review_required
S019,707dac297cceb21b2b89049c996d1c5e4e276de00309428132d3ecf1bc3e68e3,8,1,1,1,1,PDF page 8; detected table 1; row 1; column 1,review_required
S019,707dac297cceb21b2b89049c996d1c5e4e276de00309428132d3ecf1bc3e68e3,8,1,1,2,Document Title,PDF page 8; detected table 1; row 1; column 2,review_required
S019,707dac297cceb21b2b89049c996d1c5e4e276de00309428132d3ecf1bc3e68e3,8,1,1,3,Monsoon 2024: A Report,PDF page 8; detected table 1; row 1; column 3,review_required
S019,707dac297cceb21b2b89049c996d1c5e4e276de00309428132d3ecf1bc3e68e3,8,1,2,1,2,PDF page 8; detected table 1; row 2; column 1,review_required
S019,707dac297cceb21b2b89049c996d1c5e4e276de00309428132d3ecf1bc3e68e3,8,1,2,2,Document Type,PDF page 8; detected table 1; row 2; column 2,review_required
S019,707dac297cceb21b2b89049c996d1c5e4e276de00309428132d3ecf1bc3e68e3,8,1,2,3,Meteorological Monograph,PDF page 8; detected table 1; row 2; column 3,review_required
S019,707dac297cceb21b2b89049c996d1c5e4e276de00309428132d3ecf1bc3e68e3,8,1,3,1,3,PDF page 8; detected table 1; row 3; column 1,review_required
S019,707dac297cceb21b2b89049c996d1c5e4e276de00309428132d3ecf1bc3e68e3,8,1,3,2,Issue No,PDF page 8; detected table 1; row 3; column 2,review_required
S019,707dac297cceb21b2b89049c996d1c5e4e276de00309428132d3ecf1bc3e68e3,8,1,3,3,ESSO/MOES/IMD/SYNOPTICMET/02(2025)/65,PDF page 8; detected table 1; row 3; column 3,review_required
S019,707dac297cceb21b2b89049c996d1c5e4e276de00309428132d3ecf1bc3e68e3,8,1,4,1,4,PDF page 8; detected table 1; row 4; column 1,review_required
S019,707dac297cceb21b2b89049c996d1c5e4e276de00309428132d3ecf1bc3e68e3,8,1,4,2,Issue Date,PDF page 8; detected table 1; row 4; column 2,review_required
S019,707dac297cceb21b2b89049c996d1c5e4e276de00309428132d3ecf1bc3e68e3,8,1,4,3,"06th March, 2025",PDF page 8; detected table 1; row 4; column 3,review_required
S019,707dac297cceb21b2b89049c996d1c5e4e276de00309428132d3ecf1bc3e68e3,8,1,5,1,5,PDF page 8; detected table 1; row 5; column 1,review_required
S019,707dac297cceb21b2b89049c996d1c5e4e276de00309428132d3ecf1bc3e68e3,8,1,5,2,Security Classification,PDF page 8; detected table 1; row 5; column 2,review_required
S019,707dac297cceb21b2b89049c996d1c5e4e276de00309428132d3ecf1bc3e68e3,8,1,5,3,Unclassified,PDF page 8; detected table 1; row 5; column 3,review_required
S019,707dac297cceb21b2b89049c996d1c5e4e276de00309428132d3ecf1bc3e68e3,8,1,6,1,6,PDF page 8; detected table 1; row 6; column 1,review_required
S019,707dac297cceb21b2b89049c996d1c5e4e276de00309428132d3ecf1bc3e68e3,8,1,6,2,Control Status,PDF page 8; detected table 1; row 6; column 2,review_required
S019,707dac297cceb21b2b89049c996d1c5e4e276de00309428132d3ecf1bc3e68e3,8,1,6,3,Unclassified,PDF page 8; detected table 1; row 6; column 3,review_required
S019,707dac297cceb21b2b89049c996d1c5e4e276de00309428132d3ecf1bc3e68e3,8,1,7,1,7,PDF page 8; detected table 1; row 7; column 1,review_required
S019,707dac297cceb21b2b89049c996d1c5e4e276de00309428132d3ecf1bc3e68e3,8,1,7,2,No. of Pages,PDF page 8; detected table 1; row 7; column 2,review_required
S019,707dac297cceb21b2b89049c996d1c5e4e276de00309428132d3ecf1bc3e68e3,8,1,7,3,298,PDF page 8; detected table 1; row 7; column 3,review_required
S019,707dac297cceb21b2b89049c996d1c5e4e276de00309428132d3ecf1bc3e68e3,8,1,8,1,8,PDF page 8; detected table 1; row 8; column 1,review_required
S019,707dac297cceb21b2b89049c996d1c5e4e276de00309428132d3ecf1bc3e68e3,8,1,8,2,No. of Figures & Tables,PDF page 8; detected table 1; row 8; column 2,review_required
S019,707dac297cceb21b2b89049c996d1c5e4e276de00309428132d3ecf1bc3e68e3,8,1,8,3,174 & 43,PDF page 8; detected table 1; row 8; column 3,review_required
S019,707dac297cceb21b2b89049c996d1c5e4e276de00309428132d3ecf1bc3e68e3,8,1,9,1,9,PDF page 8; detected table 1; row 9; column 1,review_required
S019,707dac297cceb21b2b89049c996d1c5e4e276de00309428132d3ecf1bc3e68e3,8,1,9,2,No. of References,PDF page 8; detected table 1; row 9; column 2,review_required
S019,707dac297cceb21b2b89049c996d1c5e4e276de00309428132d3ecf1bc3e68e3,8,1,9,3,106,PDF page 8; detected table 1; row 9; column 3,review_required
S019,707dac297cceb21b2b89049c996d1c5e4e276de00309428132d3ecf1bc3e68e3,8,1,10,1,10,PDF page 8; detected table 1; row 10; column 1,review_required
S019,707dac297cceb21b2b89049c996d1c5e4e276de00309428132d3ecf1bc3e68e3,8,1,10,2,Distribution,PDF page 8; detected table 1; row 10; column 2,review_required
S019,707dac297cceb21b2b89049c996d1c5e4e276de00309428132d3ecf1bc3e68e3,8,1,10,3,Unrestricted,PDF page 8; detected table 1; row 10; column 3,review_required
S019,707dac297cceb21b2b89049c996d1c5e4e276de00309428132d3ecf1bc3e68e3,8,1,11,1,11,PDF page 8; detected table 1; row 11; column 1,review_required
S019,707dac297cceb21b2b89049c996d1c5e4e276de00309428132d3ecf1bc3e68e3,8,1,11,2,Language,PDF page 8; detected table 1; row 11; column 2,review_required
S019,707dac297cceb21b2b89049c996d1c5e4e276de00309428132d3ecf1bc3e68e3,8,1,11,3,English,PDF page 8; detected table 1; row 11; column 3,review_required
S019,707dac297cceb21b2b89049c996d1c5e4e276de00309428132d3ecf1bc3e68e3,8,1,12,1,12,PDF page 8; detected table 1; row 12; column 1,review_required
S019,707dac297cceb21b2b89049c996d1c5e4e276de00309428132d3ecf1bc3e68e3,8,1,12,2,Editors,PDF page 8; detected table 1; row 12; column 2,review_required
S019,707dac297cceb21b2b89049c996d1c5e4e276de00309428132d3ecf1bc3e68e3,8,1,12,3,"M. Mohapatra, R.K. Jenamani, and Satya Prakash",PDF page 8; detected table 1; row 12; column 3,review_required
S019,707dac297cceb21b2b89049c996d1c5e4e276de00309428132d3ecf1bc3e68e3,8,1,13,1,13,PDF page 8; detected table 1; row 13; column 1,review_required
S019,707dac297cceb21b2b89049c996d1c5e4e276de00309428132d3ecf1bc3e68e3,8,1,13,2,Originating Division,PDF page 8; detected table 1; row 13; column 2,review_required
S019,707dac297cceb21b2b89049c996d1c5e4e276de00309428132d3ecf1bc3e68e3,8,1,13,3,"India Meteorological Department, New Delhi",PDF page 8; detected table 1; row 13; column 3,review_required
S019,707dac297cceb21b2b89049c996d1c5e4e276de00309428132d3ecf1bc3e68e3,8,1,14,1,14,PDF page 8; detected table 1; row 14; column 1,review_required
S019,707dac297cceb21b2b89049c996d1c5e4e276de00309428132d3ecf1bc3e68e3,8,1,14,2,"Reviewing & Approving
Authority",PDF page 8; detected table 1; row 14; column 2,review_required
S019,707dac297cceb21b2b89049c996d1c5e4e276de00309428132d3ecf1bc3e68e3,8,1,14,3,"Director General of Meteorology, India Meteorological
Department, New Delhi",PDF page 8; detected table 1; row 14; column 3,review_required
S019,707dac297cceb21b2b89049c996d1c5e4e276de00309428132d3ecf1bc3e68e3,8,1,15,1,15,PDF page 8; detected table 1; row 15; column 1,review_required
S019,707dac297cceb21b2b89049c996d1c5e4e276de00309428132d3ecf1bc3e68e3,8,1,15,2,End Users,PDF page 8; detected table 1; row 15; column 2,review_required
S019,707dac297cceb21b2b89049c996d1c5e4e276de00309428132d3ecf1bc3e68e3,8,1,15,3,"Operational Forecasters, Modellers, Researchers and
Government Officials, etc.",PDF page 8; detected table 1; row 15; column 3,review_required
S019,707dac297cceb21b2b89049c996d1c5e4e276de00309428132d3ecf1bc3e68e3,8,1,16,1,16,PDF page 8; detected table 1; row 16; column 1,review_required
S019,707dac297cceb21b2b89049c996d1c5e4e276de00309428132d3ecf1bc3e68e3,8,1,16,2,Abstract,PDF page 8; detected table 1; row 16; column 2,review_required
S019,707dac297cceb21b2b89049c996d1c5e4e276de00309428132d3ecf1bc3e68e3,8,1,16,3,"The report discusses the operational monitoring and
forecasting aspects of the 2024 southwest monsoon.
Various observed global and regional climate patterns
associated with the 2024 monsoon have been highlighted.
The report also presents monitoring of semi-permanent and
transient weather systems, onset and progress of the
monsoon during the season, rainfall distribution etc. using
various tools such as automatic weather stations (AWSs)
and satellite data, analysis of the extreme weather events
occurred over various parts of the country such as heavy
rainfall and associated floods, and meteorological
explanation for the events, action taken by the local
meteorological offices, etc. The southwest monsoon
season rainfall over the country as a whole during 2024
was 108% of Long Period Average (LPA). During the
season, 14 Low Pressure Systems including 7 Low
Pressure Areas, 3 Depressions, 3 Deep Depressions and 1
Cyclonic Storm (ASNA) developed over the Indian region.
Potential regional and global climate anomaly patterns
responsible for the observed rainfall features have been
discussed. The performance of operational forecasts
issued by IMD and NWP models at various time scales is
also emphasized.",PDF page 8; detected table 1; row 16; column 3,review_required
S019,707dac297cceb21b2b89049c996d1c5e4e276de00309428132d3ecf1bc3e68e3,8,1,17,1,17,PDF page 8; detected table 1; row 17; column 1,review_required
S019,707dac297cceb21b2b89049c996d1c5e4e276de00309428132d3ecf1bc3e68e3,8,1,17,2,Keywords,PDF page 8; detected table 1; row 17; column 2,review_required
S019,707dac297cceb21b2b89049c996d1c5e4e276de00309428132d3ecf1bc3e68e3,8,1,17,3,"Southwest Monsoon, Forecast Verification, Rainfall,
Satellite Imageries, Kharif crops, SST, OLR, NWP Models,
ENSO, IOD, MJO.",PDF page 8; detected table 1; row 17; column 3,review_required
S019,707dac297cceb21b2b89049c996d1c5e4e276de00309428132d3ecf1bc3e68e3,11,1,1,1,Year,PDF page 11; detected table 1; row 1; column 1,review_required
S019,707dac297cceb21b2b89049c996d1c5e4e276de00309428132d3ecf1bc3e68e3,11,1,1,2,"Large Excess, Excess &
Normal",PDF page 11; detected table 1; row 1; column 2,review_required
S019,707dac297cceb21b2b89049c996d1c5e4e276de00309428132d3ecf1bc3e68e3,11,1,1,3,"Deficient & Large
Deficient",PDF page 11; detected table 1; row 1; column 3,review_required
S019,707dac297cceb21b2b89049c996d1c5e4e276de00309428132d3ecf1bc3e68e3,11,1,2,1,2013,PDF page 11; detected table 1; row 2; column 1,review_required
S019,707dac297cceb21b2b89049c996d1c5e4e276de00309428132d3ecf1bc3e68e3,11,1,2,2,73,PDF page 11; detected table 1; row 2; column 2,review_required
S019,707dac297cceb21b2b89049c996d1c5e4e276de00309428132d3ecf1bc3e68e3,11,1,2,3,27,PDF page 11; detected table 1; row 2; column 3,review_required
S019,707dac297cceb21b2b89049c996d1c5e4e276de00309428132d3ecf1bc3e68e3,11,1,3,1,2014,PDF page 11; detected table 1; row 3; column 1,review_required
S019,707dac297cceb21b2b89049c996d1c5e4e276de00309428132d3ecf1bc3e68e3,11,1,3,2,54,PDF page 11; detected table 1; row 3; column 2,review_required
S019,707dac297cceb21b2b89049c996d1c5e4e276de00309428132d3ecf1bc3e68e3,11,1,3,3,46,PDF page 11; detected table 1; row 3; column 3,review_required
S019,707dac297cceb21b2b89049c996d1c5e4e276de00309428132d3ecf1bc3e68e3,11,1,4,1,2015,PDF page 11; detected table 1; row 4; column 1,review_required
S019,707dac297cceb21b2b89049c996d1c5e4e276de00309428132d3ecf1bc3e68e3,11,1,4,2,51,PDF page 11; detected table 1; row 4; column 2,review_required
S019,707dac297cceb21b2b89049c996d1c5e4e276de00309428132d3ecf1bc3e68e3,11,1,4,3,49,PDF page 11; detected table 1; row 4; column 3,review_required
S019,707dac297cceb21b2b89049c996d1c5e4e276de00309428132d3ecf1bc3e68e3,11,1,5,1,2016,PDF page 11; detected table 1; row 5; column 1,review_required
S019,707dac297cceb21b2b89049c996d1c5e4e276de00309428132d3ecf1bc3e68e3,11,1,5,2,68,PDF page 11; detected table 1; row 5; column 2,review_required
S019,707dac297cceb21b2b89049c996d1c5e4e276de00309428132d3ecf1bc3e68e3,11,1,5,3,32,PDF page 11; detected table 1; row 5; column 3,review_required
S019,707dac297cceb21b2b89049c996d1c5e4e276de00309428132d3ecf1bc3e68e3,11,1,6,1,2017,PDF page 11; detected table 1; row 6; column 1,review_required
S019,707dac297cceb21b2b89049c996d1c5e4e276de00309428132d3ecf1bc3e68e3,11,1,6,2,67,PDF page 11; detected table 1; row 6; column 2,review_required
S019,707dac297cceb21b2b89049c996d1c5e4e276de00309428132d3ecf1bc3e68e3,11,1,6,3,33,PDF page 11; detected table 1; row 6; column 3,review_required
S019,707dac297cceb21b2b89049c996d1c5e4e276de00309428132d3ecf1bc3e68e3,11,1,7,1,2018,PDF page 11; detected table 1; row 7; column 1,review_required
S019,707dac297cceb21b2b89049c996d1c5e4e276de00309428132d3ecf1bc3e68e3,11,1,7,2,61,PDF page 11; detected table 1; row 7; column 2,review_required
S019,707dac297cceb21b2b89049c996d1c5e4e276de00309428132d3ecf1bc3e68e3,11,1,7,3,39,PDF page 11; detected table 1; row 7; column 3,review_required
S019,707dac297cceb21b2b89049c996d1c5e4e276de00309428132d3ecf1bc3e68e3,11,1,8,1,2019,PDF page 11; detected table 1; row 8; column 1,review_required
S019,707dac297cceb21b2b89049c996d1c5e4e276de00309428132d3ecf1bc3e68e3,11,1,8,2,77,PDF page 11; detected table 1; row 8; column 2,review_required
S019,707dac297cceb21b2b89049c996d1c5e4e276de00309428132d3ecf1bc3e68e3,11,1,8,3,23,PDF page 11; detected table 1; row 8; column 3,review_required
S019,707dac297cceb21b2b89049c996d1c5e4e276de00309428132d3ecf1bc3e68e3,11,1,9,1,2020,PDF page 11; detected table 1; row 9; column 1,review_required
S019,707dac297cceb21b2b89049c996d1c5e4e276de00309428132d3ecf1bc3e68e3,11,1,9,2,75,PDF page 11; detected table 1; row 9; column 2,review_required
S019,707dac297cceb21b2b89049c996d1c5e4e276de00309428132d3ecf1bc3e68e3,11,1,9,3,25,PDF page 11; detected table 1; row 9; column 3,review_required
S019,707dac297cceb21b2b89049c996d1c5e4e276de00309428132d3ecf1bc3e68e3,11,1,10,1,2021,PDF page 11; detected table 1; row 10; column 1,review_required
S019,707dac297cceb21b2b89049c996d1c5e4e276de00309428132d3ecf1bc3e68e3,11,1,10,2,77,PDF page 11; detected table 1; row 10; column 2,review_required
S019,707dac297cceb21b2b89049c996d1c5e4e276de00309428132d3ecf1bc3e68e3,11,1,10,3,23,PDF page 11; detected table 1; row 10; column 3,review_required
S019,707dac297cceb21b2b89049c996d1c5e4e276de00309428132d3ecf1bc3e68e3,11,1,11,1,2022,PDF page 11; detected table 1; row 11; column 1,review_required
S019,707dac297cceb21b2b89049c996d1c5e4e276de00309428132d3ecf1bc3e68e3,11,1,11,2,72,PDF page 11; detected table 1; row 11; column 2,review_required
S019,707dac297cceb21b2b89049c996d1c5e4e276de00309428132d3ecf1bc3e68e3,11,1,11,3,28,PDF page 11; detected table 1; row 11; column 3,review_required
S019,707dac297cceb21b2b89049c996d1c5e4e276de00309428132d3ecf1bc3e68e3,11,1,12,1,2023,PDF page 11; detected table 1; row 12; column 1,review_required
S019,707dac297cceb21b2b89049c996d1c5e4e276de00309428132d3ecf1bc3e68e3,11,1,12,2,69,PDF page 11; detected table 1; row 12; column 2,review_required
S019,707dac297cceb21b2b89049c996d1c5e4e276de00309428132d3ecf1bc3e68e3,11,1,12,3,31,PDF page 11; detected table 1; row 12; column 3,review_required
S019,707dac297cceb21b2b89049c996d1c5e4e276de00309428132d3ecf1bc3e68e3,11,1,13,1,2024,PDF page 11; detected table 1; row 13; column 1,review_required
S019,707dac297cceb21b2b89049c996d1c5e4e276de00309428132d3ecf1bc3e68e3,11,1,13,2,78,PDF page 11; detected table 1; row 13; column 2,review_required
S019,707dac297cceb21b2b89049c996d1c5e4e276de00309428132d3ecf1bc3e68e3,11,1,13,3,22,PDF page 11; detected table 1; row 13; column 3,review_required
S019,707dac297cceb21b2b89049c996d1c5e4e276de00309428132d3ecf1bc3e68e3,15,1,1,1,"S.
NO.",PDF page 15; detected table 1; row 1; column 1,review_required
S019,707dac297cceb21b2b89049c996d1c5e4e276de00309428132d3ecf1bc3e68e3,15,1,1,2,"METEOROLOGICAL
SUBDIVISIONS",PDF page 15; detected table 1; row 1; column 2,review_required
S019,707dac297cceb21b2b89049c996d1c5e4e276de00309428132d3ecf1bc3e68e3,15,1,1,3,JUNE,PDF page 15; detected table 1; row 1; column 3,review_required
S019,707dac297cceb21b2b89049c996d1c5e4e276de00309428132d3ecf1bc3e68e3,15,1,1,6,JULY,PDF page 15; detected table 1; row 1; column 6,review_required
S019,707dac297cceb21b2b89049c996d1c5e4e276de00309428132d3ecf1bc3e68e3,15,1,1,9,AUGUST,PDF page 15; detected table 1; row 1; column 9,review_required
S019,707dac297cceb21b2b89049c996d1c5e4e276de00309428132d3ecf1bc3e68e3,15,1,1,12,SEPTEMBER,PDF page 15; detected table 1; row 1; column 12,review_required
S019,707dac297cceb21b2b89049c996d1c5e4e276de00309428132d3ecf1bc3e68e3,15,1,1,15,SW MONSOON,PDF page 15; detected table 1; row 1; column 15,review_required
S019,707dac297cceb21b2b89049c996d1c5e4e276de00309428132d3ecf1bc3e68e3,15,1,2,3,"L
A
U
T
C
A",PDF page 15; detected table 1; row 2; column 3,review_required
S019,707dac297cceb21b2b89049c996d1c5e4e276de00309428132d3ecf1bc3e68e3,15,1,2,4,"L
A
M
R
O
N",PDF page 15; detected table 1; row 2; column 4,review_required
S019,707dac297cceb21b2b89049c996d1c5e4e276de00309428132d3ecf1bc3e68e3,15,1,2,5,".P
E
D
%",PDF page 15; detected table 1; row 2; column 5,review_required
S019,707dac297cceb21b2b89049c996d1c5e4e276de00309428132d3ecf1bc3e68e3,15,1,2,6,"L
A
U
T
C
A",PDF page 15; detected table 1; row 2; column 6,review_required
S019,707dac297cceb21b2b89049c996d1c5e4e276de00309428132d3ecf1bc3e68e3,15,1,2,7,"L
A
M
R
O
N",PDF page 15; detected table 1; row 2; column 7,review_required
S019,707dac297cceb21b2b89049c996d1c5e4e276de00309428132d3ecf1bc3e68e3,15,1,2,8,".P
E
D
%",PDF page 15; detected table 1; row 2; column 8,review_required
S019,707dac297cceb21b2b89049c996d1c5e4e276de00309428132d3ecf1bc3e68e3,15,1,2,9,"L
A
U
T
C
A",PDF page 15; detected table 1; row 2; column 9,review_required
S019,707dac297cceb21b2b89049c996d1c5e4e276de00309428132d3ecf1bc3e68e3,15,1,2,10,"L
A
M
R
O
N",PDF page 15; detected table 1; row 2; column 10,review_required
S019,707dac297cceb21b2b89049c996d1c5e4e276de00309428132d3ecf1bc3e68e3,15,1,2,11,".P
E
D
%",PDF page 15; detected table 1; row 2; column 11,review_required
S019,707dac297cceb21b2b89049c996d1c5e4e276de00309428132d3ecf1bc3e68e3,15,1,2,12,"L
A
U
T
C
A",PDF page 15; detected table 1; row 2; column 12,review_required
S019,707dac297cceb21b2b89049c996d1c5e4e276de00309428132d3ecf1bc3e68e3,15,1,2,13,"L
A
M
R
O
N",PDF page 15; detected table 1; row 2; column 13,review_required
S019,707dac297cceb21b2b89049c996d1c5e4e276de00309428132d3ecf1bc3e68e3,15,1,2,14,".P
E
D
%",PDF page 15; detected table 1; row 2; column 14,review_required
S019,707dac297cceb21b2b89049c996d1c5e4e276de00309428132d3ecf1bc3e68e3,15,1,2,15,"L
A
U
T
C
A",PDF page 15; detected table 1; row 2; column 15,review_required
S019,707dac297cceb21b2b89049c996d1c5e4e276de00309428132d3ecf1bc3e68e3,15,1,2,16,"L
A
M
R
O
N",PDF page 15; detected table 1; row 2; column 16,review_required
S019,707dac297cceb21b2b89049c996d1c5e4e276de00309428132d3ecf1bc3e68e3,15,1,2,17,".P
E
D
%",PDF page 15; detected table 1; row 2; column 17,review_required
S019,707dac297cceb21b2b89049c996d1c5e4e276de00309428132d3ecf1bc3e68e3,15,1,3,1,1,PDF page 15; detected table 1; row 3; column 1,review_required
S019,707dac297cceb21b2b89049c996d1c5e4e276de00309428132d3ecf1bc3e68e3,15,1,3,2,A & N ISLAND,PDF page 15; detected table 1; row 3; column 2,review_required
S019,707dac297cceb21b2b89049c996d1c5e4e276de00309428132d3ecf1bc3e68e3,15,1,3,3,564.9,PDF page 15; detected table 1; row 3; column 3,review_required
S019,707dac297cceb21b2b89049c996d1c5e4e276de00309428132d3ecf1bc3e68e3,15,1,3,4,417.5,PDF page 15; detected table 1; row 3; column 4,review_required
S019,707dac297cceb21b2b89049c996d1c5e4e276de00309428132d3ecf1bc3e68e3,15,1,3,5,35,PDF page 15; detected table 1; row 3; column 5,review_required
S019,707dac297cceb21b2b89049c996d1c5e4e276de00309428132d3ecf1bc3e68e3,15,1,3,6,296.5,PDF page 15; detected table 1; row 3; column 6,review_required
S019,707dac297cceb21b2b89049c996d1c5e4e276de00309428132d3ecf1bc3e68e3,15,1,3,7,387.1,PDF page 15; detected table 1; row 3; column 7,review_required
S019,707dac297cceb21b2b89049c996d1c5e4e276de00309428132d3ecf1bc3e68e3,15,1,3,8,-23,PDF page 15; detected table 1; row 3; column 8,review_required
S019,707dac297cceb21b2b89049c996d1c5e4e276de00309428132d3ecf1bc3e68e3,15,1,3,9,394.2,PDF page 15; detected table 1; row 3; column 9,review_required
S019,707dac297cceb21b2b89049c996d1c5e4e276de00309428132d3ecf1bc3e68e3,15,1,3,10,397.6,PDF page 15; detected table 1; row 3; column 10,review_required
S019,707dac297cceb21b2b89049c996d1c5e4e276de00309428132d3ecf1bc3e68e3,15,1,3,11,-1,PDF page 15; detected table 1; row 3; column 11,review_required
S019,707dac297cceb21b2b89049c996d1c5e4e276de00309428132d3ecf1bc3e68e3,15,1,3,12,375.2,PDF page 15; detected table 1; row 3; column 12,review_required
S019,707dac297cceb21b2b89049c996d1c5e4e276de00309428132d3ecf1bc3e68e3,15,1,3,13,429.5,PDF page 15; detected table 1; row 3; column 13,review_required
S019,707dac297cceb21b2b89049c996d1c5e4e276de00309428132d3ecf1bc3e68e3,15,1,3,14,-13,PDF page 15; detected table 1; row 3; column 14,review_required
S019,707dac297cceb21b2b89049c996d1c5e4e276de00309428132d3ecf1bc3e68e3,15,1,3,15,1630.7,PDF page 15; detected table 1; row 3; column 15,review_required
S019,707dac297cceb21b2b89049c996d1c5e4e276de00309428132d3ecf1bc3e68e3,15,1,3,16,1631.7,PDF page 15; detected table 1; row 3; column 16,review_required
S019,707dac297cceb21b2b89049c996d1c5e4e276de00309428132d3ecf1bc3e68e3,15,1,3,17,0,PDF page 15; detected table 1; row 3; column 17,review_required
S019,707dac297cceb21b2b89049c996d1c5e4e276de00309428132d3ecf1bc3e68e3,15,1,4,1,2,PDF page 15; detected table 1; row 4; column 1,review_required
S019,707dac297cceb21b2b89049c996d1c5e4e276de00309428132d3ecf1bc3e68e3,15,1,4,2,ARUNACHAL PRADESH,PDF page 15; detected table 1; row 4; column 2,review_required
S019,707dac297cceb21b2b89049c996d1c5e4e276de00309428132d3ecf1bc3e68e3,15,1,4,3,429.6,PDF page 15; detected table 1; row 4; column 3,review_required
S019,707dac297cceb21b2b89049c996d1c5e4e276de00309428132d3ecf1bc3e68e3,15,1,4,4,454.7,PDF page 15; detected table 1; row 4; column 4,review_required
S019,707dac297cceb21b2b89049c996d1c5e4e276de00309428132d3ecf1bc3e68e3,15,1,4,5,-6,PDF page 15; detected table 1; row 4; column 5,review_required
S019,707dac297cceb21b2b89049c996d1c5e4e276de00309428132d3ecf1bc3e68e3,15,1,4,6,366.2,PDF page 15; detected table 1; row 4; column 6,review_required
S019,707dac297cceb21b2b89049c996d1c5e4e276de00309428132d3ecf1bc3e68e3,15,1,4,7,529.2,PDF page 15; detected table 1; row 4; column 7,review_required
S019,707dac297cceb21b2b89049c996d1c5e4e276de00309428132d3ecf1bc3e68e3,15,1,4,8,-31,PDF page 15; detected table 1; row 4; column 8,review_required
S019,707dac297cceb21b2b89049c996d1c5e4e276de00309428132d3ecf1bc3e68e3,15,1,4,9,259.1,PDF page 15; detected table 1; row 4; column 9,review_required
S019,707dac297cceb21b2b89049c996d1c5e4e276de00309428132d3ecf1bc3e68e3,15,1,4,10,343.2,PDF page 15; detected table 1; row 4; column 10,review_required
S019,707dac297cceb21b2b89049c996d1c5e4e276de00309428132d3ecf1bc3e68e3,15,1,4,11,-24,PDF page 15; detected table 1; row 4; column 11,review_required
S019,707dac297cceb21b2b89049c996d1c5e4e276de00309428132d3ecf1bc3e68e3,15,1,4,12,145.1,PDF page 15; detected table 1; row 4; column 12,review_required
S019,707dac297cceb21b2b89049c996d1c5e4e276de00309428132d3ecf1bc3e68e3,15,1,4,13,348.0,PDF page 15; detected table 1; row 4; column 13,review_required
S019,707dac297cceb21b2b89049c996d1c5e4e276de00309428132d3ecf1bc3e68e3,15,1,4,14,-58,PDF page 15; detected table 1; row 4; column 14,review_required
S019,707dac297cceb21b2b89049c996d1c5e4e276de00309428132d3ecf1bc3e68e3,15,1,4,15,1200.0,PDF page 15; detected table 1; row 4; column 15,review_required
S019,707dac297cceb21b2b89049c996d1c5e4e276de00309428132d3ecf1bc3e68e3,15,1,4,16,1675.1,PDF page 15; detected table 1; row 4; column 16,review_required
S019,707dac297cceb21b2b89049c996d1c5e4e276de00309428132d3ecf1bc3e68e3,15,1,4,17,-28,PDF page 15; detected table 1; row 4; column 17,review_required
S019,707dac297cceb21b2b89049c996d1c5e4e276de00309428132d3ecf1bc3e68e3,15,1,5,1,3,PDF page 15; detected table 1; row 5; column 1,review_required
S019,707dac297cceb21b2b89049c996d1c5e4e276de00309428132d3ecf1bc3e68e3,15,1,5,2,ASSAM & MEGHALAYA,PDF page 15; detected table 1; row 5; column 2,review_required
S019,707dac297cceb21b2b89049c996d1c5e4e276de00309428132d3ecf1bc3e68e3,15,1,5,3,565.3,PDF page 15; detected table 1; row 5; column 3,review_required
S019,707dac297cceb21b2b89049c996d1c5e4e276de00309428132d3ecf1bc3e68e3,15,1,5,4,486.6,PDF page 15; detected table 1; row 5; column 4,review_required
S019,707dac297cceb21b2b89049c996d1c5e4e276de00309428132d3ecf1bc3e68e3,15,1,5,5,16,PDF page 15; detected table 1; row 5; column 5,review_required
S019,707dac297cceb21b2b89049c996d1c5e4e276de00309428132d3ecf1bc3e68e3,15,1,5,6,437.9,PDF page 15; detected table 1; row 5; column 6,review_required
S019,707dac297cceb21b2b89049c996d1c5e4e276de00309428132d3ecf1bc3e68e3,15,1,5,7,552.3,PDF page 15; detected table 1; row 5; column 7,review_required
S019,707dac297cceb21b2b89049c996d1c5e4e276de00309428132d3ecf1bc3e68e3,15,1,5,8,-21,PDF page 15; detected table 1; row 5; column 8,review_required
S019,707dac297cceb21b2b89049c996d1c5e4e276de00309428132d3ecf1bc3e68e3,15,1,5,9,316.8,PDF page 15; detected table 1; row 5; column 9,review_required
S019,707dac297cceb21b2b89049c996d1c5e4e276de00309428132d3ecf1bc3e68e3,15,1,5,10,394.7,PDF page 15; detected table 1; row 5; column 10,review_required
S019,707dac297cceb21b2b89049c996d1c5e4e276de00309428132d3ecf1bc3e68e3,15,1,5,11,-20,PDF page 15; detected table 1; row 5; column 11,review_required
S019,707dac297cceb21b2b89049c996d1c5e4e276de00309428132d3ecf1bc3e68e3,15,1,5,12,163.5,PDF page 15; detected table 1; row 5; column 12,review_required
S019,707dac297cceb21b2b89049c996d1c5e4e276de00309428132d3ecf1bc3e68e3,15,1,5,13,328.6,PDF page 15; detected table 1; row 5; column 13,review_required
S019,707dac297cceb21b2b89049c996d1c5e4e276de00309428132d3ecf1bc3e68e3,15,1,5,14,-50,PDF page 15; detected table 1; row 5; column 14,review_required
S019,707dac297cceb21b2b89049c996d1c5e4e276de00309428132d3ecf1bc3e68e3,15,1,5,15,1483.4,PDF page 15; detected table 1; row 5; column 15,review_required
S019,707dac297cceb21b2b89049c996d1c5e4e276de00309428132d3ecf1bc3e68e3,15,1,5,16,1762.2,PDF page 15; detected table 1; row 5; column 16,review_required
S019,707dac297cceb21b2b89049c996d1c5e4e276de00309428132d3ecf1bc3e68e3,15,1,5,17,-16,PDF page 15; detected table 1; row 5; column 17,review_required
S019,707dac297cceb21b2b89049c996d1c5e4e276de00309428132d3ecf1bc3e68e3,15,1,6,1,4,PDF page 15; detected table 1; row 6; column 1,review_required
S019,707dac297cceb21b2b89049c996d1c5e4e276de00309428132d3ecf1bc3e68e3,15,1,6,2,N M M T,PDF page 15; detected table 1; row 6; column 2,review_required
S019,707dac297cceb21b2b89049c996d1c5e4e276de00309428132d3ecf1bc3e68e3,15,1,6,3,238.0,PDF page 15; detected table 1; row 6; column 3,review_required
S019,707dac297cceb21b2b89049c996d1c5e4e276de00309428132d3ecf1bc3e68e3,15,1,6,4,353.2,PDF page 15; detected table 1; row 6; column 4,review_required
S019,707dac297cceb21b2b89049c996d1c5e4e276de00309428132d3ecf1bc3e68e3,15,1,6,5,-33,PDF page 15; detected table 1; row 6; column 5,review_required
S019,707dac297cceb21b2b89049c996d1c5e4e276de00309428132d3ecf1bc3e68e3,15,1,6,6,257.0,PDF page 15; detected table 1; row 6; column 6,review_required
S019,707dac297cceb21b2b89049c996d1c5e4e276de00309428132d3ecf1bc3e68e3,15,1,6,7,354.2,PDF page 15; detected table 1; row 6; column 7,review_required
S019,707dac297cceb21b2b89049c996d1c5e4e276de00309428132d3ecf1bc3e68e3,15,1,6,8,-27,PDF page 15; detected table 1; row 6; column 8,review_required
S019,707dac297cceb21b2b89049c996d1c5e4e276de00309428132d3ecf1bc3e68e3,15,1,6,9,394.1,PDF page 15; detected table 1; row 6; column 9,review_required
S019,707dac297cceb21b2b89049c996d1c5e4e276de00309428132d3ecf1bc3e68e3,15,1,6,10,326.0,PDF page 15; detected table 1; row 6; column 10,review_required
S019,707dac297cceb21b2b89049c996d1c5e4e276de00309428132d3ecf1bc3e68e3,15,1,6,11,21,PDF page 15; detected table 1; row 6; column 11,review_required
S019,707dac297cceb21b2b89049c996d1c5e4e276de00309428132d3ecf1bc3e68e3,15,1,6,12,163.8,PDF page 15; detected table 1; row 6; column 12,review_required
S019,707dac297cceb21b2b89049c996d1c5e4e276de00309428132d3ecf1bc3e68e3,15,1,6,13,268.3,PDF page 15; detected table 1; row 6; column 13,review_required
S019,707dac297cceb21b2b89049c996d1c5e4e276de00309428132d3ecf1bc3e68e3,15,1,6,14,-39,PDF page 15; detected table 1; row 6; column 14,review_required
S019,707dac297cceb21b2b89049c996d1c5e4e276de00309428132d3ecf1bc3e68e3,15,1,6,15,1061.6,PDF page 15; detected table 1; row 6; column 15,review_required
S019,707dac297cceb21b2b89049c996d1c5e4e276de00309428132d3ecf1bc3e68e3,15,1,6,16,1301.7,PDF page 15; detected table 1; row 6; column 16,review_required
S019,707dac297cceb21b2b89049c996d1c5e4e276de00309428132d3ecf1bc3e68e3,15,1,6,17,-18,PDF page 15; detected table 1; row 6; column 17,review_required
S019,707dac297cceb21b2b89049c996d1c5e4e276de00309428132d3ecf1bc3e68e3,15,1,7,1,5,PDF page 15; detected table 1; row 7; column 1,review_required
S019,707dac297cceb21b2b89049c996d1c5e4e276de00309428132d3ecf1bc3e68e3,15,1,7,2,SHWB & SIKKIM,PDF page 15; detected table 1; row 7; column 2,review_required
S019,707dac297cceb21b2b89049c996d1c5e4e276de00309428132d3ecf1bc3e68e3,15,1,7,3,721.1,PDF page 15; detected table 1; row 7; column 3,review_required
S019,707dac297cceb21b2b89049c996d1c5e4e276de00309428132d3ecf1bc3e68e3,15,1,7,4,455.9,PDF page 15; detected table 1; row 7; column 4,review_required
S019,707dac297cceb21b2b89049c996d1c5e4e276de00309428132d3ecf1bc3e68e3,15,1,7,5,58,PDF page 15; detected table 1; row 7; column 5,review_required
S019,707dac297cceb21b2b89049c996d1c5e4e276de00309428132d3ecf1bc3e68e3,15,1,7,6,634.1,PDF page 15; detected table 1; row 7; column 6,review_required
S019,707dac297cceb21b2b89049c996d1c5e4e276de00309428132d3ecf1bc3e68e3,15,1,7,7,586.3,PDF page 15; detected table 1; row 7; column 7,review_required
S019,707dac297cceb21b2b89049c996d1c5e4e276de00309428132d3ecf1bc3e68e3,15,1,7,8,8,PDF page 15; detected table 1; row 7; column 8,review_required
S019,707dac297cceb21b2b89049c996d1c5e4e276de00309428132d3ecf1bc3e68e3,15,1,7,9,313.3,PDF page 15; detected table 1; row 7; column 9,review_required
S019,707dac297cceb21b2b89049c996d1c5e4e276de00309428132d3ecf1bc3e68e3,15,1,7,10,459.1,PDF page 15; detected table 1; row 7; column 10,review_required
S019,707dac297cceb21b2b89049c996d1c5e4e276de00309428132d3ecf1bc3e68e3,15,1,7,11,-32,PDF page 15; detected table 1; row 7; column 11,review_required
S019,707dac297cceb21b2b89049c996d1c5e4e276de00309428132d3ecf1bc3e68e3,15,1,7,12,388.9,PDF page 15; detected table 1; row 7; column 12,review_required
S019,707dac297cceb21b2b89049c996d1c5e4e276de00309428132d3ecf1bc3e68e3,15,1,7,13,388.2,PDF page 15; detected table 1; row 7; column 13,review_required
S019,707dac297cceb21b2b89049c996d1c5e4e276de00309428132d3ecf1bc3e68e3,15,1,7,14,0,PDF page 15; detected table 1; row 7; column 14,review_required
S019,707dac297cceb21b2b89049c996d1c5e4e276de00309428132d3ecf1bc3e68e3,15,1,7,15,2057.4,PDF page 15; detected table 1; row 7; column 15,review_required
S019,707dac297cceb21b2b89049c996d1c5e4e276de00309428132d3ecf1bc3e68e3,15,1,7,16,1889.5,PDF page 15; detected table 1; row 7; column 16,review_required
S019,707dac297cceb21b2b89049c996d1c5e4e276de00309428132d3ecf1bc3e68e3,15,1,7,17,9,PDF page 15; detected table 1; row 7; column 17,review_required
S019,707dac297cceb21b2b89049c996d1c5e4e276de00309428132d3ecf1bc3e68e3,15,1,8,1,6,PDF page 15; detected table 1; row 8; column 1,review_required
S019,707dac297cceb21b2b89049c996d1c5e4e276de00309428132d3ecf1bc3e68e3,15,1,8,2,GANGETIC WEST BENGAL,PDF page 15; detected table 1; row 8; column 2,review_required
S019,707dac297cceb21b2b89049c996d1c5e4e276de00309428132d3ecf1bc3e68e3,15,1,8,3,81.4,PDF page 15; detected table 1; row 8; column 3,review_required
S019,707dac297cceb21b2b89049c996d1c5e4e276de00309428132d3ecf1bc3e68e3,15,1,8,4,247.9,PDF page 15; detected table 1; row 8; column 4,review_required
S019,707dac297cceb21b2b89049c996d1c5e4e276de00309428132d3ecf1bc3e68e3,15,1,8,5,-67,PDF page 15; detected table 1; row 8; column 5,review_required
S019,707dac297cceb21b2b89049c996d1c5e4e276de00309428132d3ecf1bc3e68e3,15,1,8,6,276.0,PDF page 15; detected table 1; row 8; column 6,review_required
S019,707dac297cceb21b2b89049c996d1c5e4e276de00309428132d3ecf1bc3e68e3,15,1,8,7,344.8,PDF page 15; detected table 1; row 8; column 7,review_required
S019,707dac297cceb21b2b89049c996d1c5e4e276de00309428132d3ecf1bc3e68e3,15,1,8,8,-20,PDF page 15; detected table 1; row 8; column 8,review_required
S019,707dac297cceb21b2b89049c996d1c5e4e276de00309428132d3ecf1bc3e68e3,15,1,8,9,429.6,PDF page 15; detected table 1; row 8; column 9,review_required
S019,707dac297cceb21b2b89049c996d1c5e4e276de00309428132d3ecf1bc3e68e3,15,1,8,10,308.3,PDF page 15; detected table 1; row 8; column 10,review_required
S019,707dac297cceb21b2b89049c996d1c5e4e276de00309428132d3ecf1bc3e68e3,15,1,8,11,39,PDF page 15; detected table 1; row 8; column 11,review_required
S019,707dac297cceb21b2b89049c996d1c5e4e276de00309428132d3ecf1bc3e68e3,15,1,8,12,382.8,PDF page 15; detected table 1; row 8; column 12,review_required
S019,707dac297cceb21b2b89049c996d1c5e4e276de00309428132d3ecf1bc3e68e3,15,1,8,13,265.8,PDF page 15; detected table 1; row 8; column 13,review_required
S019,707dac297cceb21b2b89049c996d1c5e4e276de00309428132d3ecf1bc3e68e3,15,1,8,14,44,PDF page 15; detected table 1; row 8; column 14,review_required
S019,707dac297cceb21b2b89049c996d1c5e4e276de00309428132d3ecf1bc3e68e3,15,1,8,15,1169.8,PDF page 15; detected table 1; row 8; column 15,review_required
S019,707dac297cceb21b2b89049c996d1c5e4e276de00309428132d3ecf1bc3e68e3,15,1,8,16,1166.8,PDF page 15; detected table 1; row 8; column 16,review_required
S019,707dac297cceb21b2b89049c996d1c5e4e276de00309428132d3ecf1bc3e68e3,15,1,8,17,0,PDF page 15; detected table 1; row 8; column 17,review_required
S019,707dac297cceb21b2b89049c996d1c5e4e276de00309428132d3ecf1bc3e68e3,15,1,9,1,7,PDF page 15; detected table 1; row 9; column 1,review_required
S019,707dac297cceb21b2b89049c996d1c5e4e276de00309428132d3ecf1bc3e68e3,15,1,9,2,ODISHA,PDF page 15; detected table 1; row 9; column 2,review_required
S019,707dac297cceb21b2b89049c996d1c5e4e276de00309428132d3ecf1bc3e68e3,15,1,9,3,153.6,PDF page 15; detected table 1; row 9; column 3,review_required
S019,707dac297cceb21b2b89049c996d1c5e4e276de00309428132d3ecf1bc3e68e3,15,1,9,4,209.3,PDF page 15; detected table 1; row 9; column 4,review_required
S019,707dac297cceb21b2b89049c996d1c5e4e276de00309428132d3ecf1bc3e68e3,15,1,9,5,-27,PDF page 15; detected table 1; row 9; column 5,review_required
S019,707dac297cceb21b2b89049c996d1c5e4e276de00309428132d3ecf1bc3e68e3,15,1,9,6,335.9,PDF page 15; detected table 1; row 9; column 6,review_required
S019,707dac297cceb21b2b89049c996d1c5e4e276de00309428132d3ecf1bc3e68e3,15,1,9,7,341.4,PDF page 15; detected table 1; row 9; column 7,review_required
S019,707dac297cceb21b2b89049c996d1c5e4e276de00309428132d3ecf1bc3e68e3,15,1,9,8,-2,PDF page 15; detected table 1; row 9; column 8,review_required
S019,707dac297cceb21b2b89049c996d1c5e4e276de00309428132d3ecf1bc3e68e3,15,1,9,9,335.4,PDF page 15; detected table 1; row 9; column 9,review_required
S019,707dac297cceb21b2b89049c996d1c5e4e276de00309428132d3ecf1bc3e68e3,15,1,9,10,363.8,PDF page 15; detected table 1; row 9; column 10,review_required
S019,707dac297cceb21b2b89049c996d1c5e4e276de00309428132d3ecf1bc3e68e3,15,1,9,11,-8,PDF page 15; detected table 1; row 9; column 11,review_required
S019,707dac297cceb21b2b89049c996d1c5e4e276de00309428132d3ecf1bc3e68e3,15,1,9,12,267.0,PDF page 15; detected table 1; row 9; column 12,review_required
S019,707dac297cceb21b2b89049c996d1c5e4e276de00309428132d3ecf1bc3e68e3,15,1,9,13,235.7,PDF page 15; detected table 1; row 9; column 13,review_required
S019,707dac297cceb21b2b89049c996d1c5e4e276de00309428132d3ecf1bc3e68e3,15,1,9,14,13,PDF page 15; detected table 1; row 9; column 14,review_required
S019,707dac297cceb21b2b89049c996d1c5e4e276de00309428132d3ecf1bc3e68e3,15,1,9,15,1091.9,PDF page 15; detected table 1; row 9; column 15,review_required
S019,707dac297cceb21b2b89049c996d1c5e4e276de00309428132d3ecf1bc3e68e3,15,1,9,16,1150.2,PDF page 15; detected table 1; row 9; column 16,review_required
S019,707dac297cceb21b2b89049c996d1c5e4e276de00309428132d3ecf1bc3e68e3,15,1,9,17,-5,PDF page 15; detected table 1; row 9; column 17,review_required
S019,707dac297cceb21b2b89049c996d1c5e4e276de00309428132d3ecf1bc3e68e3,15,1,10,1,8,PDF page 15; detected table 1; row 10; column 1,review_required
S019,707dac297cceb21b2b89049c996d1c5e4e276de00309428132d3ecf1bc3e68e3,15,1,10,2,JHARKHAND,PDF page 15; detected table 1; row 10; column 2,review_required
S019,707dac297cceb21b2b89049c996d1c5e4e276de00309428132d3ecf1bc3e68e3,15,1,10,3,73.5,PDF page 15; detected table 1; row 10; column 3,review_required
S019,707dac297cceb21b2b89049c996d1c5e4e276de00309428132d3ecf1bc3e68e3,15,1,10,4,189.5,PDF page 15; detected table 1; row 10; column 4,review_required
S019,707dac297cceb21b2b89049c996d1c5e4e276de00309428132d3ecf1bc3e68e3,15,1,10,5,-61,PDF page 15; detected table 1; row 10; column 5,review_required
S019,707dac297cceb21b2b89049c996d1c5e4e276de00309428132d3ecf1bc3e68e3,15,1,10,6,228.5,PDF page 15; detected table 1; row 10; column 6,review_required
S019,707dac297cceb21b2b89049c996d1c5e4e276de00309428132d3ecf1bc3e68e3,15,1,10,7,318.7,PDF page 15; detected table 1; row 10; column 7,review_required
S019,707dac297cceb21b2b89049c996d1c5e4e276de00309428132d3ecf1bc3e68e3,15,1,10,8,-28,PDF page 15; detected table 1; row 10; column 8,review_required
S019,707dac297cceb21b2b89049c996d1c5e4e276de00309428132d3ecf1bc3e68e3,15,1,10,9,427.9,PDF page 15; detected table 1; row 10; column 9,review_required
S019,707dac297cceb21b2b89049c996d1c5e4e276de00309428132d3ecf1bc3e68e3,15,1,10,10,290.7,PDF page 15; detected table 1; row 10; column 10,review_required
S019,707dac297cceb21b2b89049c996d1c5e4e276de00309428132d3ecf1bc3e68e3,15,1,10,11,47,PDF page 15; detected table 1; row 10; column 11,review_required
S019,707dac297cceb21b2b89049c996d1c5e4e276de00309428132d3ecf1bc3e68e3,15,1,10,12,299.0,PDF page 15; detected table 1; row 10; column 12,review_required
S019,707dac297cceb21b2b89049c996d1c5e4e276de00309428132d3ecf1bc3e68e3,15,1,10,13,224.0,PDF page 15; detected table 1; row 10; column 13,review_required
S019,707dac297cceb21b2b89049c996d1c5e4e276de00309428132d3ecf1bc3e68e3,15,1,10,14,33,PDF page 15; detected table 1; row 10; column 14,review_required
S019,707dac297cceb21b2b89049c996d1c5e4e276de00309428132d3ecf1bc3e68e3,15,1,10,15,1011.6,PDF page 15; detected table 1; row 10; column 15,review_required
S019,707dac297cceb21b2b89049c996d1c5e4e276de00309428132d3ecf1bc3e68e3,15,1,10,16,1022.9,PDF page 15; detected table 1; row 10; column 16,review_required
S019,707dac297cceb21b2b89049c996d1c5e4e276de00309428132d3ecf1bc3e68e3,15,1,10,17,-1,PDF page 15; detected table 1; row 10; column 17,review_required
S019,707dac297cceb21b2b89049c996d1c5e4e276de00309428132d3ecf1bc3e68e3,15,1,11,1,9,PDF page 15; detected table 1; row 11; column 1,review_required
S019,707dac297cceb21b2b89049c996d1c5e4e276de00309428132d3ecf1bc3e68e3,15,1,11,2,BIHAR,PDF page 15; detected table 1; row 11; column 2,review_required
S019,707dac297cceb21b2b89049c996d1c5e4e276de00309428132d3ecf1bc3e68e3,15,1,11,3,78.9,PDF page 15; detected table 1; row 11; column 3,review_required
S019,707dac297cceb21b2b89049c996d1c5e4e276de00309428132d3ecf1bc3e68e3,15,1,11,4,163.3,PDF page 15; detected table 1; row 11; column 4,review_required
S019,707dac297cceb21b2b89049c996d1c5e4e276de00309428132d3ecf1bc3e68e3,15,1,11,5,-52,PDF page 15; detected table 1; row 11; column 5,review_required
S019,707dac297cceb21b2b89049c996d1c5e4e276de00309428132d3ecf1bc3e68e3,15,1,11,6,241.3,PDF page 15; detected table 1; row 11; column 6,review_required
S019,707dac297cceb21b2b89049c996d1c5e4e276de00309428132d3ecf1bc3e68e3,15,1,11,7,340.5,PDF page 15; detected table 1; row 11; column 7,review_required
S019,707dac297cceb21b2b89049c996d1c5e4e276de00309428132d3ecf1bc3e68e3,15,1,11,8,-29,PDF page 15; detected table 1; row 11; column 8,review_required
S019,707dac297cceb21b2b89049c996d1c5e4e276de00309428132d3ecf1bc3e68e3,15,1,11,9,260.3,PDF page 15; detected table 1; row 11; column 9,review_required
S019,707dac297cceb21b2b89049c996d1c5e4e276de00309428132d3ecf1bc3e68e3,15,1,11,10,271.9,PDF page 15; detected table 1; row 11; column 10,review_required
S019,707dac297cceb21b2b89049c996d1c5e4e276de00309428132d3ecf1bc3e68e3,15,1,11,11,-4,PDF page 15; detected table 1; row 11; column 11,review_required
S019,707dac297cceb21b2b89049c996d1c5e4e276de00309428132d3ecf1bc3e68e3,15,1,11,12,218.3,PDF page 15; detected table 1; row 11; column 12,review_required
S019,707dac297cceb21b2b89049c996d1c5e4e276de00309428132d3ecf1bc3e68e3,15,1,11,13,216.5,PDF page 15; detected table 1; row 11; column 13,review_required
S019,707dac297cceb21b2b89049c996d1c5e4e276de00309428132d3ecf1bc3e68e3,15,1,11,14,1,PDF page 15; detected table 1; row 11; column 14,review_required
S019,707dac297cceb21b2b89049c996d1c5e4e276de00309428132d3ecf1bc3e68e3,15,1,11,15,798.7,PDF page 15; detected table 1; row 11; column 15,review_required
S019,707dac297cceb21b2b89049c996d1c5e4e276de00309428132d3ecf1bc3e68e3,15,1,11,16,992.2,PDF page 15; detected table 1; row 11; column 16,review_required
S019,707dac297cceb21b2b89049c996d1c5e4e276de00309428132d3ecf1bc3e68e3,15,1,11,17,-19,PDF page 15; detected table 1; row 11; column 17,review_required
S019,707dac297cceb21b2b89049c996d1c5e4e276de00309428132d3ecf1bc3e68e3,15,1,12,1,10,PDF page 15; detected table 1; row 12; column 1,review_required
S019,707dac297cceb21b2b89049c996d1c5e4e276de00309428132d3ecf1bc3e68e3,15,1,12,2,EAST U.P.,PDF page 15; detected table 1; row 12; column 2,review_required
S019,707dac297cceb21b2b89049c996d1c5e4e276de00309428132d3ecf1bc3e68e3,15,1,12,3,55.5,PDF page 15; detected table 1; row 12; column 3,review_required
S019,707dac297cceb21b2b89049c996d1c5e4e276de00309428132d3ecf1bc3e68e3,15,1,12,4,108.3,PDF page 15; detected table 1; row 12; column 4,review_required
S019,707dac297cceb21b2b89049c996d1c5e4e276de00309428132d3ecf1bc3e68e3,15,1,12,5,-49,PDF page 15; detected table 1; row 12; column 5,review_required
S019,707dac297cceb21b2b89049c996d1c5e4e276de00309428132d3ecf1bc3e68e3,15,1,12,6,249.4,PDF page 15; detected table 1; row 12; column 6,review_required
S019,707dac297cceb21b2b89049c996d1c5e4e276de00309428132d3ecf1bc3e68e3,15,1,12,7,276.9,PDF page 15; detected table 1; row 12; column 7,review_required
S019,707dac297cceb21b2b89049c996d1c5e4e276de00309428132d3ecf1bc3e68e3,15,1,12,8,-10,PDF page 15; detected table 1; row 12; column 8,review_required
S019,707dac297cceb21b2b89049c996d1c5e4e276de00309428132d3ecf1bc3e68e3,15,1,12,9,246.9,PDF page 15; detected table 1; row 12; column 9,review_required
S019,707dac297cceb21b2b89049c996d1c5e4e276de00309428132d3ecf1bc3e68e3,15,1,12,10,240.6,PDF page 15; detected table 1; row 12; column 10,review_required
S019,707dac297cceb21b2b89049c996d1c5e4e276de00309428132d3ecf1bc3e68e3,15,1,12,11,2.6,PDF page 15; detected table 1; row 12; column 11,review_required
S019,707dac297cceb21b2b89049c996d1c5e4e276de00309428132d3ecf1bc3e68e3,15,1,12,12,197.7,PDF page 15; detected table 1; row 12; column 12,review_required
S019,707dac297cceb21b2b89049c996d1c5e4e276de00309428132d3ecf1bc3e68e3,15,1,12,13,173.4,PDF page 15; detected table 1; row 12; column 13,review_required
S019,707dac297cceb21b2b89049c996d1c5e4e276de00309428132d3ecf1bc3e68e3,15,1,12,14,14,PDF page 15; detected table 1; row 12; column 14,review_required
S019,707dac297cceb21b2b89049c996d1c5e4e276de00309428132d3ecf1bc3e68e3,15,1,12,15,746.2,PDF page 15; detected table 1; row 12; column 15,review_required
S019,707dac297cceb21b2b89049c996d1c5e4e276de00309428132d3ecf1bc3e68e3,15,1,12,16,799.2,PDF page 15; detected table 1; row 12; column 16,review_required
S019,707dac297cceb21b2b89049c996d1c5e4e276de00309428132d3ecf1bc3e68e3,15,1,12,17,-7,PDF page 15; detected table 1; row 12; column 17,review_required
S019,707dac297cceb21b2b89049c996d1c5e4e276de00309428132d3ecf1bc3e68e3,15,1,13,1,11,PDF page 15; detected table 1; row 13; column 1,review_required
S019,707dac297cceb21b2b89049c996d1c5e4e276de00309428132d3ecf1bc3e68e3,15,1,13,2,WEST U.P.,PDF page 15; detected table 1; row 13; column 2,review_required
S019,707dac297cceb21b2b89049c996d1c5e4e276de00309428132d3ecf1bc3e68e3,15,1,13,3,75.1,PDF page 15; detected table 1; row 13; column 3,review_required
S019,707dac297cceb21b2b89049c996d1c5e4e276de00309428132d3ecf1bc3e68e3,15,1,13,4,78.6,PDF page 15; detected table 1; row 13; column 4,review_required
S019,707dac297cceb21b2b89049c996d1c5e4e276de00309428132d3ecf1bc3e68e3,15,1,13,5,-4,PDF page 15; detected table 1; row 13; column 5,review_required
S019,707dac297cceb21b2b89049c996d1c5e4e276de00309428132d3ecf1bc3e68e3,15,1,13,6,226.0,PDF page 15; detected table 1; row 13; column 6,review_required
S019,707dac297cceb21b2b89049c996d1c5e4e276de00309428132d3ecf1bc3e68e3,15,1,13,7,240.3,PDF page 15; detected table 1; row 13; column 7,review_required
S019,707dac297cceb21b2b89049c996d1c5e4e276de00309428132d3ecf1bc3e68e3,15,1,13,8,-6,PDF page 15; detected table 1; row 13; column 8,review_required
S019,707dac297cceb21b2b89049c996d1c5e4e276de00309428132d3ecf1bc3e68e3,15,1,13,9,187.2,PDF page 15; detected table 1; row 13; column 9,review_required
S019,707dac297cceb21b2b89049c996d1c5e4e276de00309428132d3ecf1bc3e68e3,15,1,13,10,228.3,PDF page 15; detected table 1; row 13; column 10,review_required
S019,707dac297cceb21b2b89049c996d1c5e4e276de00309428132d3ecf1bc3e68e3,15,1,13,11,-18,PDF page 15; detected table 1; row 13; column 11,review_required
S019,707dac297cceb21b2b89049c996d1c5e4e276de00309428132d3ecf1bc3e68e3,15,1,13,12,256.0,PDF page 15; detected table 1; row 13; column 12,review_required
S019,707dac297cceb21b2b89049c996d1c5e4e276de00309428132d3ecf1bc3e68e3,15,1,13,13,124.8,PDF page 15; detected table 1; row 13; column 13,review_required
S019,707dac297cceb21b2b89049c996d1c5e4e276de00309428132d3ecf1bc3e68e3,15,1,13,14,105,PDF page 15; detected table 1; row 13; column 14,review_required
S019,707dac297cceb21b2b89049c996d1c5e4e276de00309428132d3ecf1bc3e68e3,15,1,13,15,743.1,PDF page 15; detected table 1; row 13; column 15,review_required
S019,707dac297cceb21b2b89049c996d1c5e4e276de00309428132d3ecf1bc3e68e3,15,1,13,16,672.0,PDF page 15; detected table 1; row 13; column 16,review_required
S019,707dac297cceb21b2b89049c996d1c5e4e276de00309428132d3ecf1bc3e68e3,15,1,13,17,11,PDF page 15; detected table 1; row 13; column 17,review_required
S019,707dac297cceb21b2b89049c996d1c5e4e276de00309428132d3ecf1bc3e68e3,15,1,14,1,12,PDF page 15; detected table 1; row 14; column 1,review_required
S019,707dac297cceb21b2b89049c996d1c5e4e276de00309428132d3ecf1bc3e68e3,15,1,14,2,UTTARAKHAND,PDF page 15; detected table 1; row 14; column 2,review_required
S019,707dac297cceb21b2b89049c996d1c5e4e276de00309428132d3ecf1bc3e68e3,15,1,14,3,89.5,PDF page 15; detected table 1; row 14; column 3,review_required
S019,707dac297cceb21b2b89049c996d1c5e4e276de00309428132d3ecf1bc3e68e3,15,1,14,4,176.8,PDF page 15; detected table 1; row 14; column 4,review_required
S019,707dac297cceb21b2b89049c996d1c5e4e276de00309428132d3ecf1bc3e68e3,15,1,14,5,-49,PDF page 15; detected table 1; row 14; column 5,review_required
S019,707dac297cceb21b2b89049c996d1c5e4e276de00309428132d3ecf1bc3e68e3,15,1,14,6,481.9,PDF page 15; detected table 1; row 14; column 6,review_required
S019,707dac297cceb21b2b89049c996d1c5e4e276de00309428132d3ecf1bc3e68e3,15,1,14,7,417.8,PDF page 15; detected table 1; row 14; column 7,review_required
S019,707dac297cceb21b2b89049c996d1c5e4e276de00309428132d3ecf1bc3e68e3,15,1,14,8,15,PDF page 15; detected table 1; row 14; column 8,review_required
S019,707dac297cceb21b2b89049c996d1c5e4e276de00309428132d3ecf1bc3e68e3,15,1,14,9,419.4,PDF page 15; detected table 1; row 14; column 9,review_required
S019,707dac297cceb21b2b89049c996d1c5e4e276de00309428132d3ecf1bc3e68e3,15,1,14,10,385.7,PDF page 15; detected table 1; row 14; column 10,review_required
S019,707dac297cceb21b2b89049c996d1c5e4e276de00309428132d3ecf1bc3e68e3,15,1,14,11,9,PDF page 15; detected table 1; row 14; column 11,review_required
S019,707dac297cceb21b2b89049c996d1c5e4e276de00309428132d3ecf1bc3e68e3,15,1,14,12,282.5,PDF page 15; detected table 1; row 14; column 12,review_required
S019,707dac297cceb21b2b89049c996d1c5e4e276de00309428132d3ecf1bc3e68e3,15,1,14,13,182.4,PDF page 15; detected table 1; row 14; column 13,review_required
S019,707dac297cceb21b2b89049c996d1c5e4e276de00309428132d3ecf1bc3e68e3,15,1,14,14,55,PDF page 15; detected table 1; row 14; column 14,review_required
S019,707dac297cceb21b2b89049c996d1c5e4e276de00309428132d3ecf1bc3e68e3,15,1,14,15,1273.4,PDF page 15; detected table 1; row 14; column 15,review_required
S019,707dac297cceb21b2b89049c996d1c5e4e276de00309428132d3ecf1bc3e68e3,15,1,14,16,1162.7,PDF page 15; detected table 1; row 14; column 16,review_required
S019,707dac297cceb21b2b89049c996d1c5e4e276de00309428132d3ecf1bc3e68e3,15,1,14,17,10,PDF page 15; detected table 1; row 14; column 17,review_required
S019,707dac297cceb21b2b89049c996d1c5e4e276de00309428132d3ecf1bc3e68e3,15,1,15,1,13,PDF page 15; detected table 1; row 15; column 1,review_required
S019,707dac297cceb21b2b89049c996d1c5e4e276de00309428132d3ecf1bc3e68e3,15,1,15,2,HAR. CHD & DELHI,PDF page 15; detected table 1; row 15; column 2,review_required
S019,707dac297cceb21b2b89049c996d1c5e4e276de00309428132d3ecf1bc3e68e3,15,1,15,3,31.3,PDF page 15; detected table 1; row 15; column 3,review_required
S019,707dac297cceb21b2b89049c996d1c5e4e276de00309428132d3ecf1bc3e68e3,15,1,15,4,55.3,PDF page 15; detected table 1; row 15; column 4,review_required
S019,707dac297cceb21b2b89049c996d1c5e4e276de00309428132d3ecf1bc3e68e3,15,1,15,5,-43,PDF page 15; detected table 1; row 15; column 5,review_required
S019,707dac297cceb21b2b89049c996d1c5e4e276de00309428132d3ecf1bc3e68e3,15,1,15,6,89.5,PDF page 15; detected table 1; row 15; column 6,review_required
S019,707dac297cceb21b2b89049c996d1c5e4e276de00309428132d3ecf1bc3e68e3,15,1,15,7,150.5,PDF page 15; detected table 1; row 15; column 7,review_required
S019,707dac297cceb21b2b89049c996d1c5e4e276de00309428132d3ecf1bc3e68e3,15,1,15,8,-41,PDF page 15; detected table 1; row 15; column 8,review_required
S019,707dac297cceb21b2b89049c996d1c5e4e276de00309428132d3ecf1bc3e68e3,15,1,15,9,190.1,PDF page 15; detected table 1; row 15; column 9,review_required
S019,707dac297cceb21b2b89049c996d1c5e4e276de00309428132d3ecf1bc3e68e3,15,1,15,10,147.7,PDF page 15; detected table 1; row 15; column 10,review_required
S019,707dac297cceb21b2b89049c996d1c5e4e276de00309428132d3ecf1bc3e68e3,15,1,15,11,29,PDF page 15; detected table 1; row 15; column 11,review_required
S019,707dac297cceb21b2b89049c996d1c5e4e276de00309428132d3ecf1bc3e68e3,15,1,15,12,106.3,PDF page 15; detected table 1; row 15; column 12,review_required
S019,707dac297cceb21b2b89049c996d1c5e4e276de00309428132d3ecf1bc3e68e3,15,1,15,13,77.2,PDF page 15; detected table 1; row 15; column 13,review_required
S019,707dac297cceb21b2b89049c996d1c5e4e276de00309428132d3ecf1bc3e68e3,15,1,15,14,38,PDF page 15; detected table 1; row 15; column 14,review_required
S019,707dac297cceb21b2b89049c996d1c5e4e276de00309428132d3ecf1bc3e68e3,15,1,15,15,417.1,PDF page 15; detected table 1; row 15; column 15,review_required
S019,707dac297cceb21b2b89049c996d1c5e4e276de00309428132d3ecf1bc3e68e3,15,1,15,16,430.7,PDF page 15; detected table 1; row 15; column 16,review_required
S019,707dac297cceb21b2b89049c996d1c5e4e276de00309428132d3ecf1bc3e68e3,15,1,15,17,-3,PDF page 15; detected table 1; row 15; column 17,review_required
S019,707dac297cceb21b2b89049c996d1c5e4e276de00309428132d3ecf1bc3e68e3,15,1,16,1,14,PDF page 15; detected table 1; row 16; column 1,review_required
S019,707dac297cceb21b2b89049c996d1c5e4e276de00309428132d3ecf1bc3e68e3,15,1,16,2,PUNJAB,PDF page 15; detected table 1; row 16; column 2,review_required
S019,707dac297cceb21b2b89049c996d1c5e4e276de00309428132d3ecf1bc3e68e3,15,1,16,3,29.4,PDF page 15; detected table 1; row 16; column 3,review_required
S019,707dac297cceb21b2b89049c996d1c5e4e276de00309428132d3ecf1bc3e68e3,15,1,16,4,54.5,PDF page 15; detected table 1; row 16; column 4,review_required
S019,707dac297cceb21b2b89049c996d1c5e4e276de00309428132d3ecf1bc3e68e3,15,1,16,5,-46,PDF page 15; detected table 1; row 16; column 5,review_required
S019,707dac297cceb21b2b89049c996d1c5e4e276de00309428132d3ecf1bc3e68e3,15,1,16,6,89.6,PDF page 15; detected table 1; row 16; column 6,review_required
S019,707dac297cceb21b2b89049c996d1c5e4e276de00309428132d3ecf1bc3e68e3,15,1,16,7,161.4,PDF page 15; detected table 1; row 16; column 7,review_required
S019,707dac297cceb21b2b89049c996d1c5e4e276de00309428132d3ecf1bc3e68e3,15,1,16,8,-44,PDF page 15; detected table 1; row 16; column 8,review_required
S019,707dac297cceb21b2b89049c996d1c5e4e276de00309428132d3ecf1bc3e68e3,15,1,16,9,156.6,PDF page 15; detected table 1; row 16; column 9,review_required
S019,707dac297cceb21b2b89049c996d1c5e4e276de00309428132d3ecf1bc3e68e3,15,1,16,10,146.2,PDF page 15; detected table 1; row 16; column 10,review_required
S019,707dac297cceb21b2b89049c996d1c5e4e276de00309428132d3ecf1bc3e68e3,15,1,16,11,7,PDF page 15; detected table 1; row 16; column 11,review_required
S019,707dac297cceb21b2b89049c996d1c5e4e276de00309428132d3ecf1bc3e68e3,15,1,16,12,42.2,PDF page 15; detected table 1; row 16; column 12,review_required
S019,707dac297cceb21b2b89049c996d1c5e4e276de00309428132d3ecf1bc3e68e3,15,1,16,13,77.7,PDF page 15; detected table 1; row 16; column 13,review_required
S019,707dac297cceb21b2b89049c996d1c5e4e276de00309428132d3ecf1bc3e68e3,15,1,16,14,-46,PDF page 15; detected table 1; row 16; column 14,review_required
S019,707dac297cceb21b2b89049c996d1c5e4e276de00309428132d3ecf1bc3e68e3,15,1,16,15,314.8,PDF page 15; detected table 1; row 16; column 15,review_required
S019,707dac297cceb21b2b89049c996d1c5e4e276de00309428132d3ecf1bc3e68e3,15,1,16,16,439.8,PDF page 15; detected table 1; row 16; column 16,review_required
S019,707dac297cceb21b2b89049c996d1c5e4e276de00309428132d3ecf1bc3e68e3,15,1,16,17,-28,PDF page 15; detected table 1; row 16; column 17,review_required
S019,707dac297cceb21b2b89049c996d1c5e4e276de00309428132d3ecf1bc3e68e3,15,1,17,1,15,PDF page 15; detected table 1; row 17; column 1,review_required
S019,707dac297cceb21b2b89049c996d1c5e4e276de00309428132d3ecf1bc3e68e3,15,1,17,2,HIMACHAL PRADESH,PDF page 15; detected table 1; row 17; column 2,review_required
S019,707dac297cceb21b2b89049c996d1c5e4e276de00309428132d3ecf1bc3e68e3,15,1,17,3,51.1,PDF page 15; detected table 1; row 17; column 3,review_required
S019,707dac297cceb21b2b89049c996d1c5e4e276de00309428132d3ecf1bc3e68e3,15,1,17,4,101.1,PDF page 15; detected table 1; row 17; column 4,review_required
S019,707dac297cceb21b2b89049c996d1c5e4e276de00309428132d3ecf1bc3e68e3,15,1,17,5,-49,PDF page 15; detected table 1; row 17; column 5,review_required
S019,707dac297cceb21b2b89049c996d1c5e4e276de00309428132d3ecf1bc3e68e3,15,1,17,6,182.5,PDF page 15; detected table 1; row 17; column 6,review_required
S019,707dac297cceb21b2b89049c996d1c5e4e276de00309428132d3ecf1bc3e68e3,15,1,17,7,255.9,PDF page 15; detected table 1; row 17; column 7,review_required
S019,707dac297cceb21b2b89049c996d1c5e4e276de00309428132d3ecf1bc3e68e3,15,1,17,8,-29,PDF page 15; detected table 1; row 17; column 8,review_required
S019,707dac297cceb21b2b89049c996d1c5e4e276de00309428132d3ecf1bc3e68e3,15,1,17,9,244.1,PDF page 15; detected table 1; row 17; column 9,review_required
S019,707dac297cceb21b2b89049c996d1c5e4e276de00309428132d3ecf1bc3e68e3,15,1,17,10,256.8,PDF page 15; detected table 1; row 17; column 10,review_required
S019,707dac297cceb21b2b89049c996d1c5e4e276de00309428132d3ecf1bc3e68e3,15,1,17,11,-5,PDF page 15; detected table 1; row 17; column 11,review_required
S019,707dac297cceb21b2b89049c996d1c5e4e276de00309428132d3ecf1bc3e68e3,15,1,17,12,124.1,PDF page 15; detected table 1; row 17; column 12,review_required
S019,707dac297cceb21b2b89049c996d1c5e4e276de00309428132d3ecf1bc3e68e3,15,1,17,13,120.6,PDF page 15; detected table 1; row 17; column 13,review_required
S019,707dac297cceb21b2b89049c996d1c5e4e276de00309428132d3ecf1bc3e68e3,15,1,17,14,3,PDF page 15; detected table 1; row 17; column 14,review_required
S019,707dac297cceb21b2b89049c996d1c5e4e276de00309428132d3ecf1bc3e68e3,15,1,17,15,594.7,PDF page 15; detected table 1; row 17; column 15,review_required
S019,707dac297cceb21b2b89049c996d1c5e4e276de00309428132d3ecf1bc3e68e3,15,1,17,16,734.4,PDF page 15; detected table 1; row 17; column 16,review_required
S019,707dac297cceb21b2b89049c996d1c5e4e276de00309428132d3ecf1bc3e68e3,15,1,17,17,-19,PDF page 15; detected table 1; row 17; column 17,review_required
S019,707dac297cceb21b2b89049c996d1c5e4e276de00309428132d3ecf1bc3e68e3,15,1,18,1,16,PDF page 15; detected table 1; row 18; column 1,review_required
S019,707dac297cceb21b2b89049c996d1c5e4e276de00309428132d3ecf1bc3e68e3,15,1,18,2,"JAMMU & KASHMIR &
LADAKH",PDF page 15; detected table 1; row 18; column 2,review_required
S019,707dac297cceb21b2b89049c996d1c5e4e276de00309428132d3ecf1bc3e68e3,15,1,18,3,47.1,PDF page 15; detected table 1; row 18; column 3,review_required
S019,707dac297cceb21b2b89049c996d1c5e4e276de00309428132d3ecf1bc3e68e3,15,1,18,4,75.9,PDF page 15; detected table 1; row 18; column 4,review_required
S019,707dac297cceb21b2b89049c996d1c5e4e276de00309428132d3ecf1bc3e68e3,15,1,18,5,-38,PDF page 15; detected table 1; row 18; column 5,review_required
S019,707dac297cceb21b2b89049c996d1c5e4e276de00309428132d3ecf1bc3e68e3,15,1,18,6,111.9,PDF page 15; detected table 1; row 18; column 6,review_required
S019,707dac297cceb21b2b89049c996d1c5e4e276de00309428132d3ecf1bc3e68e3,15,1,18,7,192.6,PDF page 15; detected table 1; row 18; column 7,review_required
S019,707dac297cceb21b2b89049c996d1c5e4e276de00309428132d3ecf1bc3e68e3,15,1,18,8,-42,PDF page 15; detected table 1; row 18; column 8,review_required
S019,707dac297cceb21b2b89049c996d1c5e4e276de00309428132d3ecf1bc3e68e3,15,1,18,9,161.9,PDF page 15; detected table 1; row 18; column 9,review_required
S019,707dac297cceb21b2b89049c996d1c5e4e276de00309428132d3ecf1bc3e68e3,15,1,18,10,184.9,PDF page 15; detected table 1; row 18; column 10,review_required
S019,707dac297cceb21b2b89049c996d1c5e4e276de00309428132d3ecf1bc3e68e3,15,1,18,11,-12,PDF page 15; detected table 1; row 18; column 11,review_required
S019,707dac297cceb21b2b89049c996d1c5e4e276de00309428132d3ecf1bc3e68e3,15,1,18,12,50.1,PDF page 15; detected table 1; row 18; column 12,review_required
S019,707dac297cceb21b2b89049c996d1c5e4e276de00309428132d3ecf1bc3e68e3,15,1,18,13,95.7,PDF page 15; detected table 1; row 18; column 13,review_required
S019,707dac297cceb21b2b89049c996d1c5e4e276de00309428132d3ecf1bc3e68e3,15,1,18,14,-48,PDF page 15; detected table 1; row 18; column 14,review_required
S019,707dac297cceb21b2b89049c996d1c5e4e276de00309428132d3ecf1bc3e68e3,15,1,18,15,408.5,PDF page 15; detected table 1; row 18; column 15,review_required
S019,707dac297cceb21b2b89049c996d1c5e4e276de00309428132d3ecf1bc3e68e3,15,1,18,16,549.1,PDF page 15; detected table 1; row 18; column 16,review_required
S019,707dac297cceb21b2b89049c996d1c5e4e276de00309428132d3ecf1bc3e68e3,15,1,18,17,-26,PDF page 15; detected table 1; row 18; column 17,review_required
S019,707dac297cceb21b2b89049c996d1c5e4e276de00309428132d3ecf1bc3e68e3,17,1,1,1,"Month
Category",PDF page 17; detected table 1; row 1; column 1,review_required
S019,707dac297cceb21b2b89049c996d1c5e4e276de00309428132d3ecf1bc3e68e3,17,1,1,2,June,PDF page 17; detected table 1; row 1; column 2,review_required
S019,707dac297cceb21b2b89049c996d1c5e4e276de00309428132d3ecf1bc3e68e3,17,1,1,3,July,PDF page 17; detected table 1; row 1; column 3,review_required
S019,707dac297cceb21b2b89049c996d1c5e4e276de00309428132d3ecf1bc3e68e3,17,1,1,4,August,PDF page 17; detected table 1; row 1; column 4,review_required
S019,707dac297cceb21b2b89049c996d1c5e4e276de00309428132d3ecf1bc3e68e3,17,1,1,5,September,PDF page 17; detected table 1; row 1; column 5,review_required
S019,707dac297cceb21b2b89049c996d1c5e4e276de00309428132d3ecf1bc3e68e3,17,1,2,1,Large Excess,PDF page 17; detected table 1; row 2; column 1,review_required
S019,707dac297cceb21b2b89049c996d1c5e4e276de00309428132d3ecf1bc3e68e3,17,1,2,2,2,PDF page 17; detected table 1; row 2; column 2,review_required
S019,707dac297cceb21b2b89049c996d1c5e4e276de00309428132d3ecf1bc3e68e3,17,1,2,3,6,PDF page 17; detected table 1; row 2; column 3,review_required
S019,707dac297cceb21b2b89049c996d1c5e4e276de00309428132d3ecf1bc3e68e3,17,1,2,4,5,PDF page 17; detected table 1; row 2; column 4,review_required
S019,707dac297cceb21b2b89049c996d1c5e4e276de00309428132d3ecf1bc3e68e3,17,1,2,5,5,PDF page 17; detected table 1; row 2; column 5,review_required
S019,707dac297cceb21b2b89049c996d1c5e4e276de00309428132d3ecf1bc3e68e3,17,1,3,1,Excess,PDF page 17; detected table 1; row 3; column 1,review_required
S019,707dac297cceb21b2b89049c996d1c5e4e276de00309428132d3ecf1bc3e68e3,17,1,3,2,4,PDF page 17; detected table 1; row 3; column 2,review_required
S019,707dac297cceb21b2b89049c996d1c5e4e276de00309428132d3ecf1bc3e68e3,17,1,3,3,6,PDF page 17; detected table 1; row 3; column 3,review_required
S019,707dac297cceb21b2b89049c996d1c5e4e276de00309428132d3ecf1bc3e68e3,17,1,3,4,8,PDF page 17; detected table 1; row 3; column 4,review_required
S019,707dac297cceb21b2b89049c996d1c5e4e276de00309428132d3ecf1bc3e68e3,17,1,3,5,12,PDF page 17; detected table 1; row 3; column 5,review_required
S019,707dac297cceb21b2b89049c996d1c5e4e276de00309428132d3ecf1bc3e68e3,17,1,4,1,Normal,PDF page 17; detected table 1; row 4; column 1,review_required
S019,707dac297cceb21b2b89049c996d1c5e4e276de00309428132d3ecf1bc3e68e3,17,1,4,2,14,PDF page 17; detected table 1; row 4; column 2,review_required
S019,707dac297cceb21b2b89049c996d1c5e4e276de00309428132d3ecf1bc3e68e3,17,1,4,3,12,PDF page 17; detected table 1; row 4; column 3,review_required
S019,707dac297cceb21b2b89049c996d1c5e4e276de00309428132d3ecf1bc3e68e3,17,1,4,4,18,PDF page 17; detected table 1; row 4; column 4,review_required
S019,707dac297cceb21b2b89049c996d1c5e4e276de00309428132d3ecf1bc3e68e3,17,1,4,5,8,PDF page 17; detected table 1; row 4; column 5,review_required
S019,707dac297cceb21b2b89049c996d1c5e4e276de00309428132d3ecf1bc3e68e3,17,1,5,1,Deficient,PDF page 17; detected table 1; row 5; column 1,review_required
S019,707dac297cceb21b2b89049c996d1c5e4e276de00309428132d3ecf1bc3e68e3,17,1,5,2,14,PDF page 17; detected table 1; row 5; column 2,review_required
S019,707dac297cceb21b2b89049c996d1c5e4e276de00309428132d3ecf1bc3e68e3,17,1,5,3,12,PDF page 17; detected table 1; row 5; column 3,review_required
S019,707dac297cceb21b2b89049c996d1c5e4e276de00309428132d3ecf1bc3e68e3,17,1,5,4,5,PDF page 17; detected table 1; row 5; column 4,review_required
S019,707dac297cceb21b2b89049c996d1c5e4e276de00309428132d3ecf1bc3e68e3,17,1,5,5,10,PDF page 17; detected table 1; row 5; column 5,review_required
S019,707dac297cceb21b2b89049c996d1c5e4e276de00309428132d3ecf1bc3e68e3,17,1,6,1,Large Deficient,PDF page 17; detected table 1; row 6; column 1,review_required
S019,707dac297cceb21b2b89049c996d1c5e4e276de00309428132d3ecf1bc3e68e3,17,1,6,2,2,PDF page 17; detected table 1; row 6; column 2,review_required
S019,707dac297cceb21b2b89049c996d1c5e4e276de00309428132d3ecf1bc3e68e3,17,1,6,3,0,PDF page 17; detected table 1; row 6; column 3,review_required
S019,707dac297cceb21b2b89049c996d1c5e4e276de00309428132d3ecf1bc3e68e3,17,1,6,4,0,PDF page 17; detected table 1; row 6; column 4,review_required
S019,707dac297cceb21b2b89049c996d1c5e4e276de00309428132d3ecf1bc3e68e3,17,1,6,5,1,PDF page 17; detected table 1; row 6; column 5,review_required
S019,707dac297cceb21b2b89049c996d1c5e4e276de00309428132d3ecf1bc3e68e3,17,1,7,1,No Rain,PDF page 17; detected table 1; row 7; column 1,review_required
S019,707dac297cceb21b2b89049c996d1c5e4e276de00309428132d3ecf1bc3e68e3,17,1,7,2,0,PDF page 17; detected table 1; row 7; column 2,review_required
S019,707dac297cceb21b2b89049c996d1c5e4e276de00309428132d3ecf1bc3e68e3,17,1,7,3,0,PDF page 17; detected table 1; row 7; column 3,review_required
S019,707dac297cceb21b2b89049c996d1c5e4e276de00309428132d3ecf1bc3e68e3,17,1,7,4,0,PDF page 17; detected table 1; row 7; column 4,review_required
S019,707dac297cceb21b2b89049c996d1c5e4e276de00309428132d3ecf1bc3e68e3,17,1,7,5,0,PDF page 17; detected table 1; row 7; column 5,review_required
S019,707dac297cceb21b2b89049c996d1c5e4e276de00309428132d3ecf1bc3e68e3,20,1,1,1,STATES,PDF page 20; detected table 1; row 1; column 1,review_required
S019,707dac297cceb21b2b89049c996d1c5e4e276de00309428132d3ecf1bc3e68e3,20,1,1,2,JUNE,PDF page 20; detected table 1; row 1; column 2,review_required
S019,707dac297cceb21b2b89049c996d1c5e4e276de00309428132d3ecf1bc3e68e3,20,1,1,9,JULY,PDF page 20; detected table 1; row 1; column 9,review_required
S019,707dac297cceb21b2b89049c996d1c5e4e276de00309428132d3ecf1bc3e68e3,20,1,1,16,AUGUST,PDF page 20; detected table 1; row 1; column 16,review_required
S019,707dac297cceb21b2b89049c996d1c5e4e276de00309428132d3ecf1bc3e68e3,20,1,1,23,SEPTEMBER,PDF page 20; detected table 1; row 1; column 23,review_required
S019,707dac297cceb21b2b89049c996d1c5e4e276de00309428132d3ecf1bc3e68e3,20,1,2,2,LE,PDF page 20; detected table 1; row 2; column 2,review_required
S019,707dac297cceb21b2b89049c996d1c5e4e276de00309428132d3ecf1bc3e68e3,20,1,2,3,E,PDF page 20; detected table 1; row 2; column 3,review_required
S019,707dac297cceb21b2b89049c996d1c5e4e276de00309428132d3ecf1bc3e68e3,20,1,2,4,N,PDF page 20; detected table 1; row 2; column 4,review_required
S019,707dac297cceb21b2b89049c996d1c5e4e276de00309428132d3ecf1bc3e68e3,20,1,2,5,D,PDF page 20; detected table 1; row 2; column 5,review_required
S019,707dac297cceb21b2b89049c996d1c5e4e276de00309428132d3ecf1bc3e68e3,20,1,2,6,LD,PDF page 20; detected table 1; row 2; column 6,review_required
S019,707dac297cceb21b2b89049c996d1c5e4e276de00309428132d3ecf1bc3e68e3,20,1,2,7,NR,PDF page 20; detected table 1; row 2; column 7,review_required
S019,707dac297cceb21b2b89049c996d1c5e4e276de00309428132d3ecf1bc3e68e3,20,1,2,8,ND,PDF page 20; detected table 1; row 2; column 8,review_required
S019,707dac297cceb21b2b89049c996d1c5e4e276de00309428132d3ecf1bc3e68e3,20,1,2,9,LE,PDF page 20; detected table 1; row 2; column 9,review_required
S019,707dac297cceb21b2b89049c996d1c5e4e276de00309428132d3ecf1bc3e68e3,20,1,2,10,E,PDF page 20; detected table 1; row 2; column 10,review_required
S019,707dac297cceb21b2b89049c996d1c5e4e276de00309428132d3ecf1bc3e68e3,20,1,2,11,N,PDF page 20; detected table 1; row 2; column 11,review_required
S019,707dac297cceb21b2b89049c996d1c5e4e276de00309428132d3ecf1bc3e68e3,20,1,2,12,D,PDF page 20; detected table 1; row 2; column 12,review_required
S019,707dac297cceb21b2b89049c996d1c5e4e276de00309428132d3ecf1bc3e68e3,20,1,2,13,LD,PDF page 20; detected table 1; row 2; column 13,review_required
S019,707dac297cceb21b2b89049c996d1c5e4e276de00309428132d3ecf1bc3e68e3,20,1,2,14,NR,PDF page 20; detected table 1; row 2; column 14,review_required
S019,707dac297cceb21b2b89049c996d1c5e4e276de00309428132d3ecf1bc3e68e3,20,1,2,15,ND,PDF page 20; detected table 1; row 2; column 15,review_required
S019,707dac297cceb21b2b89049c996d1c5e4e276de00309428132d3ecf1bc3e68e3,20,1,2,16,LE,PDF page 20; detected table 1; row 2; column 16,review_required
S019,707dac297cceb21b2b89049c996d1c5e4e276de00309428132d3ecf1bc3e68e3,20,1,2,17,E,PDF page 20; detected table 1; row 2; column 17,review_required
S019,707dac297cceb21b2b89049c996d1c5e4e276de00309428132d3ecf1bc3e68e3,20,1,2,18,N,PDF page 20; detected table 1; row 2; column 18,review_required
S019,707dac297cceb21b2b89049c996d1c5e4e276de00309428132d3ecf1bc3e68e3,20,1,2,19,D,PDF page 20; detected table 1; row 2; column 19,review_required
S019,707dac297cceb21b2b89049c996d1c5e4e276de00309428132d3ecf1bc3e68e3,20,1,2,20,LD,PDF page 20; detected table 1; row 2; column 20,review_required
S019,707dac297cceb21b2b89049c996d1c5e4e276de00309428132d3ecf1bc3e68e3,20,1,2,21,NR,PDF page 20; detected table 1; row 2; column 21,review_required
S019,707dac297cceb21b2b89049c996d1c5e4e276de00309428132d3ecf1bc3e68e3,20,1,2,22,ND,PDF page 20; detected table 1; row 2; column 22,review_required
S019,707dac297cceb21b2b89049c996d1c5e4e276de00309428132d3ecf1bc3e68e3,20,1,2,23,LE,PDF page 20; detected table 1; row 2; column 23,review_required
S019,707dac297cceb21b2b89049c996d1c5e4e276de00309428132d3ecf1bc3e68e3,20,1,2,24,E,PDF page 20; detected table 1; row 2; column 24,review_required
S019,707dac297cceb21b2b89049c996d1c5e4e276de00309428132d3ecf1bc3e68e3,20,1,2,25,N,PDF page 20; detected table 1; row 2; column 25,review_required
S019,707dac297cceb21b2b89049c996d1c5e4e276de00309428132d3ecf1bc3e68e3,20,1,2,26,D,PDF page 20; detected table 1; row 2; column 26,review_required
S019,707dac297cceb21b2b89049c996d1c5e4e276de00309428132d3ecf1bc3e68e3,20,1,2,27,LD,PDF page 20; detected table 1; row 2; column 27,review_required
S019,707dac297cceb21b2b89049c996d1c5e4e276de00309428132d3ecf1bc3e68e3,20,1,2,28,NR,PDF page 20; detected table 1; row 2; column 28,review_required
S019,707dac297cceb21b2b89049c996d1c5e4e276de00309428132d3ecf1bc3e68e3,20,1,2,29,ND,PDF page 20; detected table 1; row 2; column 29,review_required
S019,707dac297cceb21b2b89049c996d1c5e4e276de00309428132d3ecf1bc3e68e3,20,1,3,1,A & N ISLAND (UT),PDF page 20; detected table 1; row 3; column 1,review_required
S019,707dac297cceb21b2b89049c996d1c5e4e276de00309428132d3ecf1bc3e68e3,20,1,3,2,0,PDF page 20; detected table 1; row 3; column 2,review_required
S019,707dac297cceb21b2b89049c996d1c5e4e276de00309428132d3ecf1bc3e68e3,20,1,3,3,2,PDF page 20; detected table 1; row 3; column 3,review_required
S019,707dac297cceb21b2b89049c996d1c5e4e276de00309428132d3ecf1bc3e68e3,20,1,3,4,1,PDF page 20; detected table 1; row 3; column 4,review_required
S019,707dac297cceb21b2b89049c996d1c5e4e276de00309428132d3ecf1bc3e68e3,20,1,3,5,0,PDF page 20; detected table 1; row 3; column 5,review_required
S019,707dac297cceb21b2b89049c996d1c5e4e276de00309428132d3ecf1bc3e68e3,20,1,3,6,0,PDF page 20; detected table 1; row 3; column 6,review_required
S019,707dac297cceb21b2b89049c996d1c5e4e276de00309428132d3ecf1bc3e68e3,20,1,3,7,0,PDF page 20; detected table 1; row 3; column 7,review_required
S019,707dac297cceb21b2b89049c996d1c5e4e276de00309428132d3ecf1bc3e68e3,20,1,3,8,0,PDF page 20; detected table 1; row 3; column 8,review_required
S019,707dac297cceb21b2b89049c996d1c5e4e276de00309428132d3ecf1bc3e68e3,20,1,3,9,0,PDF page 20; detected table 1; row 3; column 9,review_required
S019,707dac297cceb21b2b89049c996d1c5e4e276de00309428132d3ecf1bc3e68e3,20,1,3,10,0,PDF page 20; detected table 1; row 3; column 10,review_required
S019,707dac297cceb21b2b89049c996d1c5e4e276de00309428132d3ecf1bc3e68e3,20,1,3,11,2,PDF page 20; detected table 1; row 3; column 11,review_required
S019,707dac297cceb21b2b89049c996d1c5e4e276de00309428132d3ecf1bc3e68e3,20,1,3,12,1,PDF page 20; detected table 1; row 3; column 12,review_required
S019,707dac297cceb21b2b89049c996d1c5e4e276de00309428132d3ecf1bc3e68e3,20,1,3,13,0,PDF page 20; detected table 1; row 3; column 13,review_required
S019,707dac297cceb21b2b89049c996d1c5e4e276de00309428132d3ecf1bc3e68e3,20,1,3,14,0,PDF page 20; detected table 1; row 3; column 14,review_required
S019,707dac297cceb21b2b89049c996d1c5e4e276de00309428132d3ecf1bc3e68e3,20,1,3,15,0,PDF page 20; detected table 1; row 3; column 15,review_required
S019,707dac297cceb21b2b89049c996d1c5e4e276de00309428132d3ecf1bc3e68e3,20,1,3,16,0,PDF page 20; detected table 1; row 3; column 16,review_required
S019,707dac297cceb21b2b89049c996d1c5e4e276de00309428132d3ecf1bc3e68e3,20,1,3,17,2,PDF page 20; detected table 1; row 3; column 17,review_required
S019,707dac297cceb21b2b89049c996d1c5e4e276de00309428132d3ecf1bc3e68e3,20,1,3,18,0,PDF page 20; detected table 1; row 3; column 18,review_required
S019,707dac297cceb21b2b89049c996d1c5e4e276de00309428132d3ecf1bc3e68e3,20,1,3,19,1,PDF page 20; detected table 1; row 3; column 19,review_required
S019,707dac297cceb21b2b89049c996d1c5e4e276de00309428132d3ecf1bc3e68e3,20,1,3,20,0,PDF page 20; detected table 1; row 3; column 20,review_required
S019,707dac297cceb21b2b89049c996d1c5e4e276de00309428132d3ecf1bc3e68e3,20,1,3,21,0,PDF page 20; detected table 1; row 3; column 21,review_required
S019,707dac297cceb21b2b89049c996d1c5e4e276de00309428132d3ecf1bc3e68e3,20,1,3,22,0,PDF page 20; detected table 1; row 3; column 22,review_required
S019,707dac297cceb21b2b89049c996d1c5e4e276de00309428132d3ecf1bc3e68e3,20,1,3,23,0,PDF page 20; detected table 1; row 3; column 23,review_required
S019,707dac297cceb21b2b89049c996d1c5e4e276de00309428132d3ecf1bc3e68e3,20,1,3,24,0,PDF page 20; detected table 1; row 3; column 24,review_required
S019,707dac297cceb21b2b89049c996d1c5e4e276de00309428132d3ecf1bc3e68e3,20,1,3,25,1,PDF page 20; detected table 1; row 3; column 25,review_required
S019,707dac297cceb21b2b89049c996d1c5e4e276de00309428132d3ecf1bc3e68e3,20,1,3,26,2,PDF page 20; detected table 1; row 3; column 26,review_required
S019,707dac297cceb21b2b89049c996d1c5e4e276de00309428132d3ecf1bc3e68e3,20,1,3,27,0,PDF page 20; detected table 1; row 3; column 27,review_required
S019,707dac297cceb21b2b89049c996d1c5e4e276de00309428132d3ecf1bc3e68e3,20,1,3,28,0,PDF page 20; detected table 1; row 3; column 28,review_required
S019,707dac297cceb21b2b89049c996d1c5e4e276de00309428132d3ecf1bc3e68e3,20,1,3,29,0,PDF page 20; detected table 1; row 3; column 29,review_required
S019,707dac297cceb21b2b89049c996d1c5e4e276de00309428132d3ecf1bc3e68e3,20,1,4,1,"ARUNACHAL
PRADESH",PDF page 20; detected table 1; row 4; column 1,review_required
S019,707dac297cceb21b2b89049c996d1c5e4e276de00309428132d3ecf1bc3e68e3,20,1,4,2,1,PDF page 20; detected table 1; row 4; column 2,review_required
S019,707dac297cceb21b2b89049c996d1c5e4e276de00309428132d3ecf1bc3e68e3,20,1,4,3,2,PDF page 20; detected table 1; row 4; column 3,review_required
S019,707dac297cceb21b2b89049c996d1c5e4e276de00309428132d3ecf1bc3e68e3,20,1,4,4,5,PDF page 20; detected table 1; row 4; column 4,review_required
S019,707dac297cceb21b2b89049c996d1c5e4e276de00309428132d3ecf1bc3e68e3,20,1,4,5,7,PDF page 20; detected table 1; row 4; column 5,review_required
S019,707dac297cceb21b2b89049c996d1c5e4e276de00309428132d3ecf1bc3e68e3,20,1,4,6,0,PDF page 20; detected table 1; row 4; column 6,review_required
S019,707dac297cceb21b2b89049c996d1c5e4e276de00309428132d3ecf1bc3e68e3,20,1,4,7,0,PDF page 20; detected table 1; row 4; column 7,review_required
S019,707dac297cceb21b2b89049c996d1c5e4e276de00309428132d3ecf1bc3e68e3,20,1,4,8,1,PDF page 20; detected table 1; row 4; column 8,review_required
S019,707dac297cceb21b2b89049c996d1c5e4e276de00309428132d3ecf1bc3e68e3,20,1,4,9,0,PDF page 20; detected table 1; row 4; column 9,review_required
S019,707dac297cceb21b2b89049c996d1c5e4e276de00309428132d3ecf1bc3e68e3,20,1,4,10,1,PDF page 20; detected table 1; row 4; column 10,review_required
S019,707dac297cceb21b2b89049c996d1c5e4e276de00309428132d3ecf1bc3e68e3,20,1,4,11,4,PDF page 20; detected table 1; row 4; column 11,review_required
S019,707dac297cceb21b2b89049c996d1c5e4e276de00309428132d3ecf1bc3e68e3,20,1,4,12,8,PDF page 20; detected table 1; row 4; column 12,review_required
S019,707dac297cceb21b2b89049c996d1c5e4e276de00309428132d3ecf1bc3e68e3,20,1,4,13,2,PDF page 20; detected table 1; row 4; column 13,review_required
S019,707dac297cceb21b2b89049c996d1c5e4e276de00309428132d3ecf1bc3e68e3,20,1,4,14,0,PDF page 20; detected table 1; row 4; column 14,review_required
S019,707dac297cceb21b2b89049c996d1c5e4e276de00309428132d3ecf1bc3e68e3,20,1,4,15,1,PDF page 20; detected table 1; row 4; column 15,review_required
S019,707dac297cceb21b2b89049c996d1c5e4e276de00309428132d3ecf1bc3e68e3,20,1,4,16,2,PDF page 20; detected table 1; row 4; column 16,review_required
S019,707dac297cceb21b2b89049c996d1c5e4e276de00309428132d3ecf1bc3e68e3,20,1,4,17,0,PDF page 20; detected table 1; row 4; column 17,review_required
S019,707dac297cceb21b2b89049c996d1c5e4e276de00309428132d3ecf1bc3e68e3,20,1,4,18,2,PDF page 20; detected table 1; row 4; column 18,review_required
S019,707dac297cceb21b2b89049c996d1c5e4e276de00309428132d3ecf1bc3e68e3,20,1,4,19,8,PDF page 20; detected table 1; row 4; column 19,review_required
S019,707dac297cceb21b2b89049c996d1c5e4e276de00309428132d3ecf1bc3e68e3,20,1,4,20,3,PDF page 20; detected table 1; row 4; column 20,review_required
S019,707dac297cceb21b2b89049c996d1c5e4e276de00309428132d3ecf1bc3e68e3,20,1,4,21,0,PDF page 20; detected table 1; row 4; column 21,review_required
S019,707dac297cceb21b2b89049c996d1c5e4e276de00309428132d3ecf1bc3e68e3,20,1,4,22,1,PDF page 20; detected table 1; row 4; column 22,review_required
S019,707dac297cceb21b2b89049c996d1c5e4e276de00309428132d3ecf1bc3e68e3,20,1,4,23,0,PDF page 20; detected table 1; row 4; column 23,review_required
S019,707dac297cceb21b2b89049c996d1c5e4e276de00309428132d3ecf1bc3e68e3,20,1,4,24,0,PDF page 20; detected table 1; row 4; column 24,review_required
S019,707dac297cceb21b2b89049c996d1c5e4e276de00309428132d3ecf1bc3e68e3,20,1,4,25,1,PDF page 20; detected table 1; row 4; column 25,review_required
S019,707dac297cceb21b2b89049c996d1c5e4e276de00309428132d3ecf1bc3e68e3,20,1,4,26,6,PDF page 20; detected table 1; row 4; column 26,review_required
S019,707dac297cceb21b2b89049c996d1c5e4e276de00309428132d3ecf1bc3e68e3,20,1,4,27,8,PDF page 20; detected table 1; row 4; column 27,review_required
S019,707dac297cceb21b2b89049c996d1c5e4e276de00309428132d3ecf1bc3e68e3,20,1,4,28,0,PDF page 20; detected table 1; row 4; column 28,review_required
S019,707dac297cceb21b2b89049c996d1c5e4e276de00309428132d3ecf1bc3e68e3,20,1,4,29,1,PDF page 20; detected table 1; row 4; column 29,review_required
S019,707dac297cceb21b2b89049c996d1c5e4e276de00309428132d3ecf1bc3e68e3,20,1,5,1,ASSAM,PDF page 20; detected table 1; row 5; column 1,review_required
S019,707dac297cceb21b2b89049c996d1c5e4e276de00309428132d3ecf1bc3e68e3,20,1,5,2,1,PDF page 20; detected table 1; row 5; column 2,review_required
S019,707dac297cceb21b2b89049c996d1c5e4e276de00309428132d3ecf1bc3e68e3,20,1,5,3,8,PDF page 20; detected table 1; row 5; column 3,review_required
S019,707dac297cceb21b2b89049c996d1c5e4e276de00309428132d3ecf1bc3e68e3,20,1,5,4,15,PDF page 20; detected table 1; row 5; column 4,review_required
S019,707dac297cceb21b2b89049c996d1c5e4e276de00309428132d3ecf1bc3e68e3,20,1,5,5,3,PDF page 20; detected table 1; row 5; column 5,review_required
S019,707dac297cceb21b2b89049c996d1c5e4e276de00309428132d3ecf1bc3e68e3,20,1,5,6,0,PDF page 20; detected table 1; row 5; column 6,review_required
S019,707dac297cceb21b2b89049c996d1c5e4e276de00309428132d3ecf1bc3e68e3,20,1,5,7,0,PDF page 20; detected table 1; row 5; column 7,review_required
S019,707dac297cceb21b2b89049c996d1c5e4e276de00309428132d3ecf1bc3e68e3,20,1,5,8,0,PDF page 20; detected table 1; row 5; column 8,review_required
S019,707dac297cceb21b2b89049c996d1c5e4e276de00309428132d3ecf1bc3e68e3,20,1,5,9,0,PDF page 20; detected table 1; row 5; column 9,review_required
S019,707dac297cceb21b2b89049c996d1c5e4e276de00309428132d3ecf1bc3e68e3,20,1,5,10,0,PDF page 20; detected table 1; row 5; column 10,review_required
S019,707dac297cceb21b2b89049c996d1c5e4e276de00309428132d3ecf1bc3e68e3,20,1,5,11,11,PDF page 20; detected table 1; row 5; column 11,review_required
S019,707dac297cceb21b2b89049c996d1c5e4e276de00309428132d3ecf1bc3e68e3,20,1,5,12,16,PDF page 20; detected table 1; row 5; column 12,review_required
S019,707dac297cceb21b2b89049c996d1c5e4e276de00309428132d3ecf1bc3e68e3,20,1,5,13,0,PDF page 20; detected table 1; row 5; column 13,review_required
S019,707dac297cceb21b2b89049c996d1c5e4e276de00309428132d3ecf1bc3e68e3,20,1,5,14,0,PDF page 20; detected table 1; row 5; column 14,review_required
S019,707dac297cceb21b2b89049c996d1c5e4e276de00309428132d3ecf1bc3e68e3,20,1,5,15,0,PDF page 20; detected table 1; row 5; column 15,review_required
S019,707dac297cceb21b2b89049c996d1c5e4e276de00309428132d3ecf1bc3e68e3,20,1,5,16,0,PDF page 20; detected table 1; row 5; column 16,review_required
S019,707dac297cceb21b2b89049c996d1c5e4e276de00309428132d3ecf1bc3e68e3,20,1,5,17,0,PDF page 20; detected table 1; row 5; column 17,review_required
S019,707dac297cceb21b2b89049c996d1c5e4e276de00309428132d3ecf1bc3e68e3,20,1,5,18,12,PDF page 20; detected table 1; row 5; column 18,review_required
S019,707dac297cceb21b2b89049c996d1c5e4e276de00309428132d3ecf1bc3e68e3,20,1,5,19,10,PDF page 20; detected table 1; row 5; column 19,review_required
S019,707dac297cceb21b2b89049c996d1c5e4e276de00309428132d3ecf1bc3e68e3,20,1,5,20,5,PDF page 20; detected table 1; row 5; column 20,review_required
S019,707dac297cceb21b2b89049c996d1c5e4e276de00309428132d3ecf1bc3e68e3,20,1,5,21,0,PDF page 20; detected table 1; row 5; column 21,review_required
S019,707dac297cceb21b2b89049c996d1c5e4e276de00309428132d3ecf1bc3e68e3,20,1,5,22,0,PDF page 20; detected table 1; row 5; column 22,review_required
S019,707dac297cceb21b2b89049c996d1c5e4e276de00309428132d3ecf1bc3e68e3,20,1,5,23,0,PDF page 20; detected table 1; row 5; column 23,review_required
S019,707dac297cceb21b2b89049c996d1c5e4e276de00309428132d3ecf1bc3e68e3,20,1,5,24,0,PDF page 20; detected table 1; row 5; column 24,review_required
S019,707dac297cceb21b2b89049c996d1c5e4e276de00309428132d3ecf1bc3e68e3,20,1,5,25,3,PDF page 20; detected table 1; row 5; column 25,review_required
S019,707dac297cceb21b2b89049c996d1c5e4e276de00309428132d3ecf1bc3e68e3,20,1,5,26,16,PDF page 20; detected table 1; row 5; column 26,review_required
S019,707dac297cceb21b2b89049c996d1c5e4e276de00309428132d3ecf1bc3e68e3,20,1,5,27,8,PDF page 20; detected table 1; row 5; column 27,review_required
S019,707dac297cceb21b2b89049c996d1c5e4e276de00309428132d3ecf1bc3e68e3,20,1,5,28,0,PDF page 20; detected table 1; row 5; column 28,review_required
S019,707dac297cceb21b2b89049c996d1c5e4e276de00309428132d3ecf1bc3e68e3,20,1,5,29,0,PDF page 20; detected table 1; row 5; column 29,review_required
S019,707dac297cceb21b2b89049c996d1c5e4e276de00309428132d3ecf1bc3e68e3,20,1,6,1,MEGHALAYA,PDF page 20; detected table 1; row 6; column 1,review_required
S019,707dac297cceb21b2b89049c996d1c5e4e276de00309428132d3ecf1bc3e68e3,20,1,6,2,2,PDF page 20; detected table 1; row 6; column 2,review_required
S019,707dac297cceb21b2b89049c996d1c5e4e276de00309428132d3ecf1bc3e68e3,20,1,6,3,3,PDF page 20; detected table 1; row 6; column 3,review_required
S019,707dac297cceb21b2b89049c996d1c5e4e276de00309428132d3ecf1bc3e68e3,20,1,6,4,3,PDF page 20; detected table 1; row 6; column 4,review_required
S019,707dac297cceb21b2b89049c996d1c5e4e276de00309428132d3ecf1bc3e68e3,20,1,6,5,3,PDF page 20; detected table 1; row 6; column 5,review_required
S019,707dac297cceb21b2b89049c996d1c5e4e276de00309428132d3ecf1bc3e68e3,20,1,6,6,0,PDF page 20; detected table 1; row 6; column 6,review_required
S019,707dac297cceb21b2b89049c996d1c5e4e276de00309428132d3ecf1bc3e68e3,20,1,6,7,0,PDF page 20; detected table 1; row 6; column 7,review_required
S019,707dac297cceb21b2b89049c996d1c5e4e276de00309428132d3ecf1bc3e68e3,20,1,6,8,0,PDF page 20; detected table 1; row 6; column 8,review_required
S019,707dac297cceb21b2b89049c996d1c5e4e276de00309428132d3ecf1bc3e68e3,20,1,6,9,1,PDF page 20; detected table 1; row 6; column 9,review_required
S019,707dac297cceb21b2b89049c996d1c5e4e276de00309428132d3ecf1bc3e68e3,20,1,6,10,2,PDF page 20; detected table 1; row 6; column 10,review_required
S019,707dac297cceb21b2b89049c996d1c5e4e276de00309428132d3ecf1bc3e68e3,20,1,6,11,3,PDF page 20; detected table 1; row 6; column 11,review_required
S019,707dac297cceb21b2b89049c996d1c5e4e276de00309428132d3ecf1bc3e68e3,20,1,6,12,4,PDF page 20; detected table 1; row 6; column 12,review_required
S019,707dac297cceb21b2b89049c996d1c5e4e276de00309428132d3ecf1bc3e68e3,20,1,6,13,1,PDF page 20; detected table 1; row 6; column 13,review_required
S019,707dac297cceb21b2b89049c996d1c5e4e276de00309428132d3ecf1bc3e68e3,20,1,6,14,0,PDF page 20; detected table 1; row 6; column 14,review_required
S019,707dac297cceb21b2b89049c996d1c5e4e276de00309428132d3ecf1bc3e68e3,20,1,6,15,0,PDF page 20; detected table 1; row 6; column 15,review_required
S019,707dac297cceb21b2b89049c996d1c5e4e276de00309428132d3ecf1bc3e68e3,20,1,6,16,3,PDF page 20; detected table 1; row 6; column 16,review_required
S019,707dac297cceb21b2b89049c996d1c5e4e276de00309428132d3ecf1bc3e68e3,20,1,6,17,1,PDF page 20; detected table 1; row 6; column 17,review_required
S019,707dac297cceb21b2b89049c996d1c5e4e276de00309428132d3ecf1bc3e68e3,20,1,6,18,2,PDF page 20; detected table 1; row 6; column 18,review_required
S019,707dac297cceb21b2b89049c996d1c5e4e276de00309428132d3ecf1bc3e68e3,20,1,6,19,5,PDF page 20; detected table 1; row 6; column 19,review_required
S019,707dac297cceb21b2b89049c996d1c5e4e276de00309428132d3ecf1bc3e68e3,20,1,6,20,0,PDF page 20; detected table 1; row 6; column 20,review_required
S019,707dac297cceb21b2b89049c996d1c5e4e276de00309428132d3ecf1bc3e68e3,20,1,6,21,0,PDF page 20; detected table 1; row 6; column 21,review_required
S019,707dac297cceb21b2b89049c996d1c5e4e276de00309428132d3ecf1bc3e68e3,20,1,6,22,0,PDF page 20; detected table 1; row 6; column 22,review_required
S019,707dac297cceb21b2b89049c996d1c5e4e276de00309428132d3ecf1bc3e68e3,20,1,6,23,0,PDF page 20; detected table 1; row 6; column 23,review_required
S019,707dac297cceb21b2b89049c996d1c5e4e276de00309428132d3ecf1bc3e68e3,20,1,6,24,0,PDF page 20; detected table 1; row 6; column 24,review_required
S019,707dac297cceb21b2b89049c996d1c5e4e276de00309428132d3ecf1bc3e68e3,20,1,6,25,1,PDF page 20; detected table 1; row 6; column 25,review_required
S019,707dac297cceb21b2b89049c996d1c5e4e276de00309428132d3ecf1bc3e68e3,20,1,6,26,5,PDF page 20; detected table 1; row 6; column 26,review_required
S019,707dac297cceb21b2b89049c996d1c5e4e276de00309428132d3ecf1bc3e68e3,20,1,6,27,5,PDF page 20; detected table 1; row 6; column 27,review_required
S019,707dac297cceb21b2b89049c996d1c5e4e276de00309428132d3ecf1bc3e68e3,20,1,6,28,0,PDF page 20; detected table 1; row 6; column 28,review_required
S019,707dac297cceb21b2b89049c996d1c5e4e276de00309428132d3ecf1bc3e68e3,20,1,6,29,0,PDF page 20; detected table 1; row 6; column 29,review_required
S019,707dac297cceb21b2b89049c996d1c5e4e276de00309428132d3ecf1bc3e68e3,20,1,7,1,NAGALAND,PDF page 20; detected table 1; row 7; column 1,review_required
S019,707dac297cceb21b2b89049c996d1c5e4e276de00309428132d3ecf1bc3e68e3,20,1,7,2,1,PDF page 20; detected table 1; row 7; column 2,review_required
S019,707dac297cceb21b2b89049c996d1c5e4e276de00309428132d3ecf1bc3e68e3,20,1,7,3,0,PDF page 20; detected table 1; row 7; column 3,review_required
S019,707dac297cceb21b2b89049c996d1c5e4e276de00309428132d3ecf1bc3e68e3,20,1,7,4,5,PDF page 20; detected table 1; row 7; column 4,review_required
S019,707dac297cceb21b2b89049c996d1c5e4e276de00309428132d3ecf1bc3e68e3,20,1,7,5,4,PDF page 20; detected table 1; row 7; column 5,review_required
S019,707dac297cceb21b2b89049c996d1c5e4e276de00309428132d3ecf1bc3e68e3,20,1,7,6,1,PDF page 20; detected table 1; row 7; column 6,review_required
S019,707dac297cceb21b2b89049c996d1c5e4e276de00309428132d3ecf1bc3e68e3,20,1,7,7,0,PDF page 20; detected table 1; row 7; column 7,review_required
S019,707dac297cceb21b2b89049c996d1c5e4e276de00309428132d3ecf1bc3e68e3,20,1,7,8,0,PDF page 20; detected table 1; row 7; column 8,review_required
S019,707dac297cceb21b2b89049c996d1c5e4e276de00309428132d3ecf1bc3e68e3,20,1,7,9,0,PDF page 20; detected table 1; row 7; column 9,review_required
S019,707dac297cceb21b2b89049c996d1c5e4e276de00309428132d3ecf1bc3e68e3,20,1,7,10,1,PDF page 20; detected table 1; row 7; column 10,review_required
S019,707dac297cceb21b2b89049c996d1c5e4e276de00309428132d3ecf1bc3e68e3,20,1,7,11,4,PDF page 20; detected table 1; row 7; column 11,review_required
S019,707dac297cceb21b2b89049c996d1c5e4e276de00309428132d3ecf1bc3e68e3,20,1,7,12,5,PDF page 20; detected table 1; row 7; column 12,review_required
S019,707dac297cceb21b2b89049c996d1c5e4e276de00309428132d3ecf1bc3e68e3,20,1,7,13,1,PDF page 20; detected table 1; row 7; column 13,review_required
S019,707dac297cceb21b2b89049c996d1c5e4e276de00309428132d3ecf1bc3e68e3,20,1,7,14,0,PDF page 20; detected table 1; row 7; column 14,review_required
S019,707dac297cceb21b2b89049c996d1c5e4e276de00309428132d3ecf1bc3e68e3,20,1,7,15,0,PDF page 20; detected table 1; row 7; column 15,review_required
S019,707dac297cceb21b2b89049c996d1c5e4e276de00309428132d3ecf1bc3e68e3,20,1,7,16,0,PDF page 20; detected table 1; row 7; column 16,review_required
S019,707dac297cceb21b2b89049c996d1c5e4e276de00309428132d3ecf1bc3e68e3,20,1,7,17,1,PDF page 20; detected table 1; row 7; column 17,review_required
S019,707dac297cceb21b2b89049c996d1c5e4e276de00309428132d3ecf1bc3e68e3,20,1,7,18,2,PDF page 20; detected table 1; row 7; column 18,review_required
S019,707dac297cceb21b2b89049c996d1c5e4e276de00309428132d3ecf1bc3e68e3,20,1,7,19,6,PDF page 20; detected table 1; row 7; column 19,review_required
S019,707dac297cceb21b2b89049c996d1c5e4e276de00309428132d3ecf1bc3e68e3,20,1,7,20,1,PDF page 20; detected table 1; row 7; column 20,review_required
S019,707dac297cceb21b2b89049c996d1c5e4e276de00309428132d3ecf1bc3e68e3,20,1,7,21,0,PDF page 20; detected table 1; row 7; column 21,review_required
S019,707dac297cceb21b2b89049c996d1c5e4e276de00309428132d3ecf1bc3e68e3,20,1,7,22,1,PDF page 20; detected table 1; row 7; column 22,review_required
S019,707dac297cceb21b2b89049c996d1c5e4e276de00309428132d3ecf1bc3e68e3,20,1,7,23,0,PDF page 20; detected table 1; row 7; column 23,review_required
S019,707dac297cceb21b2b89049c996d1c5e4e276de00309428132d3ecf1bc3e68e3,20,1,7,24,0,PDF page 20; detected table 1; row 7; column 24,review_required
S019,707dac297cceb21b2b89049c996d1c5e4e276de00309428132d3ecf1bc3e68e3,20,1,7,25,2,PDF page 20; detected table 1; row 7; column 25,review_required
S019,707dac297cceb21b2b89049c996d1c5e4e276de00309428132d3ecf1bc3e68e3,20,1,7,26,4,PDF page 20; detected table 1; row 7; column 26,review_required
S019,707dac297cceb21b2b89049c996d1c5e4e276de00309428132d3ecf1bc3e68e3,20,1,7,27,3,PDF page 20; detected table 1; row 7; column 27,review_required
S019,707dac297cceb21b2b89049c996d1c5e4e276de00309428132d3ecf1bc3e68e3,20,1,7,28,1,PDF page 20; detected table 1; row 7; column 28,review_required
S019,707dac297cceb21b2b89049c996d1c5e4e276de00309428132d3ecf1bc3e68e3,20,1,7,29,1,PDF page 20; detected table 1; row 7; column 29,review_required
S019,707dac297cceb21b2b89049c996d1c5e4e276de00309428132d3ecf1bc3e68e3,20,1,8,1,MANIPUR,PDF page 20; detected table 1; row 8; column 1,review_required
S019,707dac297cceb21b2b89049c996d1c5e4e276de00309428132d3ecf1bc3e68e3,20,1,8,2,0,PDF page 20; detected table 1; row 8; column 2,review_required
S019,707dac297cceb21b2b89049c996d1c5e4e276de00309428132d3ecf1bc3e68e3,20,1,8,3,0,PDF page 20; detected table 1; row 8; column 3,review_required
S019,707dac297cceb21b2b89049c996d1c5e4e276de00309428132d3ecf1bc3e68e3,20,1,8,4,1,PDF page 20; detected table 1; row 8; column 4,review_required
S019,707dac297cceb21b2b89049c996d1c5e4e276de00309428132d3ecf1bc3e68e3,20,1,8,5,2,PDF page 20; detected table 1; row 8; column 5,review_required
S019,707dac297cceb21b2b89049c996d1c5e4e276de00309428132d3ecf1bc3e68e3,20,1,8,6,4,PDF page 20; detected table 1; row 8; column 6,review_required
S019,707dac297cceb21b2b89049c996d1c5e4e276de00309428132d3ecf1bc3e68e3,20,1,8,7,0,PDF page 20; detected table 1; row 8; column 7,review_required
S019,707dac297cceb21b2b89049c996d1c5e4e276de00309428132d3ecf1bc3e68e3,20,1,8,8,2,PDF page 20; detected table 1; row 8; column 8,review_required
S019,707dac297cceb21b2b89049c996d1c5e4e276de00309428132d3ecf1bc3e68e3,20,1,8,9,0,PDF page 20; detected table 1; row 8; column 9,review_required
S019,707dac297cceb21b2b89049c996d1c5e4e276de00309428132d3ecf1bc3e68e3,20,1,8,10,1,PDF page 20; detected table 1; row 8; column 10,review_required
S019,707dac297cceb21b2b89049c996d1c5e4e276de00309428132d3ecf1bc3e68e3,20,1,8,11,1,PDF page 20; detected table 1; row 8; column 11,review_required
S019,707dac297cceb21b2b89049c996d1c5e4e276de00309428132d3ecf1bc3e68e3,20,1,8,12,4,PDF page 20; detected table 1; row 8; column 12,review_required
S019,707dac297cceb21b2b89049c996d1c5e4e276de00309428132d3ecf1bc3e68e3,20,1,8,13,1,PDF page 20; detected table 1; row 8; column 13,review_required
S019,707dac297cceb21b2b89049c996d1c5e4e276de00309428132d3ecf1bc3e68e3,20,1,8,14,0,PDF page 20; detected table 1; row 8; column 14,review_required
S019,707dac297cceb21b2b89049c996d1c5e4e276de00309428132d3ecf1bc3e68e3,20,1,8,15,2,PDF page 20; detected table 1; row 8; column 15,review_required
S019,707dac297cceb21b2b89049c996d1c5e4e276de00309428132d3ecf1bc3e68e3,20,1,8,16,2,PDF page 20; detected table 1; row 8; column 16,review_required
S019,707dac297cceb21b2b89049c996d1c5e4e276de00309428132d3ecf1bc3e68e3,20,1,8,17,3,PDF page 20; detected table 1; row 8; column 17,review_required
S019,707dac297cceb21b2b89049c996d1c5e4e276de00309428132d3ecf1bc3e68e3,20,1,8,18,3,PDF page 20; detected table 1; row 8; column 18,review_required
S019,707dac297cceb21b2b89049c996d1c5e4e276de00309428132d3ecf1bc3e68e3,20,1,8,19,1,PDF page 20; detected table 1; row 8; column 19,review_required
S019,707dac297cceb21b2b89049c996d1c5e4e276de00309428132d3ecf1bc3e68e3,20,1,8,20,0,PDF page 20; detected table 1; row 8; column 20,review_required
S019,707dac297cceb21b2b89049c996d1c5e4e276de00309428132d3ecf1bc3e68e3,20,1,8,21,0,PDF page 20; detected table 1; row 8; column 21,review_required
S019,707dac297cceb21b2b89049c996d1c5e4e276de00309428132d3ecf1bc3e68e3,20,1,8,22,0,PDF page 20; detected table 1; row 8; column 22,review_required
S019,707dac297cceb21b2b89049c996d1c5e4e276de00309428132d3ecf1bc3e68e3,20,1,8,23,0,PDF page 20; detected table 1; row 8; column 23,review_required
S019,707dac297cceb21b2b89049c996d1c5e4e276de00309428132d3ecf1bc3e68e3,20,1,8,24,0,PDF page 20; detected table 1; row 8; column 24,review_required
S019,707dac297cceb21b2b89049c996d1c5e4e276de00309428132d3ecf1bc3e68e3,20,1,8,25,1,PDF page 20; detected table 1; row 8; column 25,review_required
S019,707dac297cceb21b2b89049c996d1c5e4e276de00309428132d3ecf1bc3e68e3,20,1,8,26,5,PDF page 20; detected table 1; row 8; column 26,review_required
S019,707dac297cceb21b2b89049c996d1c5e4e276de00309428132d3ecf1bc3e68e3,20,1,8,27,3,PDF page 20; detected table 1; row 8; column 27,review_required
S019,707dac297cceb21b2b89049c996d1c5e4e276de00309428132d3ecf1bc3e68e3,20,1,8,28,0,PDF page 20; detected table 1; row 8; column 28,review_required
S019,707dac297cceb21b2b89049c996d1c5e4e276de00309428132d3ecf1bc3e68e3,20,1,8,29,0,PDF page 20; detected table 1; row 8; column 29,review_required
S019,707dac297cceb21b2b89049c996d1c5e4e276de00309428132d3ecf1bc3e68e3,20,1,9,1,MIZORAM,PDF page 20; detected table 1; row 9; column 1,review_required
S019,707dac297cceb21b2b89049c996d1c5e4e276de00309428132d3ecf1bc3e68e3,20,1,9,2,0,PDF page 20; detected table 1; row 9; column 2,review_required
S019,707dac297cceb21b2b89049c996d1c5e4e276de00309428132d3ecf1bc3e68e3,20,1,9,3,0,PDF page 20; detected table 1; row 9; column 3,review_required
S019,707dac297cceb21b2b89049c996d1c5e4e276de00309428132d3ecf1bc3e68e3,20,1,9,4,2,PDF page 20; detected table 1; row 9; column 4,review_required
S019,707dac297cceb21b2b89049c996d1c5e4e276de00309428132d3ecf1bc3e68e3,20,1,9,5,5,PDF page 20; detected table 1; row 9; column 5,review_required
S019,707dac297cceb21b2b89049c996d1c5e4e276de00309428132d3ecf1bc3e68e3,20,1,9,6,1,PDF page 20; detected table 1; row 9; column 6,review_required
S019,707dac297cceb21b2b89049c996d1c5e4e276de00309428132d3ecf1bc3e68e3,20,1,9,7,0,PDF page 20; detected table 1; row 9; column 7,review_required
S019,707dac297cceb21b2b89049c996d1c5e4e276de00309428132d3ecf1bc3e68e3,20,1,9,8,0,PDF page 20; detected table 1; row 9; column 8,review_required
S019,707dac297cceb21b2b89049c996d1c5e4e276de00309428132d3ecf1bc3e68e3,20,1,9,9,0,PDF page 20; detected table 1; row 9; column 9,review_required
S019,707dac297cceb21b2b89049c996d1c5e4e276de00309428132d3ecf1bc3e68e3,20,1,9,10,0,PDF page 20; detected table 1; row 9; column 10,review_required
S019,707dac297cceb21b2b89049c996d1c5e4e276de00309428132d3ecf1bc3e68e3,20,1,9,11,3,PDF page 20; detected table 1; row 9; column 11,review_required
S019,707dac297cceb21b2b89049c996d1c5e4e276de00309428132d3ecf1bc3e68e3,20,1,9,12,4,PDF page 20; detected table 1; row 9; column 12,review_required
S019,707dac297cceb21b2b89049c996d1c5e4e276de00309428132d3ecf1bc3e68e3,20,1,9,13,1,PDF page 20; detected table 1; row 9; column 13,review_required
S019,707dac297cceb21b2b89049c996d1c5e4e276de00309428132d3ecf1bc3e68e3,20,1,9,14,0,PDF page 20; detected table 1; row 9; column 14,review_required
S019,707dac297cceb21b2b89049c996d1c5e4e276de00309428132d3ecf1bc3e68e3,20,1,9,15,0,PDF page 20; detected table 1; row 9; column 15,review_required
S019,707dac297cceb21b2b89049c996d1c5e4e276de00309428132d3ecf1bc3e68e3,20,1,9,16,0,PDF page 20; detected table 1; row 9; column 16,review_required
S019,707dac297cceb21b2b89049c996d1c5e4e276de00309428132d3ecf1bc3e68e3,20,1,9,17,3,PDF page 20; detected table 1; row 9; column 17,review_required
S019,707dac297cceb21b2b89049c996d1c5e4e276de00309428132d3ecf1bc3e68e3,20,1,9,18,4,PDF page 20; detected table 1; row 9; column 18,review_required
S019,707dac297cceb21b2b89049c996d1c5e4e276de00309428132d3ecf1bc3e68e3,20,1,9,19,1,PDF page 20; detected table 1; row 9; column 19,review_required
S019,707dac297cceb21b2b89049c996d1c5e4e276de00309428132d3ecf1bc3e68e3,20,1,9,20,0,PDF page 20; detected table 1; row 9; column 20,review_required
S019,707dac297cceb21b2b89049c996d1c5e4e276de00309428132d3ecf1bc3e68e3,20,1,9,21,0,PDF page 20; detected table 1; row 9; column 21,review_required
S019,707dac297cceb21b2b89049c996d1c5e4e276de00309428132d3ecf1bc3e68e3,20,1,9,22,0,PDF page 20; detected table 1; row 9; column 22,review_required
S019,707dac297cceb21b2b89049c996d1c5e4e276de00309428132d3ecf1bc3e68e3,20,1,9,23,0,PDF page 20; detected table 1; row 9; column 23,review_required
S019,707dac297cceb21b2b89049c996d1c5e4e276de00309428132d3ecf1bc3e68e3,20,1,9,24,0,PDF page 20; detected table 1; row 9; column 24,review_required
S019,707dac297cceb21b2b89049c996d1c5e4e276de00309428132d3ecf1bc3e68e3,20,1,9,25,2,PDF page 20; detected table 1; row 9; column 25,review_required
S019,707dac297cceb21b2b89049c996d1c5e4e276de00309428132d3ecf1bc3e68e3,20,1,9,26,6,PDF page 20; detected table 1; row 9; column 26,review_required
S019,707dac297cceb21b2b89049c996d1c5e4e276de00309428132d3ecf1bc3e68e3,20,1,9,27,0,PDF page 20; detected table 1; row 9; column 27,review_required
S019,707dac297cceb21b2b89049c996d1c5e4e276de00309428132d3ecf1bc3e68e3,20,1,9,28,0,PDF page 20; detected table 1; row 9; column 28,review_required
S019,707dac297cceb21b2b89049c996d1c5e4e276de00309428132d3ecf1bc3e68e3,20,1,9,29,0,PDF page 20; detected table 1; row 9; column 29,review_required
S019,707dac297cceb21b2b89049c996d1c5e4e276de00309428132d3ecf1bc3e68e3,20,1,10,1,TRIPURA,PDF page 20; detected table 1; row 10; column 1,review_required
S019,707dac297cceb21b2b89049c996d1c5e4e276de00309428132d3ecf1bc3e68e3,20,1,10,2,0,PDF page 20; detected table 1; row 10; column 2,review_required
S019,707dac297cceb21b2b89049c996d1c5e4e276de00309428132d3ecf1bc3e68e3,20,1,10,3,3,PDF page 20; detected table 1; row 10; column 3,review_required
S019,707dac297cceb21b2b89049c996d1c5e4e276de00309428132d3ecf1bc3e68e3,20,1,10,4,3,PDF page 20; detected table 1; row 10; column 4,review_required
S019,707dac297cceb21b2b89049c996d1c5e4e276de00309428132d3ecf1bc3e68e3,20,1,10,5,2,PDF page 20; detected table 1; row 10; column 5,review_required
S019,707dac297cceb21b2b89049c996d1c5e4e276de00309428132d3ecf1bc3e68e3,20,1,10,6,0,PDF page 20; detected table 1; row 10; column 6,review_required
S019,707dac297cceb21b2b89049c996d1c5e4e276de00309428132d3ecf1bc3e68e3,20,1,10,7,0,PDF page 20; detected table 1; row 10; column 7,review_required
S019,707dac297cceb21b2b89049c996d1c5e4e276de00309428132d3ecf1bc3e68e3,20,1,10,8,0,PDF page 20; detected table 1; row 10; column 8,review_required
S019,707dac297cceb21b2b89049c996d1c5e4e276de00309428132d3ecf1bc3e68e3,20,1,10,9,0,PDF page 20; detected table 1; row 10; column 9,review_required
S019,707dac297cceb21b2b89049c996d1c5e4e276de00309428132d3ecf1bc3e68e3,20,1,10,10,0,PDF page 20; detected table 1; row 10; column 10,review_required
S019,707dac297cceb21b2b89049c996d1c5e4e276de00309428132d3ecf1bc3e68e3,20,1,10,11,3,PDF page 20; detected table 1; row 10; column 11,review_required
S019,707dac297cceb21b2b89049c996d1c5e4e276de00309428132d3ecf1bc3e68e3,20,1,10,12,4,PDF page 20; detected table 1; row 10; column 12,review_required
S019,707dac297cceb21b2b89049c996d1c5e4e276de00309428132d3ecf1bc3e68e3,20,1,10,13,1,PDF page 20; detected table 1; row 10; column 13,review_required
S019,707dac297cceb21b2b89049c996d1c5e4e276de00309428132d3ecf1bc3e68e3,20,1,10,14,0,PDF page 20; detected table 1; row 10; column 14,review_required
S019,707dac297cceb21b2b89049c996d1c5e4e276de00309428132d3ecf1bc3e68e3,20,1,10,15,0,PDF page 20; detected table 1; row 10; column 15,review_required
S019,707dac297cceb21b2b89049c996d1c5e4e276de00309428132d3ecf1bc3e68e3,20,1,10,16,6,PDF page 20; detected table 1; row 10; column 16,review_required
S019,707dac297cceb21b2b89049c996d1c5e4e276de00309428132d3ecf1bc3e68e3,20,1,10,17,2,PDF page 20; detected table 1; row 10; column 17,review_required
S019,707dac297cceb21b2b89049c996d1c5e4e276de00309428132d3ecf1bc3e68e3,20,1,10,18,0,PDF page 20; detected table 1; row 10; column 18,review_required
S019,707dac297cceb21b2b89049c996d1c5e4e276de00309428132d3ecf1bc3e68e3,20,1,10,19,0,PDF page 20; detected table 1; row 10; column 19,review_required
S019,707dac297cceb21b2b89049c996d1c5e4e276de00309428132d3ecf1bc3e68e3,20,1,10,20,0,PDF page 20; detected table 1; row 10; column 20,review_required
S019,707dac297cceb21b2b89049c996d1c5e4e276de00309428132d3ecf1bc3e68e3,20,1,10,21,0,PDF page 20; detected table 1; row 10; column 21,review_required
S019,707dac297cceb21b2b89049c996d1c5e4e276de00309428132d3ecf1bc3e68e3,20,1,10,22,0,PDF page 20; detected table 1; row 10; column 22,review_required
S019,707dac297cceb21b2b89049c996d1c5e4e276de00309428132d3ecf1bc3e68e3,20,1,10,23,0,PDF page 20; detected table 1; row 10; column 23,review_required
S019,707dac297cceb21b2b89049c996d1c5e4e276de00309428132d3ecf1bc3e68e3,20,1,10,24,0,PDF page 20; detected table 1; row 10; column 24,review_required
S019,707dac297cceb21b2b89049c996d1c5e4e276de00309428132d3ecf1bc3e68e3,20,1,10,25,0,PDF page 20; detected table 1; row 10; column 25,review_required
S019,707dac297cceb21b2b89049c996d1c5e4e276de00309428132d3ecf1bc3e68e3,20,1,10,26,7,PDF page 20; detected table 1; row 10; column 26,review_required
S019,707dac297cceb21b2b89049c996d1c5e4e276de00309428132d3ecf1bc3e68e3,20,1,10,27,1,PDF page 20; detected table 1; row 10; column 27,review_required
S019,707dac297cceb21b2b89049c996d1c5e4e276de00309428132d3ecf1bc3e68e3,20,1,10,28,0,PDF page 20; detected table 1; row 10; column 28,review_required
S019,707dac297cceb21b2b89049c996d1c5e4e276de00309428132d3ecf1bc3e68e3,20,1,10,29,0,PDF page 20; detected table 1; row 10; column 29,review_required
S019,707dac297cceb21b2b89049c996d1c5e4e276de00309428132d3ecf1bc3e68e3,20,1,11,1,SIKKIM,PDF page 20; detected table 1; row 11; column 1,review_required
S019,707dac297cceb21b2b89049c996d1c5e4e276de00309428132d3ecf1bc3e68e3,20,1,11,2,2,PDF page 20; detected table 1; row 11; column 2,review_required
S019,707dac297cceb21b2b89049c996d1c5e4e276de00309428132d3ecf1bc3e68e3,20,1,11,3,3,PDF page 20; detected table 1; row 11; column 3,review_required
S019,707dac297cceb21b2b89049c996d1c5e4e276de00309428132d3ecf1bc3e68e3,20,1,11,4,1,PDF page 20; detected table 1; row 11; column 4,review_required
S019,707dac297cceb21b2b89049c996d1c5e4e276de00309428132d3ecf1bc3e68e3,20,1,11,5,0,PDF page 20; detected table 1; row 11; column 5,review_required
S019,707dac297cceb21b2b89049c996d1c5e4e276de00309428132d3ecf1bc3e68e3,20,1,11,6,0,PDF page 20; detected table 1; row 11; column 6,review_required
S019,707dac297cceb21b2b89049c996d1c5e4e276de00309428132d3ecf1bc3e68e3,20,1,11,7,0,PDF page 20; detected table 1; row 11; column 7,review_required
S019,707dac297cceb21b2b89049c996d1c5e4e276de00309428132d3ecf1bc3e68e3,20,1,11,8,0,PDF page 20; detected table 1; row 11; column 8,review_required
S019,707dac297cceb21b2b89049c996d1c5e4e276de00309428132d3ecf1bc3e68e3,20,1,11,9,0,PDF page 20; detected table 1; row 11; column 9,review_required
S019,707dac297cceb21b2b89049c996d1c5e4e276de00309428132d3ecf1bc3e68e3,20,1,11,10,1,PDF page 20; detected table 1; row 11; column 10,review_required
S019,707dac297cceb21b2b89049c996d1c5e4e276de00309428132d3ecf1bc3e68e3,20,1,11,11,5,PDF page 20; detected table 1; row 11; column 11,review_required
S019,707dac297cceb21b2b89049c996d1c5e4e276de00309428132d3ecf1bc3e68e3,20,1,11,12,0,PDF page 20; detected table 1; row 11; column 12,review_required
S019,707dac297cceb21b2b89049c996d1c5e4e276de00309428132d3ecf1bc3e68e3,20,1,11,13,0,PDF page 20; detected table 1; row 11; column 13,review_required
S019,707dac297cceb21b2b89049c996d1c5e4e276de00309428132d3ecf1bc3e68e3,20,1,11,14,0,PDF page 20; detected table 1; row 11; column 14,review_required
S019,707dac297cceb21b2b89049c996d1c5e4e276de00309428132d3ecf1bc3e68e3,20,1,11,15,0,PDF page 20; detected table 1; row 11; column 15,review_required
S019,707dac297cceb21b2b89049c996d1c5e4e276de00309428132d3ecf1bc3e68e3,20,1,11,16,0,PDF page 20; detected table 1; row 11; column 16,review_required
S019,707dac297cceb21b2b89049c996d1c5e4e276de00309428132d3ecf1bc3e68e3,20,1,11,17,0,PDF page 20; detected table 1; row 11; column 17,review_required
S019,707dac297cceb21b2b89049c996d1c5e4e276de00309428132d3ecf1bc3e68e3,20,1,11,18,5,PDF page 20; detected table 1; row 11; column 18,review_required
S019,707dac297cceb21b2b89049c996d1c5e4e276de00309428132d3ecf1bc3e68e3,20,1,11,19,1,PDF page 20; detected table 1; row 11; column 19,review_required
S019,707dac297cceb21b2b89049c996d1c5e4e276de00309428132d3ecf1bc3e68e3,20,1,11,20,0,PDF page 20; detected table 1; row 11; column 20,review_required
S019,707dac297cceb21b2b89049c996d1c5e4e276de00309428132d3ecf1bc3e68e3,20,1,11,21,0,PDF page 20; detected table 1; row 11; column 21,review_required
S019,707dac297cceb21b2b89049c996d1c5e4e276de00309428132d3ecf1bc3e68e3,20,1,11,22,0,PDF page 20; detected table 1; row 11; column 22,review_required
S019,707dac297cceb21b2b89049c996d1c5e4e276de00309428132d3ecf1bc3e68e3,20,1,11,23,0,PDF page 20; detected table 1; row 11; column 23,review_required
S019,707dac297cceb21b2b89049c996d1c5e4e276de00309428132d3ecf1bc3e68e3,20,1,11,24,3,PDF page 20; detected table 1; row 11; column 24,review_required
S019,707dac297cceb21b2b89049c996d1c5e4e276de00309428132d3ecf1bc3e68e3,20,1,11,25,3,PDF page 20; detected table 1; row 11; column 25,review_required
S019,707dac297cceb21b2b89049c996d1c5e4e276de00309428132d3ecf1bc3e68e3,20,1,11,26,0,PDF page 20; detected table 1; row 11; column 26,review_required
S019,707dac297cceb21b2b89049c996d1c5e4e276de00309428132d3ecf1bc3e68e3,20,1,11,27,0,PDF page 20; detected table 1; row 11; column 27,review_required
S019,707dac297cceb21b2b89049c996d1c5e4e276de00309428132d3ecf1bc3e68e3,20,1,11,28,0,PDF page 20; detected table 1; row 11; column 28,review_required
S019,707dac297cceb21b2b89049c996d1c5e4e276de00309428132d3ecf1bc3e68e3,20,1,11,29,0,PDF page 20; detected table 1; row 11; column 29,review_required
S019,707dac297cceb21b2b89049c996d1c5e4e276de00309428132d3ecf1bc3e68e3,20,1,12,1,WEST BENGAL,PDF page 20; detected table 1; row 12; column 1,review_required
S019,707dac297cceb21b2b89049c996d1c5e4e276de00309428132d3ecf1bc3e68e3,20,1,12,2,2,PDF page 20; detected table 1; row 12; column 2,review_required
S019,707dac297cceb21b2b89049c996d1c5e4e276de00309428132d3ecf1bc3e68e3,20,1,12,3,3,PDF page 20; detected table 1; row 12; column 3,review_required
S019,707dac297cceb21b2b89049c996d1c5e4e276de00309428132d3ecf1bc3e68e3,20,1,12,4,0,PDF page 20; detected table 1; row 12; column 4,review_required
S019,707dac297cceb21b2b89049c996d1c5e4e276de00309428132d3ecf1bc3e68e3,20,1,12,5,6,PDF page 20; detected table 1; row 12; column 5,review_required
S019,707dac297cceb21b2b89049c996d1c5e4e276de00309428132d3ecf1bc3e68e3,20,1,12,6,12,PDF page 20; detected table 1; row 12; column 6,review_required
S019,707dac297cceb21b2b89049c996d1c5e4e276de00309428132d3ecf1bc3e68e3,20,1,12,7,0,PDF page 20; detected table 1; row 12; column 7,review_required
S019,707dac297cceb21b2b89049c996d1c5e4e276de00309428132d3ecf1bc3e68e3,20,1,12,8,0,PDF page 20; detected table 1; row 12; column 8,review_required
S019,707dac297cceb21b2b89049c996d1c5e4e276de00309428132d3ecf1bc3e68e3,20,1,12,9,1,PDF page 20; detected table 1; row 12; column 9,review_required
S019,707dac297cceb21b2b89049c996d1c5e4e276de00309428132d3ecf1bc3e68e3,20,1,12,10,0,PDF page 20; detected table 1; row 12; column 10,review_required
S019,707dac297cceb21b2b89049c996d1c5e4e276de00309428132d3ecf1bc3e68e3,20,1,12,11,13,PDF page 20; detected table 1; row 12; column 11,review_required
S019,707dac297cceb21b2b89049c996d1c5e4e276de00309428132d3ecf1bc3e68e3,20,1,12,12,9,PDF page 20; detected table 1; row 12; column 12,review_required
S019,707dac297cceb21b2b89049c996d1c5e4e276de00309428132d3ecf1bc3e68e3,20,1,12,13,0,PDF page 20; detected table 1; row 12; column 13,review_required
S019,707dac297cceb21b2b89049c996d1c5e4e276de00309428132d3ecf1bc3e68e3,20,1,12,14,0,PDF page 20; detected table 1; row 12; column 14,review_required
S019,707dac297cceb21b2b89049c996d1c5e4e276de00309428132d3ecf1bc3e68e3,20,1,12,15,0,PDF page 20; detected table 1; row 12; column 15,review_required
S019,707dac297cceb21b2b89049c996d1c5e4e276de00309428132d3ecf1bc3e68e3,20,1,12,16,5,PDF page 20; detected table 1; row 12; column 16,review_required
S019,707dac297cceb21b2b89049c996d1c5e4e276de00309428132d3ecf1bc3e68e3,20,1,12,17,8,PDF page 20; detected table 1; row 12; column 17,review_required
S019,707dac297cceb21b2b89049c996d1c5e4e276de00309428132d3ecf1bc3e68e3,20,1,12,18,3,PDF page 20; detected table 1; row 12; column 18,review_required
S019,707dac297cceb21b2b89049c996d1c5e4e276de00309428132d3ecf1bc3e68e3,20,1,12,19,7,PDF page 20; detected table 1; row 12; column 19,review_required
S019,707dac297cceb21b2b89049c996d1c5e4e276de00309428132d3ecf1bc3e68e3,20,1,12,20,0,PDF page 20; detected table 1; row 12; column 20,review_required
S019,707dac297cceb21b2b89049c996d1c5e4e276de00309428132d3ecf1bc3e68e3,20,1,12,21,0,PDF page 20; detected table 1; row 12; column 21,review_required
S019,707dac297cceb21b2b89049c996d1c5e4e276de00309428132d3ecf1bc3e68e3,20,1,12,22,0,PDF page 20; detected table 1; row 12; column 22,review_required
S019,707dac297cceb21b2b89049c996d1c5e4e276de00309428132d3ecf1bc3e68e3,20,1,12,23,5,PDF page 20; detected table 1; row 12; column 23,review_required
S019,707dac297cceb21b2b89049c996d1c5e4e276de00309428132d3ecf1bc3e68e3,20,1,12,24,8,PDF page 20; detected table 1; row 12; column 24,review_required
S019,707dac297cceb21b2b89049c996d1c5e4e276de00309428132d3ecf1bc3e68e3,20,1,12,25,8,PDF page 20; detected table 1; row 12; column 25,review_required
S019,707dac297cceb21b2b89049c996d1c5e4e276de00309428132d3ecf1bc3e68e3,20,1,12,26,2,PDF page 20; detected table 1; row 12; column 26,review_required
S019,707dac297cceb21b2b89049c996d1c5e4e276de00309428132d3ecf1bc3e68e3,20,1,12,27,0,PDF page 20; detected table 1; row 12; column 27,review_required
S019,707dac297cceb21b2b89049c996d1c5e4e276de00309428132d3ecf1bc3e68e3,20,1,12,28,0,PDF page 20; detected table 1; row 12; column 28,review_required
S019,707dac297cceb21b2b89049c996d1c5e4e276de00309428132d3ecf1bc3e68e3,20,1,12,29,0,PDF page 20; detected table 1; row 12; column 29,review_required
S019,707dac297cceb21b2b89049c996d1c5e4e276de00309428132d3ecf1bc3e68e3,20,1,13,1,ODISHA,PDF page 20; detected table 1; row 13; column 1,review_required
S019,707dac297cceb21b2b89049c996d1c5e4e276de00309428132d3ecf1bc3e68e3,20,1,13,2,0,PDF page 20; detected table 1; row 13; column 2,review_required
S019,707dac297cceb21b2b89049c996d1c5e4e276de00309428132d3ecf1bc3e68e3,20,1,13,3,1,PDF page 20; detected table 1; row 13; column 3,review_required
S019,707dac297cceb21b2b89049c996d1c5e4e276de00309428132d3ecf1bc3e68e3,20,1,13,4,12,PDF page 20; detected table 1; row 13; column 4,review_required
S019,707dac297cceb21b2b89049c996d1c5e4e276de00309428132d3ecf1bc3e68e3,20,1,13,5,16,PDF page 20; detected table 1; row 13; column 5,review_required
S019,707dac297cceb21b2b89049c996d1c5e4e276de00309428132d3ecf1bc3e68e3,20,1,13,6,1,PDF page 20; detected table 1; row 13; column 6,review_required
S019,707dac297cceb21b2b89049c996d1c5e4e276de00309428132d3ecf1bc3e68e3,20,1,13,7,0,PDF page 20; detected table 1; row 13; column 7,review_required
S019,707dac297cceb21b2b89049c996d1c5e4e276de00309428132d3ecf1bc3e68e3,20,1,13,8,0,PDF page 20; detected table 1; row 13; column 8,review_required
S019,707dac297cceb21b2b89049c996d1c5e4e276de00309428132d3ecf1bc3e68e3,20,1,13,9,2,PDF page 20; detected table 1; row 13; column 9,review_required
S019,707dac297cceb21b2b89049c996d1c5e4e276de00309428132d3ecf1bc3e68e3,20,1,13,10,3,PDF page 20; detected table 1; row 13; column 10,review_required
S019,707dac297cceb21b2b89049c996d1c5e4e276de00309428132d3ecf1bc3e68e3,20,1,13,11,15,PDF page 20; detected table 1; row 13; column 11,review_required
S019,707dac297cceb21b2b89049c996d1c5e4e276de00309428132d3ecf1bc3e68e3,20,1,13,12,10,PDF page 20; detected table 1; row 13; column 12,review_required
S019,707dac297cceb21b2b89049c996d1c5e4e276de00309428132d3ecf1bc3e68e3,20,1,13,13,0,PDF page 20; detected table 1; row 13; column 13,review_required
S019,707dac297cceb21b2b89049c996d1c5e4e276de00309428132d3ecf1bc3e68e3,20,1,13,14,0,PDF page 20; detected table 1; row 13; column 14,review_required
S019,707dac297cceb21b2b89049c996d1c5e4e276de00309428132d3ecf1bc3e68e3,20,1,13,15,0,PDF page 20; detected table 1; row 13; column 15,review_required
S019,707dac297cceb21b2b89049c996d1c5e4e276de00309428132d3ecf1bc3e68e3,20,1,13,16,0,PDF page 20; detected table 1; row 13; column 16,review_required
S019,707dac297cceb21b2b89049c996d1c5e4e276de00309428132d3ecf1bc3e68e3,20,1,13,17,1,PDF page 20; detected table 1; row 13; column 17,review_required
S019,707dac297cceb21b2b89049c996d1c5e4e276de00309428132d3ecf1bc3e68e3,20,1,13,18,24,PDF page 20; detected table 1; row 13; column 18,review_required
S019,707dac297cceb21b2b89049c996d1c5e4e276de00309428132d3ecf1bc3e68e3,20,1,13,19,5,PDF page 20; detected table 1; row 13; column 19,review_required
S019,707dac297cceb21b2b89049c996d1c5e4e276de00309428132d3ecf1bc3e68e3,20,1,13,20,0,PDF page 20; detected table 1; row 13; column 20,review_required
S019,707dac297cceb21b2b89049c996d1c5e4e276de00309428132d3ecf1bc3e68e3,20,1,13,21,0,PDF page 20; detected table 1; row 13; column 21,review_required
S019,707dac297cceb21b2b89049c996d1c5e4e276de00309428132d3ecf1bc3e68e3,20,1,13,22,0,PDF page 20; detected table 1; row 13; column 22,review_required
S019,707dac297cceb21b2b89049c996d1c5e4e276de00309428132d3ecf1bc3e68e3,20,1,13,23,1,PDF page 20; detected table 1; row 13; column 23,review_required
S019,707dac297cceb21b2b89049c996d1c5e4e276de00309428132d3ecf1bc3e68e3,20,1,13,24,10,PDF page 20; detected table 1; row 13; column 24,review_required
S019,707dac297cceb21b2b89049c996d1c5e4e276de00309428132d3ecf1bc3e68e3,20,1,13,25,17,PDF page 20; detected table 1; row 13; column 25,review_required
S019,707dac297cceb21b2b89049c996d1c5e4e276de00309428132d3ecf1bc3e68e3,20,1,13,26,2,PDF page 20; detected table 1; row 13; column 26,review_required
S019,707dac297cceb21b2b89049c996d1c5e4e276de00309428132d3ecf1bc3e68e3,20,1,13,27,0,PDF page 20; detected table 1; row 13; column 27,review_required
S019,707dac297cceb21b2b89049c996d1c5e4e276de00309428132d3ecf1bc3e68e3,20,1,13,28,0,PDF page 20; detected table 1; row 13; column 28,review_required
S019,707dac297cceb21b2b89049c996d1c5e4e276de00309428132d3ecf1bc3e68e3,20,1,13,29,0,PDF page 20; detected table 1; row 13; column 29,review_required
S019,707dac297cceb21b2b89049c996d1c5e4e276de00309428132d3ecf1bc3e68e3,20,1,14,1,JHARKHAND,PDF page 20; detected table 1; row 14; column 1,review_required
S019,707dac297cceb21b2b89049c996d1c5e4e276de00309428132d3ecf1bc3e68e3,20,1,14,2,0,PDF page 20; detected table 1; row 14; column 2,review_required
S019,707dac297cceb21b2b89049c996d1c5e4e276de00309428132d3ecf1bc3e68e3,20,1,14,3,0,PDF page 20; detected table 1; row 14; column 3,review_required
S019,707dac297cceb21b2b89049c996d1c5e4e276de00309428132d3ecf1bc3e68e3,20,1,14,4,0,PDF page 20; detected table 1; row 14; column 4,review_required
S019,707dac297cceb21b2b89049c996d1c5e4e276de00309428132d3ecf1bc3e68e3,20,1,14,5,5,PDF page 20; detected table 1; row 14; column 5,review_required
S019,707dac297cceb21b2b89049c996d1c5e4e276de00309428132d3ecf1bc3e68e3,20,1,14,6,19,PDF page 20; detected table 1; row 14; column 6,review_required
S019,707dac297cceb21b2b89049c996d1c5e4e276de00309428132d3ecf1bc3e68e3,20,1,14,7,0,PDF page 20; detected table 1; row 14; column 7,review_required
S019,707dac297cceb21b2b89049c996d1c5e4e276de00309428132d3ecf1bc3e68e3,20,1,14,8,0,PDF page 20; detected table 1; row 14; column 8,review_required
S019,707dac297cceb21b2b89049c996d1c5e4e276de00309428132d3ecf1bc3e68e3,20,1,14,9,0,PDF page 20; detected table 1; row 14; column 9,review_required
S019,707dac297cceb21b2b89049c996d1c5e4e276de00309428132d3ecf1bc3e68e3,20,1,14,10,0,PDF page 20; detected table 1; row 14; column 10,review_required
S019,707dac297cceb21b2b89049c996d1c5e4e276de00309428132d3ecf1bc3e68e3,20,1,14,11,8,PDF page 20; detected table 1; row 14; column 11,review_required
S019,707dac297cceb21b2b89049c996d1c5e4e276de00309428132d3ecf1bc3e68e3,20,1,14,12,15,PDF page 20; detected table 1; row 14; column 12,review_required
S019,707dac297cceb21b2b89049c996d1c5e4e276de00309428132d3ecf1bc3e68e3,20,1,14,13,1,PDF page 20; detected table 1; row 14; column 13,review_required
S019,707dac297cceb21b2b89049c996d1c5e4e276de00309428132d3ecf1bc3e68e3,20,1,14,14,0,PDF page 20; detected table 1; row 14; column 14,review_required
S019,707dac297cceb21b2b89049c996d1c5e4e276de00309428132d3ecf1bc3e68e3,20,1,14,15,0,PDF page 20; detected table 1; row 14; column 15,review_required
S019,707dac297cceb21b2b89049c996d1c5e4e276de00309428132d3ecf1bc3e68e3,20,1,14,16,9,PDF page 20; detected table 1; row 14; column 16,review_required
S019,707dac297cceb21b2b89049c996d1c5e4e276de00309428132d3ecf1bc3e68e3,20,1,14,17,8,PDF page 20; detected table 1; row 14; column 17,review_required
S019,707dac297cceb21b2b89049c996d1c5e4e276de00309428132d3ecf1bc3e68e3,20,1,14,18,6,PDF page 20; detected table 1; row 14; column 18,review_required
S019,707dac297cceb21b2b89049c996d1c5e4e276de00309428132d3ecf1bc3e68e3,20,1,14,19,1,PDF page 20; detected table 1; row 14; column 19,review_required
S019,707dac297cceb21b2b89049c996d1c5e4e276de00309428132d3ecf1bc3e68e3,20,1,14,20,0,PDF page 20; detected table 1; row 14; column 20,review_required
S019,707dac297cceb21b2b89049c996d1c5e4e276de00309428132d3ecf1bc3e68e3,20,1,14,21,0,PDF page 20; detected table 1; row 14; column 21,review_required
S019,707dac297cceb21b2b89049c996d1c5e4e276de00309428132d3ecf1bc3e68e3,20,1,14,22,0,PDF page 20; detected table 1; row 14; column 22,review_required
S019,707dac297cceb21b2b89049c996d1c5e4e276de00309428132d3ecf1bc3e68e3,20,1,14,23,8,PDF page 20; detected table 1; row 14; column 23,review_required
S019,707dac297cceb21b2b89049c996d1c5e4e276de00309428132d3ecf1bc3e68e3,20,1,14,24,6,PDF page 20; detected table 1; row 14; column 24,review_required
S019,707dac297cceb21b2b89049c996d1c5e4e276de00309428132d3ecf1bc3e68e3,20,1,14,25,9,PDF page 20; detected table 1; row 14; column 25,review_required
S019,707dac297cceb21b2b89049c996d1c5e4e276de00309428132d3ecf1bc3e68e3,20,1,14,26,1,PDF page 20; detected table 1; row 14; column 26,review_required
S019,707dac297cceb21b2b89049c996d1c5e4e276de00309428132d3ecf1bc3e68e3,20,1,14,27,0,PDF page 20; detected table 1; row 14; column 27,review_required
S019,707dac297cceb21b2b89049c996d1c5e4e276de00309428132d3ecf1bc3e68e3,20,1,14,28,0,PDF page 20; detected table 1; row 14; column 28,review_required
S019,707dac297cceb21b2b89049c996d1c5e4e276de00309428132d3ecf1bc3e68e3,20,1,14,29,0,PDF page 20; detected table 1; row 14; column 29,review_required
S019,707dac297cceb21b2b89049c996d1c5e4e276de00309428132d3ecf1bc3e68e3,20,1,15,1,BIHAR,PDF page 20; detected table 1; row 15; column 1,review_required
S019,707dac297cceb21b2b89049c996d1c5e4e276de00309428132d3ecf1bc3e68e3,20,1,15,2,1,PDF page 20; detected table 1; row 15; column 2,review_required
S019,707dac297cceb21b2b89049c996d1c5e4e276de00309428132d3ecf1bc3e68e3,20,1,15,3,0,PDF page 20; detected table 1; row 15; column 3,review_required
S019,707dac297cceb21b2b89049c996d1c5e4e276de00309428132d3ecf1bc3e68e3,20,1,15,4,3,PDF page 20; detected table 1; row 15; column 4,review_required
S019,707dac297cceb21b2b89049c996d1c5e4e276de00309428132d3ecf1bc3e68e3,20,1,15,5,14,PDF page 20; detected table 1; row 15; column 5,review_required
S019,707dac297cceb21b2b89049c996d1c5e4e276de00309428132d3ecf1bc3e68e3,20,1,15,6,20,PDF page 20; detected table 1; row 15; column 6,review_required
S019,707dac297cceb21b2b89049c996d1c5e4e276de00309428132d3ecf1bc3e68e3,20,1,15,7,0,PDF page 20; detected table 1; row 15; column 7,review_required
S019,707dac297cceb21b2b89049c996d1c5e4e276de00309428132d3ecf1bc3e68e3,20,1,15,8,0,PDF page 20; detected table 1; row 15; column 8,review_required
S019,707dac297cceb21b2b89049c996d1c5e4e276de00309428132d3ecf1bc3e68e3,20,1,15,9,0,PDF page 20; detected table 1; row 15; column 9,review_required
S019,707dac297cceb21b2b89049c996d1c5e4e276de00309428132d3ecf1bc3e68e3,20,1,15,10,0,PDF page 20; detected table 1; row 15; column 10,review_required
S019,707dac297cceb21b2b89049c996d1c5e4e276de00309428132d3ecf1bc3e68e3,20,1,15,11,10,PDF page 20; detected table 1; row 15; column 11,review_required
S019,707dac297cceb21b2b89049c996d1c5e4e276de00309428132d3ecf1bc3e68e3,20,1,15,12,28,PDF page 20; detected table 1; row 15; column 12,review_required
S019,707dac297cceb21b2b89049c996d1c5e4e276de00309428132d3ecf1bc3e68e3,20,1,15,13,0,PDF page 20; detected table 1; row 15; column 13,review_required
S019,707dac297cceb21b2b89049c996d1c5e4e276de00309428132d3ecf1bc3e68e3,20,1,15,14,0,PDF page 20; detected table 1; row 15; column 14,review_required
S019,707dac297cceb21b2b89049c996d1c5e4e276de00309428132d3ecf1bc3e68e3,20,1,15,15,0,PDF page 20; detected table 1; row 15; column 15,review_required
S019,707dac297cceb21b2b89049c996d1c5e4e276de00309428132d3ecf1bc3e68e3,20,1,15,16,3,PDF page 20; detected table 1; row 15; column 16,review_required
S019,707dac297cceb21b2b89049c996d1c5e4e276de00309428132d3ecf1bc3e68e3,20,1,15,17,6,PDF page 20; detected table 1; row 15; column 17,review_required
S019,707dac297cceb21b2b89049c996d1c5e4e276de00309428132d3ecf1bc3e68e3,20,1,15,18,14,PDF page 20; detected table 1; row 15; column 18,review_required
S019,707dac297cceb21b2b89049c996d1c5e4e276de00309428132d3ecf1bc3e68e3,20,1,15,19,14,PDF page 20; detected table 1; row 15; column 19,review_required
S019,707dac297cceb21b2b89049c996d1c5e4e276de00309428132d3ecf1bc3e68e3,20,1,15,20,1,PDF page 20; detected table 1; row 15; column 20,review_required
S019,707dac297cceb21b2b89049c996d1c5e4e276de00309428132d3ecf1bc3e68e3,20,1,15,21,0,PDF page 20; detected table 1; row 15; column 21,review_required
S019,707dac297cceb21b2b89049c996d1c5e4e276de00309428132d3ecf1bc3e68e3,20,1,15,22,0,PDF page 20; detected table 1; row 15; column 22,review_required
S019,707dac297cceb21b2b89049c996d1c5e4e276de00309428132d3ecf1bc3e68e3,20,1,15,23,0,PDF page 20; detected table 1; row 15; column 23,review_required
S019,707dac297cceb21b2b89049c996d1c5e4e276de00309428132d3ecf1bc3e68e3,20,1,15,24,9,PDF page 20; detected table 1; row 15; column 24,review_required
S019,707dac297cceb21b2b89049c996d1c5e4e276de00309428132d3ecf1bc3e68e3,20,1,15,25,18,PDF page 20; detected table 1; row 15; column 25,review_required
S019,707dac297cceb21b2b89049c996d1c5e4e276de00309428132d3ecf1bc3e68e3,20,1,15,26,9,PDF page 20; detected table 1; row 15; column 26,review_required
S019,707dac297cceb21b2b89049c996d1c5e4e276de00309428132d3ecf1bc3e68e3,20,1,15,27,2,PDF page 20; detected table 1; row 15; column 27,review_required
S019,707dac297cceb21b2b89049c996d1c5e4e276de00309428132d3ecf1bc3e68e3,20,1,15,28,0,PDF page 20; detected table 1; row 15; column 28,review_required
S019,707dac297cceb21b2b89049c996d1c5e4e276de00309428132d3ecf1bc3e68e3,20,1,15,29,0,PDF page 20; detected table 1; row 15; column 29,review_required
S019,707dac297cceb21b2b89049c996d1c5e4e276de00309428132d3ecf1bc3e68e3,20,1,16,1,UTTAR PRADESH,PDF page 20; detected table 1; row 16; column 1,review_required
S019,707dac297cceb21b2b89049c996d1c5e4e276de00309428132d3ecf1bc3e68e3,20,1,16,2,6,PDF page 20; detected table 1; row 16; column 2,review_required
S019,707dac297cceb21b2b89049c996d1c5e4e276de00309428132d3ecf1bc3e68e3,20,1,16,3,9,PDF page 20; detected table 1; row 16; column 3,review_required
S019,707dac297cceb21b2b89049c996d1c5e4e276de00309428132d3ecf1bc3e68e3,20,1,16,4,9,PDF page 20; detected table 1; row 16; column 4,review_required
S019,707dac297cceb21b2b89049c996d1c5e4e276de00309428132d3ecf1bc3e68e3,20,1,16,5,24,PDF page 20; detected table 1; row 16; column 5,review_required
S019,707dac297cceb21b2b89049c996d1c5e4e276de00309428132d3ecf1bc3e68e3,20,1,16,6,27,PDF page 20; detected table 1; row 16; column 6,review_required
S019,707dac297cceb21b2b89049c996d1c5e4e276de00309428132d3ecf1bc3e68e3,20,1,16,7,0,PDF page 20; detected table 1; row 16; column 7,review_required
S019,707dac297cceb21b2b89049c996d1c5e4e276de00309428132d3ecf1bc3e68e3,20,1,16,8,0,PDF page 20; detected table 1; row 16; column 8,review_required
S019,707dac297cceb21b2b89049c996d1c5e4e276de00309428132d3ecf1bc3e68e3,20,1,16,9,4,PDF page 20; detected table 1; row 16; column 9,review_required
S019,707dac297cceb21b2b89049c996d1c5e4e276de00309428132d3ecf1bc3e68e3,20,1,16,10,10,PDF page 20; detected table 1; row 16; column 10,review_required
S019,707dac297cceb21b2b89049c996d1c5e4e276de00309428132d3ecf1bc3e68e3,20,1,16,11,20,PDF page 20; detected table 1; row 16; column 11,review_required
S019,707dac297cceb21b2b89049c996d1c5e4e276de00309428132d3ecf1bc3e68e3,20,1,16,12,33,PDF page 20; detected table 1; row 16; column 12,review_required
S019,707dac297cceb21b2b89049c996d1c5e4e276de00309428132d3ecf1bc3e68e3,20,1,16,13,8,PDF page 20; detected table 1; row 16; column 13,review_required
S019,707dac297cceb21b2b89049c996d1c5e4e276de00309428132d3ecf1bc3e68e3,20,1,16,14,0,PDF page 20; detected table 1; row 16; column 14,review_required
S019,707dac297cceb21b2b89049c996d1c5e4e276de00309428132d3ecf1bc3e68e3,20,1,16,15,0,PDF page 20; detected table 1; row 16; column 15,review_required
S019,707dac297cceb21b2b89049c996d1c5e4e276de00309428132d3ecf1bc3e68e3,20,1,16,16,4,PDF page 20; detected table 1; row 16; column 16,review_required
S019,707dac297cceb21b2b89049c996d1c5e4e276de00309428132d3ecf1bc3e68e3,20,1,16,17,14,PDF page 20; detected table 1; row 16; column 17,review_required
S019,707dac297cceb21b2b89049c996d1c5e4e276de00309428132d3ecf1bc3e68e3,20,1,16,18,26,PDF page 20; detected table 1; row 16; column 18,review_required
S019,707dac297cceb21b2b89049c996d1c5e4e276de00309428132d3ecf1bc3e68e3,20,1,16,19,26,PDF page 20; detected table 1; row 16; column 19,review_required
S019,707dac297cceb21b2b89049c996d1c5e4e276de00309428132d3ecf1bc3e68e3,20,1,16,20,5,PDF page 20; detected table 1; row 16; column 20,review_required
S019,707dac297cceb21b2b89049c996d1c5e4e276de00309428132d3ecf1bc3e68e3,20,1,16,21,0,PDF page 20; detected table 1; row 16; column 21,review_required
S019,707dac297cceb21b2b89049c996d1c5e4e276de00309428132d3ecf1bc3e68e3,20,1,16,22,0,PDF page 20; detected table 1; row 16; column 22,review_required
S019,707dac297cceb21b2b89049c996d1c5e4e276de00309428132d3ecf1bc3e68e3,20,1,16,23,30,PDF page 20; detected table 1; row 16; column 23,review_required
S019,707dac297cceb21b2b89049c996d1c5e4e276de00309428132d3ecf1bc3e68e3,20,1,16,24,17,PDF page 20; detected table 1; row 16; column 24,review_required
S019,707dac297cceb21b2b89049c996d1c5e4e276de00309428132d3ecf1bc3e68e3,20,1,16,25,11,PDF page 20; detected table 1; row 16; column 25,review_required
S019,707dac297cceb21b2b89049c996d1c5e4e276de00309428132d3ecf1bc3e68e3,20,1,16,26,17,PDF page 20; detected table 1; row 16; column 26,review_required
S019,707dac297cceb21b2b89049c996d1c5e4e276de00309428132d3ecf1bc3e68e3,20,1,16,27,0,PDF page 20; detected table 1; row 16; column 27,review_required
S019,707dac297cceb21b2b89049c996d1c5e4e276de00309428132d3ecf1bc3e68e3,20,1,16,28,0,PDF page 20; detected table 1; row 16; column 28,review_required
S019,707dac297cceb21b2b89049c996d1c5e4e276de00309428132d3ecf1bc3e68e3,20,1,16,29,0,PDF page 20; detected table 1; row 16; column 29,review_required
S019,707dac297cceb21b2b89049c996d1c5e4e276de00309428132d3ecf1bc3e68e3,20,1,17,1,UTTARAKHAND,PDF page 20; detected table 1; row 17; column 1,review_required
S019,707dac297cceb21b2b89049c996d1c5e4e276de00309428132d3ecf1bc3e68e3,20,1,17,2,0,PDF page 20; detected table 1; row 17; column 2,review_required
S019,707dac297cceb21b2b89049c996d1c5e4e276de00309428132d3ecf1bc3e68e3,20,1,17,3,0,PDF page 20; detected table 1; row 17; column 3,review_required
S019,707dac297cceb21b2b89049c996d1c5e4e276de00309428132d3ecf1bc3e68e3,20,1,17,4,2,PDF page 20; detected table 1; row 17; column 4,review_required
S019,707dac297cceb21b2b89049c996d1c5e4e276de00309428132d3ecf1bc3e68e3,20,1,17,5,6,PDF page 20; detected table 1; row 17; column 5,review_required
S019,707dac297cceb21b2b89049c996d1c5e4e276de00309428132d3ecf1bc3e68e3,20,1,17,6,5,PDF page 20; detected table 1; row 17; column 6,review_required
S019,707dac297cceb21b2b89049c996d1c5e4e276de00309428132d3ecf1bc3e68e3,20,1,17,7,0,PDF page 20; detected table 1; row 17; column 7,review_required
S019,707dac297cceb21b2b89049c996d1c5e4e276de00309428132d3ecf1bc3e68e3,20,1,17,8,0,PDF page 20; detected table 1; row 17; column 8,review_required
S019,707dac297cceb21b2b89049c996d1c5e4e276de00309428132d3ecf1bc3e68e3,20,1,17,9,2,PDF page 20; detected table 1; row 17; column 9,review_required
S019,707dac297cceb21b2b89049c996d1c5e4e276de00309428132d3ecf1bc3e68e3,20,1,17,10,5,PDF page 20; detected table 1; row 17; column 10,review_required
S019,707dac297cceb21b2b89049c996d1c5e4e276de00309428132d3ecf1bc3e68e3,20,1,17,11,3,PDF page 20; detected table 1; row 17; column 11,review_required
S019,707dac297cceb21b2b89049c996d1c5e4e276de00309428132d3ecf1bc3e68e3,20,1,17,12,3,PDF page 20; detected table 1; row 17; column 12,review_required
S019,707dac297cceb21b2b89049c996d1c5e4e276de00309428132d3ecf1bc3e68e3,20,1,17,13,0,PDF page 20; detected table 1; row 17; column 13,review_required
S019,707dac297cceb21b2b89049c996d1c5e4e276de00309428132d3ecf1bc3e68e3,20,1,17,14,0,PDF page 20; detected table 1; row 17; column 14,review_required
S019,707dac297cceb21b2b89049c996d1c5e4e276de00309428132d3ecf1bc3e68e3,20,1,17,15,0,PDF page 20; detected table 1; row 17; column 15,review_required
S019,707dac297cceb21b2b89049c996d1c5e4e276de00309428132d3ecf1bc3e68e3,20,1,17,16,2,PDF page 20; detected table 1; row 17; column 16,review_required
S019,707dac297cceb21b2b89049c996d1c5e4e276de00309428132d3ecf1bc3e68e3,20,1,17,17,2,PDF page 20; detected table 1; row 17; column 17,review_required
S019,707dac297cceb21b2b89049c996d1c5e4e276de00309428132d3ecf1bc3e68e3,20,1,17,18,6,PDF page 20; detected table 1; row 17; column 18,review_required
S019,707dac297cceb21b2b89049c996d1c5e4e276de00309428132d3ecf1bc3e68e3,20,1,17,19,3,PDF page 20; detected table 1; row 17; column 19,review_required
S019,707dac297cceb21b2b89049c996d1c5e4e276de00309428132d3ecf1bc3e68e3,20,1,17,20,0,PDF page 20; detected table 1; row 17; column 20,review_required
S019,707dac297cceb21b2b89049c996d1c5e4e276de00309428132d3ecf1bc3e68e3,20,1,17,21,0,PDF page 20; detected table 1; row 17; column 21,review_required
S019,707dac297cceb21b2b89049c996d1c5e4e276de00309428132d3ecf1bc3e68e3,20,1,17,22,0,PDF page 20; detected table 1; row 17; column 22,review_required
S019,707dac297cceb21b2b89049c996d1c5e4e276de00309428132d3ecf1bc3e68e3,20,1,17,23,4,PDF page 20; detected table 1; row 17; column 23,review_required
S019,707dac297cceb21b2b89049c996d1c5e4e276de00309428132d3ecf1bc3e68e3,20,1,17,24,7,PDF page 20; detected table 1; row 17; column 24,review_required
S019,707dac297cceb21b2b89049c996d1c5e4e276de00309428132d3ecf1bc3e68e3,20,1,17,25,2,PDF page 20; detected table 1; row 17; column 25,review_required
S019,707dac297cceb21b2b89049c996d1c5e4e276de00309428132d3ecf1bc3e68e3,20,1,17,26,0,PDF page 20; detected table 1; row 17; column 26,review_required
S019,707dac297cceb21b2b89049c996d1c5e4e276de00309428132d3ecf1bc3e68e3,20,1,17,27,0,PDF page 20; detected table 1; row 17; column 27,review_required
S019,707dac297cceb21b2b89049c996d1c5e4e276de00309428132d3ecf1bc3e68e3,20,1,17,28,0,PDF page 20; detected table 1; row 17; column 28,review_required
S019,707dac297cceb21b2b89049c996d1c5e4e276de00309428132d3ecf1bc3e68e3,20,1,17,29,0,PDF page 20; detected table 1; row 17; column 29,review_required
S019,707dac297cceb21b2b89049c996d1c5e4e276de00309428132d3ecf1bc3e68e3,20,1,18,1,HARYANA,PDF page 20; detected table 1; row 18; column 1,review_required
S019,707dac297cceb21b2b89049c996d1c5e4e276de00309428132d3ecf1bc3e68e3,20,1,18,2,0,PDF page 20; detected table 1; row 18; column 2,review_required
S019,707dac297cceb21b2b89049c996d1c5e4e276de00309428132d3ecf1bc3e68e3,20,1,18,3,2,PDF page 20; detected table 1; row 18; column 3,review_required
S019,707dac297cceb21b2b89049c996d1c5e4e276de00309428132d3ecf1bc3e68e3,20,1,18,4,2,PDF page 20; detected table 1; row 18; column 4,review_required
S019,707dac297cceb21b2b89049c996d1c5e4e276de00309428132d3ecf1bc3e68e3,20,1,18,5,11,PDF page 20; detected table 1; row 18; column 5,review_required
S019,707dac297cceb21b2b89049c996d1c5e4e276de00309428132d3ecf1bc3e68e3,20,1,18,6,7,PDF page 20; detected table 1; row 18; column 6,review_required
S019,707dac297cceb21b2b89049c996d1c5e4e276de00309428132d3ecf1bc3e68e3,20,1,18,7,0,PDF page 20; detected table 1; row 18; column 7,review_required
S019,707dac297cceb21b2b89049c996d1c5e4e276de00309428132d3ecf1bc3e68e3,20,1,18,8,0,PDF page 20; detected table 1; row 18; column 8,review_required
S019,707dac297cceb21b2b89049c996d1c5e4e276de00309428132d3ecf1bc3e68e3,20,1,18,9,0,PDF page 20; detected table 1; row 18; column 9,review_required
S019,707dac297cceb21b2b89049c996d1c5e4e276de00309428132d3ecf1bc3e68e3,20,1,18,10,1,PDF page 20; detected table 1; row 18; column 10,review_required
S019,707dac297cceb21b2b89049c996d1c5e4e276de00309428132d3ecf1bc3e68e3,20,1,18,11,3,PDF page 20; detected table 1; row 18; column 11,review_required
S019,707dac297cceb21b2b89049c996d1c5e4e276de00309428132d3ecf1bc3e68e3,20,1,18,12,15,PDF page 20; detected table 1; row 18; column 12,review_required
S019,707dac297cceb21b2b89049c996d1c5e4e276de00309428132d3ecf1bc3e68e3,20,1,18,13,3,PDF page 20; detected table 1; row 18; column 13,review_required
S019,707dac297cceb21b2b89049c996d1c5e4e276de00309428132d3ecf1bc3e68e3,20,1,18,14,0,PDF page 20; detected table 1; row 18; column 14,review_required
S019,707dac297cceb21b2b89049c996d1c5e4e276de00309428132d3ecf1bc3e68e3,20,1,18,15,0,PDF page 20; detected table 1; row 18; column 15,review_required
S019,707dac297cceb21b2b89049c996d1c5e4e276de00309428132d3ecf1bc3e68e3,20,1,18,16,5,PDF page 20; detected table 1; row 18; column 16,review_required
S019,707dac297cceb21b2b89049c996d1c5e4e276de00309428132d3ecf1bc3e68e3,20,1,18,17,9,PDF page 20; detected table 1; row 18; column 17,review_required
S019,707dac297cceb21b2b89049c996d1c5e4e276de00309428132d3ecf1bc3e68e3,20,1,18,18,4,PDF page 20; detected table 1; row 18; column 18,review_required
S019,707dac297cceb21b2b89049c996d1c5e4e276de00309428132d3ecf1bc3e68e3,20,1,18,19,4,PDF page 20; detected table 1; row 18; column 19,review_required
S019,707dac297cceb21b2b89049c996d1c5e4e276de00309428132d3ecf1bc3e68e3,20,1,18,20,0,PDF page 20; detected table 1; row 18; column 20,review_required
S019,707dac297cceb21b2b89049c996d1c5e4e276de00309428132d3ecf1bc3e68e3,20,1,18,21,0,PDF page 20; detected table 1; row 18; column 21,review_required
S019,707dac297cceb21b2b89049c996d1c5e4e276de00309428132d3ecf1bc3e68e3,20,1,18,22,0,PDF page 20; detected table 1; row 18; column 22,review_required
S019,707dac297cceb21b2b89049c996d1c5e4e276de00309428132d3ecf1bc3e68e3,20,1,18,23,7,PDF page 20; detected table 1; row 18; column 23,review_required
S019,707dac297cceb21b2b89049c996d1c5e4e276de00309428132d3ecf1bc3e68e3,20,1,18,24,7,PDF page 20; detected table 1; row 18; column 24,review_required
S019,707dac297cceb21b2b89049c996d1c5e4e276de00309428132d3ecf1bc3e68e3,20,1,18,25,4,PDF page 20; detected table 1; row 18; column 25,review_required
S019,707dac297cceb21b2b89049c996d1c5e4e276de00309428132d3ecf1bc3e68e3,20,1,18,26,3,PDF page 20; detected table 1; row 18; column 26,review_required
S019,707dac297cceb21b2b89049c996d1c5e4e276de00309428132d3ecf1bc3e68e3,20,1,18,27,1,PDF page 20; detected table 1; row 18; column 27,review_required
S019,707dac297cceb21b2b89049c996d1c5e4e276de00309428132d3ecf1bc3e68e3,20,1,18,28,0,PDF page 20; detected table 1; row 18; column 28,review_required
S019,707dac297cceb21b2b89049c996d1c5e4e276de00309428132d3ecf1bc3e68e3,20,1,18,29,0,PDF page 20; detected table 1; row 18; column 29,review_required
S019,707dac297cceb21b2b89049c996d1c5e4e276de00309428132d3ecf1bc3e68e3,20,1,19,1,CHANDIGARH (UT),PDF page 20; detected table 1; row 19; column 1,review_required
S019,707dac297cceb21b2b89049c996d1c5e4e276de00309428132d3ecf1bc3e68e3,20,1,19,2,0,PDF page 20; detected table 1; row 19; column 2,review_required
S019,707dac297cceb21b2b89049c996d1c5e4e276de00309428132d3ecf1bc3e68e3,20,1,19,3,0,PDF page 20; detected table 1; row 19; column 3,review_required
S019,707dac297cceb21b2b89049c996d1c5e4e276de00309428132d3ecf1bc3e68e3,20,1,19,4,0,PDF page 20; detected table 1; row 19; column 4,review_required
S019,707dac297cceb21b2b89049c996d1c5e4e276de00309428132d3ecf1bc3e68e3,20,1,19,5,0,PDF page 20; detected table 1; row 19; column 5,review_required
S019,707dac297cceb21b2b89049c996d1c5e4e276de00309428132d3ecf1bc3e68e3,20,1,19,6,1,PDF page 20; detected table 1; row 19; column 6,review_required
S019,707dac297cceb21b2b89049c996d1c5e4e276de00309428132d3ecf1bc3e68e3,20,1,19,7,0,PDF page 20; detected table 1; row 19; column 7,review_required
S019,707dac297cceb21b2b89049c996d1c5e4e276de00309428132d3ecf1bc3e68e3,20,1,19,8,0,PDF page 20; detected table 1; row 19; column 8,review_required
S019,707dac297cceb21b2b89049c996d1c5e4e276de00309428132d3ecf1bc3e68e3,20,1,19,9,0,PDF page 20; detected table 1; row 19; column 9,review_required
S019,707dac297cceb21b2b89049c996d1c5e4e276de00309428132d3ecf1bc3e68e3,20,1,19,10,0,PDF page 20; detected table 1; row 19; column 10,review_required
S019,707dac297cceb21b2b89049c996d1c5e4e276de00309428132d3ecf1bc3e68e3,20,1,19,11,0,PDF page 20; detected table 1; row 19; column 11,review_required
S019,707dac297cceb21b2b89049c996d1c5e4e276de00309428132d3ecf1bc3e68e3,20,1,19,12,1,PDF page 20; detected table 1; row 19; column 12,review_required
S019,707dac297cceb21b2b89049c996d1c5e4e276de00309428132d3ecf1bc3e68e3,20,1,19,13,0,PDF page 20; detected table 1; row 19; column 13,review_required
S019,707dac297cceb21b2b89049c996d1c5e4e276de00309428132d3ecf1bc3e68e3,20,1,19,14,0,PDF page 20; detected table 1; row 19; column 14,review_required
S019,707dac297cceb21b2b89049c996d1c5e4e276de00309428132d3ecf1bc3e68e3,20,1,19,15,0,PDF page 20; detected table 1; row 19; column 15,review_required
S019,707dac297cceb21b2b89049c996d1c5e4e276de00309428132d3ecf1bc3e68e3,20,1,19,16,0,PDF page 20; detected table 1; row 19; column 16,review_required
S019,707dac297cceb21b2b89049c996d1c5e4e276de00309428132d3ecf1bc3e68e3,20,1,19,17,1,PDF page 20; detected table 1; row 19; column 17,review_required
S019,707dac297cceb21b2b89049c996d1c5e4e276de00309428132d3ecf1bc3e68e3,20,1,19,18,0,PDF page 20; detected table 1; row 19; column 18,review_required
S019,707dac297cceb21b2b89049c996d1c5e4e276de00309428132d3ecf1bc3e68e3,20,1,19,19,0,PDF page 20; detected table 1; row 19; column 19,review_required
S019,707dac297cceb21b2b89049c996d1c5e4e276de00309428132d3ecf1bc3e68e3,20,1,19,20,0,PDF page 20; detected table 1; row 19; column 20,review_required
S019,707dac297cceb21b2b89049c996d1c5e4e276de00309428132d3ecf1bc3e68e3,20,1,19,21,0,PDF page 20; detected table 1; row 19; column 21,review_required
S019,707dac297cceb21b2b89049c996d1c5e4e276de00309428132d3ecf1bc3e68e3,20,1,19,22,0,PDF page 20; detected table 1; row 19; column 22,review_required
S019,707dac297cceb21b2b89049c996d1c5e4e276de00309428132d3ecf1bc3e68e3,20,1,19,23,0,PDF page 20; detected table 1; row 19; column 23,review_required
S019,707dac297cceb21b2b89049c996d1c5e4e276de00309428132d3ecf1bc3e68e3,20,1,19,24,1,PDF page 20; detected table 1; row 19; column 24,review_required
S019,707dac297cceb21b2b89049c996d1c5e4e276de00309428132d3ecf1bc3e68e3,20,1,19,25,0,PDF page 20; detected table 1; row 19; column 25,review_required
S019,707dac297cceb21b2b89049c996d1c5e4e276de00309428132d3ecf1bc3e68e3,20,1,19,26,0,PDF page 20; detected table 1; row 19; column 26,review_required
S019,707dac297cceb21b2b89049c996d1c5e4e276de00309428132d3ecf1bc3e68e3,20,1,19,27,0,PDF page 20; detected table 1; row 19; column 27,review_required
S019,707dac297cceb21b2b89049c996d1c5e4e276de00309428132d3ecf1bc3e68e3,20,1,19,28,0,PDF page 20; detected table 1; row 19; column 28,review_required
S019,707dac297cceb21b2b89049c996d1c5e4e276de00309428132d3ecf1bc3e68e3,20,1,19,29,0,PDF page 20; detected table 1; row 19; column 29,review_required
S019,707dac297cceb21b2b89049c996d1c5e4e276de00309428132d3ecf1bc3e68e3,20,1,20,1,DELHI,PDF page 20; detected table 1; row 20; column 1,review_required
S019,707dac297cceb21b2b89049c996d1c5e4e276de00309428132d3ecf1bc3e68e3,20,1,20,2,3,PDF page 20; detected table 1; row 20; column 2,review_required
S019,707dac297cceb21b2b89049c996d1c5e4e276de00309428132d3ecf1bc3e68e3,20,1,20,3,1,PDF page 20; detected table 1; row 20; column 3,review_required
S019,707dac297cceb21b2b89049c996d1c5e4e276de00309428132d3ecf1bc3e68e3,20,1,20,4,1,PDF page 20; detected table 1; row 20; column 4,review_required
S019,707dac297cceb21b2b89049c996d1c5e4e276de00309428132d3ecf1bc3e68e3,20,1,20,5,2,PDF page 20; detected table 1; row 20; column 5,review_required
S019,707dac297cceb21b2b89049c996d1c5e4e276de00309428132d3ecf1bc3e68e3,20,1,20,6,2,PDF page 20; detected table 1; row 20; column 6,review_required
S019,707dac297cceb21b2b89049c996d1c5e4e276de00309428132d3ecf1bc3e68e3,20,1,20,7,0,PDF page 20; detected table 1; row 20; column 7,review_required
S019,707dac297cceb21b2b89049c996d1c5e4e276de00309428132d3ecf1bc3e68e3,20,1,20,8,0,PDF page 20; detected table 1; row 20; column 8,review_required
S019,707dac297cceb21b2b89049c996d1c5e4e276de00309428132d3ecf1bc3e68e3,20,1,20,9,0,PDF page 20; detected table 1; row 20; column 9,review_required
S019,707dac297cceb21b2b89049c996d1c5e4e276de00309428132d3ecf1bc3e68e3,20,1,20,10,1,PDF page 20; detected table 1; row 20; column 10,review_required
S019,707dac297cceb21b2b89049c996d1c5e4e276de00309428132d3ecf1bc3e68e3,20,1,20,11,2,PDF page 20; detected table 1; row 20; column 11,review_required
S019,707dac297cceb21b2b89049c996d1c5e4e276de00309428132d3ecf1bc3e68e3,20,1,20,12,4,PDF page 20; detected table 1; row 20; column 12,review_required
S019,707dac297cceb21b2b89049c996d1c5e4e276de00309428132d3ecf1bc3e68e3,20,1,20,13,2,PDF page 20; detected table 1; row 20; column 13,review_required
S019,707dac297cceb21b2b89049c996d1c5e4e276de00309428132d3ecf1bc3e68e3,20,1,20,14,0,PDF page 20; detected table 1; row 20; column 14,review_required
S019,707dac297cceb21b2b89049c996d1c5e4e276de00309428132d3ecf1bc3e68e3,20,1,20,15,0,PDF page 20; detected table 1; row 20; column 15,review_required
S019,707dac297cceb21b2b89049c996d1c5e4e276de00309428132d3ecf1bc3e68e3,20,1,20,16,5,PDF page 20; detected table 1; row 20; column 16,review_required
S019,707dac297cceb21b2b89049c996d1c5e4e276de00309428132d3ecf1bc3e68e3,20,1,20,17,2,PDF page 20; detected table 1; row 20; column 17,review_required
S019,707dac297cceb21b2b89049c996d1c5e4e276de00309428132d3ecf1bc3e68e3,20,1,20,18,1,PDF page 20; detected table 1; row 20; column 18,review_required
S019,707dac297cceb21b2b89049c996d1c5e4e276de00309428132d3ecf1bc3e68e3,20,1,20,19,1,PDF page 20; detected table 1; row 20; column 19,review_required
S019,707dac297cceb21b2b89049c996d1c5e4e276de00309428132d3ecf1bc3e68e3,20,1,20,20,0,PDF page 20; detected table 1; row 20; column 20,review_required
S019,707dac297cceb21b2b89049c996d1c5e4e276de00309428132d3ecf1bc3e68e3,20,1,20,21,0,PDF page 20; detected table 1; row 20; column 21,review_required
S019,707dac297cceb21b2b89049c996d1c5e4e276de00309428132d3ecf1bc3e68e3,20,1,20,22,0,PDF page 20; detected table 1; row 20; column 22,review_required
S019,707dac297cceb21b2b89049c996d1c5e4e276de00309428132d3ecf1bc3e68e3,20,1,20,23,0,PDF page 20; detected table 1; row 20; column 23,review_required
S019,707dac297cceb21b2b89049c996d1c5e4e276de00309428132d3ecf1bc3e68e3,20,1,20,24,5,PDF page 20; detected table 1; row 20; column 24,review_required
S019,707dac297cceb21b2b89049c996d1c5e4e276de00309428132d3ecf1bc3e68e3,20,1,20,25,2,PDF page 20; detected table 1; row 20; column 25,review_required
S019,707dac297cceb21b2b89049c996d1c5e4e276de00309428132d3ecf1bc3e68e3,20,1,20,26,1,PDF page 20; detected table 1; row 20; column 26,review_required
S019,707dac297cceb21b2b89049c996d1c5e4e276de00309428132d3ecf1bc3e68e3,20,1,20,27,1,PDF page 20; detected table 1; row 20; column 27,review_required
S019,707dac297cceb21b2b89049c996d1c5e4e276de00309428132d3ecf1bc3e68e3,20,1,20,28,0,PDF page 20; detected table 1; row 20; column 28,review_required
S019,707dac297cceb21b2b89049c996d1c5e4e276de00309428132d3ecf1bc3e68e3,20,1,20,29,0,PDF page 20; detected table 1; row 20; column 29,review_required
S019,707dac297cceb21b2b89049c996d1c5e4e276de00309428132d3ecf1bc3e68e3,20,1,21,1,PUNJAB,PDF page 20; detected table 1; row 21; column 1,review_required
S019,707dac297cceb21b2b89049c996d1c5e4e276de00309428132d3ecf1bc3e68e3,20,1,21,2,1,PDF page 20; detected table 1; row 21; column 2,review_required
S019,707dac297cceb21b2b89049c996d1c5e4e276de00309428132d3ecf1bc3e68e3,20,1,21,3,1,PDF page 20; detected table 1; row 21; column 3,review_required
S019,707dac297cceb21b2b89049c996d1c5e4e276de00309428132d3ecf1bc3e68e3,20,1,21,4,0,PDF page 20; detected table 1; row 21; column 4,review_required
S019,707dac297cceb21b2b89049c996d1c5e4e276de00309428132d3ecf1bc3e68e3,20,1,21,5,7,PDF page 20; detected table 1; row 21; column 5,review_required
S019,707dac297cceb21b2b89049c996d1c5e4e276de00309428132d3ecf1bc3e68e3,20,1,21,6,13,PDF page 20; detected table 1; row 21; column 6,review_required
S019,707dac297cceb21b2b89049c996d1c5e4e276de00309428132d3ecf1bc3e68e3,20,1,21,7,0,PDF page 20; detected table 1; row 21; column 7,review_required
S019,707dac297cceb21b2b89049c996d1c5e4e276de00309428132d3ecf1bc3e68e3,20,1,21,8,0,PDF page 20; detected table 1; row 21; column 8,review_required
S019,707dac297cceb21b2b89049c996d1c5e4e276de00309428132d3ecf1bc3e68e3,20,1,21,9,0,PDF page 20; detected table 1; row 21; column 9,review_required
S019,707dac297cceb21b2b89049c996d1c5e4e276de00309428132d3ecf1bc3e68e3,20,1,21,10,0,PDF page 20; detected table 1; row 21; column 10,review_required
S019,707dac297cceb21b2b89049c996d1c5e4e276de00309428132d3ecf1bc3e68e3,20,1,21,11,3,PDF page 20; detected table 1; row 21; column 11,review_required
S019,707dac297cceb21b2b89049c996d1c5e4e276de00309428132d3ecf1bc3e68e3,20,1,21,12,11,PDF page 20; detected table 1; row 21; column 12,review_required
S019,707dac297cceb21b2b89049c996d1c5e4e276de00309428132d3ecf1bc3e68e3,20,1,21,13,8,PDF page 20; detected table 1; row 21; column 13,review_required
S019,707dac297cceb21b2b89049c996d1c5e4e276de00309428132d3ecf1bc3e68e3,20,1,21,14,0,PDF page 20; detected table 1; row 21; column 14,review_required
S019,707dac297cceb21b2b89049c996d1c5e4e276de00309428132d3ecf1bc3e68e3,20,1,21,15,0,PDF page 20; detected table 1; row 21; column 15,review_required
S019,707dac297cceb21b2b89049c996d1c5e4e276de00309428132d3ecf1bc3e68e3,20,1,21,16,2,PDF page 20; detected table 1; row 21; column 16,review_required
S019,707dac297cceb21b2b89049c996d1c5e4e276de00309428132d3ecf1bc3e68e3,20,1,21,17,3,PDF page 20; detected table 1; row 21; column 17,review_required
S019,707dac297cceb21b2b89049c996d1c5e4e276de00309428132d3ecf1bc3e68e3,20,1,21,18,13,PDF page 20; detected table 1; row 21; column 18,review_required
S019,707dac297cceb21b2b89049c996d1c5e4e276de00309428132d3ecf1bc3e68e3,20,1,21,19,4,PDF page 20; detected table 1; row 21; column 19,review_required
S019,707dac297cceb21b2b89049c996d1c5e4e276de00309428132d3ecf1bc3e68e3,20,1,21,20,0,PDF page 20; detected table 1; row 21; column 20,review_required
S019,707dac297cceb21b2b89049c996d1c5e4e276de00309428132d3ecf1bc3e68e3,20,1,21,21,0,PDF page 20; detected table 1; row 21; column 21,review_required
S019,707dac297cceb21b2b89049c996d1c5e4e276de00309428132d3ecf1bc3e68e3,20,1,21,22,0,PDF page 20; detected table 1; row 21; column 22,review_required
S019,707dac297cceb21b2b89049c996d1c5e4e276de00309428132d3ecf1bc3e68e3,20,1,21,23,1,PDF page 20; detected table 1; row 21; column 23,review_required
S019,707dac297cceb21b2b89049c996d1c5e4e276de00309428132d3ecf1bc3e68e3,20,1,21,24,0,PDF page 20; detected table 1; row 21; column 24,review_required
S019,707dac297cceb21b2b89049c996d1c5e4e276de00309428132d3ecf1bc3e68e3,20,1,21,25,5,PDF page 20; detected table 1; row 21; column 25,review_required
S019,707dac297cceb21b2b89049c996d1c5e4e276de00309428132d3ecf1bc3e68e3,20,1,21,26,7,PDF page 20; detected table 1; row 21; column 26,review_required
S019,707dac297cceb21b2b89049c996d1c5e4e276de00309428132d3ecf1bc3e68e3,20,1,21,27,9,PDF page 20; detected table 1; row 21; column 27,review_required
S019,707dac297cceb21b2b89049c996d1c5e4e276de00309428132d3ecf1bc3e68e3,20,1,21,28,0,PDF page 20; detected table 1; row 21; column 28,review_required
S019,707dac297cceb21b2b89049c996d1c5e4e276de00309428132d3ecf1bc3e68e3,20,1,21,29,0,PDF page 20; detected table 1; row 21; column 29,review_required
S019,707dac297cceb21b2b89049c996d1c5e4e276de00309428132d3ecf1bc3e68e3,28,1,1,1,"DATE
(JUNE 2024)",PDF page 28; detected table 1; row 1; column 1,review_required
S019,707dac297cceb21b2b89049c996d1c5e4e276de00309428132d3ecf1bc3e68e3,28,1,1,2,STATION,PDF page 28; detected table 1; row 1; column 2,review_required
S019,707dac297cceb21b2b89049c996d1c5e4e276de00309428132d3ecf1bc3e68e3,28,1,1,3,NAME OF SUBDIVISION,PDF page 28; detected table 1; row 1; column 3,review_required
S019,707dac297cceb21b2b89049c996d1c5e4e276de00309428132d3ecf1bc3e68e3,28,1,1,4,"RAINFALL
(mm)",PDF page 28; detected table 1; row 1; column 4,review_required
S019,707dac297cceb21b2b89049c996d1c5e4e276de00309428132d3ecf1bc3e68e3,28,1,2,1,8,PDF page 28; detected table 1; row 2; column 1,review_required
S019,707dac297cceb21b2b89049c996d1c5e4e276de00309428132d3ecf1bc3e68e3,28,1,2,2,MANKI,PDF page 28; detected table 1; row 2; column 2,review_required
S019,707dac297cceb21b2b89049c996d1c5e4e276de00309428132d3ecf1bc3e68e3,28,1,2,3,COASTAL KARNATAKA,PDF page 28; detected table 1; row 2; column 3,review_required
S019,707dac297cceb21b2b89049c996d1c5e4e276de00309428132d3ecf1bc3e68e3,28,1,2,4,231.6,PDF page 28; detected table 1; row 2; column 4,review_required
S019,707dac297cceb21b2b89049c996d1c5e4e276de00309428132d3ecf1bc3e68e3,28,1,3,1,9,PDF page 28; detected table 1; row 3; column 1,review_required
S019,707dac297cceb21b2b89049c996d1c5e4e276de00309428132d3ecf1bc3e68e3,28,1,3,2,MULDE_ AGRI,PDF page 28; detected table 1; row 3; column 2,review_required
S019,707dac297cceb21b2b89049c996d1c5e4e276de00309428132d3ecf1bc3e68e3,28,1,3,3,KONKAN & GOA,PDF page 28; detected table 1; row 3; column 3,review_required
S019,707dac297cceb21b2b89049c996d1c5e4e276de00309428132d3ecf1bc3e68e3,28,1,3,4,223.6,PDF page 28; detected table 1; row 3; column 4,review_required
S019,707dac297cceb21b2b89049c996d1c5e4e276de00309428132d3ecf1bc3e68e3,28,1,4,1,10,PDF page 28; detected table 1; row 4; column 1,review_required
S019,707dac297cceb21b2b89049c996d1c5e4e276de00309428132d3ecf1bc3e68e3,28,1,4,2,AMFU PUNDIBARI,PDF page 28; detected table 1; row 4; column 2,review_required
S019,707dac297cceb21b2b89049c996d1c5e4e276de00309428132d3ecf1bc3e68e3,28,1,4,3,SHWB & SIKKIM,PDF page 28; detected table 1; row 4; column 3,review_required
S019,707dac297cceb21b2b89049c996d1c5e4e276de00309428132d3ecf1bc3e68e3,28,1,4,4,254.2,PDF page 28; detected table 1; row 4; column 4,review_required
S019,707dac297cceb21b2b89049c996d1c5e4e276de00309428132d3ecf1bc3e68e3,28,1,5,1,13,PDF page 28; detected table 1; row 5; column 1,review_required
S019,707dac297cceb21b2b89049c996d1c5e4e276de00309428132d3ecf1bc3e68e3,28,1,5,2,CHERRAPUNJI,PDF page 28; detected table 1; row 5; column 2,review_required
S019,707dac297cceb21b2b89049c996d1c5e4e276de00309428132d3ecf1bc3e68e3,28,1,5,3,ASSAM & MEGHALAYA,PDF page 28; detected table 1; row 5; column 3,review_required
S019,707dac297cceb21b2b89049c996d1c5e4e276de00309428132d3ecf1bc3e68e3,28,1,5,4,349.0,PDF page 28; detected table 1; row 5; column 4,review_required
S019,707dac297cceb21b2b89049c996d1c5e4e276de00309428132d3ecf1bc3e68e3,28,1,6,1,13,PDF page 28; detected table 1; row 6; column 1,review_required
S019,707dac297cceb21b2b89049c996d1c5e4e276de00309428132d3ecf1bc3e68e3,28,1,6,2,SINGHIK,PDF page 28; detected table 1; row 6; column 2,review_required
S019,707dac297cceb21b2b89049c996d1c5e4e276de00309428132d3ecf1bc3e68e3,28,1,6,3,SHWB & SIKKIM,PDF page 28; detected table 1; row 6; column 3,review_required
S019,707dac297cceb21b2b89049c996d1c5e4e276de00309428132d3ecf1bc3e68e3,28,1,6,4,263.4,PDF page 28; detected table 1; row 6; column 4,review_required
S019,707dac297cceb21b2b89049c996d1c5e4e276de00309428132d3ecf1bc3e68e3,28,1,7,1,15,PDF page 28; detected table 1; row 7; column 1,review_required
S019,707dac297cceb21b2b89049c996d1c5e4e276de00309428132d3ecf1bc3e68e3,28,1,7,2,MAWSYNRAM,PDF page 28; detected table 1; row 7; column 2,review_required
S019,707dac297cceb21b2b89049c996d1c5e4e276de00309428132d3ecf1bc3e68e3,28,1,7,3,ASSAM & MEGHALAYA,PDF page 28; detected table 1; row 7; column 3,review_required
S019,707dac297cceb21b2b89049c996d1c5e4e276de00309428132d3ecf1bc3e68e3,28,1,7,4,637.6,PDF page 28; detected table 1; row 7; column 4,review_required
S019,707dac297cceb21b2b89049c996d1c5e4e276de00309428132d3ecf1bc3e68e3,28,1,8,1,15,PDF page 28; detected table 1; row 8; column 1,review_required
S019,707dac297cceb21b2b89049c996d1c5e4e276de00309428132d3ecf1bc3e68e3,28,1,8,2,ALIPURDUAR (PTO),PDF page 28; detected table 1; row 8; column 2,review_required
S019,707dac297cceb21b2b89049c996d1c5e4e276de00309428132d3ecf1bc3e68e3,28,1,8,3,SHWB & SIKKIM,PDF page 28; detected table 1; row 8; column 3,review_required
S019,707dac297cceb21b2b89049c996d1c5e4e276de00309428132d3ecf1bc3e68e3,28,1,8,4,210.2,PDF page 28; detected table 1; row 8; column 4,review_required
S019,707dac297cceb21b2b89049c996d1c5e4e276de00309428132d3ecf1bc3e68e3,28,1,9,1,16,PDF page 28; detected table 1; row 9; column 1,review_required
S019,707dac297cceb21b2b89049c996d1c5e4e276de00309428132d3ecf1bc3e68e3,28,1,9,2,CHERRAPUNJI(RKM),PDF page 28; detected table 1; row 9; column 2,review_required
S019,707dac297cceb21b2b89049c996d1c5e4e276de00309428132d3ecf1bc3e68e3,28,1,9,3,ASSAM & MEGHALAYA,PDF page 28; detected table 1; row 9; column 3,review_required
S019,707dac297cceb21b2b89049c996d1c5e4e276de00309428132d3ecf1bc3e68e3,28,1,9,4,446.6,PDF page 28; detected table 1; row 9; column 4,review_required
S019,707dac297cceb21b2b89049c996d1c5e4e276de00309428132d3ecf1bc3e68e3,28,1,10,1,16,PDF page 28; detected table 1; row 10; column 1,review_required
S019,707dac297cceb21b2b89049c996d1c5e4e276de00309428132d3ecf1bc3e68e3,28,1,10,2,HASIMARA,PDF page 28; detected table 1; row 10; column 2,review_required
S019,707dac297cceb21b2b89049c996d1c5e4e276de00309428132d3ecf1bc3e68e3,28,1,10,3,SHWB & SIKKIM,PDF page 28; detected table 1; row 10; column 3,review_required
S019,707dac297cceb21b2b89049c996d1c5e4e276de00309428132d3ecf1bc3e68e3,28,1,10,4,254.1,PDF page 28; detected table 1; row 10; column 4,review_required
S019,707dac297cceb21b2b89049c996d1c5e4e276de00309428132d3ecf1bc3e68e3,29,1,1,1,17,PDF page 29; detected table 1; row 1; column 1,review_required
S019,707dac297cceb21b2b89049c996d1c5e4e276de00309428132d3ecf1bc3e68e3,29,1,1,2,WILLIAMNAGAR,PDF page 29; detected table 1; row 1; column 2,review_required
S019,707dac297cceb21b2b89049c996d1c5e4e276de00309428132d3ecf1bc3e68e3,29,1,1,3,ASSAM & MEGHALAYA,PDF page 29; detected table 1; row 1; column 3,review_required
S019,707dac297cceb21b2b89049c996d1c5e4e276de00309428132d3ecf1bc3e68e3,29,1,1,4,225.0,PDF page 29; detected table 1; row 1; column 4,review_required
S019,707dac297cceb21b2b89049c996d1c5e4e276de00309428132d3ecf1bc3e68e3,29,1,2,1,17,PDF page 29; detected table 1; row 2; column 1,review_required
S019,707dac297cceb21b2b89049c996d1c5e4e276de00309428132d3ecf1bc3e68e3,29,1,2,2,KHAMBHALIA,PDF page 29; detected table 1; row 2; column 2,review_required
S019,707dac297cceb21b2b89049c996d1c5e4e276de00309428132d3ecf1bc3e68e3,29,1,2,3,SAURASHTRA & KUTCH,PDF page 29; detected table 1; row 2; column 3,review_required
S019,707dac297cceb21b2b89049c996d1c5e4e276de00309428132d3ecf1bc3e68e3,29,1,2,4,233.0,PDF page 29; detected table 1; row 2; column 4,review_required
S019,707dac297cceb21b2b89049c996d1c5e4e276de00309428132d3ecf1bc3e68e3,29,1,3,1,18,PDF page 29; detected table 1; row 3; column 1,review_required
S019,707dac297cceb21b2b89049c996d1c5e4e276de00309428132d3ecf1bc3e68e3,29,1,3,2,MAWSYNRAM,PDF page 29; detected table 1; row 3; column 2,review_required
S019,707dac297cceb21b2b89049c996d1c5e4e276de00309428132d3ecf1bc3e68e3,29,1,3,3,ASSAM & MEGHALAYA,PDF page 29; detected table 1; row 3; column 3,review_required
S019,707dac297cceb21b2b89049c996d1c5e4e276de00309428132d3ecf1bc3e68e3,29,1,3,4,781.6,PDF page 29; detected table 1; row 3; column 4,review_required
S019,707dac297cceb21b2b89049c996d1c5e4e276de00309428132d3ecf1bc3e68e3,29,1,4,1,18,PDF page 29; detected table 1; row 4; column 1,review_required
S019,707dac297cceb21b2b89049c996d1c5e4e276de00309428132d3ecf1bc3e68e3,29,1,4,2,MATHABHANGA,PDF page 29; detected table 1; row 4; column 2,review_required
S019,707dac297cceb21b2b89049c996d1c5e4e276de00309428132d3ecf1bc3e68e3,29,1,4,3,SHWB & SIKKIM,PDF page 29; detected table 1; row 4; column 3,review_required
S019,707dac297cceb21b2b89049c996d1c5e4e276de00309428132d3ecf1bc3e68e3,29,1,4,4,213.0,PDF page 29; detected table 1; row 4; column 4,review_required
S019,707dac297cceb21b2b89049c996d1c5e4e276de00309428132d3ecf1bc3e68e3,29,1,5,1,18,PDF page 29; detected table 1; row 5; column 1,review_required
S019,707dac297cceb21b2b89049c996d1c5e4e276de00309428132d3ecf1bc3e68e3,29,1,5,2,THAKURGANJ,PDF page 29; detected table 1; row 5; column 2,review_required
S019,707dac297cceb21b2b89049c996d1c5e4e276de00309428132d3ecf1bc3e68e3,29,1,5,3,BIHAR,PDF page 29; detected table 1; row 5; column 3,review_required
S019,707dac297cceb21b2b89049c996d1c5e4e276de00309428132d3ecf1bc3e68e3,29,1,5,4,256.2,PDF page 29; detected table 1; row 5; column 4,review_required
S019,707dac297cceb21b2b89049c996d1c5e4e276de00309428132d3ecf1bc3e68e3,29,1,6,1,19,PDF page 29; detected table 1; row 6; column 1,review_required
S019,707dac297cceb21b2b89049c996d1c5e4e276de00309428132d3ecf1bc3e68e3,29,1,6,2,SEVOKE,PDF page 29; detected table 1; row 6; column 2,review_required
S019,707dac297cceb21b2b89049c996d1c5e4e276de00309428132d3ecf1bc3e68e3,29,1,6,3,SHWB & SIKKIM,PDF page 29; detected table 1; row 6; column 3,review_required
S019,707dac297cceb21b2b89049c996d1c5e4e276de00309428132d3ecf1bc3e68e3,29,1,6,4,231.4,PDF page 29; detected table 1; row 6; column 4,review_required
S019,707dac297cceb21b2b89049c996d1c5e4e276de00309428132d3ecf1bc3e68e3,29,1,7,1,21,PDF page 29; detected table 1; row 7; column 1,review_required
S019,707dac297cceb21b2b89049c996d1c5e4e276de00309428132d3ecf1bc3e68e3,29,1,7,2,VALPOI,PDF page 29; detected table 1; row 7; column 2,review_required
S019,707dac297cceb21b2b89049c996d1c5e4e276de00309428132d3ecf1bc3e68e3,29,1,7,3,KONKAN & GOA,PDF page 29; detected table 1; row 7; column 3,review_required
S019,707dac297cceb21b2b89049c996d1c5e4e276de00309428132d3ecf1bc3e68e3,29,1,7,4,258.7,PDF page 29; detected table 1; row 7; column 4,review_required
S019,707dac297cceb21b2b89049c996d1c5e4e276de00309428132d3ecf1bc3e68e3,29,1,8,1,22,PDF page 29; detected table 1; row 8; column 1,review_required
S019,707dac297cceb21b2b89049c996d1c5e4e276de00309428132d3ecf1bc3e68e3,29,1,8,2,MANDANGAD,PDF page 29; detected table 1; row 8; column 2,review_required
S019,707dac297cceb21b2b89049c996d1c5e4e276de00309428132d3ecf1bc3e68e3,29,1,8,3,KONKAN & GOA,PDF page 29; detected table 1; row 8; column 3,review_required
S019,707dac297cceb21b2b89049c996d1c5e4e276de00309428132d3ecf1bc3e68e3,29,1,8,4,205.0,PDF page 29; detected table 1; row 8; column 4,review_required
S019,707dac297cceb21b2b89049c996d1c5e4e276de00309428132d3ecf1bc3e68e3,29,1,9,1,25,PDF page 29; detected table 1; row 9; column 1,review_required
S019,707dac297cceb21b2b89049c996d1c5e4e276de00309428132d3ecf1bc3e68e3,29,1,9,2,BASAR_ AWS,PDF page 29; detected table 1; row 9; column 2,review_required
S019,707dac297cceb21b2b89049c996d1c5e4e276de00309428132d3ecf1bc3e68e3,29,1,9,3,ARUNACHALPRADESH,PDF page 29; detected table 1; row 9; column 3,review_required
S019,707dac297cceb21b2b89049c996d1c5e4e276de00309428132d3ecf1bc3e68e3,29,1,9,4,213.5,PDF page 29; detected table 1; row 9; column 4,review_required
S019,707dac297cceb21b2b89049c996d1c5e4e276de00309428132d3ecf1bc3e68e3,29,1,10,1,25,PDF page 29; detected table 1; row 10; column 1,review_required
S019,707dac297cceb21b2b89049c996d1c5e4e276de00309428132d3ecf1bc3e68e3,29,1,10,2,HASIMARA,PDF page 29; detected table 1; row 10; column 2,review_required
S019,707dac297cceb21b2b89049c996d1c5e4e276de00309428132d3ecf1bc3e68e3,29,1,10,3,SHWB & SIKKIM,PDF page 29; detected table 1; row 10; column 3,review_required
S019,707dac297cceb21b2b89049c996d1c5e4e276de00309428132d3ecf1bc3e68e3,29,1,10,4,218.6,PDF page 29; detected table 1; row 10; column 4,review_required
S019,707dac297cceb21b2b89049c996d1c5e4e276de00309428132d3ecf1bc3e68e3,29,1,11,1,26,PDF page 29; detected table 1; row 11; column 1,review_required
S019,707dac297cceb21b2b89049c996d1c5e4e276de00309428132d3ecf1bc3e68e3,29,1,11,2,BAHADURGANJ,PDF page 29; detected table 1; row 11; column 2,review_required
S019,707dac297cceb21b2b89049c996d1c5e4e276de00309428132d3ecf1bc3e68e3,29,1,11,3,BIHAR,PDF page 29; detected table 1; row 11; column 3,review_required
S019,707dac297cceb21b2b89049c996d1c5e4e276de00309428132d3ecf1bc3e68e3,29,1,11,4,280.4,PDF page 29; detected table 1; row 11; column 4,review_required
S019,707dac297cceb21b2b89049c996d1c5e4e276de00309428132d3ecf1bc3e68e3,29,1,12,1,27,PDF page 29; detected table 1; row 12; column 1,review_required
S019,707dac297cceb21b2b89049c996d1c5e4e276de00309428132d3ecf1bc3e68e3,29,1,12,2,MULKI,PDF page 29; detected table 1; row 12; column 2,review_required
S019,707dac297cceb21b2b89049c996d1c5e4e276de00309428132d3ecf1bc3e68e3,29,1,12,3,COASTAL KARNATAKA,PDF page 29; detected table 1; row 12; column 3,review_required
S019,707dac297cceb21b2b89049c996d1c5e4e276de00309428132d3ecf1bc3e68e3,29,1,12,4,304.4,PDF page 29; detected table 1; row 12; column 4,review_required
S019,707dac297cceb21b2b89049c996d1c5e4e276de00309428132d3ecf1bc3e68e3,29,1,13,1,27,PDF page 29; detected table 1; row 13; column 1,review_required
S019,707dac297cceb21b2b89049c996d1c5e4e276de00309428132d3ecf1bc3e68e3,29,1,13,2,BHAGAMANDALA,PDF page 29; detected table 1; row 13; column 2,review_required
S019,707dac297cceb21b2b89049c996d1c5e4e276de00309428132d3ecf1bc3e68e3,29,1,13,3,S. I. KARNATAKA,PDF page 29; detected table 1; row 13; column 3,review_required
S019,707dac297cceb21b2b89049c996d1c5e4e276de00309428132d3ecf1bc3e68e3,29,1,13,4,212.0,PDF page 29; detected table 1; row 13; column 4,review_required
S019,707dac297cceb21b2b89049c996d1c5e4e276de00309428132d3ecf1bc3e68e3,29,1,14,1,28,PDF page 29; detected table 1; row 14; column 1,review_required
S019,707dac297cceb21b2b89049c996d1c5e4e276de00309428132d3ecf1bc3e68e3,29,1,14,2,SAFDARJUNG,PDF page 29; detected table 1; row 14; column 2,review_required
S019,707dac297cceb21b2b89049c996d1c5e4e276de00309428132d3ecf1bc3e68e3,29,1,14,3,HAR CHD & DLH,PDF page 29; detected table 1; row 14; column 3,review_required
S019,707dac297cceb21b2b89049c996d1c5e4e276de00309428132d3ecf1bc3e68e3,29,1,14,4,228.1,PDF page 29; detected table 1; row 14; column 4,review_required
S019,707dac297cceb21b2b89049c996d1c5e4e276de00309428132d3ecf1bc3e68e3,29,1,15,1,28,PDF page 29; detected table 1; row 15; column 1,review_required
S019,707dac297cceb21b2b89049c996d1c5e4e276de00309428132d3ecf1bc3e68e3,29,1,15,2,BIJAPUR,PDF page 29; detected table 1; row 15; column 2,review_required
S019,707dac297cceb21b2b89049c996d1c5e4e276de00309428132d3ecf1bc3e68e3,29,1,15,3,CHHATTISGARH,PDF page 29; detected table 1; row 15; column 3,review_required
S019,707dac297cceb21b2b89049c996d1c5e4e276de00309428132d3ecf1bc3e68e3,29,1,15,4,230.0,PDF page 29; detected table 1; row 15; column 4,review_required
S019,707dac297cceb21b2b89049c996d1c5e4e276de00309428132d3ecf1bc3e68e3,29,1,16,1,29,PDF page 29; detected table 1; row 16; column 1,review_required
S019,707dac297cceb21b2b89049c996d1c5e4e276de00309428132d3ecf1bc3e68e3,29,1,16,2,MAWSYNRAM,PDF page 29; detected table 1; row 16; column 2,review_required
S019,707dac297cceb21b2b89049c996d1c5e4e276de00309428132d3ecf1bc3e68e3,29,1,16,3,ASSAM & MEGHALAYA,PDF page 29; detected table 1; row 16; column 3,review_required
S019,707dac297cceb21b2b89049c996d1c5e4e276de00309428132d3ecf1bc3e68e3,29,1,16,4,236.2,PDF page 29; detected table 1; row 16; column 4,review_required
S019,707dac297cceb21b2b89049c996d1c5e4e276de00309428132d3ecf1bc3e68e3,29,1,17,1,29,PDF page 29; detected table 1; row 17; column 1,review_required
S019,707dac297cceb21b2b89049c996d1c5e4e276de00309428132d3ecf1bc3e68e3,29,1,17,2,BUXADUAR,PDF page 29; detected table 1; row 17; column 2,review_required
S019,707dac297cceb21b2b89049c996d1c5e4e276de00309428132d3ecf1bc3e68e3,29,1,17,3,SHWB & SIKKIM,PDF page 29; detected table 1; row 17; column 3,review_required
S019,707dac297cceb21b2b89049c996d1c5e4e276de00309428132d3ecf1bc3e68e3,29,1,17,4,223.8,PDF page 29; detected table 1; row 17; column 4,review_required
S019,707dac297cceb21b2b89049c996d1c5e4e276de00309428132d3ecf1bc3e68e3,29,1,18,1,30,PDF page 29; detected table 1; row 18; column 1,review_required
S019,707dac297cceb21b2b89049c996d1c5e4e276de00309428132d3ecf1bc3e68e3,29,1,18,2,ROING,PDF page 29; detected table 1; row 18; column 2,review_required
S019,707dac297cceb21b2b89049c996d1c5e4e276de00309428132d3ecf1bc3e68e3,29,1,18,3,ARUNACHALPRADESH,PDF page 29; detected table 1; row 18; column 3,review_required
S019,707dac297cceb21b2b89049c996d1c5e4e276de00309428132d3ecf1bc3e68e3,29,1,18,4,218.6,PDF page 29; detected table 1; row 18; column 4,review_required
S019,707dac297cceb21b2b89049c996d1c5e4e276de00309428132d3ecf1bc3e68e3,29,1,19,1,30,PDF page 29; detected table 1; row 19; column 1,review_required
S019,707dac297cceb21b2b89049c996d1c5e4e276de00309428132d3ecf1bc3e68e3,29,1,19,2,MAWSYNRAM,PDF page 29; detected table 1; row 19; column 2,review_required
S019,707dac297cceb21b2b89049c996d1c5e4e276de00309428132d3ecf1bc3e68e3,29,1,19,3,ASSAM & MEGHALAYA,PDF page 29; detected table 1; row 19; column 3,review_required
S019,707dac297cceb21b2b89049c996d1c5e4e276de00309428132d3ecf1bc3e68e3,29,1,19,4,330.8,PDF page 29; detected table 1; row 19; column 4,review_required
S019,707dac297cceb21b2b89049c996d1c5e4e276de00309428132d3ecf1bc3e68e3,29,1,20,1,30,PDF page 29; detected table 1; row 20; column 1,review_required
S019,707dac297cceb21b2b89049c996d1c5e4e276de00309428132d3ecf1bc3e68e3,29,1,20,2,SEVOKE,PDF page 29; detected table 1; row 20; column 2,review_required
S019,707dac297cceb21b2b89049c996d1c5e4e276de00309428132d3ecf1bc3e68e3,29,1,20,3,SHWB & SIKKIM,PDF page 29; detected table 1; row 20; column 3,review_required
S019,707dac297cceb21b2b89049c996d1c5e4e276de00309428132d3ecf1bc3e68e3,29,1,20,4,218.6,PDF page 29; detected table 1; row 20; column 4,review_required
S019,707dac297cceb21b2b89049c996d1c5e4e276de00309428132d3ecf1bc3e68e3,29,1,21,1,,PDF page 29; detected table 1; row 21; column 1,review_required
S019,707dac297cceb21b2b89049c996d1c5e4e276de00309428132d3ecf1bc3e68e3,29,1,22,1,"DATE
(JULY 2024)",PDF page 29; detected table 1; row 22; column 1,review_required
S019,707dac297cceb21b2b89049c996d1c5e4e276de00309428132d3ecf1bc3e68e3,29,1,22,2,STATION,PDF page 29; detected table 1; row 22; column 2,review_required
S019,707dac297cceb21b2b89049c996d1c5e4e276de00309428132d3ecf1bc3e68e3,29,1,22,3,NAME OF SUBDIVISION,PDF page 29; detected table 1; row 22; column 3,review_required
S019,707dac297cceb21b2b89049c996d1c5e4e276de00309428132d3ecf1bc3e68e3,29,1,22,4,"RAINFALL
(mm)",PDF page 29; detected table 1; row 22; column 4,review_required
S019,707dac297cceb21b2b89049c996d1c5e4e276de00309428132d3ecf1bc3e68e3,29,1,23,1,1,PDF page 29; detected table 1; row 23; column 1,review_required
S019,707dac297cceb21b2b89049c996d1c5e4e276de00309428132d3ecf1bc3e68e3,29,1,23,2,CHERRAPUNJI(RKM),PDF page 29; detected table 1; row 23; column 2,review_required
S019,707dac297cceb21b2b89049c996d1c5e4e276de00309428132d3ecf1bc3e68e3,29,1,23,3,ASSAM & MEGHALAYA,PDF page 29; detected table 1; row 23; column 3,review_required
S019,707dac297cceb21b2b89049c996d1c5e4e276de00309428132d3ecf1bc3e68e3,29,1,23,4,472.4,PDF page 29; detected table 1; row 23; column 4,review_required
S019,707dac297cceb21b2b89049c996d1c5e4e276de00309428132d3ecf1bc3e68e3,29,1,24,1,1,PDF page 29; detected table 1; row 24; column 1,review_required
S019,707dac297cceb21b2b89049c996d1c5e4e276de00309428132d3ecf1bc3e68e3,29,1,24,2,SAMA,PDF page 29; detected table 1; row 24; column 2,review_required
S019,707dac297cceb21b2b89049c996d1c5e4e276de00309428132d3ecf1bc3e68e3,29,1,24,3,UTTARAKHAND,PDF page 29; detected table 1; row 24; column 3,review_required
S019,707dac297cceb21b2b89049c996d1c5e4e276de00309428132d3ecf1bc3e68e3,29,1,24,4,222.0,PDF page 29; detected table 1; row 24; column 4,review_required
S019,707dac297cceb21b2b89049c996d1c5e4e276de00309428132d3ecf1bc3e68e3,29,1,25,1,1,PDF page 29; detected table 1; row 25; column 1,review_required
S019,707dac297cceb21b2b89049c996d1c5e4e276de00309428132d3ecf1bc3e68e3,29,1,25,2,PALSANA,PDF page 29; detected table 1; row 25; column 2,review_required
S019,707dac297cceb21b2b89049c996d1c5e4e276de00309428132d3ecf1bc3e68e3,29,1,25,3,GUJARAT REGION,PDF page 29; detected table 1; row 25; column 3,review_required
S019,707dac297cceb21b2b89049c996d1c5e4e276de00309428132d3ecf1bc3e68e3,29,1,25,4,211.0,PDF page 29; detected table 1; row 25; column 4,review_required
S019,707dac297cceb21b2b89049c996d1c5e4e276de00309428132d3ecf1bc3e68e3,29,1,26,1,1,PDF page 29; detected table 1; row 26; column 1,review_required
S019,707dac297cceb21b2b89049c996d1c5e4e276de00309428132d3ecf1bc3e68e3,29,1,26,2,MANAVADAR,PDF page 29; detected table 1; row 26; column 2,review_required
S019,707dac297cceb21b2b89049c996d1c5e4e276de00309428132d3ecf1bc3e68e3,29,1,26,3,SAURASHTRA & KUTCH,PDF page 29; detected table 1; row 26; column 3,review_required
S019,707dac297cceb21b2b89049c996d1c5e4e276de00309428132d3ecf1bc3e68e3,29,1,26,4,210.0,PDF page 29; detected table 1; row 26; column 4,review_required
S019,707dac297cceb21b2b89049c996d1c5e4e276de00309428132d3ecf1bc3e68e3,29,1,27,1,2,PDF page 29; detected table 1; row 27; column 1,review_required
S019,707dac297cceb21b2b89049c996d1c5e4e276de00309428132d3ecf1bc3e68e3,29,1,27,2,MAWKYRWAT,PDF page 29; detected table 1; row 27; column 2,review_required
S019,707dac297cceb21b2b89049c996d1c5e4e276de00309428132d3ecf1bc3e68e3,29,1,27,3,ASSAM & MEGHALAYA,PDF page 29; detected table 1; row 27; column 3,review_required
S019,707dac297cceb21b2b89049c996d1c5e4e276de00309428132d3ecf1bc3e68e3,29,1,27,4,256.0,PDF page 29; detected table 1; row 27; column 4,review_required
S019,707dac297cceb21b2b89049c996d1c5e4e276de00309428132d3ecf1bc3e68e3,29,1,28,1,2,PDF page 29; detected table 1; row 28; column 1,review_required
S019,707dac297cceb21b2b89049c996d1c5e4e276de00309428132d3ecf1bc3e68e3,29,1,28,2,SEVOKE,PDF page 29; detected table 1; row 28; column 2,review_required
S019,707dac297cceb21b2b89049c996d1c5e4e276de00309428132d3ecf1bc3e68e3,29,1,28,3,SHWB & SIKKIM,PDF page 29; detected table 1; row 28; column 3,review_required
S019,707dac297cceb21b2b89049c996d1c5e4e276de00309428132d3ecf1bc3e68e3,29,1,28,4,287.4,PDF page 29; detected table 1; row 28; column 4,review_required
S019,707dac297cceb21b2b89049c996d1c5e4e276de00309428132d3ecf1bc3e68e3,29,1,29,1,2,PDF page 29; detected table 1; row 29; column 1,review_required
S019,707dac297cceb21b2b89049c996d1c5e4e276de00309428132d3ecf1bc3e68e3,29,1,29,2,BARDOLI,PDF page 29; detected table 1; row 29; column 2,review_required
S019,707dac297cceb21b2b89049c996d1c5e4e276de00309428132d3ecf1bc3e68e3,29,1,29,3,GUJARAT REGION,PDF page 29; detected table 1; row 29; column 3,review_required
S019,707dac297cceb21b2b89049c996d1c5e4e276de00309428132d3ecf1bc3e68e3,29,1,29,4,239.0,PDF page 29; detected table 1; row 29; column 4,review_required
S019,707dac297cceb21b2b89049c996d1c5e4e276de00309428132d3ecf1bc3e68e3,29,1,30,1,2,PDF page 29; detected table 1; row 30; column 1,review_required
S019,707dac297cceb21b2b89049c996d1c5e4e276de00309428132d3ecf1bc3e68e3,29,1,30,2,VANTHALI,PDF page 29; detected table 1; row 30; column 2,review_required
S019,707dac297cceb21b2b89049c996d1c5e4e276de00309428132d3ecf1bc3e68e3,29,1,30,3,SAURASHTRA & KUTCH,PDF page 29; detected table 1; row 30; column 3,review_required
S019,707dac297cceb21b2b89049c996d1c5e4e276de00309428132d3ecf1bc3e68e3,29,1,30,4,361.0,PDF page 29; detected table 1; row 30; column 4,review_required
S019,707dac297cceb21b2b89049c996d1c5e4e276de00309428132d3ecf1bc3e68e3,29,1,31,1,3,PDF page 29; detected table 1; row 31; column 1,review_required
S019,707dac297cceb21b2b89049c996d1c5e4e276de00309428132d3ecf1bc3e68e3,29,1,31,2,RAMNAGAR,PDF page 29; detected table 1; row 31; column 2,review_required
S019,707dac297cceb21b2b89049c996d1c5e4e276de00309428132d3ecf1bc3e68e3,29,1,31,3,BIHAR,PDF page 29; detected table 1; row 31; column 3,review_required
S019,707dac297cceb21b2b89049c996d1c5e4e276de00309428132d3ecf1bc3e68e3,29,1,31,4,218.0,PDF page 29; detected table 1; row 31; column 4,review_required
S019,707dac297cceb21b2b89049c996d1c5e4e276de00309428132d3ecf1bc3e68e3,29,1,32,1,3,PDF page 29; detected table 1; row 32; column 1,review_required
S019,707dac297cceb21b2b89049c996d1c5e4e276de00309428132d3ecf1bc3e68e3,29,1,32,2,BASTI CWC,PDF page 29; detected table 1; row 32; column 2,review_required
S019,707dac297cceb21b2b89049c996d1c5e4e276de00309428132d3ecf1bc3e68e3,29,1,32,3,EAST UTTAR PRADESH,PDF page 29; detected table 1; row 32; column 3,review_required
S019,707dac297cceb21b2b89049c996d1c5e4e276de00309428132d3ecf1bc3e68e3,29,1,32,4,237.6,PDF page 29; detected table 1; row 32; column 4,review_required
S019,707dac297cceb21b2b89049c996d1c5e4e276de00309428132d3ecf1bc3e68e3,29,1,33,1,3,PDF page 29; detected table 1; row 33; column 1,review_required
S019,707dac297cceb21b2b89049c996d1c5e4e276de00309428132d3ecf1bc3e68e3,29,1,33,2,LAKHANI,PDF page 29; detected table 1; row 33; column 2,review_required
S019,707dac297cceb21b2b89049c996d1c5e4e276de00309428132d3ecf1bc3e68e3,29,1,33,3,GUJARAT REGION,PDF page 29; detected table 1; row 33; column 3,review_required
S019,707dac297cceb21b2b89049c996d1c5e4e276de00309428132d3ecf1bc3e68e3,29,1,33,4,270.0,PDF page 29; detected table 1; row 33; column 4,review_required
S019,707dac297cceb21b2b89049c996d1c5e4e276de00309428132d3ecf1bc3e68e3,29,1,34,1,4,PDF page 29; detected table 1; row 34; column 1,review_required
S019,707dac297cceb21b2b89049c996d1c5e4e276de00309428132d3ecf1bc3e68e3,29,1,34,2,RAMNAGAR,PDF page 29; detected table 1; row 34; column 2,review_required
S019,707dac297cceb21b2b89049c996d1c5e4e276de00309428132d3ecf1bc3e68e3,29,1,34,3,EAST UTTAR PRADESH,PDF page 29; detected table 1; row 34; column 3,review_required
S019,707dac297cceb21b2b89049c996d1c5e4e276de00309428132d3ecf1bc3e68e3,29,1,34,4,210.0,PDF page 29; detected table 1; row 34; column 4,review_required
S019,707dac297cceb21b2b89049c996d1c5e4e276de00309428132d3ecf1bc3e68e3,29,1,35,1,4,PDF page 29; detected table 1; row 35; column 1,review_required
S019,707dac297cceb21b2b89049c996d1c5e4e276de00309428132d3ecf1bc3e68e3,29,1,35,2,GERSOPPA,PDF page 29; detected table 1; row 35; column 2,review_required
S019,707dac297cceb21b2b89049c996d1c5e4e276de00309428132d3ecf1bc3e68e3,29,1,35,3,COASTAL KARNATAKA,PDF page 29; detected table 1; row 35; column 3,review_required
S019,707dac297cceb21b2b89049c996d1c5e4e276de00309428132d3ecf1bc3e68e3,29,1,35,4,242.4,PDF page 29; detected table 1; row 35; column 4,review_required
S019,707dac297cceb21b2b89049c996d1c5e4e276de00309428132d3ecf1bc3e68e3,29,1,36,1,4,PDF page 29; detected table 1; row 36; column 1,review_required
S019,707dac297cceb21b2b89049c996d1c5e4e276de00309428132d3ecf1bc3e68e3,29,1,36,2,AGUMBE EMO,PDF page 29; detected table 1; row 36; column 2,review_required
S019,707dac297cceb21b2b89049c996d1c5e4e276de00309428132d3ecf1bc3e68e3,29,1,36,3,S. I. KARNATAKA,PDF page 29; detected table 1; row 36; column 3,review_required
S019,707dac297cceb21b2b89049c996d1c5e4e276de00309428132d3ecf1bc3e68e3,29,1,36,4,245.5,PDF page 29; detected table 1; row 36; column 4,review_required
S019,707dac297cceb21b2b89049c996d1c5e4e276de00309428132d3ecf1bc3e68e3,29,1,37,1,5,PDF page 29; detected table 1; row 37; column 1,review_required
S019,707dac297cceb21b2b89049c996d1c5e4e276de00309428132d3ecf1bc3e68e3,29,1,37,2,MAWSYNRAM,PDF page 29; detected table 1; row 37; column 2,review_required
S019,707dac297cceb21b2b89049c996d1c5e4e276de00309428132d3ecf1bc3e68e3,29,1,37,3,ASSAM & MEGHALAYA,PDF page 29; detected table 1; row 37; column 3,review_required
S019,707dac297cceb21b2b89049c996d1c5e4e276de00309428132d3ecf1bc3e68e3,29,1,37,4,206.8,PDF page 29; detected table 1; row 37; column 4,review_required
S019,707dac297cceb21b2b89049c996d1c5e4e276de00309428132d3ecf1bc3e68e3,31,1,1,1,20,PDF page 31; detected table 1; row 1; column 1,review_required
S019,707dac297cceb21b2b89049c996d1c5e4e276de00309428132d3ecf1bc3e68e3,31,1,1,2,PEN,PDF page 31; detected table 1; row 1; column 2,review_required
S019,707dac297cceb21b2b89049c996d1c5e4e276de00309428132d3ecf1bc3e68e3,31,1,1,3,KONKAN & GOA,PDF page 31; detected table 1; row 1; column 3,review_required
S019,707dac297cceb21b2b89049c996d1c5e4e276de00309428132d3ecf1bc3e68e3,31,1,1,4,210.0,PDF page 31; detected table 1; row 1; column 4,review_required
S019,707dac297cceb21b2b89049c996d1c5e4e276de00309428132d3ecf1bc3e68e3,31,1,2,1,20,PDF page 31; detected table 1; row 2; column 1,review_required
S019,707dac297cceb21b2b89049c996d1c5e4e276de00309428132d3ecf1bc3e68e3,31,1,2,2,LAKHANDUR,PDF page 31; detected table 1; row 2; column 2,review_required
S019,707dac297cceb21b2b89049c996d1c5e4e276de00309428132d3ecf1bc3e68e3,31,1,2,3,VIDARBHA,PDF page 31; detected table 1; row 2; column 3,review_required
S019,707dac297cceb21b2b89049c996d1c5e4e276de00309428132d3ecf1bc3e68e3,31,1,2,4,241.5,PDF page 31; detected table 1; row 2; column 4,review_required
S019,707dac297cceb21b2b89049c996d1c5e4e276de00309428132d3ecf1bc3e68e3,31,1,3,1,20,PDF page 31; detected table 1; row 3; column 1,review_required
S019,707dac297cceb21b2b89049c996d1c5e4e276de00309428132d3ecf1bc3e68e3,31,1,3,2,BHAIRAMGARH,PDF page 31; detected table 1; row 3; column 2,review_required
S019,707dac297cceb21b2b89049c996d1c5e4e276de00309428132d3ecf1bc3e68e3,31,1,3,3,CHHATTISGARH,PDF page 31; detected table 1; row 3; column 3,review_required
S019,707dac297cceb21b2b89049c996d1c5e4e276de00309428132d3ecf1bc3e68e3,31,1,3,4,248.0,PDF page 31; detected table 1; row 3; column 4,review_required
S019,707dac297cceb21b2b89049c996d1c5e4e276de00309428132d3ecf1bc3e68e3,31,1,4,1,20,PDF page 31; detected table 1; row 4; column 1,review_required
S019,707dac297cceb21b2b89049c996d1c5e4e276de00309428132d3ecf1bc3e68e3,31,1,4,2,CHINTUR,PDF page 31; detected table 1; row 4; column 2,review_required
S019,707dac297cceb21b2b89049c996d1c5e4e276de00309428132d3ecf1bc3e68e3,31,1,4,3,COASTAL ANDHRA PRADESH,PDF page 31; detected table 1; row 4; column 3,review_required
S019,707dac297cceb21b2b89049c996d1c5e4e276de00309428132d3ecf1bc3e68e3,31,1,4,4,207.0,PDF page 31; detected table 1; row 4; column 4,review_required
S019,707dac297cceb21b2b89049c996d1c5e4e276de00309428132d3ecf1bc3e68e3,31,1,5,1,21,PDF page 31; detected table 1; row 5; column 1,review_required
S019,707dac297cceb21b2b89049c996d1c5e4e276de00309428132d3ecf1bc3e68e3,31,1,5,2,DAPOLI_AGRI,PDF page 31; detected table 1; row 5; column 2,review_required
S019,707dac297cceb21b2b89049c996d1c5e4e276de00309428132d3ecf1bc3e68e3,31,1,5,3,KONKAN & GOA,PDF page 31; detected table 1; row 5; column 3,review_required
S019,707dac297cceb21b2b89049c996d1c5e4e276de00309428132d3ecf1bc3e68e3,31,1,5,4,225.0,PDF page 31; detected table 1; row 5; column 4,review_required
S019,707dac297cceb21b2b89049c996d1c5e4e276de00309428132d3ecf1bc3e68e3,31,1,6,1,21,PDF page 31; detected table 1; row 6; column 1,review_required
S019,707dac297cceb21b2b89049c996d1c5e4e276de00309428132d3ecf1bc3e68e3,31,1,6,2,BIJAPUR,PDF page 31; detected table 1; row 6; column 2,review_required
S019,707dac297cceb21b2b89049c996d1c5e4e276de00309428132d3ecf1bc3e68e3,31,1,6,3,CHHATTISGARH,PDF page 31; detected table 1; row 6; column 3,review_required
S019,707dac297cceb21b2b89049c996d1c5e4e276de00309428132d3ecf1bc3e68e3,31,1,6,4,205.0,PDF page 31; detected table 1; row 6; column 4,review_required
S019,707dac297cceb21b2b89049c996d1c5e4e276de00309428132d3ecf1bc3e68e3,31,1,7,1,22,PDF page 31; detected table 1; row 7; column 1,review_required
S019,707dac297cceb21b2b89049c996d1c5e4e276de00309428132d3ecf1bc3e68e3,31,1,7,2,UMERGAM,PDF page 31; detected table 1; row 7; column 2,review_required
S019,707dac297cceb21b2b89049c996d1c5e4e276de00309428132d3ecf1bc3e68e3,31,1,7,3,GUJARAT REGION,PDF page 31; detected table 1; row 7; column 3,review_required
S019,707dac297cceb21b2b89049c996d1c5e4e276de00309428132d3ecf1bc3e68e3,31,1,7,4,220.0,PDF page 31; detected table 1; row 7; column 4,review_required
S019,707dac297cceb21b2b89049c996d1c5e4e276de00309428132d3ecf1bc3e68e3,31,1,8,1,22,PDF page 31; detected table 1; row 8; column 1,review_required
S019,707dac297cceb21b2b89049c996d1c5e4e276de00309428132d3ecf1bc3e68e3,31,1,8,2,RAJAPUR,PDF page 31; detected table 1; row 8; column 2,review_required
S019,707dac297cceb21b2b89049c996d1c5e4e276de00309428132d3ecf1bc3e68e3,31,1,8,3,KONKAN & GOA,PDF page 31; detected table 1; row 8; column 3,review_required
S019,707dac297cceb21b2b89049c996d1c5e4e276de00309428132d3ecf1bc3e68e3,31,1,8,4,210.0,PDF page 31; detected table 1; row 8; column 4,review_required
S019,707dac297cceb21b2b89049c996d1c5e4e276de00309428132d3ecf1bc3e68e3,31,1,9,1,22,PDF page 31; detected table 1; row 9; column 1,review_required
S019,707dac297cceb21b2b89049c996d1c5e4e276de00309428132d3ecf1bc3e68e3,31,1,9,2,MAHABALESHWAR,PDF page 31; detected table 1; row 9; column 2,review_required
S019,707dac297cceb21b2b89049c996d1c5e4e276de00309428132d3ecf1bc3e68e3,31,1,9,3,MADHYA MAHARASHTRA,PDF page 31; detected table 1; row 9; column 3,review_required
S019,707dac297cceb21b2b89049c996d1c5e4e276de00309428132d3ecf1bc3e68e3,31,1,9,4,241.0,PDF page 31; detected table 1; row 9; column 4,review_required
S019,707dac297cceb21b2b89049c996d1c5e4e276de00309428132d3ecf1bc3e68e3,31,1,10,1,23,PDF page 31; detected table 1; row 10; column 1,review_required
S019,707dac297cceb21b2b89049c996d1c5e4e276de00309428132d3ecf1bc3e68e3,31,1,10,2,BIJADANDI,PDF page 31; detected table 1; row 10; column 2,review_required
S019,707dac297cceb21b2b89049c996d1c5e4e276de00309428132d3ecf1bc3e68e3,31,1,10,3,EAST MADHYA PRADESH,PDF page 31; detected table 1; row 10; column 3,review_required
S019,707dac297cceb21b2b89049c996d1c5e4e276de00309428132d3ecf1bc3e68e3,31,1,10,4,272.3,PDF page 31; detected table 1; row 10; column 4,review_required
S019,707dac297cceb21b2b89049c996d1c5e4e276de00309428132d3ecf1bc3e68e3,31,1,11,1,23,PDF page 31; detected table 1; row 11; column 1,review_required
S019,707dac297cceb21b2b89049c996d1c5e4e276de00309428132d3ecf1bc3e68e3,31,1,11,2,SILVASSA,PDF page 31; detected table 1; row 11; column 2,review_required
S019,707dac297cceb21b2b89049c996d1c5e4e276de00309428132d3ecf1bc3e68e3,31,1,11,3,GUJARAT REGION,PDF page 31; detected table 1; row 11; column 3,review_required
S019,707dac297cceb21b2b89049c996d1c5e4e276de00309428132d3ecf1bc3e68e3,31,1,11,4,206.6,PDF page 31; detected table 1; row 11; column 4,review_required
S019,707dac297cceb21b2b89049c996d1c5e4e276de00309428132d3ecf1bc3e68e3,31,1,12,1,23,PDF page 31; detected table 1; row 12; column 1,review_required
S019,707dac297cceb21b2b89049c996d1c5e4e276de00309428132d3ecf1bc3e68e3,31,1,12,2,KALYANPUR,PDF page 31; detected table 1; row 12; column 2,review_required
S019,707dac297cceb21b2b89049c996d1c5e4e276de00309428132d3ecf1bc3e68e3,31,1,12,3,SAURASHTRA & KUTCH,PDF page 31; detected table 1; row 12; column 3,review_required
S019,707dac297cceb21b2b89049c996d1c5e4e276de00309428132d3ecf1bc3e68e3,31,1,12,4,287.0,PDF page 31; detected table 1; row 12; column 4,review_required
S019,707dac297cceb21b2b89049c996d1c5e4e276de00309428132d3ecf1bc3e68e3,31,1,13,1,24,PDF page 31; detected table 1; row 13; column 1,review_required
S019,707dac297cceb21b2b89049c996d1c5e4e276de00309428132d3ecf1bc3e68e3,31,1,13,2,MAHRONI,PDF page 31; detected table 1; row 13; column 2,review_required
S019,707dac297cceb21b2b89049c996d1c5e4e276de00309428132d3ecf1bc3e68e3,31,1,13,3,WEST UTTAR PRADESH,PDF page 31; detected table 1; row 13; column 3,review_required
S019,707dac297cceb21b2b89049c996d1c5e4e276de00309428132d3ecf1bc3e68e3,31,1,13,4,218.0,PDF page 31; detected table 1; row 13; column 4,review_required
S019,707dac297cceb21b2b89049c996d1c5e4e276de00309428132d3ecf1bc3e68e3,31,1,14,1,24,PDF page 31; detected table 1; row 14; column 1,review_required
S019,707dac297cceb21b2b89049c996d1c5e4e276de00309428132d3ecf1bc3e68e3,31,1,14,2,UMERPADA,PDF page 31; detected table 1; row 14; column 2,review_required
S019,707dac297cceb21b2b89049c996d1c5e4e276de00309428132d3ecf1bc3e68e3,31,1,14,3,GUJARAT REGION,PDF page 31; detected table 1; row 14; column 3,review_required
S019,707dac297cceb21b2b89049c996d1c5e4e276de00309428132d3ecf1bc3e68e3,31,1,14,4,296.0,PDF page 31; detected table 1; row 14; column 4,review_required
S019,707dac297cceb21b2b89049c996d1c5e4e276de00309428132d3ecf1bc3e68e3,31,1,15,1,24,PDF page 31; detected table 1; row 15; column 1,review_required
S019,707dac297cceb21b2b89049c996d1c5e4e276de00309428132d3ecf1bc3e68e3,31,1,15,2,VISAVADAR,PDF page 31; detected table 1; row 15; column 2,review_required
S019,707dac297cceb21b2b89049c996d1c5e4e276de00309428132d3ecf1bc3e68e3,31,1,15,3,SAURASHTRA & KUTCH,PDF page 31; detected table 1; row 15; column 3,review_required
S019,707dac297cceb21b2b89049c996d1c5e4e276de00309428132d3ecf1bc3e68e3,31,1,15,4,216.0,PDF page 31; detected table 1; row 15; column 4,review_required
S019,707dac297cceb21b2b89049c996d1c5e4e276de00309428132d3ecf1bc3e68e3,31,1,16,1,24,PDF page 31; detected table 1; row 16; column 1,review_required
S019,707dac297cceb21b2b89049c996d1c5e4e276de00309428132d3ecf1bc3e68e3,31,1,16,2,LONAVALA_AGRI,PDF page 31; detected table 1; row 16; column 2,review_required
S019,707dac297cceb21b2b89049c996d1c5e4e276de00309428132d3ecf1bc3e68e3,31,1,16,3,MADHYA MAHARASHTRA,PDF page 31; detected table 1; row 16; column 3,review_required
S019,707dac297cceb21b2b89049c996d1c5e4e276de00309428132d3ecf1bc3e68e3,31,1,16,4,275.4,PDF page 31; detected table 1; row 16; column 4,review_required
S019,707dac297cceb21b2b89049c996d1c5e4e276de00309428132d3ecf1bc3e68e3,31,1,17,1,25,PDF page 31; detected table 1; row 17; column 1,review_required
S019,707dac297cceb21b2b89049c996d1c5e4e276de00309428132d3ecf1bc3e68e3,31,1,17,2,MOHANGARH,PDF page 31; detected table 1; row 17; column 2,review_required
S019,707dac297cceb21b2b89049c996d1c5e4e276de00309428132d3ecf1bc3e68e3,31,1,17,3,EAST MADHYA PRADESH,PDF page 31; detected table 1; row 17; column 3,review_required
S019,707dac297cceb21b2b89049c996d1c5e4e276de00309428132d3ecf1bc3e68e3,31,1,17,4,230.0,PDF page 31; detected table 1; row 17; column 4,review_required
S019,707dac297cceb21b2b89049c996d1c5e4e276de00309428132d3ecf1bc3e68e3,31,1,18,1,25,PDF page 31; detected table 1; row 18; column 1,review_required
S019,707dac297cceb21b2b89049c996d1c5e4e276de00309428132d3ecf1bc3e68e3,31,1,18,2,BORSAD,PDF page 31; detected table 1; row 18; column 2,review_required
S019,707dac297cceb21b2b89049c996d1c5e4e276de00309428132d3ecf1bc3e68e3,31,1,18,3,GUJARAT REGION,PDF page 31; detected table 1; row 18; column 3,review_required
S019,707dac297cceb21b2b89049c996d1c5e4e276de00309428132d3ecf1bc3e68e3,31,1,18,4,354.0,PDF page 31; detected table 1; row 18; column 4,review_required
S019,707dac297cceb21b2b89049c996d1c5e4e276de00309428132d3ecf1bc3e68e3,31,1,19,1,25,PDF page 31; detected table 1; row 19; column 1,review_required
S019,707dac297cceb21b2b89049c996d1c5e4e276de00309428132d3ecf1bc3e68e3,31,1,19,2,MOKHEDA - FMO,PDF page 31; detected table 1; row 19; column 2,review_required
S019,707dac297cceb21b2b89049c996d1c5e4e276de00309428132d3ecf1bc3e68e3,31,1,19,3,KONKAN & GOA,PDF page 31; detected table 1; row 19; column 3,review_required
S019,707dac297cceb21b2b89049c996d1c5e4e276de00309428132d3ecf1bc3e68e3,31,1,19,4,280.9,PDF page 31; detected table 1; row 19; column 4,review_required
S019,707dac297cceb21b2b89049c996d1c5e4e276de00309428132d3ecf1bc3e68e3,31,1,20,1,25,PDF page 31; detected table 1; row 20; column 1,review_required
S019,707dac297cceb21b2b89049c996d1c5e4e276de00309428132d3ecf1bc3e68e3,31,1,20,2,LONAVALA_AGRI,PDF page 31; detected table 1; row 20; column 2,review_required
S019,707dac297cceb21b2b89049c996d1c5e4e276de00309428132d3ecf1bc3e68e3,31,1,20,3,MADHYA MAHARASHTRA,PDF page 31; detected table 1; row 20; column 3,review_required
S019,707dac297cceb21b2b89049c996d1c5e4e276de00309428132d3ecf1bc3e68e3,31,1,20,4,351.6,PDF page 31; detected table 1; row 20; column 4,review_required
S019,707dac297cceb21b2b89049c996d1c5e4e276de00309428132d3ecf1bc3e68e3,31,1,21,1,26,PDF page 31; detected table 1; row 21; column 1,review_required
S019,707dac297cceb21b2b89049c996d1c5e4e276de00309428132d3ecf1bc3e68e3,31,1,21,2,SAMA,PDF page 31; detected table 1; row 21; column 2,review_required
S019,707dac297cceb21b2b89049c996d1c5e4e276de00309428132d3ecf1bc3e68e3,31,1,21,3,UTTARAKHAND,PDF page 31; detected table 1; row 21; column 3,review_required
S019,707dac297cceb21b2b89049c996d1c5e4e276de00309428132d3ecf1bc3e68e3,31,1,21,4,265.0,PDF page 31; detected table 1; row 21; column 4,review_required
S019,707dac297cceb21b2b89049c996d1c5e4e276de00309428132d3ecf1bc3e68e3,31,1,22,1,26,PDF page 31; detected table 1; row 22; column 1,review_required
S019,707dac297cceb21b2b89049c996d1c5e4e276de00309428132d3ecf1bc3e68e3,31,1,22,2,KARJAT_AGRI,PDF page 31; detected table 1; row 22; column 2,review_required
S019,707dac297cceb21b2b89049c996d1c5e4e276de00309428132d3ecf1bc3e68e3,31,1,22,3,KONKAN & GOA,PDF page 31; detected table 1; row 22; column 3,review_required
S019,707dac297cceb21b2b89049c996d1c5e4e276de00309428132d3ecf1bc3e68e3,31,1,22,4,268.2,PDF page 31; detected table 1; row 22; column 4,review_required
S019,707dac297cceb21b2b89049c996d1c5e4e276de00309428132d3ecf1bc3e68e3,31,1,23,1,26,PDF page 31; detected table 1; row 23; column 1,review_required
S019,707dac297cceb21b2b89049c996d1c5e4e276de00309428132d3ecf1bc3e68e3,31,1,23,2,MAHABALESHWAR,PDF page 31; detected table 1; row 23; column 2,review_required
S019,707dac297cceb21b2b89049c996d1c5e4e276de00309428132d3ecf1bc3e68e3,31,1,23,3,MADHYA MAHARASHTRA,PDF page 31; detected table 1; row 23; column 3,review_required
S019,707dac297cceb21b2b89049c996d1c5e4e276de00309428132d3ecf1bc3e68e3,31,1,23,4,279.6,PDF page 31; detected table 1; row 23; column 4,review_required
S019,707dac297cceb21b2b89049c996d1c5e4e276de00309428132d3ecf1bc3e68e3,31,1,24,1,27,PDF page 31; detected table 1; row 24; column 1,review_required
S019,707dac297cceb21b2b89049c996d1c5e4e276de00309428132d3ecf1bc3e68e3,31,1,24,2,BHAIRAMGARH,PDF page 31; detected table 1; row 24; column 2,review_required
S019,707dac297cceb21b2b89049c996d1c5e4e276de00309428132d3ecf1bc3e68e3,31,1,24,3,CHHATTISGARH,PDF page 31; detected table 1; row 24; column 3,review_required
S019,707dac297cceb21b2b89049c996d1c5e4e276de00309428132d3ecf1bc3e68e3,31,1,24,4,240.0,PDF page 31; detected table 1; row 24; column 4,review_required
S019,707dac297cceb21b2b89049c996d1c5e4e276de00309428132d3ecf1bc3e68e3,31,1,25,1,28,PDF page 31; detected table 1; row 25; column 1,review_required
S019,707dac297cceb21b2b89049c996d1c5e4e276de00309428132d3ecf1bc3e68e3,31,1,25,2,SUVASARA,PDF page 31; detected table 1; row 25; column 2,review_required
S019,707dac297cceb21b2b89049c996d1c5e4e276de00309428132d3ecf1bc3e68e3,31,1,25,3,WEST MADHYA PRADESH,PDF page 31; detected table 1; row 25; column 3,review_required
S019,707dac297cceb21b2b89049c996d1c5e4e276de00309428132d3ecf1bc3e68e3,31,1,25,4,206.4,PDF page 31; detected table 1; row 25; column 4,review_required
S019,707dac297cceb21b2b89049c996d1c5e4e276de00309428132d3ecf1bc3e68e3,31,1,26,1,30,PDF page 31; detected table 1; row 26; column 1,review_required
S019,707dac297cceb21b2b89049c996d1c5e4e276de00309428132d3ecf1bc3e68e3,31,1,26,2,VALPARAI PTO,PDF page 31; detected table 1; row 26; column 2,review_required
S019,707dac297cceb21b2b89049c996d1c5e4e276de00309428132d3ecf1bc3e68e3,31,1,26,3,TAMIL NADU & PUDUCHERRY,PDF page 31; detected table 1; row 26; column 3,review_required
S019,707dac297cceb21b2b89049c996d1c5e4e276de00309428132d3ecf1bc3e68e3,31,1,26,4,305.4,PDF page 31; detected table 1; row 26; column 4,review_required
S019,707dac297cceb21b2b89049c996d1c5e4e276de00309428132d3ecf1bc3e68e3,31,1,27,1,30,PDF page 31; detected table 1; row 27; column 1,review_required
S019,707dac297cceb21b2b89049c996d1c5e4e276de00309428132d3ecf1bc3e68e3,31,1,27,2,KALASA,PDF page 31; detected table 1; row 27; column 2,review_required
S019,707dac297cceb21b2b89049c996d1c5e4e276de00309428132d3ecf1bc3e68e3,31,1,27,3,S. I. KARNATAKA,PDF page 31; detected table 1; row 27; column 3,review_required
S019,707dac297cceb21b2b89049c996d1c5e4e276de00309428132d3ecf1bc3e68e3,31,1,27,4,253.2,PDF page 31; detected table 1; row 27; column 4,review_required
S019,707dac297cceb21b2b89049c996d1c5e4e276de00309428132d3ecf1bc3e68e3,31,1,28,1,30,PDF page 31; detected table 1; row 28; column 1,review_required
S019,707dac297cceb21b2b89049c996d1c5e4e276de00309428132d3ecf1bc3e68e3,31,1,28,2,VADAKKANCHERRY,PDF page 31; detected table 1; row 28; column 2,review_required
S019,707dac297cceb21b2b89049c996d1c5e4e276de00309428132d3ecf1bc3e68e3,31,1,28,3,KERALA,PDF page 31; detected table 1; row 28; column 3,review_required
S019,707dac297cceb21b2b89049c996d1c5e4e276de00309428132d3ecf1bc3e68e3,31,1,28,4,338.0,PDF page 31; detected table 1; row 28; column 4,review_required
S019,707dac297cceb21b2b89049c996d1c5e4e276de00309428132d3ecf1bc3e68e3,31,1,29,1,31,PDF page 31; detected table 1; row 29; column 1,review_required
S019,707dac297cceb21b2b89049c996d1c5e4e276de00309428132d3ecf1bc3e68e3,31,1,29,2,AGUMBE EMO,PDF page 31; detected table 1; row 29; column 2,review_required
S019,707dac297cceb21b2b89049c996d1c5e4e276de00309428132d3ecf1bc3e68e3,31,1,29,3,S. I. KARNATAKA,PDF page 31; detected table 1; row 29; column 3,review_required
S019,707dac297cceb21b2b89049c996d1c5e4e276de00309428132d3ecf1bc3e68e3,31,1,29,4,209.0,PDF page 31; detected table 1; row 29; column 4,review_required
S019,707dac297cceb21b2b89049c996d1c5e4e276de00309428132d3ecf1bc3e68e3,31,2,1,1,"DATE
(AUG 2024)",PDF page 31; detected table 2; row 1; column 1,review_required
S019,707dac297cceb21b2b89049c996d1c5e4e276de00309428132d3ecf1bc3e68e3,31,2,1,2,STATION,PDF page 31; detected table 2; row 1; column 2,review_required
S019,707dac297cceb21b2b89049c996d1c5e4e276de00309428132d3ecf1bc3e68e3,31,2,1,3,NAME OF SUBDIVISION,PDF page 31; detected table 2; row 1; column 3,review_required
S019,707dac297cceb21b2b89049c996d1c5e4e276de00309428132d3ecf1bc3e68e3,31,2,1,4,"RAINFALL
(mm)",PDF page 31; detected table 2; row 1; column 4,review_required
S019,707dac297cceb21b2b89049c996d1c5e4e276de00309428132d3ecf1bc3e68e3,31,2,2,1,1,PDF page 31; detected table 2; row 2; column 1,review_required
S019,707dac297cceb21b2b89049c996d1c5e4e276de00309428132d3ecf1bc3e68e3,31,2,2,2,HARIPUR,PDF page 31; detected table 2; row 2; column 2,review_required
S019,707dac297cceb21b2b89049c996d1c5e4e276de00309428132d3ecf1bc3e68e3,31,2,2,3,UTTARAKHAND,PDF page 31; detected table 2; row 2; column 3,review_required
S019,707dac297cceb21b2b89049c996d1c5e4e276de00309428132d3ecf1bc3e68e3,31,2,2,4,242.2,PDF page 31; detected table 2; row 2; column 4,review_required
S019,707dac297cceb21b2b89049c996d1c5e4e276de00309428132d3ecf1bc3e68e3,31,2,3,1,1,PDF page 31; detected table 2; row 3; column 1,review_required
S019,707dac297cceb21b2b89049c996d1c5e4e276de00309428132d3ecf1bc3e68e3,31,2,3,2,PALAMPUR,PDF page 31; detected table 2; row 3; column 2,review_required
S019,707dac297cceb21b2b89049c996d1c5e4e276de00309428132d3ecf1bc3e68e3,31,2,3,3,HIMACHAL PRADESH,PDF page 31; detected table 2; row 3; column 3,review_required
S019,707dac297cceb21b2b89049c996d1c5e4e276de00309428132d3ecf1bc3e68e3,31,2,3,4,212.0,PDF page 31; detected table 2; row 3; column 4,review_required
S019,707dac297cceb21b2b89049c996d1c5e4e276de00309428132d3ecf1bc3e68e3,31,2,4,1,1,PDF page 31; detected table 2; row 4; column 1,review_required
S019,707dac297cceb21b2b89049c996d1c5e4e276de00309428132d3ecf1bc3e68e3,31,2,4,2,KARKALA,PDF page 31; detected table 2; row 4; column 2,review_required
S019,707dac297cceb21b2b89049c996d1c5e4e276de00309428132d3ecf1bc3e68e3,31,2,4,3,COASTAL KARNATAKA,PDF page 31; detected table 2; row 4; column 3,review_required
S019,707dac297cceb21b2b89049c996d1c5e4e276de00309428132d3ecf1bc3e68e3,31,2,4,4,228.8,PDF page 31; detected table 2; row 4; column 4,review_required
S019,707dac297cceb21b2b89049c996d1c5e4e276de00309428132d3ecf1bc3e68e3,31,2,5,1,2,PDF page 31; detected table 2; row 5; column 1,review_required
S019,707dac297cceb21b2b89049c996d1c5e4e276de00309428132d3ecf1bc3e68e3,31,2,5,2,BELONIA,PDF page 31; detected table 2; row 5; column 2,review_required
S019,707dac297cceb21b2b89049c996d1c5e4e276de00309428132d3ecf1bc3e68e3,31,2,5,3,N M M T,PDF page 31; detected table 2; row 5; column 3,review_required
S019,707dac297cceb21b2b89049c996d1c5e4e276de00309428132d3ecf1bc3e68e3,31,2,5,4,214.4,PDF page 31; detected table 2; row 5; column 4,review_required
S019,707dac297cceb21b2b89049c996d1c5e4e276de00309428132d3ecf1bc3e68e3,31,2,6,1,2,PDF page 31; detected table 2; row 6; column 1,review_required
S019,707dac297cceb21b2b89049c996d1c5e4e276de00309428132d3ecf1bc3e68e3,31,2,6,2,GHEROPARA,PDF page 31; detected table 2; row 6; column 2,review_required
S019,707dac297cceb21b2b89049c996d1c5e4e276de00309428132d3ecf1bc3e68e3,31,2,6,3,GANGETIC WEST BENGAL,PDF page 31; detected table 2; row 6; column 3,review_required
S019,707dac297cceb21b2b89049c996d1c5e4e276de00309428132d3ecf1bc3e68e3,31,2,6,4,239.8,PDF page 31; detected table 2; row 6; column 4,review_required
S019,707dac297cceb21b2b89049c996d1c5e4e276de00309428132d3ecf1bc3e68e3,33,1,1,1,"DATE
(SEPT 2024)",PDF page 33; detected table 1; row 1; column 1,review_required
S019,707dac297cceb21b2b89049c996d1c5e4e276de00309428132d3ecf1bc3e68e3,33,1,1,2,STATION,PDF page 33; detected table 1; row 1; column 2,review_required
S019,707dac297cceb21b2b89049c996d1c5e4e276de00309428132d3ecf1bc3e68e3,33,1,1,3,NAME OF SUBDIVISION,PDF page 33; detected table 1; row 1; column 3,review_required
S019,707dac297cceb21b2b89049c996d1c5e4e276de00309428132d3ecf1bc3e68e3,33,1,1,4,"RAINFALL
(mm)",PDF page 33; detected table 1; row 1; column 4,review_required
S019,707dac297cceb21b2b89049c996d1c5e4e276de00309428132d3ecf1bc3e68e3,33,1,2,1,1,PDF page 33; detected table 1; row 2; column 1,review_required
S019,707dac297cceb21b2b89049c996d1c5e4e276de00309428132d3ecf1bc3e68e3,33,1,2,2,AMARAVATI,PDF page 33; detected table 1; row 2; column 2,review_required
S019,707dac297cceb21b2b89049c996d1c5e4e276de00309428132d3ecf1bc3e68e3,33,1,2,3,"COASTAL ANDHRA
PRADESH",PDF page 33; detected table 1; row 2; column 3,review_required
S019,707dac297cceb21b2b89049c996d1c5e4e276de00309428132d3ecf1bc3e68e3,33,1,2,4,261.4,PDF page 33; detected table 1; row 2; column 4,review_required
S019,707dac297cceb21b2b89049c996d1c5e4e276de00309428132d3ecf1bc3e68e3,33,1,3,1,1,PDF page 33; detected table 1; row 3; column 1,review_required
S019,707dac297cceb21b2b89049c996d1c5e4e276de00309428132d3ecf1bc3e68e3,33,1,3,2,MALYAL,PDF page 33; detected table 1; row 3; column 2,review_required
S019,707dac297cceb21b2b89049c996d1c5e4e276de00309428132d3ecf1bc3e68e3,33,1,3,3,TELANGANA,PDF page 33; detected table 1; row 3; column 3,review_required
S019,707dac297cceb21b2b89049c996d1c5e4e276de00309428132d3ecf1bc3e68e3,33,1,3,4,396.0,PDF page 33; detected table 1; row 3; column 4,review_required
S019,707dac297cceb21b2b89049c996d1c5e4e276de00309428132d3ecf1bc3e68e3,33,1,4,1,2,PDF page 33; detected table 1; row 4; column 1,review_required
S019,707dac297cceb21b2b89049c996d1c5e4e276de00309428132d3ecf1bc3e68e3,33,1,4,2,SAMA,PDF page 33; detected table 1; row 4; column 2,review_required
S019,707dac297cceb21b2b89049c996d1c5e4e276de00309428132d3ecf1bc3e68e3,33,1,4,3,UTTARAKHAND,PDF page 33; detected table 1; row 4; column 3,review_required
S019,707dac297cceb21b2b89049c996d1c5e4e276de00309428132d3ecf1bc3e68e3,33,1,4,4,205.0,PDF page 33; detected table 1; row 4; column 4,review_required
S019,707dac297cceb21b2b89049c996d1c5e4e276de00309428132d3ecf1bc3e68e3,33,1,5,1,2,PDF page 33; detected table 1; row 5; column 1,review_required
S019,707dac297cceb21b2b89049c996d1c5e4e276de00309428132d3ecf1bc3e68e3,33,1,5,2,MANVAT,PDF page 33; detected table 1; row 5; column 2,review_required
S019,707dac297cceb21b2b89049c996d1c5e4e276de00309428132d3ecf1bc3e68e3,33,1,5,3,MARATHWADA,PDF page 33; detected table 1; row 5; column 3,review_required
S019,707dac297cceb21b2b89049c996d1c5e4e276de00309428132d3ecf1bc3e68e3,33,1,5,4,307.0,PDF page 33; detected table 1; row 5; column 4,review_required
S019,707dac297cceb21b2b89049c996d1c5e4e276de00309428132d3ecf1bc3e68e3,33,1,6,1,2,PDF page 33; detected table 1; row 6; column 1,review_required
S019,707dac297cceb21b2b89049c996d1c5e4e276de00309428132d3ecf1bc3e68e3,33,1,6,2,SADASIVANAGAR,PDF page 33; detected table 1; row 6; column 2,review_required
S019,707dac297cceb21b2b89049c996d1c5e4e276de00309428132d3ecf1bc3e68e3,33,1,6,3,TELANGANA,PDF page 33; detected table 1; row 6; column 3,review_required
S019,707dac297cceb21b2b89049c996d1c5e4e276de00309428132d3ecf1bc3e68e3,33,1,6,4,240.8,PDF page 33; detected table 1; row 6; column 4,review_required
S019,707dac297cceb21b2b89049c996d1c5e4e276de00309428132d3ecf1bc3e68e3,33,1,7,1,3,PDF page 33; detected table 1; row 7; column 1,review_required
S019,707dac297cceb21b2b89049c996d1c5e4e276de00309428132d3ecf1bc3e68e3,33,1,7,2,VALIA,PDF page 33; detected table 1; row 7; column 2,review_required
S019,707dac297cceb21b2b89049c996d1c5e4e276de00309428132d3ecf1bc3e68e3,33,1,7,3,GUJARAT REGION,PDF page 33; detected table 1; row 7; column 3,review_required
S019,707dac297cceb21b2b89049c996d1c5e4e276de00309428132d3ecf1bc3e68e3,33,1,7,4,367.0,PDF page 33; detected table 1; row 7; column 4,review_required
S019,707dac297cceb21b2b89049c996d1c5e4e276de00309428132d3ecf1bc3e68e3,33,1,8,1,9,PDF page 33; detected table 1; row 8; column 1,review_required
S019,707dac297cceb21b2b89049c996d1c5e4e276de00309428132d3ecf1bc3e68e3,33,1,8,2,MALKANGIRI,PDF page 33; detected table 1; row 8; column 2,review_required
S019,707dac297cceb21b2b89049c996d1c5e4e276de00309428132d3ecf1bc3e68e3,33,1,8,3,ODISHA,PDF page 33; detected table 1; row 8; column 3,review_required
S019,707dac297cceb21b2b89049c996d1c5e4e276de00309428132d3ecf1bc3e68e3,33,1,8,4,253.0,PDF page 33; detected table 1; row 8; column 4,review_required
S019,707dac297cceb21b2b89049c996d1c5e4e276de00309428132d3ecf1bc3e68e3,33,1,9,1,9,PDF page 33; detected table 1; row 9; column 1,review_required
S019,707dac297cceb21b2b89049c996d1c5e4e276de00309428132d3ecf1bc3e68e3,33,1,9,2,NAGAR SR,PDF page 33; detected table 1; row 9; column 2,review_required
S019,707dac297cceb21b2b89049c996d1c5e4e276de00309428132d3ecf1bc3e68e3,33,1,9,3,EAST RAJASTHAN,PDF page 33; detected table 1; row 9; column 3,review_required
S019,707dac297cceb21b2b89049c996d1c5e4e276de00309428132d3ecf1bc3e68e3,33,1,9,4,224.0,PDF page 33; detected table 1; row 9; column 4,review_required
S019,707dac297cceb21b2b89049c996d1c5e4e276de00309428132d3ecf1bc3e68e3,33,1,10,1,9,PDF page 33; detected table 1; row 10; column 1,review_required
S019,707dac297cceb21b2b89049c996d1c5e4e276de00309428132d3ecf1bc3e68e3,33,1,10,2,BHAIRAMGARH,PDF page 33; detected table 1; row 10; column 2,review_required
S019,707dac297cceb21b2b89049c996d1c5e4e276de00309428132d3ecf1bc3e68e3,33,1,10,3,CHHATTISGARH,PDF page 33; detected table 1; row 10; column 3,review_required
S019,707dac297cceb21b2b89049c996d1c5e4e276de00309428132d3ecf1bc3e68e3,33,1,10,4,212.0,PDF page 33; detected table 1; row 10; column 4,review_required
S019,707dac297cceb21b2b89049c996d1c5e4e276de00309428132d3ecf1bc3e68e3,33,1,11,1,10,PDF page 33; detected table 1; row 11; column 1,review_required
S019,707dac297cceb21b2b89049c996d1c5e4e276de00309428132d3ecf1bc3e68e3,33,1,11,2,LANJIGARH,PDF page 33; detected table 1; row 11; column 2,review_required
S019,707dac297cceb21b2b89049c996d1c5e4e276de00309428132d3ecf1bc3e68e3,33,1,11,3,ODISHA,PDF page 33; detected table 1; row 11; column 3,review_required
S019,707dac297cceb21b2b89049c996d1c5e4e276de00309428132d3ecf1bc3e68e3,33,1,11,4,231.4,PDF page 33; detected table 1; row 11; column 4,review_required
S019,707dac297cceb21b2b89049c996d1c5e4e276de00309428132d3ecf1bc3e68e3,33,1,12,1,10,PDF page 33; detected table 1; row 12; column 1,review_required
S019,707dac297cceb21b2b89049c996d1c5e4e276de00309428132d3ecf1bc3e68e3,33,1,12,2,Gondia AP,PDF page 33; detected table 1; row 12; column 2,review_required
S019,707dac297cceb21b2b89049c996d1c5e4e276de00309428132d3ecf1bc3e68e3,33,1,12,3,VIDARBHA,PDF page 33; detected table 1; row 12; column 3,review_required
S019,707dac297cceb21b2b89049c996d1c5e4e276de00309428132d3ecf1bc3e68e3,33,1,12,4,285.4,PDF page 33; detected table 1; row 12; column 4,review_required
S019,707dac297cceb21b2b89049c996d1c5e4e276de00309428132d3ecf1bc3e68e3,33,1,13,1,11,PDF page 33; detected table 1; row 13; column 1,review_required
S019,707dac297cceb21b2b89049c996d1c5e4e276de00309428132d3ecf1bc3e68e3,33,1,13,2,UDAIPURA,PDF page 33; detected table 1; row 13; column 2,review_required
S019,707dac297cceb21b2b89049c996d1c5e4e276de00309428132d3ecf1bc3e68e3,33,1,13,3,WEST MADHYA PRADESH,PDF page 33; detected table 1; row 13; column 3,review_required
S019,707dac297cceb21b2b89049c996d1c5e4e276de00309428132d3ecf1bc3e68e3,33,1,13,4,254.0,PDF page 33; detected table 1; row 13; column 4,review_required
S019,707dac297cceb21b2b89049c996d1c5e4e276de00309428132d3ecf1bc3e68e3,33,1,14,1,11,PDF page 33; detected table 1; row 14; column 1,review_required
S019,707dac297cceb21b2b89049c996d1c5e4e276de00309428132d3ecf1bc3e68e3,33,1,14,2,SHAHGARH,PDF page 33; detected table 1; row 14; column 2,review_required
S019,707dac297cceb21b2b89049c996d1c5e4e276de00309428132d3ecf1bc3e68e3,33,1,14,3,EAST MADHYA PRADESH,PDF page 33; detected table 1; row 14; column 3,review_required
S019,707dac297cceb21b2b89049c996d1c5e4e276de00309428132d3ecf1bc3e68e3,33,1,14,4,300.0,PDF page 33; detected table 1; row 14; column 4,review_required
S019,707dac297cceb21b2b89049c996d1c5e4e276de00309428132d3ecf1bc3e68e3,33,1,15,1,12,PDF page 33; detected table 1; row 15; column 1,review_required
S019,707dac297cceb21b2b89049c996d1c5e4e276de00309428132d3ecf1bc3e68e3,33,1,15,2,AGRA (CWC),PDF page 33; detected table 1; row 15; column 2,review_required
S019,707dac297cceb21b2b89049c996d1c5e4e276de00309428132d3ecf1bc3e68e3,33,1,15,3,WEST UTTAR PRADESH,PDF page 33; detected table 1; row 15; column 3,review_required
S019,707dac297cceb21b2b89049c996d1c5e4e276de00309428132d3ecf1bc3e68e3,33,1,15,4,288.8,PDF page 33; detected table 1; row 15; column 4,review_required
S019,707dac297cceb21b2b89049c996d1c5e4e276de00309428132d3ecf1bc3e68e3,33,1,16,1,12,PDF page 33; detected table 1; row 16; column 1,review_required
S019,707dac297cceb21b2b89049c996d1c5e4e276de00309428132d3ecf1bc3e68e3,33,1,16,2,RAJAKHERA,PDF page 33; detected table 1; row 16; column 2,review_required
S019,707dac297cceb21b2b89049c996d1c5e4e276de00309428132d3ecf1bc3e68e3,33,1,16,3,EAST RAJASTHAN,PDF page 33; detected table 1; row 16; column 3,review_required
S019,707dac297cceb21b2b89049c996d1c5e4e276de00309428132d3ecf1bc3e68e3,33,1,16,4,237.0,PDF page 33; detected table 1; row 16; column 4,review_required
S019,707dac297cceb21b2b89049c996d1c5e4e276de00309428132d3ecf1bc3e68e3,33,1,17,1,12,PDF page 33; detected table 1; row 17; column 1,review_required
S019,707dac297cceb21b2b89049c996d1c5e4e276de00309428132d3ecf1bc3e68e3,33,1,17,2,BIAORA,PDF page 33; detected table 1; row 17; column 2,review_required
S019,707dac297cceb21b2b89049c996d1c5e4e276de00309428132d3ecf1bc3e68e3,33,1,17,3,WEST MADHYA PRADESH,PDF page 33; detected table 1; row 17; column 3,review_required
S019,707dac297cceb21b2b89049c996d1c5e4e276de00309428132d3ecf1bc3e68e3,33,1,17,4,355.8,PDF page 33; detected table 1; row 17; column 4,review_required
S019,707dac297cceb21b2b89049c996d1c5e4e276de00309428132d3ecf1bc3e68e3,33,1,18,1,12,PDF page 33; detected table 1; row 18; column 1,review_required
S019,707dac297cceb21b2b89049c996d1c5e4e276de00309428132d3ecf1bc3e68e3,33,1,18,2,PRITHVIPUR,PDF page 33; detected table 1; row 18; column 2,review_required
S019,707dac297cceb21b2b89049c996d1c5e4e276de00309428132d3ecf1bc3e68e3,33,1,18,3,EAST MADHYA PRADESH,PDF page 33; detected table 1; row 18; column 3,review_required
S019,707dac297cceb21b2b89049c996d1c5e4e276de00309428132d3ecf1bc3e68e3,33,1,18,4,225.0,PDF page 33; detected table 1; row 18; column 4,review_required
S019,707dac297cceb21b2b89049c996d1c5e4e276de00309428132d3ecf1bc3e68e3,33,1,19,1,13,PDF page 33; detected table 1; row 19; column 1,review_required
S019,707dac297cceb21b2b89049c996d1c5e4e276de00309428132d3ecf1bc3e68e3,33,1,19,2,LOHAGHAT,PDF page 33; detected table 1; row 19; column 2,review_required
S019,707dac297cceb21b2b89049c996d1c5e4e276de00309428132d3ecf1bc3e68e3,33,1,19,3,UTTARAKHAND,PDF page 33; detected table 1; row 19; column 3,review_required
S019,707dac297cceb21b2b89049c996d1c5e4e276de00309428132d3ecf1bc3e68e3,33,1,19,4,264.5,PDF page 33; detected table 1; row 19; column 4,review_required
S019,707dac297cceb21b2b89049c996d1c5e4e276de00309428132d3ecf1bc3e68e3,33,1,20,1,14,PDF page 33; detected table 1; row 20; column 1,review_required
S019,707dac297cceb21b2b89049c996d1c5e4e276de00309428132d3ecf1bc3e68e3,33,1,20,2,PATAUDI,PDF page 33; detected table 1; row 20; column 2,review_required
S019,707dac297cceb21b2b89049c996d1c5e4e276de00309428132d3ecf1bc3e68e3,33,1,20,3,HAR CHD & DLH,PDF page 33; detected table 1; row 20; column 3,review_required
S019,707dac297cceb21b2b89049c996d1c5e4e276de00309428132d3ecf1bc3e68e3,33,1,20,4,215.0,PDF page 33; detected table 1; row 20; column 4,review_required
S019,707dac297cceb21b2b89049c996d1c5e4e276de00309428132d3ecf1bc3e68e3,33,1,21,1,18,PDF page 33; detected table 1; row 21; column 1,review_required
S019,707dac297cceb21b2b89049c996d1c5e4e276de00309428132d3ecf1bc3e68e3,33,1,21,2,RATH,PDF page 33; detected table 1; row 21; column 2,review_required
S019,707dac297cceb21b2b89049c996d1c5e4e276de00309428132d3ecf1bc3e68e3,33,1,21,3,WEST UTTAR PRADESH,PDF page 33; detected table 1; row 21; column 3,review_required
S019,707dac297cceb21b2b89049c996d1c5e4e276de00309428132d3ecf1bc3e68e3,33,1,21,4,220.0,PDF page 33; detected table 1; row 21; column 4,review_required
S019,707dac297cceb21b2b89049c996d1c5e4e276de00309428132d3ecf1bc3e68e3,33,1,22,1,26,PDF page 33; detected table 1; row 22; column 1,review_required
S019,707dac297cceb21b2b89049c996d1c5e4e276de00309428132d3ecf1bc3e68e3,33,1,22,2,HARIPUR,PDF page 33; detected table 1; row 22; column 2,review_required
S019,707dac297cceb21b2b89049c996d1c5e4e276de00309428132d3ecf1bc3e68e3,33,1,22,3,UTTARAKHAND,PDF page 33; detected table 1; row 22; column 3,review_required
S019,707dac297cceb21b2b89049c996d1c5e4e276de00309428132d3ecf1bc3e68e3,33,1,22,4,244.0,PDF page 33; detected table 1; row 22; column 4,review_required
S019,707dac297cceb21b2b89049c996d1c5e4e276de00309428132d3ecf1bc3e68e3,33,1,23,1,27,PDF page 33; detected table 1; row 23; column 1,review_required
S019,707dac297cceb21b2b89049c996d1c5e4e276de00309428132d3ecf1bc3e68e3,33,1,23,2,FORBESGANJ,PDF page 33; detected table 1; row 23; column 2,review_required
S019,707dac297cceb21b2b89049c996d1c5e4e276de00309428132d3ecf1bc3e68e3,33,1,23,3,BIHAR,PDF page 33; detected table 1; row 23; column 3,review_required
S019,707dac297cceb21b2b89049c996d1c5e4e276de00309428132d3ecf1bc3e68e3,33,1,23,4,340.0,PDF page 33; detected table 1; row 23; column 4,review_required
S019,707dac297cceb21b2b89049c996d1c5e4e276de00309428132d3ecf1bc3e68e3,33,1,24,1,27,PDF page 33; detected table 1; row 24; column 1,review_required
S019,707dac297cceb21b2b89049c996d1c5e4e276de00309428132d3ecf1bc3e68e3,33,1,24,2,LAMBHUAA,PDF page 33; detected table 1; row 24; column 2,review_required
S019,707dac297cceb21b2b89049c996d1c5e4e276de00309428132d3ecf1bc3e68e3,33,1,24,3,EAST UTTAR PRADESH,PDF page 33; detected table 1; row 24; column 3,review_required
S019,707dac297cceb21b2b89049c996d1c5e4e276de00309428132d3ecf1bc3e68e3,33,1,24,4,265.0,PDF page 33; detected table 1; row 24; column 4,review_required
S019,707dac297cceb21b2b89049c996d1c5e4e276de00309428132d3ecf1bc3e68e3,33,1,25,1,27,PDF page 33; detected table 1; row 25; column 1,review_required
S019,707dac297cceb21b2b89049c996d1c5e4e276de00309428132d3ecf1bc3e68e3,33,1,25,2,VYARA,PDF page 33; detected table 1; row 25; column 2,review_required
S019,707dac297cceb21b2b89049c996d1c5e4e276de00309428132d3ecf1bc3e68e3,33,1,25,3,GUJARAT REGION,PDF page 33; detected table 1; row 25; column 3,review_required
S019,707dac297cceb21b2b89049c996d1c5e4e276de00309428132d3ecf1bc3e68e3,33,1,25,4,211.0,PDF page 33; detected table 1; row 25; column 4,review_required
S019,707dac297cceb21b2b89049c996d1c5e4e276de00309428132d3ecf1bc3e68e3,33,1,26,1,27,PDF page 33; detected table 1; row 26; column 1,review_required
S019,707dac297cceb21b2b89049c996d1c5e4e276de00309428132d3ecf1bc3e68e3,33,1,26,2,KUSMI,PDF page 33; detected table 1; row 26; column 2,review_required
S019,707dac297cceb21b2b89049c996d1c5e4e276de00309428132d3ecf1bc3e68e3,33,1,26,3,CHHATTISGARH,PDF page 33; detected table 1; row 26; column 3,review_required
S019,707dac297cceb21b2b89049c996d1c5e4e276de00309428132d3ecf1bc3e68e3,33,1,26,4,210.0,PDF page 33; detected table 1; row 26; column 4,review_required
S019,707dac297cceb21b2b89049c996d1c5e4e276de00309428132d3ecf1bc3e68e3,33,1,27,1,28,PDF page 33; detected table 1; row 27; column 1,review_required
S019,707dac297cceb21b2b89049c996d1c5e4e276de00309428132d3ecf1bc3e68e3,33,1,27,2,NAGARKATA,PDF page 33; detected table 1; row 27; column 2,review_required
S019,707dac297cceb21b2b89049c996d1c5e4e276de00309428132d3ecf1bc3e68e3,33,1,27,3,SHWB & SIKKIM,PDF page 33; detected table 1; row 27; column 3,review_required
S019,707dac297cceb21b2b89049c996d1c5e4e276de00309428132d3ecf1bc3e68e3,33,1,27,4,265.4,PDF page 33; detected table 1; row 27; column 4,review_required
S019,707dac297cceb21b2b89049c996d1c5e4e276de00309428132d3ecf1bc3e68e3,33,1,28,1,28,PDF page 33; detected table 1; row 28; column 1,review_required
S019,707dac297cceb21b2b89049c996d1c5e4e276de00309428132d3ecf1bc3e68e3,33,1,28,2,TRIBENI/BALMIKINAGAR,PDF page 33; detected table 1; row 28; column 2,review_required
S019,707dac297cceb21b2b89049c996d1c5e4e276de00309428132d3ecf1bc3e68e3,33,1,28,3,BIHAR,PDF page 33; detected table 1; row 28; column 3,review_required
S019,707dac297cceb21b2b89049c996d1c5e4e276de00309428132d3ecf1bc3e68e3,33,1,28,4,230.6,PDF page 33; detected table 1; row 28; column 4,review_required
S019,707dac297cceb21b2b89049c996d1c5e4e276de00309428132d3ecf1bc3e68e3,33,1,29,1,28,PDF page 33; detected table 1; row 29; column 1,review_required
S019,707dac297cceb21b2b89049c996d1c5e4e276de00309428132d3ecf1bc3e68e3,33,1,29,2,BASTI CWC,PDF page 33; detected table 1; row 29; column 2,review_required
S019,707dac297cceb21b2b89049c996d1c5e4e276de00309428132d3ecf1bc3e68e3,33,1,29,3,EAST UTTAR PRADESH,PDF page 33; detected table 1; row 29; column 3,review_required
S019,707dac297cceb21b2b89049c996d1c5e4e276de00309428132d3ecf1bc3e68e3,33,1,29,4,262.6,PDF page 33; detected table 1; row 29; column 4,review_required
S019,707dac297cceb21b2b89049c996d1c5e4e276de00309428132d3ecf1bc3e68e3,33,1,30,1,29,PDF page 33; detected table 1; row 30; column 1,review_required
S019,707dac297cceb21b2b89049c996d1c5e4e276de00309428132d3ecf1bc3e68e3,33,1,30,2,ATTARRA,PDF page 33; detected table 1; row 30; column 2,review_required
S019,707dac297cceb21b2b89049c996d1c5e4e276de00309428132d3ecf1bc3e68e3,33,1,30,3,EAST UTTAR PRADESH,PDF page 33; detected table 1; row 30; column 3,review_required
S019,707dac297cceb21b2b89049c996d1c5e4e276de00309428132d3ecf1bc3e68e3,33,1,30,4,265.0,PDF page 33; detected table 1; row 30; column 4,review_required
S019,707dac297cceb21b2b89049c996d1c5e4e276de00309428132d3ecf1bc3e68e3,34,1,1,1,S. No.,PDF page 34; detected table 1; row 1; column 1,review_required
S019,707dac297cceb21b2b89049c996d1c5e4e276de00309428132d3ecf1bc3e68e3,34,1,1,2,STATION,PDF page 34; detected table 1; row 1; column 2,review_required
S019,707dac297cceb21b2b89049c996d1c5e4e276de00309428132d3ecf1bc3e68e3,34,1,1,3,"RAINFALL
DURING PAST
24 Hrs. (mm)",PDF page 34; detected table 1; row 1; column 3,review_required
S019,707dac297cceb21b2b89049c996d1c5e4e276de00309428132d3ecf1bc3e68e3,34,1,1,4,DATE,PDF page 34; detected table 1; row 1; column 4,review_required
S019,707dac297cceb21b2b89049c996d1c5e4e276de00309428132d3ecf1bc3e68e3,34,1,1,5,"PREVIOUS
RECORD
(mm)",PDF page 34; detected table 1; row 1; column 5,review_required
S019,707dac297cceb21b2b89049c996d1c5e4e276de00309428132d3ecf1bc3e68e3,34,1,1,6,Date of record,PDF page 34; detected table 1; row 1; column 6,review_required
S019,707dac297cceb21b2b89049c996d1c5e4e276de00309428132d3ecf1bc3e68e3,34,1,2,1,,PDF page 34; detected table 1; row 2; column 1,review_required
S019,707dac297cceb21b2b89049c996d1c5e4e276de00309428132d3ecf1bc3e68e3,34,1,2,2,,PDF page 34; detected table 1; row 2; column 2,review_required
S019,707dac297cceb21b2b89049c996d1c5e4e276de00309428132d3ecf1bc3e68e3,34,1,2,3,,PDF page 34; detected table 1; row 2; column 3,review_required
S019,707dac297cceb21b2b89049c996d1c5e4e276de00309428132d3ecf1bc3e68e3,34,1,2,4,(June 24),PDF page 34; detected table 1; row 2; column 4,review_required
S019,707dac297cceb21b2b89049c996d1c5e4e276de00309428132d3ecf1bc3e68e3,34,1,2,5,,PDF page 34; detected table 1; row 2; column 5,review_required
S019,707dac297cceb21b2b89049c996d1c5e4e276de00309428132d3ecf1bc3e68e3,34,1,2,6,,PDF page 34; detected table 1; row 2; column 6,review_required
S019,707dac297cceb21b2b89049c996d1c5e4e276de00309428132d3ecf1bc3e68e3,34,1,3,1,1,PDF page 34; detected table 1; row 3; column 1,review_required
S019,707dac297cceb21b2b89049c996d1c5e4e276de00309428132d3ecf1bc3e68e3,34,1,3,2,BENGALURU CITY,PDF page 34; detected table 1; row 3; column 2,review_required
S019,707dac297cceb21b2b89049c996d1c5e4e276de00309428132d3ecf1bc3e68e3,34,1,3,3,111.1,PDF page 34; detected table 1; row 3; column 3,review_required
S019,707dac297cceb21b2b89049c996d1c5e4e276de00309428132d3ecf1bc3e68e3,34,1,3,4,3,PDF page 34; detected table 1; row 3; column 4,review_required
S019,707dac297cceb21b2b89049c996d1c5e4e276de00309428132d3ecf1bc3e68e3,34,1,3,5,101.6,PDF page 34; detected table 1; row 3; column 5,review_required
S019,707dac297cceb21b2b89049c996d1c5e4e276de00309428132d3ecf1bc3e68e3,34,1,3,6,16-06-1891,PDF page 34; detected table 1; row 3; column 6,review_required
S019,707dac297cceb21b2b89049c996d1c5e4e276de00309428132d3ecf1bc3e68e3,34,1,4,1,2,PDF page 34; detected table 1; row 4; column 1,review_required
S019,707dac297cceb21b2b89049c996d1c5e4e276de00309428132d3ecf1bc3e68e3,34,1,4,2,TONDI,PDF page 34; detected table 1; row 4; column 2,review_required
S019,707dac297cceb21b2b89049c996d1c5e4e276de00309428132d3ecf1bc3e68e3,34,1,4,3,87.8,PDF page 34; detected table 1; row 4; column 3,review_required
S019,707dac297cceb21b2b89049c996d1c5e4e276de00309428132d3ecf1bc3e68e3,34,1,4,4,7,PDF page 34; detected table 1; row 4; column 4,review_required
S019,707dac297cceb21b2b89049c996d1c5e4e276de00309428132d3ecf1bc3e68e3,34,1,4,5,68,PDF page 34; detected table 1; row 4; column 5,review_required
S019,707dac297cceb21b2b89049c996d1c5e4e276de00309428132d3ecf1bc3e68e3,34,1,4,6,07-06-2022,PDF page 34; detected table 1; row 4; column 6,review_required
S019,707dac297cceb21b2b89049c996d1c5e4e276de00309428132d3ecf1bc3e68e3,34,1,5,1,,PDF page 34; detected table 1; row 5; column 1,review_required
S019,707dac297cceb21b2b89049c996d1c5e4e276de00309428132d3ecf1bc3e68e3,34,1,5,2,,PDF page 34; detected table 1; row 5; column 2,review_required
S019,707dac297cceb21b2b89049c996d1c5e4e276de00309428132d3ecf1bc3e68e3,34,1,5,3,,PDF page 34; detected table 1; row 5; column 3,review_required
S019,707dac297cceb21b2b89049c996d1c5e4e276de00309428132d3ecf1bc3e68e3,34,1,5,4,(July 24),PDF page 34; detected table 1; row 5; column 4,review_required
S019,707dac297cceb21b2b89049c996d1c5e4e276de00309428132d3ecf1bc3e68e3,34,1,5,5,,PDF page 34; detected table 1; row 5; column 5,review_required
S019,707dac297cceb21b2b89049c996d1c5e4e276de00309428132d3ecf1bc3e68e3,34,1,5,6,,PDF page 34; detected table 1; row 5; column 6,review_required
S019,707dac297cceb21b2b89049c996d1c5e4e276de00309428132d3ecf1bc3e68e3,34,1,6,1,1,PDF page 34; detected table 1; row 6; column 1,review_required
S019,707dac297cceb21b2b89049c996d1c5e4e276de00309428132d3ecf1bc3e68e3,34,1,6,2,DWARKA,PDF page 34; detected table 1; row 6; column 2,review_required
S019,707dac297cceb21b2b89049c996d1c5e4e276de00309428132d3ecf1bc3e68e3,34,1,6,3,418.6,PDF page 34; detected table 1; row 6; column 3,review_required
S019,707dac297cceb21b2b89049c996d1c5e4e276de00309428132d3ecf1bc3e68e3,34,1,6,4,20,PDF page 34; detected table 1; row 6; column 4,review_required
S019,707dac297cceb21b2b89049c996d1c5e4e276de00309428132d3ecf1bc3e68e3,34,1,6,5,355.8,PDF page 34; detected table 1; row 6; column 5,review_required
S019,707dac297cceb21b2b89049c996d1c5e4e276de00309428132d3ecf1bc3e68e3,34,1,6,6,02-07-1998,PDF page 34; detected table 1; row 6; column 6,review_required
S019,707dac297cceb21b2b89049c996d1c5e4e276de00309428132d3ecf1bc3e68e3,34,1,7,1,2,PDF page 34; detected table 1; row 7; column 1,review_required
S019,707dac297cceb21b2b89049c996d1c5e4e276de00309428132d3ecf1bc3e68e3,34,1,7,2,KOZHIKODE (A),PDF page 34; detected table 1; row 7; column 2,review_required
S019,707dac297cceb21b2b89049c996d1c5e4e276de00309428132d3ecf1bc3e68e3,34,1,7,3,241.6,PDF page 34; detected table 1; row 7; column 3,review_required
S019,707dac297cceb21b2b89049c996d1c5e4e276de00309428132d3ecf1bc3e68e3,34,1,7,4,30,PDF page 34; detected table 1; row 7; column 4,review_required
S019,707dac297cceb21b2b89049c996d1c5e4e276de00309428132d3ecf1bc3e68e3,34,1,7,5,220.6,PDF page 34; detected table 1; row 7; column 5,review_required
S019,707dac297cceb21b2b89049c996d1c5e4e276de00309428132d3ecf1bc3e68e3,34,1,7,6,11-07-1997,PDF page 34; detected table 1; row 7; column 6,review_required
S019,707dac297cceb21b2b89049c996d1c5e4e276de00309428132d3ecf1bc3e68e3,34,1,8,1,3,PDF page 34; detected table 1; row 8; column 1,review_required
S019,707dac297cceb21b2b89049c996d1c5e4e276de00309428132d3ecf1bc3e68e3,34,1,8,2,PALAKKAD,PDF page 34; detected table 1; row 8; column 2,review_required
S019,707dac297cceb21b2b89049c996d1c5e4e276de00309428132d3ecf1bc3e68e3,34,1,8,3,162.8,PDF page 34; detected table 1; row 8; column 3,review_required
S019,707dac297cceb21b2b89049c996d1c5e4e276de00309428132d3ecf1bc3e68e3,34,1,8,4,30,PDF page 34; detected table 1; row 8; column 4,review_required
S019,707dac297cceb21b2b89049c996d1c5e4e276de00309428132d3ecf1bc3e68e3,34,1,8,5,157.4,PDF page 34; detected table 1; row 8; column 5,review_required
S019,707dac297cceb21b2b89049c996d1c5e4e276de00309428132d3ecf1bc3e68e3,34,1,8,6,04-07-1964,PDF page 34; detected table 1; row 8; column 6,review_required
S019,707dac297cceb21b2b89049c996d1c5e4e276de00309428132d3ecf1bc3e68e3,34,1,9,1,4,PDF page 34; detected table 1; row 9; column 1,review_required
S019,707dac297cceb21b2b89049c996d1c5e4e276de00309428132d3ecf1bc3e68e3,34,1,9,2,PANJIM,PDF page 34; detected table 1; row 9; column 2,review_required
S019,707dac297cceb21b2b89049c996d1c5e4e276de00309428132d3ecf1bc3e68e3,34,1,9,3,360.8,PDF page 34; detected table 1; row 9; column 3,review_required
S019,707dac297cceb21b2b89049c996d1c5e4e276de00309428132d3ecf1bc3e68e3,34,1,9,4,8,PDF page 34; detected table 1; row 9; column 4,review_required
S019,707dac297cceb21b2b89049c996d1c5e4e276de00309428132d3ecf1bc3e68e3,34,1,9,5,334.7,PDF page 34; detected table 1; row 9; column 5,review_required
S019,707dac297cceb21b2b89049c996d1c5e4e276de00309428132d3ecf1bc3e68e3,34,1,9,6,01-07-2009,PDF page 34; detected table 1; row 9; column 6,review_required
S019,707dac297cceb21b2b89049c996d1c5e4e276de00309428132d3ecf1bc3e68e3,34,1,10,1,5,PDF page 34; detected table 1; row 10; column 1,review_required
S019,707dac297cceb21b2b89049c996d1c5e4e276de00309428132d3ecf1bc3e68e3,34,1,10,2,PORBANDAR (A),PDF page 34; detected table 1; row 10; column 2,review_required
S019,707dac297cceb21b2b89049c996d1c5e4e276de00309428132d3ecf1bc3e68e3,34,1,10,3,485.8,PDF page 34; detected table 1; row 10; column 3,review_required
S019,707dac297cceb21b2b89049c996d1c5e4e276de00309428132d3ecf1bc3e68e3,34,1,10,4,19,PDF page 34; detected table 1; row 10; column 4,review_required
S019,707dac297cceb21b2b89049c996d1c5e4e276de00309428132d3ecf1bc3e68e3,34,1,10,5,444.3,PDF page 34; detected table 1; row 10; column 5,review_required
S019,707dac297cceb21b2b89049c996d1c5e4e276de00309428132d3ecf1bc3e68e3,34,1,10,6,16-07-2009,PDF page 34; detected table 1; row 10; column 6,review_required
S019,707dac297cceb21b2b89049c996d1c5e4e276de00309428132d3ecf1bc3e68e3,34,1,11,1,6,PDF page 34; detected table 1; row 11; column 1,review_required
S019,707dac297cceb21b2b89049c996d1c5e4e276de00309428132d3ecf1bc3e68e3,34,1,11,2,VADODARA (A),PDF page 34; detected table 1; row 11; column 2,review_required
S019,707dac297cceb21b2b89049c996d1c5e4e276de00309428132d3ecf1bc3e68e3,34,1,11,3,320.2,PDF page 34; detected table 1; row 11; column 3,review_required
S019,707dac297cceb21b2b89049c996d1c5e4e276de00309428132d3ecf1bc3e68e3,34,1,11,4,25,PDF page 34; detected table 1; row 11; column 4,review_required
S019,707dac297cceb21b2b89049c996d1c5e4e276de00309428132d3ecf1bc3e68e3,34,1,11,5,297.4,PDF page 34; detected table 1; row 11; column 5,review_required
S019,707dac297cceb21b2b89049c996d1c5e4e276de00309428132d3ecf1bc3e68e3,34,1,11,6,01-07-2007,PDF page 34; detected table 1; row 11; column 6,review_required
S019,707dac297cceb21b2b89049c996d1c5e4e276de00309428132d3ecf1bc3e68e3,34,1,12,1,7,PDF page 34; detected table 1; row 12; column 1,review_required
S019,707dac297cceb21b2b89049c996d1c5e4e276de00309428132d3ecf1bc3e68e3,34,1,12,2,VALPARAI,PDF page 34; detected table 1; row 12; column 2,review_required
S019,707dac297cceb21b2b89049c996d1c5e4e276de00309428132d3ecf1bc3e68e3,34,1,12,3,305.4,PDF page 34; detected table 1; row 12; column 3,review_required
S019,707dac297cceb21b2b89049c996d1c5e4e276de00309428132d3ecf1bc3e68e3,34,1,12,4,30,PDF page 34; detected table 1; row 12; column 4,review_required
S019,707dac297cceb21b2b89049c996d1c5e4e276de00309428132d3ecf1bc3e68e3,34,1,12,5,195.6,PDF page 34; detected table 1; row 12; column 5,review_required
S019,707dac297cceb21b2b89049c996d1c5e4e276de00309428132d3ecf1bc3e68e3,34,1,12,6,17-07-2007,PDF page 34; detected table 1; row 12; column 6,review_required
S019,707dac297cceb21b2b89049c996d1c5e4e276de00309428132d3ecf1bc3e68e3,34,1,13,1,8,PDF page 34; detected table 1; row 13; column 1,review_required
S019,707dac297cceb21b2b89049c996d1c5e4e276de00309428132d3ecf1bc3e68e3,34,1,13,2,VISAKHAPATNAM,PDF page 34; detected table 1; row 13; column 2,review_required
S019,707dac297cceb21b2b89049c996d1c5e4e276de00309428132d3ecf1bc3e68e3,34,1,13,3,104.6,PDF page 34; detected table 1; row 13; column 3,review_required
S019,707dac297cceb21b2b89049c996d1c5e4e276de00309428132d3ecf1bc3e68e3,34,1,13,4,19,PDF page 34; detected table 1; row 13; column 4,review_required
S019,707dac297cceb21b2b89049c996d1c5e4e276de00309428132d3ecf1bc3e68e3,34,1,13,5,94.2,PDF page 34; detected table 1; row 13; column 5,review_required
S019,707dac297cceb21b2b89049c996d1c5e4e276de00309428132d3ecf1bc3e68e3,34,1,13,6,11-07-1992,PDF page 34; detected table 1; row 13; column 6,review_required
S019,707dac297cceb21b2b89049c996d1c5e4e276de00309428132d3ecf1bc3e68e3,34,1,14,1,,PDF page 34; detected table 1; row 14; column 1,review_required
S019,707dac297cceb21b2b89049c996d1c5e4e276de00309428132d3ecf1bc3e68e3,34,1,14,2,,PDF page 34; detected table 1; row 14; column 2,review_required
S019,707dac297cceb21b2b89049c996d1c5e4e276de00309428132d3ecf1bc3e68e3,34,1,14,3,,PDF page 34; detected table 1; row 14; column 3,review_required
S019,707dac297cceb21b2b89049c996d1c5e4e276de00309428132d3ecf1bc3e68e3,34,1,14,4,(Aug 24),PDF page 34; detected table 1; row 14; column 4,review_required
S019,707dac297cceb21b2b89049c996d1c5e4e276de00309428132d3ecf1bc3e68e3,34,1,14,5,,PDF page 34; detected table 1; row 14; column 5,review_required
S019,707dac297cceb21b2b89049c996d1c5e4e276de00309428132d3ecf1bc3e68e3,34,1,14,6,,PDF page 34; detected table 1; row 14; column 6,review_required
S019,707dac297cceb21b2b89049c996d1c5e4e276de00309428132d3ecf1bc3e68e3,34,1,15,1,1,PDF page 34; detected table 1; row 15; column 1,review_required
S019,707dac297cceb21b2b89049c996d1c5e4e276de00309428132d3ecf1bc3e68e3,34,1,15,2,AGATTI,PDF page 34; detected table 1; row 15; column 2,review_required
S019,707dac297cceb21b2b89049c996d1c5e4e276de00309428132d3ecf1bc3e68e3,34,1,15,3,195.6,PDF page 34; detected table 1; row 15; column 3,review_required
S019,707dac297cceb21b2b89049c996d1c5e4e276de00309428132d3ecf1bc3e68e3,34,1,15,4,17,PDF page 34; detected table 1; row 15; column 4,review_required
S019,707dac297cceb21b2b89049c996d1c5e4e276de00309428132d3ecf1bc3e68e3,34,1,15,5,123.0,PDF page 34; detected table 1; row 15; column 5,review_required
S019,707dac297cceb21b2b89049c996d1c5e4e276de00309428132d3ecf1bc3e68e3,34,1,15,6,22-08-2014,PDF page 34; detected table 1; row 15; column 6,review_required
S019,707dac297cceb21b2b89049c996d1c5e4e276de00309428132d3ecf1bc3e68e3,34,1,16,1,2,PDF page 34; detected table 1; row 16; column 1,review_required
S019,707dac297cceb21b2b89049c996d1c5e4e276de00309428132d3ecf1bc3e68e3,34,1,16,2,CHURU,PDF page 34; detected table 1; row 16; column 2,review_required
S019,707dac297cceb21b2b89049c996d1c5e4e276de00309428132d3ecf1bc3e68e3,34,1,16,3,124.8,PDF page 34; detected table 1; row 16; column 3,review_required
S019,707dac297cceb21b2b89049c996d1c5e4e276de00309428132d3ecf1bc3e68e3,34,1,16,4,1,PDF page 34; detected table 1; row 16; column 4,review_required
S019,707dac297cceb21b2b89049c996d1c5e4e276de00309428132d3ecf1bc3e68e3,34,1,16,5,99.0,PDF page 34; detected table 1; row 16; column 5,review_required
S019,707dac297cceb21b2b89049c996d1c5e4e276de00309428132d3ecf1bc3e68e3,34,1,16,6,10-08-1964,PDF page 34; detected table 1; row 16; column 6,review_required
S019,707dac297cceb21b2b89049c996d1c5e4e276de00309428132d3ecf1bc3e68e3,34,1,17,1,3,PDF page 34; detected table 1; row 17; column 1,review_required
S019,707dac297cceb21b2b89049c996d1c5e4e276de00309428132d3ecf1bc3e68e3,34,1,17,2,GANNAVARAM,PDF page 34; detected table 1; row 17; column 2,review_required
S019,707dac297cceb21b2b89049c996d1c5e4e276de00309428132d3ecf1bc3e68e3,34,1,17,3,122.7,PDF page 34; detected table 1; row 17; column 3,review_required
S019,707dac297cceb21b2b89049c996d1c5e4e276de00309428132d3ecf1bc3e68e3,34,1,17,4,31,PDF page 34; detected table 1; row 17; column 4,review_required
S019,707dac297cceb21b2b89049c996d1c5e4e276de00309428132d3ecf1bc3e68e3,34,1,17,5,103.1,PDF page 34; detected table 1; row 17; column 5,review_required
S019,707dac297cceb21b2b89049c996d1c5e4e276de00309428132d3ecf1bc3e68e3,34,1,17,6,09-08-2008,PDF page 34; detected table 1; row 17; column 6,review_required
S019,707dac297cceb21b2b89049c996d1c5e4e276de00309428132d3ecf1bc3e68e3,34,1,18,1,4,PDF page 34; detected table 1; row 18; column 1,review_required
S019,707dac297cceb21b2b89049c996d1c5e4e276de00309428132d3ecf1bc3e68e3,34,1,18,2,KARUR PARAMATHI,PDF page 34; detected table 1; row 18; column 2,review_required
S019,707dac297cceb21b2b89049c996d1c5e4e276de00309428132d3ecf1bc3e68e3,34,1,18,3,110.4,PDF page 34; detected table 1; row 18; column 3,review_required
S019,707dac297cceb21b2b89049c996d1c5e4e276de00309428132d3ecf1bc3e68e3,34,1,18,4,15,PDF page 34; detected table 1; row 18; column 4,review_required
S019,707dac297cceb21b2b89049c996d1c5e4e276de00309428132d3ecf1bc3e68e3,34,1,18,5,80.2,PDF page 34; detected table 1; row 18; column 5,review_required
S019,707dac297cceb21b2b89049c996d1c5e4e276de00309428132d3ecf1bc3e68e3,34,1,18,6,26-08-2006,PDF page 34; detected table 1; row 18; column 6,review_required
S019,707dac297cceb21b2b89049c996d1c5e4e276de00309428132d3ecf1bc3e68e3,34,1,19,1,5,PDF page 34; detected table 1; row 19; column 1,review_required
S019,707dac297cceb21b2b89049c996d1c5e4e276de00309428132d3ecf1bc3e68e3,34,1,19,2,LENGPUI,PDF page 34; detected table 1; row 19; column 2,review_required
S019,707dac297cceb21b2b89049c996d1c5e4e276de00309428132d3ecf1bc3e68e3,34,1,19,3,113.6,PDF page 34; detected table 1; row 19; column 3,review_required
S019,707dac297cceb21b2b89049c996d1c5e4e276de00309428132d3ecf1bc3e68e3,34,1,19,4,17,PDF page 34; detected table 1; row 19; column 4,review_required
S019,707dac297cceb21b2b89049c996d1c5e4e276de00309428132d3ecf1bc3e68e3,34,1,19,5,101.0,PDF page 34; detected table 1; row 19; column 5,review_required
S019,707dac297cceb21b2b89049c996d1c5e4e276de00309428132d3ecf1bc3e68e3,34,1,19,6,25-08-2017,PDF page 34; detected table 1; row 19; column 6,review_required
S019,707dac297cceb21b2b89049c996d1c5e4e276de00309428132d3ecf1bc3e68e3,34,1,20,1,6,PDF page 34; detected table 1; row 20; column 1,review_required
S019,707dac297cceb21b2b89049c996d1c5e4e276de00309428132d3ecf1bc3e68e3,34,1,20,2,MINICOY,PDF page 34; detected table 1; row 20; column 2,review_required
S019,707dac297cceb21b2b89049c996d1c5e4e276de00309428132d3ecf1bc3e68e3,34,1,20,3,218.4,PDF page 34; detected table 1; row 20; column 3,review_required
S019,707dac297cceb21b2b89049c996d1c5e4e276de00309428132d3ecf1bc3e68e3,34,1,20,4,14,PDF page 34; detected table 1; row 20; column 4,review_required
S019,707dac297cceb21b2b89049c996d1c5e4e276de00309428132d3ecf1bc3e68e3,34,1,20,5,200.7,PDF page 34; detected table 1; row 20; column 5,review_required
S019,707dac297cceb21b2b89049c996d1c5e4e276de00309428132d3ecf1bc3e68e3,34,1,20,6,21-08-1930,PDF page 34; detected table 1; row 20; column 6,review_required
S019,707dac297cceb21b2b89049c996d1c5e4e276de00309428132d3ecf1bc3e68e3,34,1,21,1,7,PDF page 34; detected table 1; row 21; column 1,review_required
S019,707dac297cceb21b2b89049c996d1c5e4e276de00309428132d3ecf1bc3e68e3,34,1,21,2,NALIYA,PDF page 34; detected table 1; row 21; column 2,review_required
S019,707dac297cceb21b2b89049c996d1c5e4e276de00309428132d3ecf1bc3e68e3,34,1,21,3,301.2,PDF page 34; detected table 1; row 21; column 3,review_required
S019,707dac297cceb21b2b89049c996d1c5e4e276de00309428132d3ecf1bc3e68e3,34,1,21,4,29,PDF page 34; detected table 1; row 21; column 4,review_required
S019,707dac297cceb21b2b89049c996d1c5e4e276de00309428132d3ecf1bc3e68e3,34,1,21,5,294.0,PDF page 34; detected table 1; row 21; column 5,review_required
S019,707dac297cceb21b2b89049c996d1c5e4e276de00309428132d3ecf1bc3e68e3,34,1,21,6,12-08-1979,PDF page 34; detected table 1; row 21; column 6,review_required
S019,707dac297cceb21b2b89049c996d1c5e4e276de00309428132d3ecf1bc3e68e3,34,1,22,1,8,PDF page 34; detected table 1; row 22; column 1,review_required
S019,707dac297cceb21b2b89049c996d1c5e4e276de00309428132d3ecf1bc3e68e3,34,1,22,2,NARSAPUR,PDF page 34; detected table 1; row 22; column 2,review_required
S019,707dac297cceb21b2b89049c996d1c5e4e276de00309428132d3ecf1bc3e68e3,34,1,22,3,140.7,PDF page 34; detected table 1; row 22; column 3,review_required
S019,707dac297cceb21b2b89049c996d1c5e4e276de00309428132d3ecf1bc3e68e3,34,1,22,4,31,PDF page 34; detected table 1; row 22; column 4,review_required
S019,707dac297cceb21b2b89049c996d1c5e4e276de00309428132d3ecf1bc3e68e3,34,1,22,5,93.4,PDF page 34; detected table 1; row 22; column 5,review_required
S019,707dac297cceb21b2b89049c996d1c5e4e276de00309428132d3ecf1bc3e68e3,34,1,22,6,22-08-1989,PDF page 34; detected table 1; row 22; column 6,review_required
S019,707dac297cceb21b2b89049c996d1c5e4e276de00309428132d3ecf1bc3e68e3,34,1,23,1,9,PDF page 34; detected table 1; row 23; column 1,review_required
S019,707dac297cceb21b2b89049c996d1c5e4e276de00309428132d3ecf1bc3e68e3,34,1,23,2,OKHA,PDF page 34; detected table 1; row 23; column 2,review_required
S019,707dac297cceb21b2b89049c996d1c5e4e276de00309428132d3ecf1bc3e68e3,34,1,23,3,387.4,PDF page 34; detected table 1; row 23; column 3,review_required
S019,707dac297cceb21b2b89049c996d1c5e4e276de00309428132d3ecf1bc3e68e3,34,1,23,4,28,PDF page 34; detected table 1; row 23; column 4,review_required
S019,707dac297cceb21b2b89049c996d1c5e4e276de00309428132d3ecf1bc3e68e3,34,1,23,5,381.6,PDF page 34; detected table 1; row 23; column 5,review_required
S019,707dac297cceb21b2b89049c996d1c5e4e276de00309428132d3ecf1bc3e68e3,34,1,23,6,06-08-2007,PDF page 34; detected table 1; row 23; column 6,review_required
S019,707dac297cceb21b2b89049c996d1c5e4e276de00309428132d3ecf1bc3e68e3,34,1,24,1,10,PDF page 34; detected table 1; row 24; column 1,review_required
S019,707dac297cceb21b2b89049c996d1c5e4e276de00309428132d3ecf1bc3e68e3,34,1,24,2,PUDUCHERRY,PDF page 34; detected table 1; row 24; column 2,review_required
S019,707dac297cceb21b2b89049c996d1c5e4e276de00309428132d3ecf1bc3e68e3,34,1,24,3,155.0,PDF page 34; detected table 1; row 24; column 3,review_required
S019,707dac297cceb21b2b89049c996d1c5e4e276de00309428132d3ecf1bc3e68e3,34,1,24,4,10,PDF page 34; detected table 1; row 24; column 4,review_required
S019,707dac297cceb21b2b89049c996d1c5e4e276de00309428132d3ecf1bc3e68e3,34,1,24,5,102.2,PDF page 34; detected table 1; row 24; column 5,review_required
S019,707dac297cceb21b2b89049c996d1c5e4e276de00309428132d3ecf1bc3e68e3,34,1,24,6,11-08-2011,PDF page 34; detected table 1; row 24; column 6,review_required
S019,707dac297cceb21b2b89049c996d1c5e4e276de00309428132d3ecf1bc3e68e3,34,1,25,1,11,PDF page 34; detected table 1; row 25; column 1,review_required
S019,707dac297cceb21b2b89049c996d1c5e4e276de00309428132d3ecf1bc3e68e3,34,1,25,2,RANCHI,PDF page 34; detected table 1; row 25; column 2,review_required
S019,707dac297cceb21b2b89049c996d1c5e4e276de00309428132d3ecf1bc3e68e3,34,1,25,3,170.8,PDF page 34; detected table 1; row 25; column 3,review_required
S019,707dac297cceb21b2b89049c996d1c5e4e276de00309428132d3ecf1bc3e68e3,34,1,25,4,3,PDF page 34; detected table 1; row 25; column 4,review_required
S019,707dac297cceb21b2b89049c996d1c5e4e276de00309428132d3ecf1bc3e68e3,34,1,25,5,122.5,PDF page 34; detected table 1; row 25; column 5,review_required
S019,707dac297cceb21b2b89049c996d1c5e4e276de00309428132d3ecf1bc3e68e3,34,1,25,6,14-08-2012,PDF page 34; detected table 1; row 25; column 6,review_required
S019,707dac297cceb21b2b89049c996d1c5e4e276de00309428132d3ecf1bc3e68e3,34,1,26,1,12,PDF page 34; detected table 1; row 26; column 1,review_required
S019,707dac297cceb21b2b89049c996d1c5e4e276de00309428132d3ecf1bc3e68e3,34,1,26,2,SRINIKETAN,PDF page 34; detected table 1; row 26; column 2,review_required
S019,707dac297cceb21b2b89049c996d1c5e4e276de00309428132d3ecf1bc3e68e3,34,1,26,3,191.8,PDF page 34; detected table 1; row 26; column 3,review_required
S019,707dac297cceb21b2b89049c996d1c5e4e276de00309428132d3ecf1bc3e68e3,34,1,26,4,2,PDF page 34; detected table 1; row 26; column 4,review_required
S019,707dac297cceb21b2b89049c996d1c5e4e276de00309428132d3ecf1bc3e68e3,34,1,26,5,159.4,PDF page 34; detected table 1; row 26; column 5,review_required
S019,707dac297cceb21b2b89049c996d1c5e4e276de00309428132d3ecf1bc3e68e3,34,1,26,6,27-08-1987,PDF page 34; detected table 1; row 26; column 6,review_required
S019,707dac297cceb21b2b89049c996d1c5e4e276de00309428132d3ecf1bc3e68e3,34,1,27,1,,PDF page 34; detected table 1; row 27; column 1,review_required
S019,707dac297cceb21b2b89049c996d1c5e4e276de00309428132d3ecf1bc3e68e3,34,1,27,2,,PDF page 34; detected table 1; row 27; column 2,review_required
S019,707dac297cceb21b2b89049c996d1c5e4e276de00309428132d3ecf1bc3e68e3,34,1,27,3,,PDF page 34; detected table 1; row 27; column 3,review_required
S019,707dac297cceb21b2b89049c996d1c5e4e276de00309428132d3ecf1bc3e68e3,34,1,27,4,(Sep 24),PDF page 34; detected table 1; row 27; column 4,review_required
S019,707dac297cceb21b2b89049c996d1c5e4e276de00309428132d3ecf1bc3e68e3,34,1,27,5,,PDF page 34; detected table 1; row 27; column 5,review_required
S019,707dac297cceb21b2b89049c996d1c5e4e276de00309428132d3ecf1bc3e68e3,34,1,27,6,,PDF page 34; detected table 1; row 27; column 6,review_required
S019,707dac297cceb21b2b89049c996d1c5e4e276de00309428132d3ecf1bc3e68e3,34,1,28,1,1,PDF page 34; detected table 1; row 28; column 1,review_required
S019,707dac297cceb21b2b89049c996d1c5e4e276de00309428132d3ecf1bc3e68e3,34,1,28,2,DAMOH,PDF page 34; detected table 1; row 28; column 2,review_required
S019,707dac297cceb21b2b89049c996d1c5e4e276de00309428132d3ecf1bc3e68e3,34,1,28,3,215.0,PDF page 34; detected table 1; row 28; column 3,review_required
S019,707dac297cceb21b2b89049c996d1c5e4e276de00309428132d3ecf1bc3e68e3,34,1,28,4,11,PDF page 34; detected table 1; row 28; column 4,review_required
S019,707dac297cceb21b2b89049c996d1c5e4e276de00309428132d3ecf1bc3e68e3,34,1,28,5,146.4,PDF page 34; detected table 1; row 28; column 5,review_required
S019,707dac297cceb21b2b89049c996d1c5e4e276de00309428132d3ecf1bc3e68e3,34,1,28,6,12-09-1992,PDF page 34; detected table 1; row 28; column 6,review_required
S019,707dac297cceb21b2b89049c996d1c5e4e276de00309428132d3ecf1bc3e68e3,34,1,29,1,2,PDF page 34; detected table 1; row 29; column 1,review_required
S019,707dac297cceb21b2b89049c996d1c5e4e276de00309428132d3ecf1bc3e68e3,34,1,29,2,FORBESGANJ,PDF page 34; detected table 1; row 29; column 2,review_required
S019,707dac297cceb21b2b89049c996d1c5e4e276de00309428132d3ecf1bc3e68e3,34,1,29,3,310.6,PDF page 34; detected table 1; row 29; column 3,review_required
S019,707dac297cceb21b2b89049c996d1c5e4e276de00309428132d3ecf1bc3e68e3,34,1,29,4,27,PDF page 34; detected table 1; row 29; column 4,review_required
S019,707dac297cceb21b2b89049c996d1c5e4e276de00309428132d3ecf1bc3e68e3,34,1,29,5,228.6,PDF page 34; detected table 1; row 29; column 5,review_required
S019,707dac297cceb21b2b89049c996d1c5e4e276de00309428132d3ecf1bc3e68e3,34,1,29,6,02-09-1960,PDF page 34; detected table 1; row 29; column 6,review_required
S019,707dac297cceb21b2b89049c996d1c5e4e276de00309428132d3ecf1bc3e68e3,34,1,30,1,3,PDF page 34; detected table 1; row 30; column 1,review_required
S019,707dac297cceb21b2b89049c996d1c5e4e276de00309428132d3ecf1bc3e68e3,34,1,30,2,GONDIA,PDF page 34; detected table 1; row 30; column 2,review_required
S019,707dac297cceb21b2b89049c996d1c5e4e276de00309428132d3ecf1bc3e68e3,34,1,30,3,285.4,PDF page 34; detected table 1; row 30; column 3,review_required
S019,707dac297cceb21b2b89049c996d1c5e4e276de00309428132d3ecf1bc3e68e3,34,1,30,4,10,PDF page 34; detected table 1; row 30; column 4,review_required
S019,707dac297cceb21b2b89049c996d1c5e4e276de00309428132d3ecf1bc3e68e3,34,1,30,5,281.4,PDF page 34; detected table 1; row 30; column 5,review_required
S019,707dac297cceb21b2b89049c996d1c5e4e276de00309428132d3ecf1bc3e68e3,34,1,30,6,02-09-1961,PDF page 34; detected table 1; row 30; column 6,review_required
S019,707dac297cceb21b2b89049c996d1c5e4e276de00309428132d3ecf1bc3e68e3,34,1,31,1,4,PDF page 34; detected table 1; row 31; column 1,review_required
S019,707dac297cceb21b2b89049c996d1c5e4e276de00309428132d3ecf1bc3e68e3,34,1,31,2,NANDIGAMA,PDF page 34; detected table 1; row 31; column 2,review_required
S019,707dac297cceb21b2b89049c996d1c5e4e276de00309428132d3ecf1bc3e68e3,34,1,31,3,172.6,PDF page 34; detected table 1; row 31; column 3,review_required
S019,707dac297cceb21b2b89049c996d1c5e4e276de00309428132d3ecf1bc3e68e3,34,1,31,4,1,PDF page 34; detected table 1; row 31; column 4,review_required
S019,707dac297cceb21b2b89049c996d1c5e4e276de00309428132d3ecf1bc3e68e3,34,1,31,5,171.2,PDF page 34; detected table 1; row 31; column 5,review_required
S019,707dac297cceb21b2b89049c996d1c5e4e276de00309428132d3ecf1bc3e68e3,34,1,31,6,20-09-2005,PDF page 34; detected table 1; row 31; column 6,review_required
S019,707dac297cceb21b2b89049c996d1c5e4e276de00309428132d3ecf1bc3e68e3,34,1,32,1,5,PDF page 34; detected table 1; row 32; column 1,review_required
S019,707dac297cceb21b2b89049c996d1c5e4e276de00309428132d3ecf1bc3e68e3,34,1,32,2,PUNE,PDF page 34; detected table 1; row 32; column 2,review_required
S019,707dac297cceb21b2b89049c996d1c5e4e276de00309428132d3ecf1bc3e68e3,34,1,32,3,133.0,PDF page 34; detected table 1; row 32; column 3,review_required
S019,707dac297cceb21b2b89049c996d1c5e4e276de00309428132d3ecf1bc3e68e3,34,1,32,4,26,PDF page 34; detected table 1; row 32; column 4,review_required
S019,707dac297cceb21b2b89049c996d1c5e4e276de00309428132d3ecf1bc3e68e3,34,1,32,5,132.3,PDF page 34; detected table 1; row 32; column 5,review_required
S019,707dac297cceb21b2b89049c996d1c5e4e276de00309428132d3ecf1bc3e68e3,34,1,32,6,21-09-1938,PDF page 34; detected table 1; row 32; column 6,review_required
S019,707dac297cceb21b2b89049c996d1c5e4e276de00309428132d3ecf1bc3e68e3,35,1,1,1,,PDF page 35; detected table 1; row 1; column 1,review_required
S019,707dac297cceb21b2b89049c996d1c5e4e276de00309428132d3ecf1bc3e68e3,35,1,1,2,(SHIVAJINAGAR),PDF page 35; detected table 1; row 1; column 2,review_required
S019,707dac297cceb21b2b89049c996d1c5e4e276de00309428132d3ecf1bc3e68e3,35,1,1,3,,PDF page 35; detected table 1; row 1; column 3,review_required
S019,707dac297cceb21b2b89049c996d1c5e4e276de00309428132d3ecf1bc3e68e3,35,1,1,4,,PDF page 35; detected table 1; row 1; column 4,review_required
S019,707dac297cceb21b2b89049c996d1c5e4e276de00309428132d3ecf1bc3e68e3,35,1,1,5,,PDF page 35; detected table 1; row 1; column 5,review_required
S019,707dac297cceb21b2b89049c996d1c5e4e276de00309428132d3ecf1bc3e68e3,35,1,1,6,,PDF page 35; detected table 1; row 1; column 6,review_required
S019,707dac297cceb21b2b89049c996d1c5e4e276de00309428132d3ecf1bc3e68e3,35,1,2,1,6,PDF page 35; detected table 1; row 2; column 1,review_required
S019,707dac297cceb21b2b89049c996d1c5e4e276de00309428132d3ecf1bc3e68e3,35,1,2,2,RAJNANDGAON,PDF page 35; detected table 1; row 2; column 2,review_required
S019,707dac297cceb21b2b89049c996d1c5e4e276de00309428132d3ecf1bc3e68e3,35,1,2,3,184.4,PDF page 35; detected table 1; row 2; column 3,review_required
S019,707dac297cceb21b2b89049c996d1c5e4e276de00309428132d3ecf1bc3e68e3,35,1,2,4,10,PDF page 35; detected table 1; row 2; column 4,review_required
S019,707dac297cceb21b2b89049c996d1c5e4e276de00309428132d3ecf1bc3e68e3,35,1,2,5,103.0,PDF page 35; detected table 1; row 2; column 5,review_required
S019,707dac297cceb21b2b89049c996d1c5e4e276de00309428132d3ecf1bc3e68e3,35,1,2,6,05-09-1994,PDF page 35; detected table 1; row 2; column 6,review_required
S019,707dac297cceb21b2b89049c996d1c5e4e276de00309428132d3ecf1bc3e68e3,36,1,1,1,State,PDF page 36; detected table 1; row 1; column 1,review_required
S019,707dac297cceb21b2b89049c996d1c5e4e276de00309428132d3ecf1bc3e68e3,36,1,1,2,Districts Moderately Dry,PDF page 36; detected table 1; row 1; column 2,review_required
S019,707dac297cceb21b2b89049c996d1c5e4e276de00309428132d3ecf1bc3e68e3,36,1,1,3,"Districts Severely
Dry",PDF page 36; detected table 1; row 1; column 3,review_required
S019,707dac297cceb21b2b89049c996d1c5e4e276de00309428132d3ecf1bc3e68e3,36,1,2,1,Andhra Pradesh,PDF page 36; detected table 1; row 2; column 1,review_required
S019,707dac297cceb21b2b89049c996d1c5e4e276de00309428132d3ecf1bc3e68e3,36,1,2,2,,PDF page 36; detected table 1; row 2; column 2,review_required
S019,707dac297cceb21b2b89049c996d1c5e4e276de00309428132d3ecf1bc3e68e3,36,1,2,3,,PDF page 36; detected table 1; row 2; column 3,review_required
S019,707dac297cceb21b2b89049c996d1c5e4e276de00309428132d3ecf1bc3e68e3,36,1,3,1,Arunachal Pradesh,PDF page 36; detected table 1; row 3; column 1,review_required
S019,707dac297cceb21b2b89049c996d1c5e4e276de00309428132d3ecf1bc3e68e3,36,1,3,2,"Dibang Valley, Lower Subansiri",PDF page 36; detected table 1; row 3; column 2,review_required
S019,707dac297cceb21b2b89049c996d1c5e4e276de00309428132d3ecf1bc3e68e3,36,1,3,3,"Kardaadi, Kurung
Kumey",PDF page 36; detected table 1; row 3; column 3,review_required
S019,707dac297cceb21b2b89049c996d1c5e4e276de00309428132d3ecf1bc3e68e3,36,1,4,1,Assam,PDF page 36; detected table 1; row 4; column 1,review_required
S019,707dac297cceb21b2b89049c996d1c5e4e276de00309428132d3ecf1bc3e68e3,36,1,4,2,Hojai,PDF page 36; detected table 1; row 4; column 2,review_required
S019,707dac297cceb21b2b89049c996d1c5e4e276de00309428132d3ecf1bc3e68e3,36,1,4,3,,PDF page 36; detected table 1; row 4; column 3,review_required
S019,707dac297cceb21b2b89049c996d1c5e4e276de00309428132d3ecf1bc3e68e3,36,1,5,1,Bihar,PDF page 36; detected table 1; row 5; column 1,review_required
S019,707dac297cceb21b2b89049c996d1c5e4e276de00309428132d3ecf1bc3e68e3,36,1,5,2,"Bhabua, Jahanabad, Muzaffarpur, Rohtas, Saran",PDF page 36; detected table 1; row 5; column 2,review_required
S019,707dac297cceb21b2b89049c996d1c5e4e276de00309428132d3ecf1bc3e68e3,36,1,5,3,,PDF page 36; detected table 1; row 5; column 3,review_required
S019,707dac297cceb21b2b89049c996d1c5e4e276de00309428132d3ecf1bc3e68e3,36,1,6,1,Himachal Pradesh,PDF page 36; detected table 1; row 6; column 1,review_required
S019,707dac297cceb21b2b89049c996d1c5e4e276de00309428132d3ecf1bc3e68e3,36,1,6,2,"Lahul, Spiti",PDF page 36; detected table 1; row 6; column 2,review_required
S019,707dac297cceb21b2b89049c996d1c5e4e276de00309428132d3ecf1bc3e68e3,36,1,6,3,,PDF page 36; detected table 1; row 6; column 3,review_required
S019,707dac297cceb21b2b89049c996d1c5e4e276de00309428132d3ecf1bc3e68e3,36,1,7,1,Jammu & Kashmir,PDF page 36; detected table 1; row 7; column 1,review_required
S019,707dac297cceb21b2b89049c996d1c5e4e276de00309428132d3ecf1bc3e68e3,36,1,7,2,"Punch, Kistwar, Kulgam",PDF page 36; detected table 1; row 7; column 2,review_required
S019,707dac297cceb21b2b89049c996d1c5e4e276de00309428132d3ecf1bc3e68e3,36,1,7,3,,PDF page 36; detected table 1; row 7; column 3,review_required
S019,707dac297cceb21b2b89049c996d1c5e4e276de00309428132d3ecf1bc3e68e3,36,1,8,1,Maharashtra,PDF page 36; detected table 1; row 8; column 1,review_required
S019,707dac297cceb21b2b89049c996d1c5e4e276de00309428132d3ecf1bc3e68e3,36,1,8,2,Hingoli,PDF page 36; detected table 1; row 8; column 2,review_required
S019,707dac297cceb21b2b89049c996d1c5e4e276de00309428132d3ecf1bc3e68e3,36,1,8,3,,PDF page 36; detected table 1; row 8; column 3,review_required
S019,707dac297cceb21b2b89049c996d1c5e4e276de00309428132d3ecf1bc3e68e3,36,1,9,1,Manipur,PDF page 36; detected table 1; row 9; column 1,review_required
S019,707dac297cceb21b2b89049c996d1c5e4e276de00309428132d3ecf1bc3e68e3,36,1,9,2,"Churachandpur, Pherzawl",PDF page 36; detected table 1; row 9; column 2,review_required
S019,707dac297cceb21b2b89049c996d1c5e4e276de00309428132d3ecf1bc3e68e3,36,1,9,3,,PDF page 36; detected table 1; row 9; column 3,review_required
S019,707dac297cceb21b2b89049c996d1c5e4e276de00309428132d3ecf1bc3e68e3,36,1,10,1,Nagaland,PDF page 36; detected table 1; row 10; column 1,review_required
S019,707dac297cceb21b2b89049c996d1c5e4e276de00309428132d3ecf1bc3e68e3,36,1,10,2,"Tuensang, Kiphire, Zunheboto",PDF page 36; detected table 1; row 10; column 2,review_required
S019,707dac297cceb21b2b89049c996d1c5e4e276de00309428132d3ecf1bc3e68e3,36,1,10,3,Phek,PDF page 36; detected table 1; row 10; column 3,review_required
S019,707dac297cceb21b2b89049c996d1c5e4e276de00309428132d3ecf1bc3e68e3,36,1,11,1,Punjab,PDF page 36; detected table 1; row 11; column 1,review_required
S019,707dac297cceb21b2b89049c996d1c5e4e276de00309428132d3ecf1bc3e68e3,36,1,11,2,"Hoshiarpur, Nawashahr, Sas nagar, Pathankot",PDF page 36; detected table 1; row 11; column 2,review_required
S019,707dac297cceb21b2b89049c996d1c5e4e276de00309428132d3ecf1bc3e68e3,36,1,11,3,,PDF page 36; detected table 1; row 11; column 3,review_required
S019,707dac297cceb21b2b89049c996d1c5e4e276de00309428132d3ecf1bc3e68e3,36,1,12,1,Tamil Nadu,PDF page 36; detected table 1; row 12; column 1,review_required
S019,707dac297cceb21b2b89049c996d1c5e4e276de00309428132d3ecf1bc3e68e3,36,1,12,2,Chennai,PDF page 36; detected table 1; row 12; column 2,review_required
S019,707dac297cceb21b2b89049c996d1c5e4e276de00309428132d3ecf1bc3e68e3,36,1,12,3,Nagapattinam,PDF page 36; detected table 1; row 12; column 3,review_required
S019,707dac297cceb21b2b89049c996d1c5e4e276de00309428132d3ecf1bc3e68e3,36,1,13,1,Union Territory,PDF page 36; detected table 1; row 13; column 1,review_required
S019,707dac297cceb21b2b89049c996d1c5e4e276de00309428132d3ecf1bc3e68e3,36,1,13,2,Puducherry,PDF page 36; detected table 1; row 13; column 2,review_required
S019,707dac297cceb21b2b89049c996d1c5e4e276de00309428132d3ecf1bc3e68e3,36,1,13,3,Karaikal,PDF page 36; detected table 1; row 13; column 3,review_required
S019,707dac297cceb21b2b89049c996d1c5e4e276de00309428132d3ecf1bc3e68e3,36,1,14,1,Uttar Pradesh,PDF page 36; detected table 1; row 14; column 1,review_required
S019,707dac297cceb21b2b89049c996d1c5e4e276de00309428132d3ecf1bc3e68e3,36,1,14,2,"Chandauli, Deoria, Faizabad, Fatehpur,
Gautambudhnagar, Panchshil Nagar, Jaunpur,
Jyotibaphule Nagar, Mau, Mirzapur, Sitapur,
Unnao, Santravidasnagar, Amethi",PDF page 36; detected table 1; row 14; column 2,review_required
S019,707dac297cceb21b2b89049c996d1c5e4e276de00309428132d3ecf1bc3e68e3,36,1,14,3,Kushinagar,PDF page 36; detected table 1; row 14; column 3,review_required
