page,reference,text
1,PDF page 1,"1 
 
                 
ftyk vkink izca/ku 
;kstuk] nkSlk] 2025 
 
   
"
2,PDF page 2,"2 
 
 
Jh nsosUnz dqekj] vkbZ-,-,l 
ftyk dyDVj ,oa ftyk eftLVªsV 
v/;{k 
ftyk vkink izcU/ku izkf/kdj.k 
nkSlk 
 
Jh eueksgu ehuk] vkj-,-,l- 
vfrfjDr ftyk dyDVj ykylksV ,oa 
izHkkjh vf/kdkjh ¼lgk;rk½ 
lfpo] ftyk vkink izcU/ku izkf/kdj.k 
nkSlk 
 
 
 
  "
3,PDF page 3,"3 
 
 
dk;kZy; ftyk dysDVj ,oa ftyk eftLVªsV] nkSlk 
ftyk vkink izcU/ku ;kstuk& 2025 
 
izLrkouk 
ftyk vkink izcU/ku ;kstuk] fdlh Hkh izkd`frd ;k ekuotfur vkink ds iwoZ ,oa vkink ds le; 
lgh dk;Z vkSj ftEesnkjh r; djus dh ,d funsZf’kdk gSA 
 ftyk vkink izcU/ku ;kstuk&2025 dks cukus gsrq jktLFkku ds vkink izcU/ku ,oa lgk;rk foHkkx ds 
fn’kk&funsZ’k] ftyk] rglhy] LFkkuh; fudk;ksa ,oa xzke Lrj ds lHkh vf/ kdkfj;ksa ,oa vketuksa ds cgqewY; 
lq>koksa dks blesa lekfgr fd;k x;k gSA 
;g ;kstuk vkink izcU/ku vf/kfu;e 2005 dh /kkjk 31 esa fn;s x;s fn’kk&funsZ’kksa ds vk/kkj ij gh  
rS;kj dh xbZ gSA ftyk vkink izcU/ku ;kstuk cukus dk edln ftyk Lrj ij vkink ls gksus oky s 
tku&eky dh {kfr dks u gksus nsuk ;k de djuk lkFk gh ekuo tfur vkinkvksa dks jksduk ,oa LFkkuh; 
lalk/kuksa dk {kerk lao/kZu ,oa fodkl djuk gSA 
vkink ls vfHkizk; izkd`frd ;k ekuotfur dkj.kksa ls vkus okyh fdlh Hkh foifRr] nq?kZVuk] vfu""V 
vkSj xaHkhj ?kVuk ls gS tks izHkkfor leqnk; dh lgu {kerk ls ijs gksA vkink izcU/ku esa lehphu ;kstuk] 
lapkyu] leUo;u vkSj dk;kZUo;u laca/kh mik;ksa dh lr~r vkSj ,dhd`r izfØ;k dks 'kkfey fd;k x;k gSA 
ftyk vkink izcU/ku ;kstuk dk mns’;] LFkkuh; Lrj ij fdlh vkink ds [krjs vFko k laHkkouk dh 
jksdFkke] fdlh vkink dh tksf[ke vFkok bldh rhozrk vFkok ifj.kkeksa dk iz’keu] U ;wuhdj.k] vuqla/kku vkSj 
Kku izca/ku lfgr {kerk fuekZ.k] rkfd vkink dh laHkkfor fLFkfr vFkok vkink ds le; Rofjr dk;Zokgh] 
blds izHkkoks dk vkadyu] Qals gq, yksxks dks fudkyuk] cpko vkSj jkgr dk;Z ,oa iquokZl vkSj iqufuZekZ.k 
djuk gSA 
;kstuk dks le>us ds fy, lHkh dh Hkkxhnkjh] lg;ksx] tkudkjh vkSj rS;kjh vfr vko’ ;d gSA 
vkink izca/ku ;kstuk&2025] dh lQyrk rHkh laHko gS] tc ge lHkh bldk v/;;u djsa vkSj bls vkink ds 
iwoZ dh rS;kjh ,oa vkink ds le; cpko dk;Z esa mi;ksx esa yk;saA 
;kstuk dks lQy cukus esa lcdk lg;ksx] cgqewY; lq>ko Lokxr ;ksX; gSA  
 
 
 
 
Jh nsosUnz dqekj] vkbZ-,-,l- 
ftyk dyDVj ,oa ftyk eftLVªsV 
v/;{k] ftyk vkink izcU/ku izkf/kdj.k 
  
"
4,PDF page 4,"4 
 
v/;k; fo""k; lwph i`""B la[;k 
v/;k; 01 vkink izcU/ku vf/kfu;e 2005] egRoiw.kZ ifjp; 06 
1-01 ftyk vkink izcU/ku izkf/kdj.k ,oa 'kfDr;ka 07 
v/;k; 02 fodkl vkSj vkink 13 
v/;k; 03 nkSlk ftys dh :ijs[kk 15 
3-01 i;ZVu LFky 17 
3-02 izeq[k esys 20 
v/;k; 04 nkSlk ftyk ,d –f""V esa o""kZ 2023 21 
4-1 ifjogu] lapkj vkSj mtkZ 35 
v/;k; 05 vkink izcU/ku ;kstuk dh rS;kjh dh j.kuhfr 36 
5-01 vkink izcU/ku rS;kjh ;kstuk ds fy, fofHkUu Lrj ij dk;Z ;kstuk 36 
5-02 [krjk] laosnu’khyrk ,oa uqdlku dk fo’ys""k.k ¼,pohvkj,½ 38 
5-03  jksdFkke vkSj 'keu mik; 39 
v/;k; 06 vkikr izfrfØ;k ;kstuk ¼bZejtsUlh fjLiksUl Iyku½ 41 
v/;k; 07 {kerk fuekZ.k vkSj Áf'k{k.k mik; 43 
v/;k; 08 iquZfuekZ.k] iquZokl ,oa fjdojh mik; 45 
v/;k; 09 vkink izcU/ku esa ehfM;k dh ftEesnkjh 48 
v/;k; 10 nkSlk ftyk dh foink o tksf[ke dh laosnu’khyrk dk vkadyu 49 
10-01 laHkkfor foinkvksa dh igpku 49 
10-02 laosnu'khyrk 51 
v/;k; 11 fo|ky; lqj{kk ,oa vkikrdkyhu cpko mik; 52 
v/;k; 12 jktLFkku jkgr dks""k 53 
v/;k; 13 iz'kklu ds }kjk lkekU; dk;Z ;kstuk 57 
13-01 ftyk vkink izcU/ku 57 
13-02 laLFkkxr O;oLFkk 57 
v/;k; 14 dk;Z ;kstuk ds mn~ns’; 61 
v/;k; 15 nkSlk ftys ds [krjs dh :ijs[kk 62 
15-01 lw[kk ,oa foHkkxksa dh ftEesnkfj;ka 62 
15-02 vfXu dk;Z ;kstuk 63 
15-03 ce foLQksV@ vkradoknh ?kVuk 70 
15-04 cksjosy dh nq?kZVuk 71 
15-05 lM+d@jsy nq?kZVuk 73 
15-06 HkwdEi 76 
15-07 [knku nq?kZVuk vkikrdkyhu dk;Z;kstuk 79 
15-08 rki?kkr ¼yw½ ,oa foHkkxksa dh ftEesnkfj;ka 80 
15-09 'khry rjaxs ,oa foHkkxksa dh ftEesnkfj;ka 93 
15-10 jklk;fud ,oa vkS|ksfxd nq?kZVuk,W 101 
15-11 ck;ksykWftdy vkikr fLFkfr 103 
15-12 U;wfDy;j ,oa jsfM;ksyksftdy vkikr fLFkfr 104 
v/;k; 16 vkink izcU/ku esa fofHkUu foHkkxksa dh ftEesnkjh 106 
16-01 fu;a=.k d{k 106 
16-02 iqfyl foHkkx 106 
16-03 ukxfjd lqj{kk cy] LdkmV~l ,.M xkbZM~l rFkk ,u-lh-lh- 106 
16-04 jkT; vkink izfrlkn cy 107 
16-05 tu LokLF; vfHk;kaf=dh foHkkx 107 
16-06 fpfdRlk foHkkx 108 
16-07 xSj jktdh; laxBu 108 
16-08 i'kqikyu 108 
16-09 uxj ifj""kn~@uxj ikfydk 108 
16-10 [kk| ,oa ukxfjd vkiwfrZ 108 
16-11 ftyk ,oa LFkkuh; iz’kklu 109 
16-12 t;iqj fo|qr forj.k fuxe fyfeVsM 109 
16-13 i’kqikyu foHkkx 110 
16-14 lkoZtfud fuekZ.k foHkkx 110 
v/;k; 17 ck<+@vfro`f""V 111 
17-01 'kgjh ck<+ 111 
17-02 ck<+ ,oa fofHkUu foHkkxksa dh ftEesankfj;ka 112 "
5,PDF page 5,"5 
 
v/;k; 18 ck<+ ds nkSjku vU; izdkj dh vkink 123 
18-01 vksyko`f""V 123 
18-02 cka/k VwVuk 123 
18-03 vkdk’kh; fctyh fxjuk 124 
18-04 vkaèkh rwQku@èkwy Hkjh vkaèkh@rst+ gok 129 
v/;k; 19 fofHkUu foHkkxksa dh foLr`r dk;Z ;kstuk 131 
19-01 jkT; vkink izfrlkn cy 131 
19-02 ukxfjd lqj{kk cy ,oa ukxfjd lqj{kk uksM+y vf/kdkjh 131 
19-03 ukxfjd lqj{kk Lo;a lsodksa dh lwph 132 
19-04 ukxfjd lqj{kk ftyksa esa miyC/k cpko midj.kksa o vU; lalk/kuksa dh lwph 133 
19-05 ftys esa gokbZ geys@vkink dh n`f""V ls [krjs okys egRoiw.kZ 
{ks=@egRoiw.kZ LFkku ¼VAs/VPs½ dh lwph  135 
19-06 uxj ifj""kn@ uxjikfydk@xzke iapk;r dh dk;Z;kstuk 137 
19-07 i'kqikyu foHkkx  139 
19-08 lekns""Vk x`g j{kk izf’k{k.k dsUnz nkSlk 141 
19-09 iqfyl foHkkx 142 
19-10 jln foHkkx] nkSlk 143 
19-11 fpfdRlk ,oa LokLF; vf/kdkjh foHkkx] nkSlk 144 
19-12 lkoZtfud fuekZ.k foHkkx vkikr fLFkfr esa dk;Z ;kstuk 146 
19-13 tu LokF; vfHk;kaf=dh foHkkx dh vkikr fLFkfr esa dk;Z ;kstuk 148 
19-14 fo|qr foHkkx dh vkikr fLFkfr esa dk;Z ;kstuk 149 
19-15 d`f""k foHkkx dh vkikr fLFkfr esa dk;Z ;kstuk 152 
v/;k; 20 ftys dh rglhyksa dh dk;Z ;kstuk 157 
20-01 rglhy nkSlk  157 
20-02 rglhy jkex< ipokjk  161 
20-03 rglhy cStwikMk  164 
20-04 rglhy Hkk.Mkjst  167 
20-05 rglhy egok  171 
20-06 rglhy lSaFky  176 
20-07 rglhy dq.My  179 
20-08 rglhy ukaxy jktkorku  181 
20-09 rglhy clok  183 
20-10 rglhy cgjko.Mk  185 
20-11 rglhy fu>Zjuk  188 
20-12 rglhy ikiMnk  190 
20-13 rglhy ykylksV  192 
20-14 rglhy jkgwokl  200 
20-15 rglhy yok.k  202 
20-16 rglhy ckanhdqbZ  203 
20-17 rglhy fldjk;  205 
20-18 rglhy e.Mkoj  210 
v/;k;  21 ty lalk/ku foHkkx] nkSlk dh dk;Z ;kstuk 215 
21-01 rglhyokj ck<+ dh fLFkfr esa cpko gsrq vkJ; LFky 231 
21-02 ftys ds iz’kklfud vf/kdkjh ]iqfyl vf/kdkjh ]ftyk Lrjh; vf/kdkjh] tu 
izfrfuf/k;ksa ,oa egRoiw.kZ foHkkx dh lwph ,oa nwjHkk""k UkEcj 242 
 
  "
6,PDF page 6,"6 
 
v/;k; % 1 
vkink izcU/ku vf/kfu;e & 2005] egRoiw.kZ tkudkjh 
jk""Vªh; vkink izcU/ku izkf/kdj.k 
/kkjk 3 &  jk""Vªh; vkink izcU/ku izkf/kdj.k dh LFkkiuk%& 
1- ,slh rkjh[k ls ftls dsUnzh; ljdkj] jkti= esa vf/klwpuk }kjk] bl fufeRk fu;r 
djsa] bl vf/kfu;e ds iz;kstuksa  ds fy, jk""Vªh; vkink izkf/kdj.k uke ls Kkr ,d 
izkf/kdj.k dh LFkkiuk dh tk;sxhA 
2- jk""Vªh; izkf/kdj.k esa ,d v/;{k vkSj 9 ls vf/kd mrus lnL; gksaxs] ftrus dsUnzh; 
ljdkj }kjk fofgr fd;s tk;saA 
/kkjk 6 & jk""Vªh; izkf/kdj.k dh 'kfDr;ka vkSj d`R;%& 
1- jk""Vªh; izkf/kdj.k dh 'kfDr;ka bl vf/kfu;e ds micU/kksa ds v/khu jgrs gq,] vkink 
dk le; ij vkSj izHkkoh ekspu lqfuf’pr djus ds fy, vkink izcU/ku ds fy, 
uhfr;ka] ;kstuk,sa vkSj ekxZn’kZd fl)kUr vf/kdfFkr djus ds fy, mÙkjnk;h gksxkA 
2- mi/kkjk ¼1½ esa vUrfoZ""V micU/kksa dh O;kidrk ij izfrdwy izH lw[ks Mkys fcuk jk""Vªh; 
izkf/kdj.k & 
¼d½ vkink izcU/ku ds lEcU/k esa uhfr;ka vf/kdfFkr dj ldsxkA 
¼[k½ jk""Vªh; ;kstuk dk vuqeksnu dj ldsxkA 
¼x½ Hkkjr ljdkj ds ea=ky;ksa ;k foHkkxksa }kjk jk""Vªh; ;kstuk ds vuqlkj rS;kj 
dh xbZ ;kstukvksa dk vuqeksnu dj ldsxkA 
¼?k½ jkT; ;kstuk rS;kj djrs le; jkT; izkf/kdj.kksa }kjk vuqlfjr fd;s tkus 
okys ekxZn’kZd fl)kUr vf/kdfFkr dj ldsxkA 
¼M½ Hkkjr ljdkj ds fofHkUu ea=ky;ksa ;k foHkkx }kjk viuh fodkl ;kstukvksa vkSj 
ifj;kstukvksa esa vkinkvksa ds fuokj.k ;k mlds izHkkoksa ds  'keu ds mik;ksa ds 
,dhdj.k ds iz;kstuksa ds fy, viuk;s tkus okys ekxZn’kZd fl)kUr 
vf/kdfFkr dj ldsxkA 
 
jkT; vkink izcU/ku izkf/kdj.k 
/kkjk 14 &  jk""Vªh; vkink izcU/ku izkf/kdj.k dh LFkkiuk%& 
1- izR;sd jkT; ljdkj /kkjk 3 dh mi/kkjk ¼1½ ds v/khu vf/klwpuk tkjh fd;s tkus ds 
i'pkr ;Fkk’kh?kz jkT;i= esa vf/klwpuk }kjk jkT; ds fy, ,sls uke ls tks jkT; 
ljdkj dh vf/klwpuk esa fofufnZ ""V fd;k tk;s jkT; vkink izcU/ku izkf/kdj.k dh 
LFkkiuk djsxhA 
/kkjk 18 & jkT; izkf/kdj.k dh 'kfDr;ka vkSj d`R;%& 
1- jkT; izkf/kdj.k }kjk vf/kfu;e ds micU/kksa ds v/khu jgrs gq, jkT; esa vkink izcU/ku  
ds fy, uhfr;ka vkSj ;kstuk,sa vf/kdfFkr djus ds fy, mRrjnk;h gksxkA 
 
 
 
 
 
 "
7,PDF page 7,"7 
 
ftyk vkink izcU/ku izkf/kdj.k 
/kkjk 25 & ftyk vkink izcU/ku izkf/kdj.k dk xBu%& 
1- izR;sd jkT; ljdkj] /kkjk 14 dh mi/kkjk ¼1½ ds v/khu vf/klwpuk tkjh fd;s tkus ds 
i'pkr ;Fkk'kh?kz jkT; esa izR;sd ftys ds fy, ,sls uke ls tks vf/klwpuk esa fofufnZ""V 
fd;k tk;s] ,d ftyk vkink izcU/ku izkf/kdj.k dh LFkkiuk djsxhA 
2- ftyk izkf/kdj.k es v/;{k vkSj 7 ls vuf/kd mrus vU; lnL; gksaxs] ftrus jkT; 
ljdkj }kjk fofgr fd;s tk;sa vkSj tc rd fd fu;eksa esa vU;Fkk micU/k u fd;k 
tk;s] blesa fuEufyf[kr lnL; gksaxs & 
¼d½ ftys dk dyDVj ;k ftyk eftLVªsV ;k mik;qDr tks insu v/;{k gksxkA 
¼[k½ LFkkuh; izkf/kdkjh dk fuokZfpr izfrfuf/k] tks insu lg v/;{k gksxkA 
¼x½ ftyk izkf/kdj.k dk eq[; dk;Zikyd vf/kdkjh & lnL;A 
¼?k½ iqfyl v/kh{kd & lnL;A 
¼M½ ftys dk eq[; fpfdRlkf/kdkjh & lnL;A 
¼p½ nks ls vuf/kd ftyk Lrj ds vU; vf/kdkjh] ftUgsa jkT; ljdkj }kjk fu;qDr 
fd;k tk;sxkA     
3- ,sls fdlh ftys es tgk¡  ftyk ifj""kn fo|eku gS] mldk v/;{k ftyk izkf/kdj.k dk 
lg v/;{k gksxkA 
4- jkT; ljdkj ftys ds fdlh ,sls vf/kdkjh dks tks ;FkkfLFkfr vij dyDVj ;k vij 
ftyk eftLVªsV ;k vij mik;qDr dh iafDr ls uhps dk uk gks] ,slh 'kfDr;ksa dk 
iz;ksx vkSj ,sls d`R;ksa dk ikyu djus ds fy, tks] jkT; ljdkj }kjk fofgr fd;s 
tk;sa] vkSj ,slh vU; 'kfDr;ksa dk iz;ksx vkSj d`R;ksa dk ikyu djus ds fy, tks ftyk 
izkf/kdj.k }kjk mls izR;k;ksftr fd;k tk;s] ftyk izkf/kdj.k dk eq[; dk;Zikyd 
vf/kdkjh fu;qDr djsxhA 
/kkjk 26 & ftyk izkf/kdj.k ds v/;{k dh 'kfDr;ka%& 
1- ftyk izkf/kdj.k dk v/;{+k ftyk izkf/kdj.kksa ds vf/kos’kuksa dh v/;{krk djus ds 
vfrfjDr] ftyk izkf/kdj.k dh ,slh 'k fDr;ksa dk iz;ksx vkSj d`R;ksa dk fuokZgu djsxk] 
tks ftyk izkf/kdj.k mls izR;k;ksftr djsaA 
2- ftyk izkf/kdj.k ds v/;{k dks vkikr dh n’kk es ftyk izkf/kdj.k dh lHkh ;k fdUgha 
'kfDr;ksa dk iz;ksx djus dh 'kfDr gksxhA fdUrq ,slh 'kfDr;ksa dk iz;ksx ftyk 
izkf/kdj.k ds dk;ksZrj vuqleFkZu ds v/khu jgrs gq, gksxkA 
3- ftyk izkf/kdj.k dk v/;{k lk/kkj.k ;k fo’ks""k fyf[kr vkns’k }kjk ;Fkk fLFkfr] 
mi/kkjk ¼1½ ;k mi/kkjk ¼2½ ds v/khu viuh 'kfDr;ksa vkSj d`R;ksa esa ls ,slh 'kfDr;k sa 
vkSj d`R; ftyk izkf/kdj.k ds eq[; dk;Zikyd vf/kdkjh dks ,slh 'krksZa vkSj fucU/kuksa] 
;fn dksbZ gks] ftUgsa og Bhd le>s] ds v/khu jgrs gq, izR;k;ksftr dj ldsxkA 
/kkjk 28 & lykgdkj lfefr;ksa vkSj vU; lfefr;ksa dk xBu%& 
1- ftyk vkink izkf/kdj.k] tc Hkh oks vko’;d le>s] vius d`R;ksa ds n{krkiw.kZ fuoZgu 
ds fy, ,d ;k vf/kd lykgdkj lfefr;ksa vkSj vU; lfefr;ksa dk xBu dj ldsxkA 
2- ftyk izkf/kdj.k vius lnL;ksa esa ls mi/kkjk ¼1½ es fufnZ""V lfefr dk v/;{k fu;qDr 
djsxkA 
/kkjk 29 & ftyk izkf/kdj.k ds vf/kdkfj;ksa vkSj vU; deZpkfj;ks dh fu;qfDr%& 
jkT; ljdkj ftyk izk f/kdj.k dks mrus vf/kdkjh ijke’kZnkrk vkSj vU; deZpkjh 
miyC/k djk;sxh ftrus og ftyk izkf/kdj.k ds d`R;ksa ds fuoZgu ds fy, vko’;d 
le>saA "
8,PDF page 8,"8 
 
 
 /kkjk 30 & ftyk izkf/kdj.k dh 'kfDr;k¡ vkSj d`R;%& 
1- ftyk izkf/kdj.k vkink izcU/ku ds fy, ftyk ;kstuk] leUo;u vkSj dk;kZUo;u 
fudk; ds :i esa dk;Z djsxk vkSj jk""Vªh; izkf/kdj.k vkSj jkT; izkf/kdj.k }kjk vf/kdfFkr 
ekxZn’kZd fl)kUrksa ds vuqlkj ftys esa vkink izcU/ku ds izk;kstu ds fy, lHkh mik; 
djsxkA 
2- ftyk izkf/kdj.k] mi/kkjk ¼1½ ds mica/kksa ij izfrdwy izHlw[ks Mkys fcuk %& 
(i) ftys ds fy, ftyk ekspu ;kstuk lfgr vkink izca/ku ;kstuk rS;kj dj 
ldsxk] 
(ii) jk""Vªh; uhfr] jkT; uhfr] jk""Vªh; ;kstuk] jkT; ;kstuk vkSj ftyk ;kstuk ds 
dk;kZUo;u dk leUo; vkSj ekWfuVfjax dj ldsxk] 
(iii) ;g lqfuf’pr dj ldsxk fd vkinkvksa ds laosnu’khy {ks=ksa dh igpku dh xbZ 
gS vkSj vkinkvksa ds fuokj.k vkSj mlds izHkkoksa ds 'keu ds fy, mik; ftyk 
Lrj ij ljdkj ds foHkkxksa }kjk rFkk LFkkuh; izkf/kdkfj;ksa }kjk fd, x, gS % 
(iv) ;g lqfuf’pr dj ldsxk fd vkinkvksa ds fuokj.k mlds izHkkoksa ds le; rS;kjh 
ds vkSj jk""Vªh; izkf/kdj.k rFkk jkT; izkf/kdj.k }kjk ;Fkk vf/kdfFkr ekspu ds 
mik;ksa dk ftyk Lrj ij ljdkj ds foHkkxksa vkSj ftys esa LFkkuh; izkf/kdkfj;ksa  
}kjk vuqlj.k fd;k tkrk gSA  
(v) ftyk Lrj ds izkf/kdkfj;ksa vkSj LFkkuh; izkf/kdkfj;ksa dh vkinkvksa ds fuokj.k ;k 
'keu ds fy, ,sls vU; mik; djus ds fy, funsZ’k ns ldsxk] tks vko’;d gksaA 
(vi) ftyk Lrj ij ljdkjh foHkkxksa vkSj ftys esa LFkkuh; izkf/kdkfj;ksa }kjk vkink 
fuokj.k izca/ku ;kstukvksa ds fy, ekxZn’kZd fl)kUr vf/kdfFkr dj ldsxkA 
(vii) ftyk Lrj ij ljdkjh foHkkxksa }kjk rS;kj dh xbZ vkink izca/ku ;kstukvksa ds 
dk;kZUo;u dks ekWuhVj dj ldsxk % 
(viii) ftyk Lrj ij ljdkjh foHkkxksa }kjk viuh ;kstukvksa vkSj ifj;kstukvksa esa vkink 
fuokj.k vkSj 'keu ds fy, mik;ksa ds ,dhdj.k ds iz;kst u ds fy, vuqlfjr 
fd, tkus ds fy, ekxZn’kZd fl)kUr vf/kdfFkr dj ldsxk vkSj muds fy, 
vko’;d rduhdh lgk;rk miyC/k djk ldsxkA 
(ix) [kaM (viii) esa fufnZ""V mik;ksa ds dk;kZUo;u dks ekWuhVj dj ldsxkA 
(x) ftys esa fdlh vkink ;k vkink dh vk’kadk dh fLFkfr ds ekspu ds fy, j kT; 
dh {kerkvksa dk iqufoZyksdu dj ldsxk vkSj muds mUu;u ds fy, ftyk LRkj 
ij lacaf/kr foHkkxksa ;k izkf/kdkfj;ksa dks ,sls funsZ’k ns ldsxk] tks vko’;d gksaA 
(xi) rS;kjh mik;ksa dk iqufoZyksdu dj ldsxk vkSj ftyk Lrj ij lac) foHkkxksa ;k 
lac) izkf/kdkfj;ksa dks tgka fdlh vkink ;k vkink dh vk’kadk dh fLFkfr dk 
izHkkoh :i ls ekspu djus ds fy, rS;kjh mik;ksa dks visf{kr Lrjksa rd ykuk 
vko’;d gksa] funsZ’k ns ldsxkA 
(xii) ftys es fofHkUu Lrjksa ds vf/kdkfj;ksa] deZpkfj;ksa vkSj LoSfPNd cpko 
dk;ZdrkZvksa ds fy, fo’ks""kKrk izf’k{k.k dk;ZØeksa dks vk;ksftr dj ldsxk vkSj 
mudk leUo;u dj ldsxkA 
(xiii) vkink fuokj.k ;k 'keu ds fy, LFkkuh; izkf/kdkfj;ksa] ljdkjh vkSj xSj 
ljdkjh laxBuksa dh lgk;rk ls lkeqnkf;d izf’k{k.k vkSj tkx:drk dk;ZØeksa 
dks lqdj cuk ldsxkA 
(xiv) turk dks iwoZ psrkouh vkSj mfpr lwpuk ds izlkj ds fy, ra= dh LFkkiuk 
dj ldsxk mldk vuqlj.k dj ldsxk] iqufoZyksdu vkSj mUu;u dj ldsxkA "
9,PDF page 9,"9 
 
(xv) ftyk Lrj ekspu] ;kstuk vkSj ekxZn’kZd fl)kUrksa dks cuk ldsxk] mudk 
iqufoZyksdu vkSj mUu;u dj ldsxkA 
(xvi) fdlh vkink dh vk’kadk dh fLFkfr ;k vkink ds eksp u dk leUo;u dj 
ldsxkA 
(xvii) ;g lqfuf’pr dj ldsxk fd ftyk Lrj ij ljdkjh foHkkxksa vkSj LFkkuh; 
izkf/kdkjh ftyk ekspu ;kstuk ds vuqlj.k esa viuh ekspu ;kstuk rS;kj djsaA 
(xviii) ftyk Lrj ij laca) ljdkjh foHkkx ;k ftys dh LFkkuh; lhekvksa ds Hkhrj 
vU; izkf/kdkjh ds fy, fdl h vkink dh vk’kadk dh fLFkfr ;k vkink ds 
izHkkoh ekspu ds mik; djus ds fy, ekxZn’kZd fl)kar vf/kdfFkr dj ldsxk 
;k mUgsa funsZ’k ns ldsxkA 
(xix) ;g lqfuf’pr dj ldsxk fd ftyk Lrj ij ljdkjh foHkkxksa vkSj LFkkuh; 
izkf/kdkjh ds fy, fdlh vkink dh vka’kdk dh fLFkfr ;k  vkink ds izHkkoh 
ekspu ds mik; djus ds fy, ekxZn’kZd fl)kar vf/kdfFkr dj ldsxk ;k mUgsa 
funsZ’k ns ldsxkA 
(xx) ftyk Lrj ij ljdkjh foHkkxksa] dkuwuh fudk;ksa] vkSj ftys esa vkink izca/ku es a 
yxs ljdkjh vkSj xSj ljdkjh laxBuksa dks lykg ns ldsxk] mudh lgk;rk 
dj ldsxk vkSj ftys esa LFkkuh; izkf/kdkfj;ksa ds lkFk leUo;u dj ldsxk 
vkSj mudks ekxZfunsZ’k ns ldsxkA 
(xxi) ftys esa LFkkuh; izkf/kdkfj;ks dks muds d`R;ksa dks djus ds fy, vko’;d 
rduhdh lgk;rk miyC/k djk ldsxk ;k mUgsa lykg ns ldsxkA 
(xxii) ftyk Lrj ij ljdkjh foHkkxksa] dkuwuh izkf/kdkfj;ksa ;k LFkkuh; izkf/kdkfj;ksa 
}kjk vkink fuokj.k ;k mudk 'keu djus ds fy, rS;kj dh xbZ fodkl 
;kstukvksa esa vko’;d mica/kksa dks /;ku esa j[krs gq, mudk iqufoZyksdu dj 
ldsxkA 
/kkjk 31 & ftyk vkink izcU/ku ;kstuk dh rS;kjh%& 
1- jkT; ds izR;sd ftys ds fy, vkink izca/ku gsrq ,d ;kstuk gksxhA 
2- ftyk izkf/kdj.k }kjk] LFkkuh; izkf/kdkfj;ksaa ls ijke’kZ djus ds i'pkr vkSj jk""Vªh;  
;kstuk vkSj jkT; ;kstuk dks /;ku esa j[krs gq, ftyk ;kstuk rS;kj dh tk,xh ftls 
jkT; izkf/kdj.k }kjk vuqeksfnr fd;k tk;sxkA 
3- ftyk ;kstuk esa fuEufyf[kr lfEefyr gksxk & 
¼d½ ftys esa ,sls {ks= tks vkinkvksa ds fofHkUu :iksa ls laosnu’khy gSA 
¼[k½ ftyk Lrj ds ljdkjh foHkkxksa vkSj ftys ds LFkkuh; izkf/kkdkfj;ksa }kjk 
vkinkvksa ds fuokj.k vkSj 'keu ds fy, fd, tkus okys  
¼x½ ftyk Lrj ds ljdkjh foHkkxksa vkSj ftys ds LFkkuh; izkf/kdkfj;ksa }kjk fdlh 
vkink dh vk’kadk dh fLFkfr ;k vkink ds ekspu ds fy, visf{kr {kerk 
fuekZ.k vkSj mudh rS;kjh mik;A 
¼?k½ fdlh vkink dh n’kk esa] ekspu ;kstuk,sa vkSj izfØ;k,sa] ftuesa fuEufyf[kr ds 
fy, mica/k gksa & 
(i) ftyk Lrj dh ljdkjh foHkkxksa vkSj ftys esa LFkkuh; fudk;ksa ds 
mrjnkf;Roksa dk vkoaVu % 
(ii) vkink dk rqjar ekspu vkSj mlls jkgr] 
(iii) vko’;d lalk/kuksa dk Hk.Mkj.kA 
(iv) Lakpkj lEidZ  dh LFkkiuk] vkSj 
(v) Tkurk dks lwpuk dk izlkjA "
10,PDF page 10,"10 
 
¼M½ ,sls vU; fo""k; tks jkT; izkf/kdj.k }kjk visf{kr gksaA 
4- ftyk ;kstuk dk okf""kZd :i ls iqufoZyksdu fd;k tk,xk vkSj mls v|ru fd;k 
tk,xkA 
5- mi/kkjk ¼2½ vkSj mi/kkjk ¼4½ esa fufnZ""V ftyk ;kstuk dh izfr;ka ftys esa ljdkjh 
foHkkxksa dks miyC/k djkbZ tk;sxhA 
6- ftyk izkf/kdj.k ftyk ;kstuk dh ,d izfr jkT; izkf/kdj.k dks Hkstsxk ftls og jkT; 
ljdkj dks vxzsf""kr djsxkA 
7- ftyk izkf/kdj.k le;&le; ij] ;kstuk ds dk;kZUo;u dk iqufoZyksdu djsxk vkSj 
ftys esa ljdkj ds fofHkUu foHkkxksa dks  ,sls vuqns’k tkjh djsxk ftUgsa og dk;kZUo; u 
ds fy, vko’;d le>sA 
LFkkuh; izkf/kdkjh 
/kkjk 41 & LFkkuh; izkf/kdkjh ds d`R;%& 
1- LFkkuh; izkf/kdkjh] ftyk izkf/kdj.k ds funsZ’kksa ds v/khu jgrs gq,& 
 ;g lqfuf’pr djsxk fd mlds vf/kdkjh vkSj deZpkjh vkink izca/ku ds fy, 
izf’kf{kr gSA 
 ;g lqfuf’pr djsxk fd vkink izca/ku ls lacaf/kr laLFkkuksa dk bl izdkj 
vuqj{k.k fd;k tk jgk gS ftlls fd ;s fdlh vkink dh vk’kadk dh fLFkfr ;k 
vkink dh n’kk esa lnSo mi;ksx ds fy, miyC/k jgsaxsA 
 ;g lqfuf’pr djsxk fd mlds v/khu ;k mldh vf/kdkfjrk ds Hkhrj lHkh 
lfUuekZ.k ifj;kstuk,sa jk""Vªh; izkf/kdj.k] jk T; izkf/kdj.k vkSj ftyk izkf/kdj.k 
}kjk vkinkvksa ds fuokj.k vkSj 'keu ds fy, vf/kdfFkr ekudksa vkSj fofunsZ’kksa  
ds vuq:i gSA 
 izHkkfor {ks= esa jkT; ;kstuk vkSj ftyk ;kstuk ds vuqlkj jkgr] iquokZl vkSj 
iqufuZekZ.k dh fØ;kdyki djsxkA 
2- LFkkuh; izkf/kdkjh ,sl s vU; mik; dj ldsxk ftUgsa og vkink izca/ku ds fy, 
vko’;d le>saA 
 
jk""Vªh; vkink ekspu cy 
/kkjk 44 & jkT; vkink ekspu cy ¼,lMhvkj,Q½%& 
1- fdlh vkink dh vk’kadk dh fLFkfr ;k vkink ds fo’ks""krkiw.kZ ekspu ds iz;kstu ds 
fy, ,d jk""Vªh; vkink ekspu cy dk xBu fd;k tk,xkA 
2- bl vf/kfu;e ds mica/kksa ds v/khu jgrs gq,] mDr cy dk xBu ,slh jhfr ls fd;k 
tk,xk vkSj cy ds lnL;ksa dh lsok dh 'krsaZ ftuds varxZr muds fy, vuq’kklu 
laca/kh mica/ku Hkh gS] os gksaxh tks fofgr dh tk,aA 
/kkjk 45 & fu;a=.k] funsZ’ku%& 
cy dk lk/kkj.k v/kh{k.k] funsZ’ku vkSj jk""Vªh; izkf/kdj.k esa fufgr gksxk vkSj mlds }kjk 
mudk iz;ksx fd;k tk,xk rFkk cy dh deku vkSj mldk v/kh{k.k dsUnzh; ljdkj }kjk 
jk""Vªh; vkink ekspu cy ds egkfuns’kd ds :i esa fu;qDr fd, tkus okys vf/kdkjh esa 
fufgr gksxkA 
 
 "
11,PDF page 11,"11 
 
foRr] ys[kk vkSj laijh{kk 
 /kkjk 46 & jk""Vªh; vkink ekspu fuf/k%& 
1- dsUnzh; ljdkj] jkti= esa vf/klwpuk }kjk] fdlh vkink dh vk’kadk dh fLFkfr ;k 
vkink ls fuiVus ds fy, jk""Vªh; vkink ekspu fuf/k ds uke ls Kkr gksus okyh ,d 
fuf/k dk xBu dj ldsxh vkSj mlesa fuEufyf[kr tek fd, tk,sxsa %& 
(i) ,slh jde ftls dsUnzh; ljdkj] laln }kjk bl fufer fof/k }kjk fd, x, lE;d~ 
fofu;ksx ds i'pkr iznku djsaA 
(ii) ,sls dksbZ vuqnku vkink izca/ku ds iz;kstu ds fy, fdlh O;fDr ;k laLFkk }kjk 
fn, x, dksbZ vuqnkuA 
2- dsUnzh; ljdkj }kjk jk""Vªh; izkf/kdj.k ds ijke’kZ ls vf/kdfFkr ekxZn’k Zd fl)karksa ds 
vuqlkj vkikrdkyhu ekspu] jkgr vkSj iquokZl ds O;;ksa dks pqdkus ds fy, mi;ksx 
fd, tkus gsrq jk""Vªh; dk;Zdkfj.kh lfefr dks jk""Vªh; vkink ekspu fuf/k miyC/k djkbZ 
tk;sxhA 
vijk/k vkSj 'kfDr;ka (Penaltises and Prosecution) 
/kkjk 51 & ck/kk Mkyus vkfn ds fy, naM%& 
     tkss dksbZ ;qfDr;qDr dkj.k ds fcuk & 
(i) dsUnzh; ljdkj ;k jkT; ljdkj ds fdlh vf/kdkjh ;k deZpkjh vFkok jk""Vªh; 
izkf/kdj.k ;k jkT; izkf/kdj.k vFkok ftyk izkf/kdj.k }kjk izkf/kd`r fdlh O;fDr ds 
fy, bl vf/kfu;e ds v/khu mlds d`R;ksa ds fuoZgu esa ck/kk Mkysxk % ;k 
(ii) bl vf/kfu;e ds v/khu dsUnzh; ljdkj ;k jkT; ljdkj ;k jk""Vªh; dk;Zdkfj.kh 
lfefr ;k ftyk izkf/kdj.k }kjk ;k mldh vksj ls fn, x , fdlh funsZ’k dk ikyu 
djus ls badkj djsxk] og nks""kflf) ij dkjkokl ls ] ftldh vof/k ,d o""kZ rd 
dh gks ldsxh ;k tqekZus ls] vFkok nksuksa ls naMuh; gksxk vkSj ;fn ,slh ck/kk ;k  
funsZ’kksa dk ikyu djus ls badkj djus ds ifj.kkeLo:i  tu dh gkfu gksrh gS ;k 
muds fy, vklUu [krjk iSnk gksrk gS] rks nks""kflf) ij dkjkokl ls] ftldh vof/k 
nks o""kZ rd dh gks ldsxh] naMuh; gksxkA 
/kkjk 52 & feF;k nkos ds fy, naM%& 
Tkks dksbZ tkucw>dj dsUnzh; ljdkj] jkT; ljdkj] jk""Vªh; izkf/kdj.k] jkT; izkf/kdj.k] 
ftyk izkf/kdj.k ds fdlh vf/kdkjh ls vkink ds ifj.kkeLo:Ik dksbZ jkgr] lgk;rk] 
ejEer] fuekZ.k ;k vU; Qk;ns vfHkizkIr djus ds fy, ,slk nkok djsx k ftlds ckjs esa 
og tkurk gS ;k fo'okl djus dk mlds ikl dkj.k gS fd og feF;k gS] rks nks""kflf) 
ij dkjkokl ls] ftldh vof/k nks o""kZ rd dh gks ldsxh] vkSj tqekZus ls Hkh naMuh; 
gksxkA 
/kkjk 53 & /ku ;k lkexzh vkfn ds nq:Ik;ksx ds fy, naM%& 
Tkks dksbZ] ftls fdlh vkink dh vk’kadk dh fLFkfr ;k vkink esa jkgr igwWpkus ds fy, 
vk’kf;r dksbZ /ku ;k lkexzh lkSaih xbZ gS ;k vU;Fkk dksbZ /ku ;k eky mldh vfHkj{kk 
;k vkf/kiR; esa vkSj og ,sls /ku ;k lkexzh ;k mlds fdlh Hkk x dk nq:i;ksx djsxk ;k 
vius Lo;a ds mi;ksxds fy, mi;kstu djsxk vFkok mldk O;;u djsxk ;k tkucw>dj 
fdlh vU; O;fDr dks ,slk djus ds fy, foo’k djsxk] rks og nks""kflf) ij dkjkokl] 
ftldh vof/k nks o""kZ rd dh gks ldsxh vkSj tqekZus ls Hkh] naMuh; gksxkA 
 
 "
12,PDF page 12,"12 
 
/kkjk 55 & ljdkj ds foHkkxksa }kjk vijk/k%& 
1- tgka bl vf/kfu;e ds v/khu dksbZ vijk/k ljdkj ds fdlh foHkkx }kjk fd;k x;k 
gS] ogk foHkkxk/;{k ,sls vijk/k dk nks""kh le>k tk;sxk vkSj rnuqlkj vius fo:) 
dk;Zokgh dh tkus vkSj nafMr fd, tkus dk Hkkxh gksxk] tc rd fd og ;g  lkfcr 
ugha dj nsrk fd vijk/k mldh tkudkjh ds fcuk fd;k x;k Fkk ;k mlus ,sls 
vijk/k ds fd, tkus dk fuokj.k djus ds fy, lc lE;d rRijrk cjrh FkhA 
2- mi/kkjk ¼1½ esa fdlh ckr ds gksrs gq, Hkh] bl vf/kfu;e ds v/khu dksbZ vijk/k 
ljdkj ds fdlh foHkkx }kjk fd;k x;k gS vkSj lkfcr gks tkrk gS fd og vijk/k 
foHkkxk/;{k ls  fHkUu fdlh vU; vf/kdkjh dh lgefr ;k ekSukuqdwyrk ls fd;k x;k 
gS ;k ml vijk/k dk fd;k tkuk mldh fdlh mis{kk ds dkj.k ekuk tk ldrk gS 
ogka ,slk vf/kdkjh ml vijk/k dk nks""kh ekuk tk,xk vkSj rnuqlkj vius f o:) 
dk;Zokgh fd, tkus vkSj nafMr fd, tkus dk Hkkxh gksxkA 
/kkjk 56 & vf/kdkjh dh drZO; ikyu esa vlQyrk ;k mldh vksj ls bl vf/kfu;e 
ds mica/kksa ds mYy?kau ds izfr ekSukuqdwyrk%& 
,slk dksbZ vf/kdkjh] ftl ij bl vf/kfu;e }kjk ;k mlds v/khu dksbZ drZO; 
vf/kjksfir fd;k x;k gS vkSj tks vius in ds drZO;ksa dk ikyu ugha djsxk ;k djus ls 
badkj djsxk ;k Lo;a dks mlls foeq[k dj ysxk rks] tc rd fd mlus vius ls ofj""B 
vf/kdkjh dh vfHkO;Drfyf[kr vuqefr vfHkizkIr u dj yh xbZ gks ;k mlds ikl ,slk 
djus ds fy, dksbZ vU; fof/kiw.kZ dkj.k u gks] ,sls dkjkokl ls] ftldh vof/k ,d o""kZ 
rd dh gks ldsxh] ;k tqekZus ls] naMuh; gksxkA 
/kkjk 57 & v/;is{kk ds laca/k esa fdlh vkns’k dss mYy?kau ds fy, 'kkfLr%& 
;fn dksbZ O;fDr /kkjk 57 ds v/khu fd, x, fdlh vkns’k dk mYy?kau djsxk rks  og ,sls 
dkjkokl ls] ftldh vof/k ,d o""kZ rd dh gks ldsxh] ;k tqekZus ls] vFkok nksuksa ls 
naMuh; gksxkA 
/kkjk 58 & daifu;ksa }kjk vijk/k%& 
1- tgk¡  bl vf/kfu;e ds v/khu dksbZ vijk/k] fdlh daiuh ;k fu;fer fudk; }kjk 
fd;k x;k gS] ogka ,slk izR;sd O;fDr] tks vijk/k fd;s tkus ds le; ml dEiuh ds 
dkjksckj dks lapkyu ds fy, ml dEiuh dk Hkkjlk/kd vkSj mlds izfr mRrjnk;h 
Fkk] vkSj lkFk gh og daiuh Hkh ,sls mY ya?ku ds nks""kh  le>s tk;saxs] vkSj rn~uqlkj 
vius fo:) dk;Zokgh fd;s tkus vkSj nafMr fd;s tkus ds Hkkxh gkssaxsA ijUrq bl 
mi/kkjk dh dksbZ ckr fdlh ,sls O;fDr dks bl vf/kfu;e esa lacaf/kr fdlh naM dk 
Hkkxh ugha cuk;sxh] ;fn og ;g lkfcr dj nsrk gS fd vijk/k  mldh tkudkjh ds 
fcuk fd;k x;k Fkk] ;k mlus ,sls vijk/k ds fd;s tkus dk fuokj.k djus ds fy, 
lc lE;d rRijrk cjrh FkhA 
2- mi/kkjk ¼1½ esa fdlh ckr ds gksrs gq, Hkh] tgka bl vf/kfu;e ds v/khu dksbZ vijk/k 
fdlh dEiuh }kjk fd;k x;k gS] vkSj ;g lkfcr gks tkrk gS fd  og vijk/k dEiuh 
ds fdlh funs’kd] izcU/kd] lfpo ;k vU; vf/kdkjh dh lgefr ;k ekSukuqdwyrk ls 
fd;k x;k gS ;k ml vijk/k dk fd;k tkuk mldh fdlh mis{kk ds dkj.k ekuk tk 
ldrk gS] ogka ,slk funs’kd] izcU/kd] lfpo ;k vU; vf/kdkjh Hkh ml vijk/k dk 
nks""kh le>k tk;sxk vkSj rnuqlkj vius fo:) dk;Zokgh fd;s tkus vkSj nafMr fd;s 
tkus dk Hkkxh gksxkA 
  "
13,PDF page 13,"13 
 
v/;k; % 2 
fodkl vkSj vkink 
bfrgkl dh 'kq:vkr ls gh euq""; vius vfLrRo dks cuk;s j[kus ds fy, izd`fr ls la?k""kZ 
dj jgk gSA  Hkys gh euq""; us lkekftd] oSKkfud o rduhdh ds {ks= esa dkQh izxfr dj yh 
gS] ijUrq vkt Hkh vkink,sa mlds  fu;a=.k esa ugha gS oju~ izkS|ksfxd  vkSj vkS|ksfxd  fodkl us 
ekuoh;d`r vkinkvksa ds fy, u;s }kj [kksy fn;s gS tks fnu izfrfnu c<+rs tk jgs gSA izfro""k Z 
fo’o ds dbZ Hkkxksa esa ,d ;k vf/kd izdkj dh vkinkv ksa dk fouk’kdkjh izHlw[ks iMrk gS ftlls 
tku o eky dk dkQh uqdlku gksrk gSA 
Hkkjr ns’k Hkh ck<+] HkwdEi] lw[kk vkfn izkd`frd vkinkvksa ls xzLr gS ftuls ekuo thou  
dks vf/kdre {kfr gksrh gSA lw[kk o ck<+ tSlh vkinkvksa ls Qly vkSj ouLifr ds Hkkjh 
uqdlku ds vykok i'kq/ku ds lkFk futh rFkk lkoZtfud laifÙk ;ka Hkh u""V gks tkrh gSA 1990 
esa mMhlk esa vk;s rwQku (Super Cyclone), 26 tuojh] 2001 esa xqtjkr dk HkwdEi fouk’k] 
26 fnlEcj] 2004 esa nf{k.kh jkT;ksa esa vk;h lqukeh] 29 vDVwCkj] 2009 dks t;iqj ds lhrkiq jk 
vkS|ksfxd {ks= esa fLFkr bafM;u vkW;y fMiksa esa gq;s Hkkjr ds lcls Hkh""k.k vfXudkaM rFkk  16 
twu] 2013 dks mRrjk[k.M ds dsnkjukFk@xkSjhdq.M@xqIr dk’kh esa gqbZ Hkh""k.k izkd`frd rckgh  
bR;kfn blds rktk mnkgj.k gSaA 
1- cgq& vkink vuqfØ;k ;kstuk%& 
 vkink izcU/ku ;kstuk jkT; ,oa ftys esa gksus okyh laHkkfor vkinkvksa tSls HkwdEi] ck<+] 
pØokr] lw[kk] egkekjh] vkS|ksfxd o jklk;fud nq?kZVuk,sa] vkaxtuh] lMd nq?kZVuk,sa] jsy 
o ok;q;ku nq?kZVuk,sa bR;kfn ls fuiVus gsrq ,d lgk;d nLrkost gSA jkTkLFkku o lw[kk 
,d nwljs ds i ;kZ;okph cu x;s gSA ¼1950&2000½ ds 50 o""kksZ esa ek= N% o""kZ gh lw[kk 
jfgr jgs gS tcfd 44 o""kksZ esa jkT; ds fdlh u fdlh ftys dk Hkkx vdky xzLr jgk 
gSA bl izdkj jkT; esa Hkh""k.kre lw[kk yxkrkj 1965&69] 1979&82] 1984&87] 1991&92] 
1999&2000 esa jgk gSA 1980 ls 2000 ds nks n’kdksa esa ek= 1983&84] 1992&93] 
1995&96 o 1997&98 gh yxHkx lw[kk o vdky jfgr jgs gSA jkT; esa vdky dh 
fujUrjrk o l?kurk c<rh tk jgh gSA ftlds ifj.kkeLo:i jkT; ds ftu ftyksa esa 
lw[kk dHkh dHkh iMrk Fkk og LFkkbZ vkink cu x;k gSA 
 laor~ 2057 esa jkT; ds 32 esa ls 31 ftys lw[kk ls izHkkfor gq,saA lw[kk ek= izkd`frd 
dkj.kksa ls gh ugh oju~ ekuo ds vfu;af=r ty fonksgu xyr Qlyksa ds p;u] i;kZoj.k 
esa vlUrqyu ds dkj.k Hkh gksrk gSA bldk izH lw[ks izR;{k o vizR;{k :i ls lHkh oXkZ ds 
yksxksa rFkk eosf’k;ksa ij iMrk gSA ck<+ o HkwdEi Hkh ,slh vkink,sa gaS tks foLr`r {ks= esa 
tu] /ku] ,oa i;kZoj.k dks izHkkfor djrs gS tcfd egkekjh tSlh vkink dk izH lw[ks 
fo’kky tu lewg ij ns[kk tkrk gSA bu lHkh izdkj dh vkinkvksa ds izHkkoh izca/ku gsrq 
O;kid lalk/kuksa ,oa izf’kf{kr ekuo’kfDr dh vko’;drk gksrh gSA 
 ftyk vkink izcU/ku ;kstuk vkinkvksa ds izcU/ku gsrq cgq&vuqf Ø;k ;kstuk gS rFkk 
izfrdwy fLFkfr ls fuiVus ds fy, ;g laLFkkxr <kpsa dh :ijs[kk fuf’pr djrk gSA ;g 
;kstuk fof’k""V vkinkvksa dh fLFkfr esa fofHkUu l aLFkkvksa }kjk dh tkus okyh xfrfof/k;ksa 
dks Hkh lqfuf’pr djrk gSA 
 
 
 
 
 "
14,PDF page 14,"14 
 
2-  ftyk vkink izca/ku dk;Z ;kstuk ds mn~ns’;%& 
 Lkekt esa iz’kklu ds izfr fo’okl iSnk dj lkeqnkf;d lgHkkfxrk] iz’kklu ds lgk;ksx 
ds lkFk {kerk c<kukA 
 jkT; ljdkj dh uhfrxr :ijs[kk ds vuqlkj ftyk vkink izca/ku fu;kstu dks izHkkoh 
izca/ku vkStkj cukuka 
 laHkkfor vkinkvksa dk fooj.k vfHkys[ku j[kuk o mlds vuqHko ds vk/kkj ij :ijs[kk 
lqfuf’pr djukA 
 ftys esa vkinkvksa ls [krjs ds izH lw[ks dk fo’ys""k.k dj ftys dh rS;kfj;ksa dks fu/kkZfjr 
djukA 
 ftys esa fo|eku fofHkUu vkink fu;a=.k ewyHkwr lqfo/kkvksa ds Lrj dk irk yxkuk rFkk 
bldk ftyk iz’kklu dh {kerk c<kusa esa mi;ksx djukA 
 vkink U;wuhdj.k ds fofHkUu igywvksa dks {ks= fo’ks""k dh fodkl ;kstukvksa ds dke esa 
ykukA 
 ftys esa iwoZ esa gqbZ  vkinkvksa dk fooj.k] fjdkMZ] vuqHko ds vuqlkj Hkfo""; esa muls 
fuiVus ds fy, :ijs[kk rS;kj djukA 
 vkink ds vkus ij fofHkUu foHkkxksa ds leUo; ,oa lkeatL; ls ekud dk;Z izf Ø;k viuk 
dj dk;Zokgh dj fØ;kUo;u djukA 
 jkT; ljdkj dh uhfrxr :ijs[kk ds vUnj ftyk vkink izca /ku ;kstuk dks ,d izHkkoh 
izcU/ku vkStkj cukukA 
3- dk;Z ;kstuk ds mn~ns’;%& 
fuf'pr ;kstuk ds vHlw[ks esa vkink vkus ij dk;ksZ dk leUo; lqpk: :i ls ugha gks ikrkA 
fdlh ,d dk;Z ij vR;f/kd /ku ns fn;k tkrk gS rFkk vU; dk;Z tks fd vR;Ur egRoiw.kZ 
gksrs gS mudks f cYdqy Hkqyk fn;k tkrk gSA ,slh fLFkfr [krjukd gks ldrh gSA vr% iwoZ 
vkink izcU/ku ;kstuk vfr& vko’;d gS ftlesa dk;Z fcUnq fuEu izdkj gS %& 
 izfrfØ;k (Reaction/Response) dk;ksZ ds lgh Øe dh iwoZ ;kstuk RkS;kj djukA 
 Hkkxhnkj foHkkxksa dh ftEesnkjh fu/kkZfjr djukA 
 dk;Zjr fofHkUu foHkkxksa ds dk;Z djus ds rjhds dk ekudhdj.k djukA 
 miyC/k lqfo/kk vkSj L=ksrksa dh lwph rS;kj djukA 
 L=ksrksa ds izHkkoh izcU/ku dh jpuk djukA 
 lHkh lgk;rk dk;ksZ dk ikjLifjd leUo; djukA 
 jkT; Lrjh; fu;a=.k d{k esaa lgk;rk ds fy, leUo; LFkkfir djukA 
4- uhfrxr dFku%& 
lapkj O;oLFkkvksa dh vlQyrk] iz’kklfud leUo; dh deh] izsl rd lgh lwpuk dk 
vHlw[ks rFkk miyC/k lalk/kuksa dk lgha <ax ls iz;ksx u gksus ds dkj.k dk;Zokgh es nsjh gksrh 
gSA blds fy, vko’;d gS fd jkT; ,oa ftyk Lrj ij bu vkinkvksa ls fuiVusa o csgrj 
izcU/ku ds fy, vkink izcU/ku ;kstuk rS;kj dh tk;s rkfd fcuk foyEc ds dk;Zokgh dh tk 
ldsA vkink izcU/ku ;kstuk es izR;sd foHkkx dh vkink iwoZ] vkink ds nkSjku o vkink ds 
ckn mudh Hkwfedk rFkk miyC/k lalk/kuksa dk O;kid mYys[k gksxkA ftlls iz frfØ;k ds 
le; dks de djds vkink dks fu;af=r fd;k tk ldsaA 
 "
15,PDF page 15,"15 
 
v/;k; % 3 
nkSlk ftys dh :ijs[kk ,oa lajpuk 
10 vizsy] 1991 dks t;iqj ftys ls pkj rglhyksa nkSlk] fldjk;] clok ,oa ykylksV dks 
i`Fkd dj nkSlk ftys dk xBu gqvkA 15 vxLr] 1992 dks lokbZek/kksiqj ftys dh egok 
rglhy dks Hkh nkSlk ftys esa lfEefyr fd;k x;kA 2011 dh tux.kuk ds vuqlkj ftys 
dh tula[;k 1634409 gSA bldh lhek ,aas t;iqj] Vksad] lokbZek/kksiqj] vyoj] Hkjriqj ,oa 
djkSyh ftys ls yxrh gSA nkSlk ftyk 25 033^ ls 27033^ mRrjh v{kak’k ds e/; ,oa 76 050 
ls 76090^ iwohZ ns’kkUrj ds e/; esa fLFkr gSA 
nkSlk ftyk eq[;ky; jk""Vªh; jktekxZ 21 , ij t;iqj ls vkxjk dh vksj 55 fdeh - nwjh 
ij fLFkr gSA  
1- lkekU; tkudkjh%&   
 
 
 
 
 
 
  
"
16,PDF page 16,"16 
 
Ø-
la- 
mi[k.M+ 
dk;kZy; 
rglhy 
dk;kZy; 
uxj fudk; iapk;r lfefr iqfyl mi 
v/kh{kd 
dk;kZy; 
iqfyl Fkkuk 
1-  ckanhdqÃ clok nkSlk ckanhdqÃ ckanhdqÃ dksrokyh nkSlk 
2-  nkSlk nkSlk ykylksV nkSlk nkSlk lnj nkSlk 
3-  ykylksV ykylksV ckanhdqÃ ykylksV ykylksV efgyk Fkkuk nkSlk 
4-  jkex< ipokjk jkex< 
ipokjk 
clok yok.k egok lkbZcj Fkkuk nkSlk 
5-  yok.k yok.k HkkaMkjst egok ekuiqj lSaFky 
6-  ukaxy 
jktkorku 
ukaxy 
jktkorku 
yok.k fldjk;  ckanhdqbZ 
7-  fldjk; egok egok jkex< 
ipokjk 
 clok 
8-  egok eaMkoj eaMkoj fldUnjk  dksyok 
9-  eaMkoj fldjk; eaMkojh ukaxy 
jktkorku 
 ykylksV 
10-  lSaFky jkgqokl jkex< 
ipokjk 
cStwikM+k  yok.k 
11-  clok lSaFky fldjk; clok  e.M+kojh 
12-   cgjko.Mk  eaMkoj  ukaxy jktkorku 
13-   cStwikM+k    jkgqokl 
14-   ckanhdqÃ    jkex<+ ipokjk 
15-   fu>Zjuk    egok 
16-   HkkaMkjst    ckykgsM+h 
17-   dq.My    eaM+koj 
18-   ikiM+nk    lyseiqj 
19-       ekuiqj 
20-       esganhiqj ckykth 
21-       cStwikM+k 
22-       ikiM+nk 
23-       >kaink 
24-       fldUnjk 
 
2- ,sfrgkfld i`""BHkwfe%& 
nkSlk dNokg jktkvksa dh jkt/kkuh jgh vkSj muds lkezkT; foLrkj esa nkSlk dk lokZf/kd 
;ksxnku jgk gSA dNokg Jh jke ds iq= dq’k ds oa’kt crk;s tkrs gS tks lw;Zoa’kh {kf=; tkfr 
ds gSA v;ks/;k ij 'kklu djus ds i'pkr dq’k ds oa’kt  jktxn~nh ij jgs] rRi’pkr lksu unh 
ds lehiLFk izns’k lkdsr ,oa jksfgrk’o ij vf/kdkj fd;kA mUgha ds oa’kt jktk uy us 826 bZ - 
ds yxHkx ujoj ¼Xokfy;j½ jkT; dh uhao MkyhA uy ds iq= <ksyk jktk Fks] ftudk fookg 
fiaxy ¼tSlyesj½ ds lehiLFk izns’k ujs’k dh iq=h ek:  ls gqvk Fkk tks <ksyk ek: ds uke ls 
izfl) gSA "
17,PDF page 17,"17 
 
nkSlk dk nlohsa 'krkCnh ls iwoZ dk Øec) bfrgkl ugha feyrk gSA laHkor;k blls iwoZ 
orZeku uxj dk ;g Hkw&Hkkx tyeXu FkkA fo’okl fd;k tkrk gS fd dkykUrj esa ty lw[krk 
x;k rFkk yksx ioZr ij clus yxsaA dnkfpr blhfy,  ioZr dk fupyk Hkkx tks tyeXu Fkk ;k 
lqj{kk dh n`f""V ls ,slk fd;k gqvk Fkk] vkt Hkh lkxj dgykrk gSA nkSlk dks <wa<kj jkT; dh 
izFke jkt/kkuh cuus dk lkSHkkX; izkIr gqvkA lu 1009 esa egewn xtuoh ds vk Øe.k ds fo:) 
vkuUniky dh lgk;rk mTtSu] dkfyatj] Xokfy;j vk Sj vtesj ds {ks=h; jktkvksa us dhA 
vkuUniky dh lgk;rk djus ds dkj.k egewn xtuoh us Øksf/kr gksdj vtesj ij vk Øe.k 
djds ml ij vf/kdkj fd;kA vtesj esa ml le; ijkØeh jktk chlynso pkSgku jkT; dj jgs 
FksA bl ijkTk; ds dkj.k chlynso pkSgku us tkscusj esa 'kj.k yh  ,oa iqu% 'kfDr ,df=r dj 
'k=qvksa dks ijkftr fd;k rFkk <wa<&<wa< dj mudk fouk’k fd;k] blh dkj.k bl Hkw&Hkkx dk 
uke dkykUrj esa <wa<kj iMkA jktk uy dh larfr us gh <wa<kj jkT; ij 'kklu fd;kA 
21 oha ih<ha esa 33 osa 'kkld Fks] Xokfy;j ujs’k lks<nsoA lks<nso d s iq= nwYgsjk; dk 
fookg x<eksjk ds pkSgku jktk jkyilh dh dU;k lqtku daokj ds lkFk gqvkA nlohsa 'krkCnh esa 
nkSlk uxj ij nks jktoa’k pkSgku ,oa cMxqtZj jkT; dj jgs FksA nkSlk ds fdys esa tks ioZrh;  
ukyk vkrk Fkk] og bu nks jkT;ksa dks mRrjh ,oa nf{k.kh lhek  esa foHkkftr djrk FkkA izkjEHk esa 
bu nks jktoa’kks esa ln~H lw[ks Fkk] ijUrq dkykUrj esa oSeuL; gksus ds dkj.k pkSgku us viuh 
lgk;rk ds fy, Xokfy;j ls vius tekrk nwYgsjk; dks vkeaf=r fd;kA 
nwYgsjk; ?kksMs ds O;kikjh cudj ;gka vk;s ,oa vius 'olqj dh lgk;rk  dh RkFkk dwVuhfr 
ls mlus cMxwtZjksa dks gjkdj nkSlk dk 'kklu vius firk lks<nso dks lkSi fn;kA lks<nso us 
1036 rd 30 o""kZ rd nkSlk ij 'kklu fd;kA nkSlk ds i'pkr dNokg ujs’kksa us teokjkex< 
dks nwljh jkt/kkuh cuk;kA nwYgsjk; ;gka ls vius fudV laca/kh Xokfy; j ujs’k t;flag raoj dh 
lgk;rkFkZ ,d ;q) esa x;s vkSj ogha ?kk;y gks ohjxfr dks izkIr gq,A muds ckn muds iq= 
dkfdynso us eh.kkvksa dks ijkLr dj vkesj dks jkt/kkuh cuk;kA nwYgsjko vkSj muds ijorhZ 
'kkldksa ds le; dk ,d Lekjd gS HkkSfe;k th dk egyA ;g fdys ds  ckgj lkxj esa ,d Å¡psa 
Vhys ij cuk gSA ;g egy ledkyhu jko lwjtey dh Le`fr esa cuok;k x;k gSA ekU;rk gS fd 
e`R;q ds i’pkr liZ ;ksfu esa izdV gksdj os Hkksfe;k dgyk;s] ckn esa mUgsa nso ;ksfu izkIr  gqbZA 
vkesj ,oa t;iqj ds HkwriwoZ 'kkld jkT;kfHk""ksd ls iwo Z Hkksfe;k th dh xn~nh dk iwtu djds gh 
flagkluk:< gksrs FksA  
3- i;ZVu LFky%& 
 laLd`fr] dyk vkSj f’kYi dk laxe%& 
nkSlk ftyk vius vki esa laLd`fr] dyk] vkSj f’kYi dk fofo/krkiw.kZ oSHko lesVs gq, gSA  
;g oSHko ;gk¡  ds esyksa] ,sfrgkfld LFkyksa rFkk gLrf’kYi esa c[kwch ifjyf{kr gksrk gSA  
 clar iapeh dk esyk%& 
nkSlk 'kgj esa ckjknjh eSnku esa izfro""kZ ek?k lqnh iapeh ¼clar iapeh½ ij ,d fo’kky 
esyk ikap&N% jkst rd yxrk gS] ftlesa nwj&njkt ds xzkeh.k J)kyq yk[kksa dh la [;k es 
Hkkx ysrs gSA bl esys esa vf/kdrj ?kjsyw mi;ksx dh oLrqvksa dh [kjhnnkjh dh tkrh gS] 
ftlds fy, esys esa vyx&vyx gkV cktkj yxrs gSA 
 esagUnhiqj ckykth dk esyk%& 
;g LFkku ftyk eq[;ky; ls yxHkx 50 fdeh - nwj fLFkr gSA ; gk¡ fLFkr ewfrZ fdlh 
dykdkj }kjk x< dj ugha yxkbZ xbZ gSA ;g ioZr dk gh ,d vax gS vkSj lewpk {ks= 
gh ekuksa mldk Hkw/kjkdkj gSA esagUnhiqj ckykth egkjkt dh ewfrZ ds pj.kksa esa ,d Nks Vh 
lh dq.Mh Fkh] ftldk ikuh dHkh lw[krk ;k lekIr ugh gksrkA ;gk¡  n’kgjk ioZ ij nksuks 
uojk=kvksa esa ,oa guqeku t;Urh ij esyk yxrk gSaA "
18,PDF page 18,"18 
 
 Ckhtkluh ekrk dk esyk%& 
;g LFkku ftys dh ykylksV rglhy esa [kqjkZ xk¡o esa fLFkr gSA ;gk¡ pS= lqnh iwf.kZek ds 
volj ij pkj fnolh; esyk yxrk gSA tgka dkQh la[;k esa J)kyq vkrs gSaA 
 x.kxkSj esyk%& 
ftys dh ykylksV rglhy esa pS= lqnh rht ij rhu fnolh; esyk yxrk gS] ftlesa 
rht dh lokfj; k¡ fudkyh tkrh gS] ftls ns[kus ds fy, dkQh la[;k esa xzkeh.k yksx 
,df=r gksrs gSA 
 vkHkkusjh%& 
izkphu egRo dh /kjksgj vkHkkusjh ckanhdqbZ ds lehi fLFkr gSA vkHkkusjh esa fo’kky cko Mh] 
,sfrgkfld bekjrsa] dq.M rFkk mlesa cuh vkd""kZd lhf<;ksa ls ;g vuqeku yxk;k tkrk gS 
fd ;gk¡  yxHkx ,d gtkj o""kZ iwoZ ,d oSHko’kkyh le`) uxj jgk gksxkA vkHkkusjh esa 
xqIrdky rFkk izkjfEHkd e/;dky ds cus gq;s dykRed ,sfrgkfld Lekjd] ckoMh] g""kZn 
ekrk dk efUnj] pk¡n ckoMh ds vUnj rhu vksj cuh vkd""kZd lhf<;ka Hkh dyk dk cstksM 
uewuk gSA g""kZn ekrk ds eafnj esa uhps dk fgLlk lkroha 'krkCnh o xqEct X;kjgoh 
'krkCnh esaa cuk;k x;k FkkA ckoMh ds uhps ,d lqjax cuh gqbZ gS] yksxks dk vuqeku gS f d 
;g lqjax Hkk.Mkjst dh ckoMh gksrh gqbZ  vkywnk ds dqckfu;ka dq.M rd tkrh gSA eafnj 
ds ckgj fc[kjh iMh ewfrZ;kas ds 262 [kf.Mr VqdMksa dks iqjkrRo foHkkx us egRoiw.kZ ek uk 
gSaA 
 >k>hjkeiqjk%& 
>k>s’oj egknso ls cus >k>hjkeiqj dh LFkkiuk yxHkx 300 o""kZ iwoZ Bkdqj jkeflag us dh 
Fkh rFkk ;gk¡  ij Hkksti= dh cukoV dk dq.M o xkseq[k dk fuekZ.k djok;k FkkA blds 
i'pkr dq.M dk mij dk fgLlk vtqZunkl th us cuok;kA blh izdkj ls ,d tygjh esa 
12 egknso gSA t gk¡  fufeZr xkSeq[k ls lfnZ;ksa esa xje rFkk xfeZ;ksa esa B.Mk ikuh cgrk 
gSA izkphu dyk ,oa laLd`fr dh n`f""V ls ftys esa ;g LFkku vuwBk gSaA 
 Hkk.Mkjst dh ckofM;k¡ o egy%& 
nkSlk ftyk ew[;ky; ls 12 fdeh - nwj clk Hkk.Mkjst x k¡o izkphu dyk o laLd`fr dh 
vnHkqr felky gSaA Hkk.Mkjst dh ,sfrgkfld i`""BHkwfe ls Kkr gksrk gSa fd ; gk¡  cMxqtZjksa 
{kf=;ksa dk vf/kdkj FkkA X;kjgoha 'krkCnh esa <waW<kj izns’k ds dNokgksa dk jkT; LFkk fir 
djus okys nwykjk; us cMxqtZjksa dks ijkLr dj nkSlk ds lkFk vius v/khu dj fy;kA 
Hkk.Mkjst xk¡o esa ckofM; k¡] dq.M] Hkwrs’oj egknso eafnj] guqeku eafnj] xksikyx< Hkh 
fLFkr gSaA xkao ds ckgj nf{k.k fn’kk esa cuh fo’kky ckoMh Hkh vuqie gSaA ,sfrgkfld n`f""V 
ls egRoiw.kZ ;g xkao izkphu dky esa O;kikfjd e.Mh ds :i esa tkuk tkrk FkkA Hkk.Mkjst 
esa yksgs dk lkeku] peMs dh twfr; k¡] jaxkbZ & NikbZ dk dk;Z vkt Hkh v iuh vyx 
igpku cuk;s gq;s gSaA 
 vkywnk dk dqckfu;ka dq.M%& 
nkSlk ds lehi gh vkywnk xkao Hkh ,sfrgkfld n`f""V ls egRoiw.kZ gSA ; gk¡  ,sfrgkfld 
ckoMh esa cus dq.M iqjkus le; esa vkus& tkus ds mi;ksx esa yk;h tkus okyh dqckfu; k¡ 
¼cgyh½ ds vkdkj esa fufeZr gSaA ftudk vkd""kZ.k ns[krs gh curk gSaA 
 lar laqnjnkl dh nh{kkLFkyh% xsVksyko%& 
nkSlk uxj ls 3 fdeh dh nwjh ij izkd`frd NVk fc[ksjrk ,d LFkku xsVksyko ds uke ls 
fo[;kr gSaA ;g og LFkku gS t gk¡  ij Lokeh nknw] n;ky th egkjkt us nkSlk esa tUesa 
lar lqUnjnkl th lfgr lar Jh yk[kkth o ujgfjth dks f’k""; cukdj nh{kk iznku dh "
19,PDF page 19,"19 
 
FkhA blh LFkku ij nknwn;ky th dk eafnj] rkykc rFkk lqUnjnkl Lekjd VªLV dh vksj 
ls lqUnjnkl th dk Lekjd Hkh cuk gqvk gSaA 
 iap egknso%& 
;gk¡  fLFkr ikap egknso eafnjksa esa ls gSa& uhydaB] cStukFk] xqIrs’oj] lgtukFk ,oa 
lkseukFk esa lHkh leqnk;ksa ds /keZijk;.k yksx fu;fer :i ls n’kZu djrs gSaA 
 ckoMh okyk ckykth dk esyk%& 
;g LFkku ftyk eq[;ky; ls 12 fdyksehVj nwj Hkk.Mkjst esa fLFkr g SaA ;gk¡  nf{k.k fn’kk 
esa ikap eafty dh ,d fo’kky ckoMh gSa] ftlesa mrjus ds fy, cMh cMh lhf<; k¡ cuh gSaA 
;gk¡  ckykth ds eafnj esa izkPkhu ewfrZ gSaA bldk th.kksZ}kj jktk dqcsjflag us laor~ 2000 
esa djok;k FkkA ;g efUnj bruk HkO; ,oa lqUnj gSa fd vkus ok ys ;k=h dk eu izQqfYyr 
gks tkrk gSA ; gk¡  ij izfro""kZ esyk yxrk gSaA ftlesa dkQh la[;k esa xzkeh.k Hkkx ysus 
vkrs gSaA 
 gLrf’kYi%& 
nkSlk ftys esa fldUnjk pkSjkgs ls ckykth eksM]  xhtx<] ekuiqj] eg ok rd vkus okyh 
lMd ds fdukjs iRFkj ij dykRed uDdk’kh ns[kh tk  ldrh gSaA yxHkx 240 LVkyksa esa 
f’kYidyk dk l`tu fd;k tkrk gSaA iRFkj dh dykRed fpjkbZ] rjg&rjg dh tkfy; k¡] 
edkuksa ds pkS[kV] dq.Mh] xeys] esgjkc] eafnj] Nrjh] [kEcs] xsV] y SEi] 'ksj] gkFkh] fgj.k] 
Å¡V] eksj] rksrk] eNyh vkfn ij dykRed uDdk’kh ns[kh tk l drh gSaA bl m|ksx esa 
yxHkx 800 yksx tqMs gq, gSaA 
 feV~Vh ds crZu%& 
clok ds dqEHkdkj jktLFkku esa viuh ,d fof’k""V igpku j[krs gSaA ;s feV~Vh ls fufeZr 
xeys] ik¡V] <ksyd] uxkMs] Vsfcy&ySEi] eafnj dk ?k.Vk] eqM~Mh] gqDds dh fpye] lqYQh] 
cMh cksry vkfn [kwclwjrh ls cukrs gSaA feV~Vh dh bu oLrqvksa ds izeq[k fc Øh dsUnz 
t;iqj] fnYyh] nkSlk] caknhdqbZ] jkex< vkfn gSaA ; gk¡  3 bap ls 14 bap rd ds xeys 
cuk;s tkrs gSaA bUgsa 500 :i;sa izfr lSdMksa dh nj ls cspk tkrk gSaA ,d :i;sa ds nhid  
ls 150 :i;sa rd ds ihl dk foØ; fd;k tkrk gSA 
blds vykok clok esa 30 vU; m|ksx vkSj gSaA mlesa yxHkx 150 f’kYih dke dj jgs 
gSaA m|ksx dks vkjEHk djus ds fy, dPPkk eky] midj.k] ydMh&cqjknk o feV~Vh vkfn 
ds fy, U;wure :i ls yxHkx 5 gtkj :i;sa dh vko’;drk gksrh gSaA clok ds bu 
f’kYidkjksa ds gkFkks ls fufeZr feV~Vh dh u;ukfHkjke dykd`fr; k¡ fnYyh o t;iqj dh 
cMh ikfVZ;k¡ Ø; dj bu ij isafVax vkfn dk dk;Z djok dj fons’kksa esa fu;kZr djrh gSaA 
 ihry dk dke%& 
ihry ij gkFk vkSj gFkkSMs dk dykRed lkeUtL; cSB tk;s rks ihry dh /kkrq cksyus 
yxrh gSaA egok  rglhy ds ckykgsMh xkao esa ihry ds crZu NksVh&cMh phj] gaMk] 
Vksadjh] Msxph] Fkkyh] rkeMh] gqDdk] ijkr ,oa uSpk vkfn cuk;s tkrs gSaA ; gk¡ yxHkx 
125 O;fDr LVhy ds bl tekus esa Hkh ihry dks vuwBk Lo:i nsus esa yxs gq;s gSaA ; gk¡  
yxHkx 25 dkj[kkus gSaA jsokMh] t;iqj] vkxjk] eFkqjk ls dPpk eky eaxkdj dkjhxj eky 
rS;kj djrs gSaA bl rS;kj eky dh [kir /kkSyiqj] [ksMyh] uancbZ] c;kuk] fg.MkSu] Hkqlko j 
o nkSlk esa dkQh gSaA  ;gk¡ crZuksa ds 10 Fkksd O;kikjh gSaA tks dkjhxjksa ls eky rS;kj 
djkrs gSaA 
 
 
 "
20,PDF page 20,"20 
 
 yok.k dh nfj;k¡%& 
ftys esa nkSlk rglhy ds yok.k xkao esa fodflr njh m|ksx viuh dykRed cqukbZ o 
jaxks dh fMtkbu ds fy, izfl) gSaA t;iqj ds O;kolkf;d ikfVZ; k¡ bu m|ksxks dks nfj;ksa 
ds fy, dPpk eky lwr] rk.kh o dykdkjksa ls rS;kj djk;s x;s fMtkbu rFkk uD’ksa 
miyC/k djkrs gSaA os dkjhxj fMtkbu ds eqrkfcd 15 :Ik;sa ls 35 :Ik;sa rd izfr oxZ 
QhV ds fglkc ls nfj;ksa dh cqukbZ djrs gSA t;iqj ds njh O;kikjh bu rS;kj n fj;ksa dh 
/kqykbZ] fdukjh dh ckbZfMax] fQfuf’kax vkfn dk dk;Z djkdj budk fo Ø; djrs gSaA ;gk¡  
rS;kj nfj;k¡] fnYyh] cEcbZ rFkk ckgj ds ns’kksa esa teZuh vesfjdk o baXyS.M esa fo Ø; ds 
fy, Hkst nh tkrh gSA 
 lkfgR; ,oa dyka%& 
nkSlk ftys esa ,sfrgkfld ,oa lkaLd`frd egRo ds dbZ LFky ekStwn gSaA ckanhdqbZ ds fudV 
vkHkkusjh fLFkr dq.M Hkk.Mkjst dh ckofM;ka] >k>hjkeiqjk esa >k>s’oj egknso] nkSlk uxj  
esa iap egknso ds izfl) eafnj] VgyMh o xsVksyko esa nknw n;ky ds eafnj lq Unjnklth 
dk Lekjd] vHks|] ,sfrgkfld nqxZ ¼Nktys dh vkd`fr½ vkywnk ds dqckfu;ka dq.M vkfn 
egRoiw.kZ LFky gSaA tks izd`fr dh vuks[kh NVk fc[ksjrh gSaA 
 izeq[k esys ,oa R;kSgkj%& 
esys@R;kSgkj dk uke LFkku frfFk esys@R;kSgkj 
dk egRo 
esys esa ,df=r 
tula[;k yk[kksa esa 
1 clUr iapeh esyk ckjknjh] nkSlk Ekk?k lqnh iape /kkfeZd 1-00 
2 egknso esyk dksyok xzke QkYxqu lqnh vekoL;k /kkfeZd 0-30 
3 >k>hjkeiqjk esyk >k>hjkeiqjk Hkknzin lqnh v""Veh /kkfeZd 0-50 
4 ckoMh okyk ckykth Hkk.Mkjst cSlk[k lqnh iapeh /kkfeZd 0-20 
5 chtkluh ekrk esyk [kqjkZ pS= lqnh iwf.kZek /kkfeZd 3-00 
6 x.kxkSj esyk ykylksV pS= lqnh rht /kkfeZd 0-50 
7 iiykt ekrk esyk iiykt oS’kk[k lqnh v""Veh /kkfeZd 0-20 
8 easgnhiqj ckykth esyk esagnhiqj ckykth 
esyk 
n'kgjk ioZ ds volj ij 
rFkk nksuks uojk=ksa o 
guqeku t;Urh ds volj 
ij  
/kkfeZd 0-50 
 
  "
21,PDF page 21,"21 
 
v/;k; % 4 
nkSlk ftyk ,d –f""V esa o""kZ 2023 
01-  {ks=Qy ,oa fLFkfr 
{ks=Qy 3414 oxZ fd-eh- 2011 tux.kuk%&    1634409 
02-  tula[;k 
en bdkÃ  o""kZ 2001 dh 
tula[;k 
2011 dh 
tula[;k 
iq:""k la[;k 2011 693438 857787 
L=h la[;k 2011 623625 776622 
;ksx% la[;k 2011 1317063 1634409 
xzkeh.k  la[;k 2011 1181245 1432616 
'kgjh la[;k 2011 135818 201793 
tula[;k dk 
?kuRo 
çfr oxZ fd-eh- 2011 387 476 
lk{kjrk nj çfr'kr 2011 61-80 68-16 
¼v½iq:""k çfr'kr 2011 79-40 82-97 
¼c½L=h çfr'kr 2011 42-30 51-91 
dqy tula[;k esa 
'kgjh tula[;k 
dk çfr'kr 
çfr'kr 2011 10-31 12-34 
çfr 1000 iq:""kksa 
ij efgyk,sa 
la[;k 2011 899 905 
vuq0 tkfr la[;k 2011 279377 354337 
vuq0 tutkfr la[;k 2011 353187 433344 
tula[;k o`f}  çfr'kr 2011  32-44 24-09 
 
 
 "
22,PDF page 22,"22 
 
03-  rglhyokj tula[;k o lk{kjrk tux.kuk 2011 
rglhy dk uke dqy tula[;k iq:""k L=h lk{kjrk 
çfr'kr 
nkSlk 264105 138100 126005 71-06 
ukaxy jktkorku 94881 49919 44962 64-38 
yok.k 61951 32403 29548 64-47 
ykylksV 234224 122157 112067 67-09 
jkex< ipokjk 115219 60313 54906 66-23 
clok 338878 178033 160845 70-11 
fldjk; 260484 136682 123802 66-22 
egok 264667 140180 124487 68-59 
   ;ksx 857787 776622 68-16 1634409 
04-  ç'kklfud lajpuk 
mi[k.M 
 
la[;k 
 
2022&23 11 
2023&24 11 
rglhy 
 
la[;k 
 
2022&23 16 
2023&24 18 
mirglhy 
 
la[;k 
 
2022&23 08 
2023&24 08 
dqy vkckn xzke 
 
la[;k 
 
2022&23 1134 
2023&24 1140 
xSj vkckn xzke 
 
la[;k 2022&23 26 
la[;k 2023&24 26 
dqy jktLo xzke la[;k 2022&23 1160 
la[;k 2023&24 1166 
Hkw& vfHkys[k fujh{kdo`r la[;k 2022&23 70 "
23,PDF page 23,"23 
 
la[;k 2023&24 83 
iVokj e.M+y la[;k 2022&23 272 
la[;k 2023&24 300 
05-  —f""k 
dqy HkkSxksfyd {ks=Qy gSDVj 2022&23 341588 
ou {ks= gSDVj 2022&23 26495 
—f""k gsrq vuqiyCèk Hkwfe  gSDVj 2022&23 89752 
LFkk;h pkjkxkg ,oa xkspj Hkwfe gSDVj 2022&23 25694 
o`{kksa ds >q.M rFkk o`{k dqUt gSDVj 2022&23 150 
—f""k v;ksX; Hkwfe  gSDVj 2022&23 13093 
'kq) cks;k x;k {ks=Qy gSDVj 2022&23 227377 
,d ls vfèkd ckj cks;k x;k {ks=Qy gSDVj 2022&23 175868 
ldy cks;k x;k {ks=Qy gSDVj 2022&23 403245 
06-  o""kkZ 
okLrfod o""kkZ fefe 
 
2022 885-62 
2023 616-35 
2024 1234-87 
07-  i'kqikyu 
1- cgqmís'kh; i'kq fpfdRlky;  
 
la[;k 
 
2022&23 1 
2023&24 2 
2- çFke Js.kh i'kq fpfdRlky; 
 
la[;k 2022&23 18 
 2023&24 20 
3- i'kq fpfdRlky; 
 
la[;k 2022&23 52 
 2023&24 52 
4- i'kq vkS""k|ky; 
 
la[;k 2022&23 0 
 2023&24 0 "
24,PDF page 24,"24 
 
5- i'kq fpfdRlk mi dsUæ 
 
la[;k 2022&23 160 
 2023&24 214 
6-—f=e x`Hkkèkku dsUæ 
 
la[;k 2022&23 231 
 2023&24 288 
7-ftyk jksx funku dsUæ 
 
la[;k 2022&23 1 
 2023&24 1 
08-  i'kqèku ,oa dqôqV 
dqy i'kqèku ,oa dqôV la[;k 2019 1082921 
xk;@cSy la[;k 2019 151118 
HkSal@HkSalsa la[;k 2019 588044 
lqvj la[;k 2019 6441 
Å¡V la[;k 2019 974 
HksaM la[;k 2019 59912 
cdfj;ka la[;k 2019 312177 
?kksMsa ,oa Vêw la[;k 2019 619 
xèks@[kjxks'k la[;k 2019 203 
dqÙks la[;k 2019 3794 
eqxkZ@eqxÊ@cr[k la[;k 2019 18566 
[kjxks'k la[;k 2019 1073 
09-  m|ksx 
dkj[kkuk vfèkfu;e ds vUrxZr   
iaft—r dkj[kkus  
 
la[;k 
 
2022&23 & 
2023&24 & 
m|ksx foHkkx ds vUrxZr iath—r y?kq 
m|ksx  
 
la[;k 
 
2022&23 27 
2023&24 19 "
25,PDF page 25,"25 
 
y?kq mèkksx esa dk;Zjr vkSlr nSfud 
Jfed 
 
la[;k 
 
2022&23 180 
2023&24 88 
cMs ,oa eè;e m|ksx 
 
la[;k 
 
2022&23 01 
2023&24 07 
cMs ,oa eè;e m|ksx esa dk;Zjr deÊ 
 
la[;k 
 
2022&23 08 
2023&24 41 
6- vkS|ksfxd {ks= 
 
la[;k 2022&23 & 
la[;k 2023&24 & 
10-  fo|qr 
fo|qfr—r uxj 
 
çfr'kr 
 
2022&23 100 
2023&24 100 
fo|qfr—r xzke 
 
çfr'kr 
 
2022&23 100 
2023&24 100 
dqy mtkZ mi;ksx %& 
 
yk[k ;wfuV 
 
2022&23 11310-38 
2023&24 12907-60 
?kjsyw mi;ksx 
 
yk[k ;wfuV 
 
2022&23 2189 
2023&24 2639 
lkekU; çdk'k 
 
yk[k ;wfuV 
 
2022&23 47-31 
2023&24 48-75 
O;kolkf;d mi;ksx yk[k ;wfuV 2022&23 615-28 
2023&24 653-43 
vkS|kSfxd mi;ksx 
 
yk[k ;wfuV 
 
2022&23 837-64 
2023&24 821-76 
ÇlpkÃ 
 
yk[k ;wfuV 
 
2022&23 7242-88 
2023&24 8436-75 "
26,PDF page 26,"26 
 
ty çnk; 
 
yk[k ;wfuV 2022&23 349-49 
yk[k ;wfuV 2023&24 279-26 
vU; mi;ksx 
 
yk[k ;wfuV 
 
2022&23 28-77 
2023&24 28-64 
fo|qr xzgks dh la[;k 
 
la[;k 
 
2022&23 130 
2023&24 134 
fo|qfr—r dq, 
 
la[;k 
 
2022&23 1592 
2023&24 1582 
11-  f'k{kk 
dqy fo|ky; 
 
la[;k 
 
2022&23 1478 
2023&24 1478 
Nk= fo|ky; ¼lg- f'k{kk½ 
 
la[;k 
 
2022&23 1449 
2023&24 1449 
Nk=k fo|ky; 
 
la[;k 
 
2022&23 29 
2023&24 29 
çkFkfed fo|ky;ksa dh la[;k  
 
la[;k 
 
2022&23 630 
2023&24 630 
Nk= fo|ky;  
 
la[;k 
 
2022&23 630 
2023&24 630 
Nk=k fo|ky; 
 
la[;k 
 
2022&23 0 
2023&24 0 
mPp çkFkfed fo|ky;  
 
la[;k 
 
2022&23 366 
2023&24 366 
 Nk= fo|ky;  
 
la[;k 
 
2022&23 357 
2023&24 357 "
27,PDF page 27,"27 
 
 Nk=k fo|ky; 
 
la[;k 
 
2022&23 09 
2023&24 09 
ekè;fed fo|ky;  
 
la[;k 
 
2022&23 0 
2023&24 0 
Nk= fo|ky;  
 
la[;k 
 
2022&23 0 
2023&24 0 
Nk=k fo|ky; 
 
la[;k 
 
2022&23 0 
2023&24 0 
mPp ekè;fed fo|ky;  
 
la[;k 
 
2022&23 482 
2023&24 482 
 Nk= fo|ky;  
 
la[;k 
 
2022&23 462 
2023&24 462 
 Nk=k fo|ky; 
 
la[;k 
 
2022&23 20 
2023&24 20 
fo|ky;ksa es fo|kÆFk;ksa dh dqy la[;k 
 
la[;k 
 
2022&23 197369 
2023&24 201177 
Nk= 
 
la[;k 
 
2022&23 88192 
2023&24 90896 
Nk=k  
 
la[;k 
 
2022&23 109177 
2023&24 110281 
çkFkfed fo|ky;ksa es fo|kFkÊ  
 
la[;k 
 
2022&23 76717 
2023&24 74537 
Nk= 
 
la[;k 
 
2022&23 35210 
2023&24 34382 
Nk=k  la[;k 2022&23 41507 "
28,PDF page 28,"28 
 
  2023&24 40155 
mPp çkFkfed fo|ky;ksa es fo|kFkÊ     la[;k 2022&23 50907 
2023-24 51257 
Nk= 
 
la[;k 
 
2022&23 22405 
2023&24 22941 
Nk=k 
 
la[;k 
 
2022&23 28502 
2023&24 28316 
ekè;fed fo|ky;ksa es fo|kFkÊ  
 
la[;k 
 
2022&23 0 
2023&24 0 
Nk= 
 
la[;k 
 
2022&23 0 
2023&24 0 
Nk=k  
 
la[;k 
 
2022&23 0 
2023&24 0 
mPp ekè;fed fo|ky;ksa es fo|kFkÊ  
 
la[;k 
 
2022&23 69745 
2023&24 75383 
Nk= 
 
la[;k 
 
2022&23 30577 
2023&24 33573 
Nk=k 
 
la[;k 
 
2022&23 39168 
2023&24 41810 
12-  LokLF; 
ftyk vLirky 
 
la[;k 
 
2022&23 1 
2023&24 3 
mi ftyk vLirky 
 
la[;k 
 
2022&23 1 
2023&24 4 
,yksisfFkd fpfdRlky; esa fcLrjksa dh 
la[;k 
la[;k 
 
2022&23 1411 
2023&24 2252 "
29,PDF page 29,"29 
 
 
;wukuh fpfdRlky; la[;k 01-01-2024  12 
gksE;ksiksfFkd fpfdRlky; la[;k 01-01-2024  14 
çkFkfed LokLF; dsUæ 
 
la[;k 
 
2022&23 45 
2023&24 70 
lkeqnkf;d LokLF; dsUæ 
 
la[;k 
 
2022&23 22 
2023&24 28 
miLokLF; dsUæ 
 
la[;k 
 
2022&23 317 
2023&24 373 
ekr` f'k'kq dY;k.k dsUæ 
 
la[;k 
 
2022&23 2 
2023&24 2 
13-  cSafdx 
O;kolkf;d cSad 
 
la[;k 
 
2022&23 118 
2023&24 119 
xzkeh.k cSad 
 
la[;k 
 
2022&23 31 
2023&24 31 
lgdkjh cSad 
 
la[;k 
 
2022&23 9 
2023&24 9 
dqy ,Vh,e  
 
la[;k 
 
2022&23 132 
2023&24 138 
jktLFkku foÙk fuxe 
 
la[;k 
 
2022&23 01 
2023&24 01 
14-  lgdkfjrk 
lgdkjh lfefr;ka 
 
la[;k 
 
2022&23 960 
2023&24 962 
lnL;rk la[;k 2022&23 240759 "
30,PDF page 30,"30 
 
  2023&24 240819 
nqXèk lgdkjh lfefr;ka 
 
la[;k 
 
2022&23 & 
2023&24 & 
lnL;rk la[;k 2022&23 & 
2023-24 - 
15-  iqfyl 
iqfyl Fkkuk 
 
la[;k 
 
2022&23 22 
2023&24 24 
iqfylpkSdh 
 
la[;k 
 
2022&23 21 
2023&24 21 
dkjkxkj ¼canhx`g lfgr½ 
 
la[;k 
 
2022&23 3 
2023&24 3 
çfrosnu vijkèk 
 
la[;k 
 
2022&23 7349 
2023&24 7482 
laKs; 
 
la[;k 
 
2022&23 7349 
2023&24 7482 
vlaKs; la[;k 2022&23 0 
2023&24 0 
16-  fcØhdj o euksjtau dj 
fcØhdj vfèkfu;e ds vUrxZr 
iath—r Mhyj 
 
la[;k 
 
2022&23 & 
2023&24 & 
LFkkuh; SGST- CGST 
 
la[;k 
 
2022&23 11590 
2023&24 12951 
dsUæh; 
 
la[;k 
 
2022&23 & 
2023&24 & "
31,PDF page 31,"31 
 
fcØhdj olwyh SGST 
 
jkf'k ¼yk[kksa esa½ 
 
2022&23 7148-56 
2023&24 8051-79 
LFkkuh; jkf'k ¼yk[kksa esa½ 2022&23 & 
2023-24 - 
dsUæh; 
 
jkf'k ¼yk[kksa esa½ 
 
2022&23 & 
2023&24 & 
çkIr euksjatu dj 
 
jkf'k ¼yk[kksa esa½ 
 
2022&23 & 
2023&24 & 
17-  lkoZtfud forj.k ç.kkyh ¼lwpuk 1tuojh]2024 dh fLFkfr esa½ 
mfpr ewY; dh nqdkusa la[;k 788 
xzkeh.k la[;k 702 
'kgjh la[;k 86 
iSVªksy Mhty iEi la[;k 137 
xzkeh.k la[;k 107 
'kgjh la[;k 30 
cSjy ikWÃUV la[;k & 
xzkeh.k la[;k & 
'kgjh la[;k & 
18-  lMdsa 
lMdksa dh dqy yEckÃ 
 
fd-eh 
 
2022&23 4389-61 
2023&24 4389-61 
Mkejh—r 
 
fd-eh 
 
2022&23 4182-51 
2023&24 4182-51 
èkkfRod 
 
fd-eh 
 
2022&23 27-65 
2023&24 127-65 
xzsoy daØhV ,oa lM+ds fd-eh 2022&23 62-45 "
32,PDF page 32,"32 
 
 fd-eh 2023&24 62-45 
 
dPph lM+ds 
fd-eh 
 
2022&23 17-00 
2023&24 17-00 
 
us'kuy gkbos 
fd-eh 
 
2022&23 42-40 
2023&24 42-40 
 
ftyk lMds 
fd-eh- 
 
2022&23 839-13 
2023&24 839-13 
 
LVsV gkÃos 
fd-eh 
 
2022&23 221-15 
2023&24 221-15 
 
xzkeh.k lMds 
fd-eh 
 
2022&23 3129-18 
2023&24 3129-18 
 
'kgjh lMdsa 
fd-eh 
 
2022&23 3129-18 
2023&24 157-75 
 
lMdks ls tqMs xzke 
la[;k 
 
2022&23 1020 
2023&24 1020 
 la[;k 2022&23 286 
2023&24 286 
19-  efgyk ,oa cky fodkl 
ftysa esa dqy Loh—r 
ifj;kstuk 
la[;k 01-01-2024  7 
ftysa esa Loh—r dsUæ 
 
la[;k 
 
2022&23 1354 
2023&24 1354 
ftysa esa dk;Zjr dsUæ 
 
la[;k 
 
2022&23 1354 
2023&24 1354 
20-  lkekftd vfèkdkfjrk 
dqy Nk=kokl la[;k 2022&23 23 "
33,PDF page 33,"33 
 
  2023&24 24 
 
vuqlwfpr tkfr 
 
la[;k 
2022&23 8 
2023&24 9 
 
vuqlwfpr tutkfr 
 
la[;k 
2022&23 8 
2023&24 8 
 
vU; fiNMk oxZ 
 
la[;k 
2022&23 1 
2023&24 1 
 
fo'ks""k fiNMk oxZ 
 
la[;k 
2022&23 6 
2023&24 6 
 
dqy Nk= 
 
la[;k 
2022&23 1350 
2023&24 1400 
 
vuqlwfpr tkfr 
 
la[;k 
2022&23 455 
2023&24 505 
 
vuqlwfpr tutkfr 
 
la[;k 
2022&23 545 
2023&24 545 
 
vU; fiNMk oxZ 
 
la[;k 
2022&23 50 
2023&24 50 
fo'ks""k fiNM+k oxZ la[;k 2022&23 300 
2023&24 300 
21-  ;krk;kr 
dqy iath—r okgu 
 
la[;k 2022&23 25574 
2023&24 28588 
 
nksifg;kokgu 
la[;k 2022&23 17644 
2023&24 19642 
 la[;k 2022&23 1972 "
34,PDF page 34,"34 
 
VSªDVj 2023&24 2405 
 
 
la[;k 2022&23 2548 
2023&24 2496 
VSDlh@dkj@,oa thi 
 
la[;k 2022&23 2011 
2023&24 2220 
 
vkWVks fjD'kk 
la[;k 2022&23 1102 
2023&24 1195 
 
 
la[;k 2022&23 20 
2023&24 45 
Vªd ,oa feuhVªd la[;k 2022&23 277 
2023&24 613 
22-  tUe&e`R;q ,oa fookg iath;u ¼jftLVªs'ku fnukad ds vuqlkj½ 
tUe 
 
la[;k 
 
2022 30843 
2023 44886 
 
e`R;q 
la[;k 
 
2022 7903 
2023 8396 
 
 
la[;k 
 
2022 128 
2023 33 
e`rtUe la[;k 2022 9215 
2023 12666 
 
 
 
 
 
 
 
 
 "
35,PDF page 35,"35 
 
 ifjogu%& 
 lMd%& 
ftyk gksus ds dkj.k lMdksa dh fLFkfr dkQh fodflr gSaA nkSlk ftyk eq[;ky; 
jk""Vªh; jktekxZ la[;k ,u -,p- 21 ij t;iqj ls vkxjk dh vksj 55 fdeh - nwjh 
ij fLFkr gSaA ,Dliz sl os 4] ,u-,p- 21 ,oa ,u -,p- 21 , ftyk eq[;ky; ls 
gksdj xqtjrs gSaA 
ftys esa iz/kku ea=h xzke lMd ;kstukUrxZr 500 vkcknh okys xzke ,oa <kf.k;ksa 
dks lMdksa ls tksMs tkus dk dk;Z lkoZtfud fuekZ.k foHkkx }kjk djk;k tk pqdk 
gSA 
 jsy%& 
mRrjh if’pe jsYk ykbZu nkSlk ftyk eq[;ky; ls xqtjrh gS t;iqj ls ckanhdqbZ 
ds chp nksgjh ykbZu gS] tks fnYyh dh vksj tkrh gSA nkSlk ls xaxkiqj ds chp 
jsyykbZu fuekZ.k dk;Z izxfr ij gSA 
 lapkj%& 
   ftyk gksus ds dkj.k eq[; Mkd ,oa rkj dk;kZy; iksLVekLVj tujy dk;kZy; 
fLFkr gSA ftys ds eq[;ky; ij fLFkr ftyk Lrjh; Mkd rkj foHkkx ds 
dk;kZy;ksa ds vfrfjDr Mkd] rkj] VsyhQksu] dsUnz ,oa lkZotfud lUns’k dk;kZy; 
fLFkr gS ftudh la[;k esa yxkrkj o`f) gqbZ  g SA mDr {ks= esa lkoZtfud lUns’k 
dk;kZy; ih -lh-vks-] ,l -Vh-Mh- ¼jktdh; ,oa futh½ rFkk vU; Mkd ,oa rkj 
lqfo/kkvksa esa o`f) gqbZ  gSA blds vfrfjDr ftys esa fofHkUu futh Lrj ij dksfj;j 
lsok,a dk;Zjr gS rFkk ftys esa lUns’k okgd ds {ks= esa futh laLFkk,s Hkh d kQh 
la[;k esa dk;Zjr gSA 
 ÅtkZ%& 
fdlh Hkh jk""Vª ds fodkl ,oe~ mRFkku ds fy;s fo|qr ra= ,oa i;kZIr fo|qr dh 
miyC/krk gksuk ,d egRoiw.kZ lksiku gSA vkt ds le; esa fo|qr ewyHkwr 
vko’;drk gS rFkk ftlds fy, fo|qr ra= fodflr fd;k tk jgk gSA xzke xzke 
rd vPNh xq.kork dh fo|qr miyC/k djkuk vko’;d gSA 
  "
36,PDF page 36,"36 
 
v/;k; % 5  
vkink izcU/ku ;kstuk dh rS;kjh dh j.kuhfr 
1- vkink izcU/ku rS;kjh ;kstuk ds fy, fofHkUu Lrj ij dk;Z;kstuk%& 
Ø-la- D;k djuk gS \ dkSu&dkSu 'kkfey gksxk \ dk;Z dSls fd;k tk;s \ 
1 vkadyu ,oa 
fo’ys""k.k 
ftyk iqfyl v/kh{kd] eq[; 
dk;Zdkjh vf/kdkjh uxj fuxe] 
vk;qDr uxj ifj""kn] vf/k’kk""kh 
vf/kdkjh uxj ikfydk] vfr- 
dyDVj lgk;rk@iz’kklu] 
uxj fu;kstd] eq[; 
fpfdRlkf/kdkjh] eq[; i'kqikyu 
vf/kdkjh] lk-fu-fo-] ty 
lalk/ku] ih,pbZMh] fo|qr] 
vfXu’keu] flfoy fMQsal] 
mi[k.M vf/kdkjh] rglhynkj] 
,uthvks]okMZ@iapk;r izfrfuf/k 
 iwoZ dh ?kfVr fofHkUu vkinkvksa ds 
bfrgkl dk vkadyu ,oa fo’ys""k.k ,oa 
ppkZA 
 uqdlku ,oa lsosfjVh ds izHlw[ks dk 
fjdkMZA 
 iwoZ psrkouh dk fo’ys""k.k ,oa izd`fr 
 vkink ds oDr cpko ,oa jkgr dk 
vkadyu ,oa leUo; 
2 ifjfLFkfr dk 
fo’ys""k.k 
mijksDr  laHkkfor uqdlku] izHkkfor {ks= dk 
HkkSxksfyd ,oa VkWiksxzkQh dk uD’kk 
cukukA 
 MseksxzkQh@ekuo ds jgu lgu dk 
foLr`r fooj.k rS;kj djukA 
 gsfoVs’ku isVuZ dk foLr`r uD’kk rS;kj 
djukA 
 izkd`frd lEink dks uD’kk ij 
n’kkZukA 
 lHkh rjg ds ftfodksiktZu ,oa laifÙk  
dh lwph rS;kj djukA 
 lqjf{kr] lalk/ku@laHkkfor uqdlku] 
lMd]jsy]gokbZ] vM~Ms dh lwph rS;kj 
dj uD’ks ij n’kkZukA 
3 [krjs dk 
fo’ys""k.k 
mijksDr  iwoZ vuqHko ds vk/kkj ij ,oa fjdkWMZ 
ds vuqlkj vkus okys [krjksa dks 
fpUghdj.k djuk] vf/kd laosnu’khy 
{ks=ksa dk fpUghdj.k tgka ekuo thou 
dks [krjk] thfodksiktZu ,oa laifÙk  
ds uqdlku dh laHkkouk  gSA 
4 Lkaosnu’khyrk 
dk fo’ys""k.k 
mijksDr  laosnu’khy txgksa ,oa dkjdksa dk 
vyx&vyx lwph rS;kj dj uD’kk 
rS;kj djukA 
 laosnu’khy O;fDr tSls cqtqxZ] 
fodyakx] cPps] xHkZorh ,oa fo/kok 
efgyk,sa] ifjokj tks ttZj ,oa 
detksj edkuksa esa jgrs gS] dk 
fpUghdj.k ,oa lwph cukukA 
 laifÙk  ,oa i'kq/ku dks fpUghdj.k dj "
37,PDF page 37,"37 
 
pkjs dk mfpr izcU/ku] lHkh detksj 
edku ,oa lqfo/kk ,oa lk/ku dk lwph 
rS;kj djukA 
 cka/k] ty Hkjko {ks= ds detksj 
fcUnqvksa] vkWojfczt iqy] fxzM ,oa ikoj 
gkml] ugjh {ks=] ikuh dh Vadh] ty 
iz;kstuk] ikuh teko ds fupys {ks=] 
laHkkfor vfXu [krjk {ks=] Å¡ ph 
bekjrs ,o a vU; laosnu’khy LFkkuksa 
dk fpUghdj.k dj lwph cukukA 
 ty cgko {ks= dk fpUghdj.k 
5 ekSdk@volj 
dk fo’ys""k.k 
mijksDr  ekStwnk lalk/ku dk fpUghdj.k tks 
yksxksa ds thou ,oa laifÙk  ds 
uqdlku dks de dj ldsA 
 ÅWpsa IysVQkeZ] [kqyh txg] gkbMªsUV 
ikWbUV] ty Hk.Mkj.k] lqjf{kr ?kj ,oa 
jkgr lkexzh o f’kfojksa ds fy, mfpr 
LFkkuksa dk fpUghdj.k 
 vkJ; LFky ds fy, txg dk 
fpUghdj.k 
 ekStwnk LokLF; lqfo/kk ,oa LoPN 
is;ty dh O;oLFkk dk fpUghdj.k  
 lqjf{kr vkikr fudklh dk fpUghdj.k 
 vkikr izcU/ku dh rS;kjh ds fy, 
vko’;d jkf’k dh O;oLFkk ,oa L=ksar 
dh igpku 
 
 
 
 
 
2- vkink izcU/ku pØ%& 
vkink izcU/ku ,d lqO;ofLFkr izfØ;k ds rgr dk;Z  djrk gSa] ,oa fodkl dh xfr dks 
cuk;s j[krk gSaA vkink ds rqjar ckn dh izfrfØ;k] cpko] jkgr] iquokZl ds rjhdksa dks 
lapkfyr ,oa  izcU/ku djrk gS rkfd uqdlku dks vf/kd ls vf/kd de  dj lds] vkSj 
izHkkfor u gksA ;g ,d lVhd vkink izcU/ku ;kstuk dks funsZf’kr djrk gSaA 
  "
38,PDF page 38,"38 
 
 
 
 
 
 
 
 
 
 
 
 
3- [krjk] laosnu’khyrk ,oa uqdlku dk fo’ys""k.k ¼,pohvkj,½%& 
[krjksa dk oxhZdj.k 
mPp Lrjh; lfefr Hkkjr ljdkj us [krjs dks fuEu Hkkxksa esa foHkkftr fd;k gS %& 
Ø-la- lEcfU/kr vkink fPkfUgr vkink 
1 ty ,oa tyok;q lacaf/kr 1- ck<+ ,oa Mªsust {kfr 
2- rwQku 
3- pØokr ,oa gfjdsu 
4- vkSyko`f""V 
5- ckny dk QVuk 
6- yw ,oa 'khrygj 
7- cQZckjh 
8- fctyh dk fxjuk 
9- leqnz dk dVuk 
10- lw[kk 
2 HkwxHkhZ; lEcfU/kr 11- HkwdEi 
12- HkwL[kyu 
13- Cka/k dk VwVuk ,oa ck¡/k dk uqdlku 
14- [knku nq?kZVuk 
3 jklk;fud] vkS|ksfxd] U;wfDy;j laca/kh 15- jklk;fud ,oa vkS|ksfxd nq?kZVuk 
16- jsfM;ksykWth vkikr fLFkfr ,oa 
U;wfDy;j vkink 
4 nq?kZVuk lEcfU/kr 17- lMd] jsy] tyiksr ,oa vU; ifjogu 
nq?kZVuk 
DISASTER 
 
Development 
 
Planning 
 
Preparedness 
Mitigation 
Prevention 
Rescue/Relief 
Rehabilitation 
Reconstruction "
39,PDF page 39,"39 
 
18- [knku ck<+ 
19- cMs edku fxjuk 
20- lhfj;y ce cykLV 
21- mRlo ds nkSjku nq?kZVuk 
22- 'kgjh vkx nq?kZVuk 
23- rsy cgko 
24- xzkeh.k vkx nq?kZVuk 
25- uko Mwcuk 
26- taxy dh vkx 
27- fctyh nq?kZVuk ,oa vkx 
5 Ckk;ksykWftdy lEcfU/kr 28- egkekjh ,oa jksxks dk QSyuk 
29- fo""kkDr Hkkstu 
30- i'kq egkekjh 
31- dhVk.kq fNMdko 
 
4- jksdFkke vkSj 'keu mik;%& 
bu o""kkZsZa esa fo'ks""k #i ls xaHkhj vkinkvksa dk lkeuk djus ds ckn] vkt ogka vkink çca /ku 
ds n`f""Vdks.k esa dksbZ cnyko ugha gS] jkgr vkSj iquokZl dh ,d laLd`fr rS;kfj;ksa vkSj 'keu 
dh gSA ledkyhu le; esa vkink çca/ku rS;kfj;ksa vkSj fopkj dks de djus ;k detk sfj;ksa 
vkSj blfy;s fdlh Hkh vkink ds çH lw[ks dks de djus ds fy;s fd;k tk jgk gSA Measures 
de djus ij cgqr tksj nsrk gSA   
ftys esa vkink 'keu v FkkZr rjhdksa esa nks çdkj ds  gSaA lajpukRed U;wuhdj.k vkSj 
xSj&lajpukRed U;wuhdj.kA 
 LVªDpjy 'keu mik;%& ;g csgn egÙoiw.kZ ;kstuk leqnk; ldkjkRed vkink çca/ku dh 
vksj ls çfrfØ;k djus ds fy;s gSA ekLVj Iyku Li""V #i  ls vkink çca/ku ls lacaf/kr 
la'kks/ku fo/ks;dksa esa fu/kkZfjr çko/kkuksa ds lkFk ckgj vk tkuk pkfg,A 'kgjh vkink 
çca/ku ifjfpr 'kgjh fodkl ds ikSf""Vd çfØ;k ls tqM+k gS] blfy;s fodkl ;kstuk vius 
vki esa ,d xaHkhj lekos'k dh t#jr gSA  
vkS|ksfxd LFkkukUrj.k@ LFkku] vuf/kd`r&fu;fefrdj.k eqn ~nk vkSj tula[;k ds fujarj 
c<+us ij ,d ;kstuk cukuk pqukSrh vkink çca/ku ds fy;s ,d fpark dk fo""k; gksus ds 
vykok [kqyh fparkvksa esa ls dqN gSa vkSj dqN dj jgs gSaA 
ftyk vkink çca/ku ds fy;s lajpukRed U;wuhdj.k ds fy;s dne mBk,xkA foHkkxksa dh 
vkoklh; vkSj okf.kfT;d Hkw[kaMksa ds fodkl ds lkFk tqM jgs gSA fcfYMax dksM l[rh ls 
ykxw fd;k tk,xkA dsoy Hkwdaih; n`f""V ls mUeq[k bathfu;jksa] Bsdsnkjksa vkSj jktfeL=h 
cgq eaftyk fuekZ.k ds fy;s çek.k i= fn;k tk,xkA blds lkFk gh Retrofitting Hkh fo'ks""k 
lykg ds lkFk inksUur fd;k tk,xkA  
 vkink laj{k.k ds fy;s nks laHkkfor lajpukRed mik; fd;s tk ldrs gSa& 
o ekStwnk bekjrksa dh jsVªksfQfVax vkSj 
o Hkwdaijks/kh rduhd ds lkFk fuekZ.kA 
 xSj lajpukRed 'keu mik; %& xSj lajpukRed U;wuhdj.k ewy #i ls bl rjg gSa fd 
ftys dh iwjh vkcknh vkink çca/ku ij voxr fd;k tk lds vkSj mudh {kerk 
[krjukd fLFkfr;ksa ds lkFk lkeuk djus ds fy;s fodflr fd;k tk ldsA "
40,PDF page 40,"40 
 
 rS;kjh fØ;kfof/k%&  vkink çca/ku ds pØ esa] rS;kfj;ksa ds ctk; ,d vkink ?kfVr djus 
ds fy;s bartkj djuk vius vki esa] igyk dne gks tk,xk] vkSj fQj bls ysrs gSaA bl 
;kstuk esa Ldwyksa] dkWysstksa] vLirkyksa vkSj leqnk;ksa esa rS;kfj;ksa ds fy;s mik;k sa dh ,d 
J`a[kyk 'kkfey gS A ftys ds gj fgLls ds yksx [kqn dks rS;kj djus ds fy;s ;k vius 
Lo;a ds eqdkcyk ra= rS;kj djus ds fy;s funsZf'kr fd;k tk,xkA  
 tkx#drk dk;ZØe%&  gj txg gM+rkyksa] vkink vkSj tkfr] /keZ ;k fyax ds ckotwn 
lc yksx ,d gSa] ;gka xjhc ls vehj dk varj ugha gSA ftyk ç'kklu ftys ds lHkh Lrjksa 
ij tkx#drk mRiUu djus ds fy;s dksf'k'k djsxkA tkx#drk dh ,d Ja`[kyk LFkkuh; 
fuokfl;ksa vkSj ftys dh v ke turk rd igqapkus ds fy;s vk;ks ftr dh tk,sxh A 
tkx#drk dk;ZØe Ldwyksa] dkWystksa] leqnk;ksa vkfn ds fy;s vkinkvksa dh vyx rjg dh 
lwpuk] f'k{kk vkSj lapkj¼vkbZbZlh½ lkexzh ds #i esa fn;k tk,xkA j.kuhfr;ksa ds fofHkU u 
çdkj ds vyx n'kZdksa dks lacksf/kr djus ds fy;s fodflr fd;k tk,xkA fo'ks""k ç;kl 
vkinkvksa ds nkSjku lcls detksj lewgksa ¼efgykvksa] cPpksa] fodykaxksa½ dks lacksf/kr  djus 
ds fy, fd;s tk,axsA tkx#drk ds fy, fofHkUu rjhds viuk;s tk,axs] tSls& 
o tulHkk,a 
o iBu lkexzh dk forj.k@iksLVj fpidkus 
o uqDdM+ ukVd 
o bysDVªkWfud ehfM;k dh Hkkxhnkjh 
o vkWfM;ks@fofM;ks 'kks 
o cSuj vkSj gkWfYMax  
o fp=dyk@ç'uksRrjh çfr;ksfxrk] fo'ks""k #i ls Ldwyksa esa Nk= jSfy;ka 
o voyksdu vkink çca/ku lIrkg 
çf'k{k.k vkSj {kerk fuekZ.k&fo'ks""k lewgksa vkSj lkeqnkf;d Lrj ij inkf/kdkfj;ksa] Ldw y ds 
f'k{kdksa vkSj ç/kkukpk;ksZa] okLrqdykdkj ] bathfu;j] MkWDVj] jktfeL=h vkfn lHkh foHkkxksa 
vkSj oxksZa ds is'ksojksa ds fy; s çf'k{k.k vk;ksftr fd;k tk jgk gS@ fd;k tk,xkA lHkh 
leqnk; vk/kkfjr laxBuksa flfoy fMQsal] ,uthvks] ,u,l,l] ,ulhlh vkfn dks çf'k{k.k 
fn;k tk,xkA bUgsa çksRlkfgr dj vius {ks=ksa esa tkx#drk vfHk;ku dk vk;kstu djus 
dk leFkZu fd;k tk,sxkA  
  "
41,PDF page 41,"41 
 
v/;k; % 6  
vkikr izfrfØ;k ;kstuk ¼bZejtsUlh fjLiksUl Iyku½ 
vkink dks pj.kc) rjhds ,oa lQyrk iwoZd dk;Z fu""iknu ds fy, jkT; ,oa ftyk 
iz’kklfud Lrj ds laxBu esa vkilh rkyesy ,o a leUo; dh t:jr gksrh gS] blh mís'; ls 
ftyk Lrj ij vkikr izfrfØ;k dk;Z;kstuk rS;kj dh tkrh gSA ;g ;kstuk ,d gh IysVQkeZ ls 
dbZ vkink dks ,d lkFk izcU/ku djus dk lVhd vkStkj gS] tks vkilh leUo; ls lapkfyr 
fd;k tkrk gS] rkfd vkink ds izHlw[ks dks de le; esa de dj uqdlku ,oa {kfr dks jksdk tk 
ldsA blds fy, fyf[kr :i esa izHkkoh vkink izcU/ku ;kstuk rS;kj dh tkrh gS ftlesa 
iz’kklfud ra= dh ftEesnkjh r; dh tkrh gS] ftldk le;&le; ij ekWd fMªy ,oa ppkZ dj 
lalk/ku ,oa vkikrdkyhu lEidZ uEcj dks viMsV fd;k tkrk gSA 
1- izfrfØ;k ¼fjliksUl½ ;kstuk dks ykxw djus dh izfØ;k%& 
 loZizFke ftys esa laHkkfor fofHkUu vkink dks fpfUgr fd;k tk;sA 
 iwoZ dh ?kfVr vkink dk fo’ys""k.kA 
 HkwxHkhZ; O;oLFkkA 
 vkink esa laosnu’khyrk dh HkwfedkA 
 lkekftd ,oa vkfFkZd ifjizs{; esa uqdlku dk vkadyuA 
 jkT; ds xkbZMykbZu ds vk/kkj ij bejtsUlh fjliksUl dk;Zdyki fpUghdj.kA 
 ftEesnkj ljdkjh ,oa v)Zljdkjh ,stsUlh dk fpUghdj.kA 
 ftEesnkj vf/kdkjh] ekuo lalk/ku ,oa vU; ekStwnk lalk/ku dk fpUghdj.kA 
 izFke ,oa f}rh; ,tsalh dk fpUghdj.kA 
 O;oLFkk dks lqpk : lapkfyr djus ds fy, izf’k{k.k ] fefVax] ekWd fMªy] lsehukj dk 
cjkcj vk;kstuA 
 "
42,PDF page 42,"42 
 
vkrkidkyhu lgk;rk lapkyu dh lajpuk ¼bZ,l,Q½ 
bZ,l,Q Lakpkyu laHkkfor dk;Z uksMy ,tsUlh@Vh
e yhMj 
lgk;rk foHkkx@,tsUlh 
bZ,l,Q1 leUo;d Lkjdkjh ra=ksa esa leUo; LFkkfir dj lgk;rk ,oa vkink 
izfrfØ;k dk;ZØe dks LFkkfir djkukA 
ftyk dyDVj  iqfyl v/kh{kd] vfr - dyDVj lgk;rk] lh,e,pvks] 
uxj ifj""kn@uxjikfydk @uxjfuxe] 
ihMCywMh]ih,pbZMh] fo| qr] fty lalk/ku] ifjogu] 
vfXu] flfoy fMQsal] gksexkMZ] ,ulhlh] usg: ;qok 
dsUnz ,oa  lHkh lacaf/kr foHkkx] Fkkukf/kdkjhA 
bZ,l,Q2 lapkj iz.kkyh vkikr fLFkfr esa lHkh lapkj iz.kkyh ;a=ksa dks nq:Lr dj 
iqu% LFkkfir djuk 
ftyk iqfyl 
v/kh{kd 
,uvkbZlh] iqfyl] vf Xu] bZvkslh] ok;jysl foHkkx] 
VsyhdkWe foHkkx] bysDVªksfud ,oa fizUV fefM;k] jsfM;ks] 
nwjn’kZuA 
bZ,l,Q3 gsYiykbZu psrkouh] 
vkikrdkyhu lwpuk 
funsZf'kdk 
izHkkfor yksxksa ds chp lgh lwpuk miyC/k djokuk] lwpuk 
dks viMsV djuk] yksxksa dks izHkkfor {ks= ls  fudkydj 
lgk;rk f’kfoj rd igqapkukA 
 
,lMh,e] iqfyl ,uvkbZlh] ,lMh,e] uxj fuxe@uxjikfydk@uxj 
ifj""kn] ,uthvks] ehfM;k] okMZ@xzke iapk;r izfrfuf/k] 
Lo;alsod 
bZ,l,Q4 [kkst ,oa cpko VwVs gq, edkuksa ls ncs gq, ?kk;yksa dks ckgj 
fudkyuk] ?kk;yks dks rqjUr fpfdRlk lqfo/kk ds fy, 
ifjogu dh O;oLFkk] fpfdRlk lqfo/kk ,oa f’kfoj dh 
O;oLFkk] bl izfØ;k esa iw.kZ izf’kf{kr ,oa vuqHkoh] [kkst ,oa 
cpko Vhe dk xBu djuk] lkFk gh [kksth dqÙks dk izcU/k 
djukA 
vfXu’keu 
vf/kdkjh] flfoy 
fMQsal 
vfXu] flfoy fMQsal] jsfiM ,D’ku 
QkslZ] ,uMhvkj,Q] ,lMhvkj,Q] x`g j{kk] vkehZ] 
ihMCywMh] uxj fuxe@ uxjikfydk@uxj ifj""kn] 
fpfdRlk] ,uthvks] okMZ@xzke iapk;r izfrfuf/kA 
bZ,l,Q5 vkikr fudklh HkwdEi] jklk;fud nq?kZVuk] vkradoknh ?kVuk] ce foLQksV] 
vfXu nq?kZVuk ,oa vU; vkikr fLFkfr esa yksxksa dks izHkkfor 
{ks= ls ckgj fudkyukA 
,lMh,e] 
rglhynkj] ,l,p
vks 
iqfyl ] x`g j{kk] vfXu foHkkx] flfoy fMQsal] 
Lo;alsod ,oa ,uthvks 
bZ,l,Q6 vkikr fpfdRlk 
lqfo/kk 
?kk;yksa dks rqjUr fpfdRlk] e`r O;fDr dk fuLrkj.k] 
egkekjh ls cpko] ekufld LokLF; lsok 
lh,e,pvks ftyk vLirky] ih,plh] lh,plh] Vªksek lsaVj] jsMØkWl 
lkslk;Vh] uflZax gkse] fMlisUljh ,oa vU; fpfdRlk 
lsok dsUnzA 
bZ,l,Q7 lgk;rk t:jr ,oa izHkkfor yksxksa ds chp [kk| ,oa t:jh lkexzh 
miyC/k djkuk 
,Mh,e] Mh,lvks] 
flfoy fMQssal 
,lMh,e] rglhynkj] ,l,pvks] ifjogu] ,uthvks] 
flfoy fMQsal] Lo;a lsoh laLFkk "
43,PDF page 43,"43 
 
v/;k; % 7  
{kerk fuekZ.k vkSj Áf'k{k.k mik; 
1- n`f""Vdks.k%& 
vkink,a le;&le; ij viuh fouk'k yhyk ls tuthou] i'kqvksa ds lkFk&lkFk 
lekt dh vk/kkjHkwr lajpukvksa dks cqjh rjg çHkkfor djrh jgh gSA dHkh çkd`frd ,oa dHkh 
ekuotfur vkinkvksa ls vius ns'k dk dqN u dqN fgLlk çHkkfor gksrk jgk gSA pkgs 1934 
dk fcgkj HkwdEi gks ;k 200 1 esa xqtjkr dk Hkwd Ei] 1999 esa mM+hlk dk lqij lkb Dyksu 
gks ;k 2004 esa ns'k ds dqN fgLLkksa esa lqukeh dgj] 2008 esa fcgkj dk dkslh çy; gks ;k  
2009 dk lw[kkA 
Hkkjr ljdkj us o""kZ 2005 esa fLFkfr dh xaHkhjrk  dks le>rs gq, ns'k dh laln esa 
jk""Vªh; vkink çc a/ku vf/kfu;e ikfjr fd;k vkSj rnuqlkj vkinkvksa ls çHkkoh rjhds ls 
fuiVus ds fy;s jk""Vªh; ,oa jkT; Lrj ij Øe'k% jk""Vªh; vkink çca/ku çkf/kdj.k rFkk jkT; 
vkink çca/ku çkf/kdj.k ds xBu dk çko/kku fd;k x;kA mijksDr nksuksa çkf/kdj.kksa ds fn'k k 
funsZ'kksa ds rgr lacaf/kr ftyksa ds ftykf/kdkfj;ksa dh fuxjkuh esa vkink çca/ku gsrq ftyk 
vkink çca/ku çkf/kdj.k dk xBu fd;s x, gSa tks ljkguh; dne gSA blh ds lkFk gh 
lkeqnkf;d Lrj ij vkink iwoZ rS;kjh ,oa vkink çca/ku esa ftyk vkink çca/ku çkf/kdj.k 
rFkk Lo;a lsoh laxBuksa dh vge Hkwfedk jgh gSA 
13 osa foRr vk;ksx dk ekuuk gS fd fdlh Hkh çdkj ds vkink ds fo"" ke 
ifjfLFkfr;ksa ds dkj.k ,oa çHlw[ks ls gksus okys tku eky ds uqdlku dks çHkkoh :i ls de 
djus ds fy;s çf'kf{kr yksxksa dk cgqr cMk- ;ksxnku gksrk gSA  
tc Hkh dksbZ vkink ?kVrh gS] lcls igyk enn djus okyk LFkkuh; O;fDr gh 
gksrk gS] ijUrq os fdlh Hkh vkdfLed ?kVuk esa dk;Z djus ds fy;s çf'kf{kr ugha gksrkA fdlh 
Hkh vkink esa çkFkfed dk;Z tku ,oa eky dh lqj{kk gksrk gSA LFkkuh; leqnk; LFkkuh; 
[krjksa ,oa la lk/kuksa dks csgrj rjhds ls tkurk gS] ijarq muds csgrj mi;ksx djuk ugha 
tkurkA vr% ;g vko';d gS fd budh vkink çca/ku esa dk;Z djus gsrqq {kerko/kZu dh 
tk,A  
 
2- {kerk fuekZ.k gsrq ;kstuk%& 
  {kerk fuekZ.k ds n`f""Vdks.k esa fuEufyf[kr 'kkfey gksaxs% 
 çf'k{k.k dks çkFfedrk nsuk ftlls fd {ks=h; vlekurkvksa rFkk cgq&vkink ço.krk 
dks /;ku esa j[krs gq, mudh fof'k""V vko';drkvksa ds fy;s leqnk; vk/kkfjr vkink 
çca/ku ç.kkfy;ksa dks fodflr fd;k tk ldsA 
 jkT;ksa rFkk jkT; rFkk LFkkuh; Lrj ds çkf/kdkfj;ksa ls lac) dk;kZUo; u ds çHkkjh vU; 
i.k/kkfj;ksa ls ijke'kZ djus dh çfØ;k ds ek/;e ls jk""Vªh; Lrj ij leqnk; vk/kkfjr 
vkink çca/ku ç.kkfy;ksa ds laca/k esa vo/kkj.kk fodflr djukA 
 viuh dq'kyrk fl} dj pqds Kku&vk/kkfjr laLFkkuksa dks vfHkKkr djukA 
 varjkZ""Vªh; rFkk {ks=h; lg;ksx dks c<+kok nsukA 
 ikjaifjd rFkk fo'o Lrj dh loZJs""B i)fr;ksa rFkk çkS|ksfxdh dks viukukA 
 jkT;@ftyk@LFkkuh; Lrj ij fofHkUu vkink dk;Zokgh nyksa dh {kerk dk fo’ys""k.k 
djukA 
 
 "
44,PDF page 44,"44 
 
 laLFkkxr {kerk fuekZ.k%& 
ftyk Lrj ij tks çfl) laLFkku gSa] tks vkink çca/ku esa çf'k{k.k ns jgs gSa] bUgsa foRrh; 
lgk;rk nsdj lqn`< fd;k tk,xkA blds vykok lHkh ç'kklfud çf'k{k.k laLFkkuksa] iqfyl 
vdknfe;ksa] xzkeh.k fodkl ds ftyk Lrjh; laLFkkuksa] v)ZlSfud cy vkfn vkink ls lacaf/kr 
dkS'ky dk fodkl djus esa egRoiw.kZ ;ksxnku nsaxsA {ks=h; rFkk LFkkuh; vko';drkvksa ds 
eÌsutj ekStwnk laLFkkuksa dh {kerk dks mUur djus dh vko';drk gSA 
 lkeqnkf;d {kerk fuekZ.k%& 
leqnk;ksa dh {kerk fufeZr djuk] {kerk fodkl çfØ;k dk ,d egRoiw.kZ vax gS] D;ksafd 
leqnk; gh vkink dks loZçFke >syrs gSaA blesa tkx#d rk] lqfoK djuk] vfHkfoU;kl] 
leqnk;ksa rFkk leqnk; ds usrkvksa ds dkS'ky dks fodflr djuk 'kkfey gSA ukxfjd lqj{kk 
rFkk xSj&ljdkjh laxBuksa@jsM ØkWl ,oa Lo;a lgk;rk nyksa tSls LoSfPNd laxBuksa ls çkIr 
gksus okyh lgk;rk dks çksRlkgu fn;k tk,xkA usr`Ro rFkk vf Hkçsj.k dh lexz ftEesokjh jkT; 
rFkk ftyk çkf/kdkfj;ksa ds lexz ekxZn'kZu ds varxZr LFkkuh; çkf/kdkfj;ksa] iapk;rh jkt 
laLFkkuksa] 'kgjh LFkkuh; fudk;ksa dh gksxhA 
 Training  of  trainers:- 
ukxfjd lqj{kk Loa; lsodksa dks funs’kky; ukxfjd lqj{kk t;iqj }kjk le;&le; ij vkink 
dh fLFkfr ls fuiVus gsrq vko’;d izf’k{k.k iznku fd;k tkrk gSaA    
 vkink çca/ku dh f'k{kk%& 
1- Ldwyksa& ftys ds leLr fo|ky;ksa esa çkFkZuk lHkk esa vkink ds ckjs esa fo|kfFkZ ;ksa 
dks tkudkjh nh tk,xh o cpko ds mik; crk, tk,axsA cPps vkxs tu&tu 
rd ;g tkudkjh çnku djus dk ç;kl djsaxsA 
2- ekWMy fo|ky;ksa esa vkink dsUnz dk xBu fd;k tk,xk] rFkk çR;sd uksMy fo|ky; 
esa ,d v/;kid dks vkink çca/ku dk çf'k{k.k çnku fd;k tk, vkSj ;g çf'kf{kr 
v/;kid vkink ny ds lnL;ksa dks vkink çca/ku dh tkudkjh çnku djsxkA 
3- dkWystksa ¼esfMdy rFkk bathfu;fjax½ esa Hkh vkink çca/ku dh f'k{kk nh tkuh 
pkfg,A 
 
 
 
 
 
 
 
 
 
 
 
 
 
 
 
 
 "
45,PDF page 45,"45 
 
v/;k; % 8  
iquZfuekZ.k] iquokZl] vkSj fjdojh mik; 
1- ifjp;%&  
 vkink,a ,d lekt ds lkekU; thou esa vpkud O;o/kku dk dkj.k gS vkSj bl gn rd 
fd lkekU;] lkekftd vkSj vkfFkZd lHkh çdkj ds lekt ds fy, miyC/k ra= ijs'kkuh ds 
dkj.k thou vkSj laifÙk  dk uqdlkuA ,sls esa yksx rFkk vf/kdkjh nksuksa vutku idMs+ 
tkrs gSa vkSj ifjfLFkfr;ksa esa igy vkSj fn'kk dh viuh Hkkouk [kks nsrs gSaA urht u] jkgr 
dk;Z çHkkfor gksrk gS vkSj vuko';d #i ls nsjhA 
 ,sls ekeyksa esa] ,d vkink rS;kjh ;kstuk dk vfLrRo vR;ar mi; ksxh gks ldrk gSA 
O;kdqy vf/kdkjh rks vius gkFk esa fn, x, funsZ'kksa dk ikyu djsa tks os dj ldrs gS 
vkSj ;g Hkh muds ekrgr vkSj çHkkfor yksxksa dks funsZ'k tkjh djus dk ,d iwjk lsV gSA 
;g u dsoy cpko vkSj jkgr dk;Z dks rst djus] cfYd ihfMrksa dk eukscy c< kus dk 
vlj gSA 
vYidkyhu ;kstuk vkSj nh?kZdkyhu ;kstuk 
2- y?kq vof/k ;kstuk%& 
vYidkyhu ;kstuk,a dk;Zokgh vk/kkfjr gksrh gS vkSj de ls de le; esa lkekU; fLFkfr 
cgky djus ds mn~ns'; ls dh tkrh gSA 
fdlh Hkh ;kstuk dk lcls egRoiw.kZ vko';drkvksa esa ls ,d {ks= vkSj ,tsafl;ka gSaA buds 
dk;kZUo;u vkSj leUo; ds fy, ftEEksnkj gksxk tgka ;g ykxw gksxk] ifjHkkf""kr djus ds fy, 
fd;k tk,xkA ,d ckj tc lhekvksa dks ifjHkkf""kr dj jgs gSa] fuEufyf[kr tkudkjh dh 
vko';drk gksxh& 
1- jkgr ds :i esa tqVk,s tkus okys lalk/kuksa ds fy, vkOk';d lkexzh dh jkf'k rhozrk ds   
vkdMksa ij vk/kkfjr gS vksSj fiNys vkink fjdkMZ esa {ks= esa fofHkUu vkinkvksa dk çlkj 
fd;k tk ldrk gSA 
2- dqN {ks= vkink ls xzLr gS vkSj gj ckj jkgr çnku dh tkrh gS] bu jkg r vkSj cpko 
vH;kl ds Hkfo""; dh ;kstuk cukus ds fy, lkexzh ds :i esa lsok djus ds fy, rS;kj 
gks tkrs gSA 
3- y?kq vof/k dh ;kstuk vkinkvksa dh ?kks""k.kk fo'ks""k çdkj ds {ks= dh vlqj{kk ds vk/kkj ij 
fd;k tkuk pkfg,A vkinkvksa ij Hkfo"";okf.k;ka mi;ksxh vH;kl ij d k;Zokgh dh ;kstuk 
gS tks lcls vko';d gksxk] esa O;k[;k dh tkuh pkfg,A 
4- y?kq vof/k dh ;kstuk lq>ko vkSj ftyk@jkT; ]xSj ljdkjh laxBuksa vkSj leqnk; 
vk/kkfjr laxBuksa ls lacf/kr lHkh  foHkkxksa dh {kerkvksa dks 'kkfey djuk pkfg,A blfy, 
;kstukvksa ij mudh tkudkjh 'kkfey djus ds fy, mfpr Lrj ij lfefr;ksa dh LFkkiuk 
ds }kjk rS;kj fd;k tk ldrk gSA 
vkink ds ckn 
3- cpko lapkyu%& 
vkink ds rqjar ckn] ftyk eftLVªsV] fu;a=.k vkSj lHkh xfrfof/k;ksa ds leUo; ds fy, dsUnz 
fcUnq ds :i esa dk;Z djsxkA cpko] fudklh vkSj jkgr esa lgk;rk ds fy, LFkkuh; lsuk 
@ukSlsuk@ok;q lsuk bdkb;ksa ds LkkFk lEidZ djuk pkfg,A ljdkj ds laxBu vkSj futh 
{ks= ls vf/kdkj ekax djus ds fy, lalk/kuksa] lHkh foHkkxksa ls lkexzh vkSj midj.k ysx kA og 
m|ksx dks funsZf'kr djus ds fy, muds vkWulkbV vkSj vkWQlkbV vkink çc/k au ;kstuk dks 
lfØ; djus dh ;qfDr gksxhA lkbV lapkyu dsUnz dh O;oLFkk ds lkFk çHkkfor {ks= dh 
LFkkiuk dh tk,xhA i'kq f'kfojksa dh LFkkiuk ds fy, vf/kd`r gksxkA og jkT; ds jkgr "
46,PDF page 46,"46 
 
vk;qDr ,oa laHkkxh; vk;qDr dks çkjafHkd lwpuk fjiksVZ vkSj dk;Zokgh fjiksVZ HkstsxsaA ijaijkxr 
:i ls] fpafUgr ,lMh,e dk;kZy; vkSj LFkkuh; iqfyl LVs'ku] nksukas ftyk Lrj ds uhps 
eq[; ljdkjh ,tsfl;ksa] tks cMh nq?kZVukvksa@vkink [krjksa dh fLFkfr esa vkikrdkyhu 
lapkyu ds fy, fVªxj ra= vkjEHk dj jgs gSA de xEHkhj vkink [krjk@nq?kZVuk dh fLFkfr 
esa ,lMh,e dk;kZy; vkSj LFkkuh; iqfyl LVs'ku fVªxj ra= dks 'kq: djus vkSj LFkkuh; Lrj 
ij miyC/k lalk/kuksa dh enn ls ,d vkikrdkyhu çfrfØ;k çnku djus ds fy, tkjh 
jgsxkA MhMh,elh tkudkjh çkIr gksus ij] nks ,tsafl;ksa esa ls fdlh ls LFkkuh; lalk/kuksa dks 
c<kusa vkSj fpfUgr çfrfØ;k ,tsafl;ksa dks mfpr funsaZ'k nsus ds fy, mfpr fu.kZ; fy;k 
tk;sxk A 
4- jkgr vfHk;ku%& 
ck<+ cpko pj.k [kRe gks x;k gS] ftyk ç'kklu udn ;k vkink ds ihfM+rksa dks oLrq ds :i 
esa rRdky jkgr lgk;rk çnk u djsxkA ftyk eftLVsªV dk;kZy;] HkqdEi ] vkx] ck<] naxs] 
vkrdaoknh geys vkfn dh rjg ;k rks çkd`frd ;k ekuo fufeZr vkinkvkas ds ihfMrksa dks 
jkgr çnku djus ds fy, ftEesnkj gSA 
5- iquokZl%& 
vYikof/k çfrfØ;k esa iquokZl vafre dne gSA gknlk deku ç.kkyh ds :i esa iquokZl pj.k 
[kRe gks x;k gSA mls fuf""Ø; dj fn;k tk;sxkA blds ckn lkekU; ç'kklu vkink çHkkfor 
{ks=ksa esa iqufuekZ.k ds 'ks""k dk;kasZ dks ys tk;sxkA 
6- nh?kZdkfyd ;kstuk%& 
fLFkfr ges'kk yach vof/k dh ;kstuk dk okjaV ugh gSA ysfdu bl rjg dh ;kstuk,a vkink 
'keu dh ,d laLd`fr dk fuekZ.k djus ds fy, vkSj {ks= ds tksf[ke dks de djus ds mís'; 
ls l{ke gksuh pkfg,A  
 ,d nh?kZdkyhu ;kstuk dh rS;kjh ds fy, lcls cM+h vko';drk gS ,d {ks= esa viuh  
t:jr dh LFkkiukA {ks= ds tksf[ke v kSj blds fØ;kUo;u dh ykxr vkSj lexz fodkl 
ds fy, vU; t:jrksa ds chp lalk/ku VsªMvkWQ ds vk/kkj ij LFkkfir fd;k tk ldrk 
gSA bl lanHkZ esa yach vof/k ds vkink 'keu ;kstuk ;k lexz fodkl ;kstuk ds Hkkx ds 
:i esa iquokZl ;kstuk egRoiw.kZ gks tkrh gSA 
 iquokZl ;kstuk ds ekeys esa uqdlku gS fd leqnk; esa txg ys yh gS] ds Lrj dk QSlyk 
yach vof/k dk gLr{ksi vko';d ugha gS iquokZl dh j.kuhfr uqdlku dk vkadyu fjiksVZ 
ij dkQh fuHkZj djsxkA 
 ,d leqnk;] tks foLrkj esa viuh t:jrksa vkSj vis{kkvksa dk v/;;u djrk gS vkSj viuh  
iajijkvksa vkSj jhfr fjoktksa dks cuk, j[kus ds fy, djuk pkgrs gS foLr`r losZ{k.k] ck gj 
tkdj jgus ds fy, gSA ;g ,d gLr{ksi dh j.kuhfr gS fd leqnk; ds fy, Lohdk;Z 
fu.kZ; ysus esa ,d fuos'k ds :i esa dke djsxkA 
 nh?kZdkfyd ;kstuk lexz fodkl vkSj cqfu;knh t: jrksa dks larks""k tud vkJ;] vkfFkZd 
vkSj leqnk; ds lkekftd thou çkIr djus dk ,d mís'; gksuk pkfg,A vkink tksf[ke 
dks de djuk vius vki esa m}s'; ugh gS vkSj ,d mís'; dks çkIr djus ds fy, ,d 
lk/ku gksuk pkfg,A 
 yach vof/k dh ;kstuk lalk/ku xgu gSA mlesa fu.kZ ; miyC/k lalk/kuksa ds vk/kkj ij 
fd;k tkuk pkfg,A dbZ ekeyksa esa tgka LFkkukUrj.k ds ek/;e ls iquokZl ds fy, t:jr 
gS] ,d gh Hkwfe dh vuqiyC/krk ds dkj.k ykxw ugha fd;k tk ldrk gSA 
 yach vof/k dh ;kstuk dsoy xSj ljdkjh laxBuksa vkSj lkeqnkf;d Hkkxhnkjh ds ek/;e ls 
lQyrkiwoZd ykxw fd;k tk ldrk gSA bu fudk;ksa dh Hkkxhnkjh vko';d gSA "
47,PDF page 47,"47 
 
7- fofHkUu lfefr;ka%&  
inkf/kdkjh fpfdRlk lfefr ¼ekSleh 
chekfj;ka ,oa jkgr dk;Z LFky ij 
Jfedksa ds fy, fpfdRlk O;oLFkk 
gsrq i`F kd&i`Fkd lfefr;k¡ gSa] 
fdUrq lnL;x.k leku gSa½ 
jkgr dk;Z o 
fu;kstu lfefr 
pkjk O;oLFkk 
lfefr 
xsagq ds lqjf{kr 
Hk.Mkj.k ,oa leqfpr 
vkoUVu lfefr 
¼rglhy Lrj ij½ 
v/;{k vfrfjDr ftyk dyDVj 
¼lgk;rk½ 
eq[; dk;Zdkjh 
vf/kdkjh ftyk 
ifj""kn nkSlk 
vfrfjDr 
ftyk dyDVj 
¼lgk;rk½ 
mi[k.M vf/kdkjh 
lnL; eq-fp-,oa Lok- vf/kdkjh vfr- eq[; dk;Z 
vf/kdkjh] ftyk 
ifj""kn 
mi funs’kd] 
d`f""k ¼foLrkj½ 
fodkl vf/kdkjh 
lnL; eq-fp-,oa Lok- vf/kdkjh vf/k- vfHk;ark 
ftyk xzkeh.k 
fodkl vfHkdj.k 
e.My ou 
vf/kdkjh 
cky fodkl 
vf/kdkjh 
lnL; mi[k.M vf/kdkjhx.k leLr 
ftyk 
fodkl 
vf/kdkjhx.k 
mi funs’kd] 
i'kqikyu 
foHkkx 
jln dk;kZy; dk 
[kk| fujh{kd 
lnL; & ifj;kstuk 
vf/kdkjh] Hkw -la- 
ftyk xzkeh.k 
fodkl vfHkdj.k 
mi[k.M 
vf/kdkjhx.k 
& 
 
  "
48,PDF page 48,"48 
 
 
v/;k; % 9 
vkink izcU/ku esa ehfM;k dh ftEesnkjh 
      vkikr fLFkfr ,oa lEHkkfor vkink dh fLFkfr esa fizUV ,oa bySDVªksfud ehfM;k fuEukuqlkj 
ftEesnkjh fuHkkrs gS %& 
1- izHkkfor {ks= ,oa vkikr fLFkfr dh lgh tkudkjh iz’kklu ,oa vketu ds chp j[kus dk 
dkeA 
2- iz’kklu ds lkFk lg;ksx dj vkikr fLFkfr dks fu;a=.k djukA 
3- vQokg ls gksus okys vf/kd tku&eky dh {kfr dks jksdukA 
4- vketuksa ,oa izHkkforksa ds chp leUo; LFkkfir djukA 
5- vf/kd ls vf/kd lalk/ku tqVkdj cpko dk;ksZ esa enn djukA 
6- lEHkkfor [krjs dk le; jgrs fu;a=.k ,oa jksdFkke djus esa iz’kklu dh enn djukA 
7- vketuksa dks izsfjr dj lqjf{kr ekgkSy rS;kj djus esa lgHkkfxrk fuHkkukA 
8- vkikr fLFkfr ds ckn lkekU; fLFkfr cgky djus esa iz’kklu dh enn djukA 
 
  "
49,PDF page 49,"49 
 
 
v/;k; % 10 
nkSlk ftys dh foink o tksf[ke dh laosnu’khyrk dk vkadyu 
ckj&ckj izkd`frd vkink ls jkT; esa ekuo] isM ikS/ks] i'kq/ku] i;kZoj.k ,oa laifÙk  ij 
izfrdwy izHlw[ks gksrk jgk gSaA nkSLkk ds lanHkZ esa izkd`frd vkink,a lw[kk] ck<] vfXu] vksyko`f""V] 
vkfn ls dkQh uqdlku gksrk jgk gSaA izkd`frd vkinkvksa dks jksdus ;k U;wuhdj.k djus ds fy,  
ljdkjh ,oa leqnk; ds Lrj ij dbZ dk;ZØe lapkfyr gks jgs gSa] fQj Hkh vkinkvksa dh 
Hk;kogrk] vkikrdkyhu  f LFkfr] lalk/kuksa dh deh ,oa laosnu’khyrk vkink ds ifj.kkeksa dks 
xfr’khy djrk tk jgk gSA ftlls uqdlku dk vkadMk fnuksa fnu c<rk tk jgk gSaA 
lkewfgd iz;kl ,oa {kerk lao/kZu dks fodkl dk;ZØe ls tksMuk vfr vko’;d gSaA 
izHkko’kkyh vkikrdkyhu rS;kjh ls yksxksa  ds thou] i;kZoj.k ,oa laifÙk  ds uqdlku dks de 
fd;k tk ldrk gSaA 
vkink,a thou ij izfrdwy izHlw[ks Mkyrh gS rFkk vkink ds ?kfVr gksus ds mijkUr loZ= 
fouk’k] nqnZ’kk] la=kl dk n`’; mRiUu gks tkrk gSA vkink izHkkfor yksxksa dks iqu% iwoZ fL Fkfr esa 
vkus esa dbZ n’kdksa dk le; yx tkrk gSA thfodk ds fuEuLrj o de tkx:drk us u dsoy 
vkinkvksa ds Hk;adj izHlw[ks dks c<k;k gS cfYd ;g vkfFkZd fodkl esa :dkoV dk xaHkhj dkj.k 
Hkh cuk gSA vkink ds ?kVus ls mlds izHlw[ks o {ks= dh ifj/kh esa lHkh yksx izHkkfor gksrs gSA 
ysfdu xjhc] efgyk,a] cPps] cqtqxZ] o viax yksx blls vf/kd izHkkfor gksrs gS D;ksafd 
mudh vkfFkZd ,oa 'kkjhfjd d""V lgu djus dh {kerk cgqr de gksrh gSaA 
vr% ;g vko’;d gS fd fdlh Hkh ftys esa laHkkfor ?kfVr gksus okyh foinkvksa dh 
igpku] mlls gksus okys tksf[ke] mldh ifjf/k esa vkus okys {ks=ksa] cqtqxksaZ] efgykvksa] fu%’kDrtuks 
o xjhch js[kk ls uhps thou ;kiu djus okys yksxksa dh igpku] ml {ks= esa jgus okys yksxksa  dh 
vkfFkZd] lkekftd o HkkSfrd laosnu’khyrk dh igpku rFkk vkink ds izHlw[ks ls fuiVus ds fy, 
mudh {kerk dk vkadyu djds tksf[ke dh laosnu’khyrk dks Kkr fd;k tk;s rkfd vkinkvksa 
ds [krjs dks de djus ds fy, ;kstuk rS;kj djds fØ;kfUor dh tk ldsA 
1- laHkkfor foinkvksa dh igpku%& 
ftys dh foink o tksf[ke dh laosnu’khyrk ds vkadyu ds fy, ftys esa gksus okyh laHkkfor 
vkink,a] muls izHkkfor gksus okys yksx rFkk foinkvksa ls fuiVus ds fy, ftys dh {kerk dk  
vkadyu fd;k x;kA  ftys esa laHkkfor 11 vkink,a fpfUgr dh x;hA buesa ls eq[; iakp 
foinkvksa ds fy, foLr`r o fof’k""V dk;Z ;kstuk ,oa vU; foinkvksa ds fy, lkekU; dk;Z 
;kstuk cukus dh vuq’kalk dh x;hA 
 tyok;q lEcfU/kr %& ck<] lw[kk] pØokr ] vksyko`f""V] ckny dk QVuk] xeZ vkSj BaMh 
gok;sa] rwQku ,oa fctyh dk fxjukA  
 HkwxHkZ lEcfU/kr%& HkwdEi] HkwL[kyu] ck¡/k dk VwVuk] [kku esa vkx yxukA 
 jlk;fud] vkS|ksfxd ,oa ijek.kq lEcfU/kr%& jklk;fud ,oa vkS|ksfxd foink ,oa ijek.kq 
foinkA 
 nq?kZVuk lEcfU/kr%& vkx] ce foLQksV] ok;q] lMd] ,oa jsy nq?kZVuk] [kku esa ck< vkuk] 
eq[; Hkouksa dk <guk] lkEiznkf;d naxk] [kqys cksjosy@dqa, dh nq?kZVuk,¡A 
 tSfod vkink,a%& egkekjh] fVM~Mh ny vkØe.k] tkuojksa dh egkekjh bR;kfnA 
 
 
 
 "
50,PDF page 50,"50 
 
2- ftys esa uqdlku dk fo’ys""k.k%&  
vkink dk 
izdkj 
vkus dk le; izHkko laosnu'khy {ks= 
ck<+ tqykbZ&flrEcj thou dk uqdlku] thou 
j{kd lkexzh] lk/ku] 
thfodksiktZu] i;kZoj.k ij 
izfrdwy izHkko 
fupys {ks=] 'kgjh {ks= 
HkwdEi dHkh Hkh thou dk uqdlku] thou 
j{kd lkexzh] lk/ku] 
thfodksiktZu] i;kZoj.k ij 
izfrdwy izHkko 
Å¡ph bZekjr] detksj 
edku] vikVZesUV] 
nqdku] ekWy] iqy] 
cka/k] ?kuh] vkcknh 
cfLRk;k¡ 
rki?kkr vizSy&twu thou dk uqdlku] thou 
j{kd lkexzh ij izHkko 
ftysa ds lHkh Hkkx 
vfXu ekpZ&twu thou dk uqdlku] thou  
j{kd lkexzh ij izHkko] 
laifÙk dk uqdlku 
'kgjh {ks=] jhdks 
vkS|ksfxd {ks=] ekWy] 
gksVy] vLirky] 
Ldwy] ekdsZV] dPps 
edku 
jlk;u 
nq?kZVuk 
dHkh Hkh thou dk uqdlku] thou 
j{kd lkexzh ij izHkko] 
laifÙk  dk uqdlku 
vkS|ksfxd {ks=] gkbZos 
,oa lMd ifjogu 
fctyh dk 
fxjuk 
vizSy&vxLr ekuo dk uqdlku ftys ds lHkh Hkkx 
lMd nq?kZVuk dHkh Hkh ekuo ,oa laifÙk  dk 
uqdlku 
ftys ds lHkh Hkkx 
jsy nq?kZVuk dHkh Hkh ekuo ,oa laifÙk  dk 
uqdlku 
ftys ds lHkh Hkkx 
vksyko`f""aV ekpZ& ebZ Qly dk uqdlku ftys ds lHkh Hkkx 
3- vkink dh fLFkfr esa ftEesnkj foHkkx%& 
Ø-la- ftEesnkj foHkkx vkink ,oa [krjk 
1-  vkink izcU/ku ,oa lgk;rk 
foHkkx 
lw[kk] vksyko`f""aV] yw ,oa 'khrygj] fctyh fxjuk] 
rwQku] HkwL[kyu 
2-  ÅtkZ foHkkx fctyh forj.k ,oa mRiknu esa vkink,sa 
 
3-  x`g foHkkx vkradoknh ?kVuk] dkuwu O;oLFkk fcxMuk] 
lkEiznkf;d ruko] jsy] lMd] gokbZtgkt nq?kZVuk] 
ck;ksykWftdy] jklk;fud U;wfDy;j] jsfM;kykWftdy 
vkikr fLFkfr] esyk ,oa mRlo ds nkSjku nq?kZVuk,¡ A 
4-  ty lalk/ku foHkkx ck<] vpkud rst ikuh dk cgko] cka/k dk VwVuk] 
ckny dk QVuk 
5-  lkoZtfud fuekZ.k foHkkx HkwdEi] cMh bZekjrks dk fxjuk] lMd nq?kZVukA 
6-  [knku ,oa isVªksfy;e [knku vfXu ,oa ck< nq?kZVuk] rsy fjlkoA "
51,PDF page 51,"51 
 
foHkkx 
7-  m|ksx foHkkx jklk;fud ,oa vkS|ksfxd nq?kZVukA 
8-  'kgjh fodkl foHkkx 'kgjh vfXudkaM 
9-  jktLo xzkeh.k vfXudkaM ,oa ukoksa dk Mwcuk 
10-  ou foHkkx taxy dh vkxA 
11-  fpfdRlk ,oa LokLF; 
foHkkx 
Ckk;ksykWftdy] egkekjh ,oa fo""kkDr HkkstuA 
12-  d`f""k foHkkx dhVk.kq uk’kd dk fNMdkoA 
13-  i'kqikyu foHkkx i'kqvksa esa egkekjhA 
4- laosnu’khyrk%& 
fdlh Hkh LFkku dh laosnu’khyrk ogka ds yksxks ds thou Lrj] ogka dh fLFkfr] jgus ds LFkku 
o ?kVuk ds le; ij fuHkZj djrh gSaA 
 HkkSfrd laosnu’khyrk%& 
Hkou] vk/kkjHkwr <kapk] thou /kkjd oLrqvksa dh iwfrZ dk  ekxZ] ifjogu] nwjlapkj] tu 
lqfo/kk,a vko’;d tu lsok,a tSls LokLF;] tykiwfrZ] rFkk d`f""k] HkkSfrd lk/ku gSa ftuls  
HkkSfrd laosnu’khyrk dk vkadyu fd;k tkrk gSA ?kjksa dks mudh cukoV rFkk Hkou 
lkexzh ds vk/kkj ij pkj eq[; Hkkxksa esa oxhZd`r dj ldrs gSaA 
 feV~Vh dh nhokj <kyw] dPph feV~Vh dh bZVksa ,oa LFkkuh; miyC/k iRFkj%& 
ftyk HkwdEi ds n`f""Vdks.k ls yks Msest fjLd tksu esa gSaA vr% HkwdEi ls uqdlku dh 
laHkkouk cgqr de gSA 
 idh gqbZ bZVsa ;k cMs iRFkj ds ?kj%& 
ftys esa idh gqbZ bZVksa ;k cMs iRFkjksa ds cus ?kjksa dks vR;f/kd uqdlku okys laHkkfor 
{ks= esa e/;e uqdlku gksus dh laHkkouk gSaA 
 lqn`< ;k etcwr bekjrsa] ydMh ds <kaps ds lkFk%& 
bl rjg ds ?kjksa dks de uqdlku gksu k dh lEHkkouk gS vFkkZr HkwdEi dh n`f""V ls 
dqN gn rd bUgsa Bhd fd;k tk ldrk gSaA 
 gYds] ydMh] iRrksa vkfn dh >ksaifM;k¡%& 
gYds Hkou fuekZ.k ds ?kj tSls >ksaifM;k¡  gYds ydMh] iRrksa vkfn dh lkexzh ls cus 
gq, gSa tks HkwdEi dh n`f""V ls rks dkQh lqjf{kr gS ysfdu rst gok;s vxj 47 ,e@lSa- 
ls pyrh gS rks bu ?kjksa esa vR;f/kd uqdlku dh laHkkouk gSA  
  "
52,PDF page 52,"52 
 
v/;k; % 11  
fo|ky; lqj{kk ,oa vkikrdkyhu cpko mik; 
¼ekuuh; mPpre U;k;ky; ds ikfjr vkns’k esa fn’kk funsZ’k½ 
fofHkUu ljdkjh ,oa futh fo|ky;ksa ds tkap ,oa iz/kkuk/;kid }kjk ftyk dyDVj dks 
izsf""kr iwoZ vads{k.k fjiksVZ ds vk/kkj ij ik;k x;k gS fd fo|ky;ksa  esa vfXu lqj{kk] vkikrdkyhu 
cpko mik; ,oa vkink izcU/ku izf’k{k.k dh fLFkfr ux.; gSA ekuuh; mPpre U;k;ky; us 
vius vkns’k 13 vizSy 2009 esa ikfjr dj Li""V funsZ’k ns pqdk gS fd lHkh lapkfyr 
fo|ky;ksa ,oa 'kS{kf.kd laLFkkuksa esa cPpksa ds lqj{kk ,oa vfXu cp ko mik; dh ikyuk lqfuf’pr 
dh tk;sA lHk h fo|ky;ksa esa r; ekudks ds vUr xZr vfXu’keu ;a= yxk;s tk;sa] fcfYMax 
ck;ykWt 2005 ds vUrxZr fo|ky; ds Hkouksa dh lqj{kk ekud r; dh tk;s ,oa vkink ,oa 
cpko mik;ksa ij dk;Z;kstuk cukdj lHkh LVkQ ,oa Nk=ksa dks vko’;d iz f’k{k.k fn;k tk;sA 
ysfdu tkap esa ik;k tk jgk gS fd fo|ky; izcU/ku bl eqn~ns ij xaHkhj ugha gS] tcfd dbZ ckj 
vkink FkksMh lh ykijokgh ls iwoZ esa gks pqdh gS ,oa dbZ ekSrsa fjdkWMZ ij gSA lHkh fo|ky ;ksa ds 
eq[; }kj ij vkink izcU/ku ;kstuk ,oa vkikrdkyhu uE cjksa dks n’kkZ;k tk,] fo|ky;ksa esa 
iz’kklu dh enn ls ekWd fMªy ,oa vko’;d izf’k{k.k ,d le; lhek ds vUrjky ij djkbZ 
tk;sA bl lqj{kk ekeys dh ykijokgh ,oa ekuuh; mPpre U;k;ky; ds vkns’k dh ikyuk 
lqfuf’pr u gksus ij U;k;laxr dk;Zokgh vkns’k esa vafdr fd;k x;k gSA 
vkink izcU/ku vf/kfu;e 2005 dh /kkjk 25 ¼2 ,½ ds vUrxZr ftyk dyDVj fdlh 
laHkkfor vkink dks jksdus ds fy, iw.kZr;k ftEesnkj gS] vr% dyDVj vius funsZ’k ls lHkh 
lapkfyr ljdkjh ,oa futh fo|ky;ksa dk vkink izcU/ku ;kstuk rS;kj djokus dh dk;Zokgh 
lqfuf’pr djkosa] rkfd laHkkfor vkink dks le; iwoZ jksdk tk ldsa] lkFk gh [krjk ,oa 
laosnu’khyrk fpfUgr gks ldsA 
  "
53,PDF page 53,"53 
 
 
v/;k; % 12 
jktLFkku jkgr dks""k 
(STATE CALAMITY FUND) 
vdky] HkwdEi] ck<] vksyko`f""V] vfXu pØokr tSlh izkd`frd vkinkvksa ls gksus okyh 
tu&/ku dh {kfr ds fy;s dsUnz ljdkj }kjk jk""Vªh; vkink dks""k (National Calamity 
Fund) ls lgk;rk iznku fd;s tkus dh O;oLFkk gS fdUrq buds vfrfjDr dqN vU; 
izkd`frd vkink,a rFkk xSj izkd`frd vkink,a Hkh gS ftuls gksus okyh tu&/ku dh {kfr ds 
fy, lgk;rk iznku djus dh dksbZ O;oLFkk ugh gSA ,slh vU; izkd`frd vkinkvksa ,oa xSj 
izkd`frd vkinkvksa esa turk dks lgk;rk iznku dj jkgr nsus ds fy, o""kZ 2005&06 dks 
jkT; ds ctV esa jktLFkku jkgr dks""k LFkkfir djus dk fu.kZ; fy;k x;k gSA mDr fu.kZ; 
ds ifjis{k esa jktLFkku jkgr dks""k ds fy, fuEukuqlkj O;oLFkkvksa laca/kh izko/kku fd;s tkus 
izLrkfor gSA 
 'kh""kZd%& 
jkT; Lrj ij LFkkfir fd;s tkus okys bl dks""k dks jktLFkku jkgr dks""k dgk tk;sxkA 
^^ jktLFkku jkgr dks""k** dk xBu ,oa lapkyu & 
1- bl dks""k ds fy;s jkT; ljdkj] jkT; ctV ds ek/;e ls vko’;drkuqlkj jkf’k 
miyC/k djk;sxhA jkT; ljdkj ls izkIr jkf’k fcuk C;kt ds futh fu{ksi [kkrs esa j[kh 
tk;sxhA 
2- fdlh nkunkrk ;k laLFkk bl dks""k esa miyC/k djk;h xbZ lgk;rk jkf’k dks Hkh blh 
dks""k ds futh fu{ksi [kkrs esa tek dh tk;sxhA 
3- eq[;ea=h lgk;rk dks""k dh Hkkafr bl dks""k esa nh xbZ jkf’k dks Hkh vk;dj ls NwV 
izkIr djus gsrq vkink izcU/ku ,oa lgk;rk foHkkx }kjk dk;Zokgh dh tk;sxh rFkk 
vk;dj foHkkx ls Lohd`fr izkIr gksus ij mldh vf/klwpuk tkjh dh tk;sxhA 
4- bl dks""k dk fu;a=.k ,oa lapkyu] vkink izcU/ku ,oa lgk;rk foHkkx }kjk fd;k 
tk;sxkA 
5- bl dks""k ds lapkyu ds fy;s jkT; Lrjh; lfefr ¼ftldk xBu vkxs mYysf[kr 
fd;k x;k gS½ le; le; ij fu.kZ; ysdj fn’kk funsZ’k tkjh djus ds fy;s l{ke 
gksxhA 
 ^^jktLFkku jkgr dks""k** ds vUrxZr 'kkfey gksus okyh vkink,a%& 
1- euq"";] i'kq ,oa Qlyksa dk egkekjh ls cpkoA 
2- [kku esa ck< dk ikuh vkuk ;k mlds <gus ij gksus okyh vkink esa [kkst ,oa cpko 
dk dk;ZA 
3- Ckgqeaftys Hkouksa ds <gus] dq,a ds <gus ij gksus okyh vkink ds le; fd;s tkus okys 
[kkst ,oa cpko ds dk;ZA 
4- feV~Vh ,oa PkV~Vku <g tkus rFkk dq,a esa tgjhyh xSl ls mRiUu vkink esa [kkst ,oa 
cpko dk;ZA 
5- mijksDr ds vfrfjDr vU; vkink,a tks jkT; Lrjh; lfefr }kjk lgk;rk nsus ;ksX; 
gks] fuf.kZr dh tkosA 
euq"";ksa] i'kqvksa ,oa Qlyksa dh egkekjh fu/kkZj.k ds fy;s tc rd jkT; Lrjh; lfefr }kjk 
fu.kZ; ugha fy;k tkrk] rc rd ds fy;s fuEu izko/kku ykxw gksaxs & "
54,PDF page 54,"54 
 
1- euq"";ksa esa egkekjh& fo'ks""k HkkSxksfyd {ks= ;k leqnk; esa fdlh fo’ks""k izdkj dh c hekjh 
dk gksuk ;k ik;k tkuk] tks lkekU; vuqekuksa vFkok iwoZ ds vuqHkoksa rFkk lkekU; L=ksarks 
fudkys x;s ekin.Mksa ls vR;f/kd gksA 
2- i'kqvksa esa egkekjh& fdlh fo’ks""k HkkSxksfyd {ks= ls cMh la[;k esa izHkkfor djus o kyh 
chekjh] ftlds Rofjr xfr ls foLrkj gksus dh lEHkkouk gks ,oa tks lkekU; vuqekuksa ,oa 
iwoZ vuqHkoksa ds ekin.Mksa ls vR;f/kd gksA 
3- Qlyksa esa egkekjh & fo’ks""k HkkSxksfyd {ks= dh Qlyksa vFkok fdlh fo’ks""k Qly ds 
foLr`r {ks= esa yxh chekjh] ftlds dkj.k lkekU; vuqHkoksa ,oa iwoZ ds vuqekuksa ls 
vR;f/kd ek=k esa {kfr vkadfyr dh x;h gksA 
egkekjh ds fu/kkZj.k ds i'pkr jkT; ljdkj }kjk mls vf/klwfpr djus ij gh bl dks""k 
dks lgk;rk fn;k tkuk vuqer gksxkA 
 jkT; Lrjh; lfefr%& 
jkT; Lrj ij ""jktLFkku jkgr dks""k "" ds lapkyu gsrq jkT; Lrjh; lfefr fuEukuqlkj 
xfBr dh tk;sxh%& 
eq[; lfpo&       v/;{k 
vfrfjä eq[; lfpo ¼fodkl½&    lnL; 
çeq[k 'kklu lfpo] foÙk foHkkx&    lnL; 
çeq[k 'kklu lfpo] fpfdRlk ,oa LokLF; foHkkx& lnL; 
çeq[k 'kklu lfpo] —f""k foHkkx&    lnL; 
çeq[k 'kklu lfpo] i'kq ikyu foHkkx&   lnL; 
'kklu lfpo] [kku foHkkx&     lnL; 
'kklu lfpo] vkink çcU/ku ,oa lgk;rk foHkkx& lnL; lfpo 
 jkT; Lrjh; lfefr ds fØ;kdyki%& 
1- jktLFkku jkgr dks""k ds vUrxZr 'kkfey gksus okyh vkinkvksa esa lgk;rk ds ekin.Mksa dk 
fu/kkZj.k djukA 
2- euq"";ksa] i'kqvksa ,oa Qlyksa dh egkekjh dh fLFkfr dk fu.kZ; djukA 
3- ""jktLFkku jkgr dks""k "" ls gksus okys O;; ds foÙk iks""k.k laca/kh lHkh ekeyksa ij fu.kZ; 
ysukA 
4- ""jktLFkku jkgr dks""k "" ds fu;U=.k ,oa lapkyu ds fy;s vkink çcU/ku ,oa lgk;rk 
foHkkx dks fn;s tkus okys fn'kk funsZ'kksa dk fu.kZ; djukA 
5- ""jktLFkku jkgr dks""k "" ls ftl ç;kstu gsrq jkf'k miyC/k djkbZ tkos mu ç;kstuksa ds 
fy;s fu/kkZfjr ekin.Mksa ds vuq:i gh jkf'k dk mi;ksx lqfuf'pr djukA 
6- jkT; Lrjh; lfefr }kjk le; le; ij vko';drkuqlkj fo'ks""k ç;kstu gsrq mi lfefr 
dk Hkh xBu fd;k tk ldsxk ,oa ml mi lfefr dks mijksä of.kZr fØ;kdykiksa esa ls 
fdUgha fØ;kdykiksa ds fy;s vf/kdkjksa dk çR;k;kstu Hkh fd;k tk ldsxkA 
7- vU; lHkh ,sls dk;Z djuk tks ""jktLFkku jkgr dks""k"" dh LFkkiuk ds mís';ksa dh iwfrZ ds 
fy;s vko';d gksaA 
 fofHkUu vkinkvksa ds fy, uksMy foHkkx%& 
1- euq"";ksa dh egkekjh   &  fpfdRlk ,oa LokLF; foHkkx 
2- i'kqvksa dh egkekjh   &  i'kq ikyu foHkkx 
3- Qlyksa dh egkekjh   &  d`f""k foHkkx 
4- [kku esa ck< dk ikuh vkuk ,oa <guk &  [kku foHkkx 
5- fofHkUu vkinkvksa esa [kkst ,oa cpko dk;Z & vkink izcU/ku ,oa lgk;rk foHkkx "
55,PDF page 55,"55 
 
d- mijksDrkuqlkj vkinkvks a ds uksMy foHkkx ds vfrfjDr] lexz :i ls 
fu;U=d vkink izcU/ku ,oa lgk;rk foHkkx jgsxkA 
[k- izR;sd uksMy foHkkx] muls lacaf/kr vkinkvksa ds izcU/ku ds fy;s ,slh 
;kstuk cuk;sxk] ftlesa vkink ls iwoZ gh jksdFkke ds mik; rFkk vkink ds 
nkSjku fu;U=.k ,oa jkgr i znku djus ds mik;ksa dks mYysf[kr djsxkA 
blds vfrfjDr] vkink dh fLFkfr ds lek/kku ds fy;s Hkh ;ks tuk cuk;sxk] 
ftlls fd Hkfo""; esa ,slh vkink dh lEHkkouk de ls de mRiUu gksA 
x- mijksDrkuqlkj cuk;h x;h ;kstukvksa dks vkink izcU/ku ,oa lgk;rk foHkkx 
dh osclkbZV ij Hkh miyC/k djok;k tk;sxk RkFkk le; le; ij mls 
viMsV djus dh dk;Zokgh Hkh lacaf/kr uksMy foHkkx }kjk dh tk;sxhA 
?k- jkT; Lrjh; lfefr ds fn’kk funsZ’kksa ds ifjizs{; esa v kink izcU/ku ,oa 
lgk;rk foHkkx] vkinkvksa ds uksMy foHkkxksa dks fn’kk funsZ’k tkjh djsxk] 
ftldks fØ;kUo;u lacaf/kr foHkkx }kjk fd;k tkuk vko’;d gksxkA 
 vkinkvksa esa lgk;rk fn;s tkus ds ekin.M%& 
1- jktLFkku jkgr dks""k ds vUrxZr 'kkfey gksus okyh fofHkUu vkink vksa ds fy;s lgk;rk 
çnku djus ds ekin.M le; le; ij jkT; Lrjh; lfefr }kjk fu/kkZfjr fd;s 
tk;saxs rFkk mUgha ekin.Mksa ds vk/kkj ij vkink çcU/ku ,oa lgk;rk foHkkx }kjk 
lgk;rk jkf'k çnku dh tk;sxhA 
2- ;fn bl dks""k ds vUrxZr vkus okyh vkinkvksa ds fy;s fdlh vU; f oHkkx@fdlh 
vU; ;kstuk@fdlh vU; laLFkk ;k chek dEiuh@eq[; eU=h jkgr dks""k bR;kfn ls 
lgk;rk çnku djus dk çko/kku gks rks ml vkink ds fy;s ""jktLFkku jkgr dks""k"" ls 
lgk;rk ns; ugha gksxhA 
3- ""jktLFkku jkgr dks""k "" ls nh tkus okyh lgk;rk LFkkuh; Lrj ij fd;s x;s ç;k lksa 
ls çkIr lgk;rk ds iwjd ds :i esa gh miyC/k djk;h tk;sxhA 
4- [kku] Hkou] dq, vkfn ds <gus dh vkink esa [kkst ,oa cpko dk;Z ij fd;s x;s O;; 
dk iquHkZj.k] ml lEifÙk ds Lokeh ls Hkh çkIr djus ds fy;s ftyk ç'kklu }kjk 
ç;kl fd;k tkuk visf{kr gksxk 
5- tc rd jkT; Lrjh; lfefr }kjk lgk;rk ds ekin.M fu/kkZfjr ugha fd;s tkosa] rc 
rd dh vof/k ds fy;s fuEu vkinkvksa esa fuEukuqlkj lgk;rk jkf'k jktLFkku jkgr 
dks""k ls çnku dh tk ldsxh%& 
 dq, <gus ij [kkst ,oa cpko dk;Z ds vUrxZr thfor@e`r O;fä dks ckgj 
fudkyus ij gksus okys O;; ds fy;s vf/kdre 25]000 :i;s dh jkf'kA 
 feêh ,oa pêku <g tkus ls gksus okyh vkink esa [kkst ,oa cpko dk;Z ds vUrxZr 
thfor@e`r O;fä;ksa dks ckgj fudkyus esa gksus okys O;; ds fy;s vf/kdre 
25]000 :i;s dh jkf'kA 
 dq, esa tgjhyh xSl fudyus ls e`R;q gksus dh vkink ij e`rdksa dks ckgj fudkyus 
ij gksus okys O;; ds fy;s vf/kdre 10]000 :i;s dh jkf'kA 
 jktLFkku jkgr dks""k ls lgk;rk çkIr djus dh çfØ;k fof/k%&  
1- lacaf/kr ftyk dyDVj }kjk ftyksa esa ""jktLFkku jkgr dks""k"" ds vUrxZr 'kkfey gksus 
okyh vkinkvksa ds mRiUu gksus dh lwpuk ,oa ml vkink ls gksus okys uqdlku dh 
lwpuk rFkk bl dks""k ls çnku dh tkus okyh jkgr ds çLrko] lacaf/kr uksMy foHkkx 
dks ,oa vkink çcU/ku ,oa lgk;rk foHkkx dks çsf""kr fd;s tk;saxsA "
56,PDF page 56,"56 
 
2- ftyk dyDVj ls çkIr çLrkoksa dks vkink çcU/ku ,oa lgk;rk foHkkx }kjk lacaf/kr 
uksMy foHkkx dh vfHk'kU""kk ds lkFk jkT; Lrjh; lfefr ds le{k fu.kZ; gsrq çLrqr 
fd;k tk;sxkA ftl ij jkT; Lrjh; lfefr ds fu.kZ; vuqlkj vkink çcU/ku ,oa 
lgk;rk foHkkx }kjk lgk;rk jkf'k Loh —r dh tkd j ftyk dyDVj dks] lacaf/kr 
uksMy foHkkx dks lwfpr djrs gq,] miyC/k djkbZ tk;sxhA 
3- egkekjh dh vkinkvksa esa] ml ij fu;U=.k djus ,oa ihfMrksa dks lgk;rk igq¡pkus ds 
fy;s ftyk dyDVjksa ls çkIr çLrkoksa ij uksMy foHkkx dh fVIi.kh yh tk;sxh ,oa 
jkT; Lrj ls ,d fo'ks""kKksa dk ny xfBr dj çHkkfor {ks=ksa esa v/;;u dj] vfHk'ka""kk 
djus gsrq Hkstk tk;sxkA mä fo'ks""kKksa ds ny ds lnL;ksa dk fu/kkZj.k eq[; lfpo ds 
}kjk fd;k tk;sxk] ftls vkxkeh jkT; Lrjh; lfefr ds le{k lwpukFkZ 
çLrqr fd;k tk;sxk 
4- fo'ks""kKksa ds ny dh fjiksVZ ,oa vfHk'kU""kk dks jkT; Lrjh; lfefr ds le{k çLrqr dj] 
nh tkus okyh lgk;rk ds ckjs esa fu.kZ; djk;k tk;sxk ,oa rnuqlkj gh vkink 
çcU/ku ,oa lgk;rk foHkkx }kjk jktLFkku jkgr dks""k ls mä vkink ds fy;s lgk;rk 
jkf'k Loh—r dj lacaf/kr ftyk dysDVlZ dks miyC/k dj kbZ tkosxh rFkk lacaf/kr 
uksMy foHkkx dks lwfpr fd;k tk;sxkA 
 
 
  "
57,PDF page 57,"57 
 
v/;k; % 13  
iz’kklu ds }kjk lkekU; dk;Z ;kstuk 
ftyk vkink izcU/ku ;kstuk vkinkvksa ds izca/ku gsrq cgq&vuqfØ;k ;kstuk gS rFkk izfrdwy 
fLFkfr ls fuiVus ds fy, ;g laLFkkxr <kps dh :ijs[kk fuf’pr djrk gSA ;g ;kstuk fof’k""V 
vkinkvksa dh fLFkfr esa fofHkUu laLFkkvksa }kjk dh tkus okyh xfrfof/k;ksa dks Hkh lqfuf’p r djrk 
gSA 
1-  ftyk vkink izca/ku%& 
I. lekt esa iz’kklu ds izfr fo’okl iSnk dj lkeqnkf;d lgHkkfxrk] iz’kklu ds 
lg;ksx ds lkFk {kerk c<kukA 
II. jkT; ljdkj dh uhfrxr :ijs[kk ds vuqlkj ftyk vkink izca/ku fu;kstu dks 
izHkkoh izca/ku vkStkj cukukA 
III. laHkkfor vkinkvksa dk fooj.k vfHkys[ku j[kuk o mlds vuqHko ds vk/kkj ij 
:ijs[kk lqfuf’pr djukA 
IV. ftyk esa vkinkvksa ls [krjs ds izH lw[ks dk fo’ys""k.k dj ftys dh rS;kfj;ksa dks 
fu/kkZfjr djukA 
V. ftyk esa fo|eku fofHkUu vkink fu;a=.k ewyHkwr lqfo/kkvksa ds Lrj dk irk yxkuk 
rFkk bldk ftyk iz’kklu dh {kerk c<kusa esa mi;ksx djukA 
VI. vkink U;wuhdj.k ds fofHkUu igywvksa dks {ks= fo’ks""k dh fodkl ;kstukvksa ds dke  
esa ykukA 
VII. ftyk esa iwoZ esa gqbZ vkinkvksa dk fooj.k] fjdkMZ] vuqHko ds vuqlkj Hkfo""; esa  
muls fuiVus ds fy, :ijs[kk rS;kj djukA 
VIII. vkink ds vkus ij fofHkUu foHkkxksa ds leUo; ,oa lkeatL; ls ekud dk;Z izfØ;k 
viuk dj dk;Zokgh dj fØ;kUo;u djukA 
IX. jkT; ljdkj dh uhfrxr :ij s[kk ds vUnj ftyk vkink izca/ku ;kstuk dks ,d 
izHkkoh izcU/ku vkStkj cukukA 
2-  LkaLFkkxr O;OkLFkk%& 
ftyk vkink izcU/ku izkf/kdj.k dk Lo:i 
/kkjk 25 ds vuqlkj ftyk Lrj ij ,d ftyk vkink izcU/ku izkf/kdj.k dk xBu fd;k x;k gSA 
ftlesa fuEu lnL; gSa%&  
Ø-
la- 
inuke  izkf/kdj.k 
esa inHkkj 
lEidZ  
1 ftyk dyDVj ,oa ftyk eftLVªsV nkSlk v/;{k 01427&224666] 9717180139 
2 ftyk izeq[k nkSlk lg&v/;{k 01427&224906] 9414321647 
3 eq[; dk;Zdkjh vf/kdkjh] ftyk ifj""kn 
nkSlk 
lnL; 01427&223532] 9785420044 
4 iqfyl v/kh{kd nkSlk lnL; 01427&223002] 9971997000 
5 v/kh{k.k vfHk;ark] ihMCY;wMh nkSlk lnL; 01427&223839] 9983859777 
6 vf/k’kk""kh vfHk;ark] ty lalk/ku nkSlk lnL; 01427&223410] 7611911025 
7 eq[; fpfdRlk ,oa LokLF; vf/kdkjh nkSlk lnL; 01427&223577] 9928740368 
8 vfrfjDr ftyk dyD Vj ¼lgk;rk½ 
ykylksV 
lfpo 9413303813 
 "
58,PDF page 58,"58 
 
 
 
fuEu x.kekU; tuizfrfuf/k LFkkbZ :i ls izkf/kdj.k esa vkeaf=r jgssaxs 
lkaln@fo/kk;dx.k ftyk nkSlk 
inuke  uke tuizfrfuf/k dk;kZy; fuokl 
lkaln] nkSlk Jh eqjkjhyky ehuk 9829599897  
fo/kk;d] ckanhdqbZ Jh Hkkxpan VkadMk 9414304736  
fo/kk;d] egok Jh jktsUnz ehuk 9414177707 9530444444 
fo/kk;d] fldjk; Jh foØe ca’khoky 9929100003 0141&2227283 
fo/kk;d] nkSlk Jh nhun;ky cSjok     9352742851   
fo/kk;d] ykylksV Jh jkefoykl eh.kk 9001454648  
izkf/kdj.k dks v/;{k vius foosdkf/kdkj ls tks mi;qDr gksxk fdlh Hkh O;fDr fo’ks""k oa 
fo’ks""kK dks izkf/kdj.k dh cSBd esa vkeaf=r djus dk vf/kdkj gSaA 
 ftyk dyDVj }kjk lalk/kuksa ,oa n{k yksxksa dh lwph rS;kj djokuk rFkk izR;sd 
foHkkx }kjk vizSy ds izFke lIrkg esa lalk/ku lwph esa la ’kks/ku djuk RkFkk lwpuk 
lfpo lgk;rk dks HkstukA 
 mi[k.Mksa ij uksMy vf/kdkfj;ksa dh LFkkbZ O;oLFkk] blls vkink vkus ij vf/kd kjh 
Lo;a pktZ lEHkky ysrs gSaA 
 ftys esa izfro""kZ 15 twu ls ekg flrEcj rd vkink fu;U=.k d{k dh LFkkiuk dh 
tkrh gS tks 24 ?kaVs dk;Zjr jgrk gSA 
mi[k.M Lrjh; vkink izcU/ku lfefr 
mi[k.M Lrj ij mi[k.M vf/kdkjh lfefr dk v/;{k gksxk] ,oa  rglhynkj ,oa  vU; 
foHkkx mls vkink izcU/ku esa enn djsaxsA uk;c rglhynkj] fxjnkoj] fo|qr foHkkx] ty 
lalk/ku foHkkx] tuLokLF; vfHk;kaf=dh foHkkx] iqfyl] d`f"" k foHkkx] iapk;r lfefr] CykWd 
fpfdRlkf/kdkjh] uxjikfydk@uxj ifj""kn] i'kq fpfdRld] efgyk cky fodkl vf/kdkjh 
bR;kfn lfefr ds lnL; jgsaxsA mi[k.M dh vkink izcU/ku ;kstuk jk""Vªh;@jkT;@ftyk 
vkink izcU/ku ;kstuk ds vuq:Ik gksxhA rglhy vkink izcU/ku lfefr dk eq[;  mn~ns’; 
LFkkuh; lalk/ku dk fodkl] n{krk ,oa LFkkuh; iz’kklu ,oa ukxfjd dk izf’k{k.k] o""kZ esa 
,d ckj ;kstuk dk lalks/ku ,oa uohuhdj.k djuk gksxkA 
mi[k.M Lrjh; vkink izcU/ku lfefr dk xBu 
Ø-la- inuke lfefr esa in 
1 mi[k.M vf/kdkjh  v/;{k 
2 Rkglhynkj lnL; lfpo 
3 fodkl vf/kdkjh lnL; 
4 uk;c  rglhynkj@ fxjnkoj lnL; 
5 lgk;d vfHk;ark fo|qr lnL; 
6 lgk;d vfHk;ark lk-fu-fo lnL; 
7 lgk;d vfHk;ark ih,pbZMh lnL; 
8 lgk;d vfHk;ark [kuu lnL; 
9 fpfdRlkf/kdkjh lnL; 
10 d`f""k vf/kdkjh lnL; 
11 i'kq fpfdRlkf/kdkjh lnL; "
59,PDF page 59,"59 
 
12 bZvks uxjikfydk@vk;qDr uxjifj""kn lnL; 
13 CykWd f’k{kk 
vf/kdkjh@iz/kkukpk;Z@iz/kkuk/;kid 
lnL; 
14 CykWd efgyk ,oa cky fodkl vf/kdkjh lnL; 
xzke vkink izcU/ku lfefr 
xzke vkink izcU/ku lfefr dk euksuhr v/;{k ljiap gksxk vkSj lEcfU/kr iVokjh] xzke 
lfpo lfefr ds lnL; gksaxsA blds vykok f’k{kk foHkkx] fpfdRlk foHkkx] i'kq fpfdRlk 
foHkkx] LFkkuh; iqfyl foHkkx] d`f""k foHkkx] Lo;a lsoh laLFkk] lsuk ls lsokfuo`r n{k O; fDr] 
vkaxuckMh dk;ZdrkZ lfefr  ds lnL; gksaxsA 
xzke vkink izcU/ku lfefr dk eq[; dk;Z LFkkuh; izf’k{k.k] n{krk ,oa lalk/ku dk fodkl] 
vkink ds le; ftyk iz’kklu ,oa ckgjh lgk;rk feyus ds iwoZ rd cpko ,oa lgk;rk 
iznku djuk ,oa tku&eky ds uqdlku dks jksduk gSA izR;sd xzke dh viuh vkink 
izcU/ku ;kstuk gksxh] tks jk""Vªh;@jkT;@ft yk ,oa rglhy vkink izcU/ku  ;kstuk ds 
vuq:i gksxh ftls o""kZ esa ,d ckj lalksf/kr ,oa uohuhdj.k djuk vko’;d gksxkA 
xzke vkink izcU/ku lfefr dk xBu 
Ø-la- inuke lfefr esa in 
1 Lkjiap v/;{k 
2 xzke lfpo lnL; 
3 xzke iVokjh lnL; 
4 fpfdRlkf/kdkjh ¼;fn gks½ lnL; 
5 i'kq fpfdRlkf/kdkjh ¼;fn gks½ lnL; lfpo 
6 LFkkuh; iqfyl vf/kdkjh lnL; 
7 iz/kkukpk;Z@iz/kkuk/;kid 
¼Ldwy@dkWyst½ 
lnL; 
8 ,d lsokfuo`r lSfud lnL; 
9 ,,u,e lnL; 
10 Lo;alsoh laLFkk ds euksuhr lnL; lnL; 
11 vakxuckMh dk;ZdrkZ lnL; 
3- ftyk ladV izcU/ku lewg%& 
bldk eq[; mRrjnkf;Ro le;&le; ij [krjukd m|ksxksa ls gksus okyh nq? kZVuk dh 
jksdFkke ,oa lqj{kk tk¡ p djuk] m|ksxksa esa ekWd fMªy djokuk ,oa jklk;fud nq?kZVuk 
vf/kfu;e 1996 ds fu;e 8 ds vUrXkZr vkikrdkyhu rS;kjh ;kstuk ,oa izfrfØ;k dk 
fØ;kUo;u djuk gSA blesa fuEu lnL; jgsaxs %& 
Ø-la- in ,oa inuke lfefr 
1 ftyk dyDVj v/;{k 
2 dkj[kkuk fujh{kd lnL; lfpo 
3 iqfyl v/kh{kd lnL; 
4 izfrfuf/k uxj fuxe@uxj ikfydk@uxj ifj""kn lnL; 
5 mi fu;a=d foLQksVd lnL; 
6 vf/k’kk""kh vfHk;ark ih,pbZMh@ihMCY;wMh@ty 
lalk/ku@fctyh 
lnL; 
7 v/kh{kd eq[; vLirky@lh,e,pvks lnL; 
8 lEcfU/kr mi[k.M vf/kdkjh lnL; "
60,PDF page 60,"60 
 
9 vfXu’keu vf/kdkjh lnL; 
10 ftyk d`f""k vf/kdkjh lnL; 
11 vf/kdkjh iznw""k.k fu;a=.k e.My lnL; 
12 vf/kdkjh flfoy fMQsal lnL; 
13 ftyk ifjogu vf/kdkjh lnL; 
14 v/;{k m|ksx la?k@ jhdks lnL; 
15 izcU/kd rsy dEiuh lnL; 
16 fo""k; fo’ks""kK jlk;u ,oa vkink izcU/ku lnL; 
 
4- ftyk vf/k’kk""kh lfefr ¼Mhblh½%& 
bldk eq[; dk;Z ftyk vkink izcU/ku izkf/kdj.k ds dk;ZØe dks lg;ksx djuk gSA ftyk 
dyDVj ds vkns’k ls bl lfefr dk v/;{k vfrfjDr ftyk dyDVj jktLo@ lgk;rk 
gksrk gSA 
Ø- la- in ,oa inuke Lfefr esa in 
1 vfrfjDr ftyk dyDVj ¼lgk;rk½ v/;{k 
2 vk;qDr uxj ifj""kn lnL; 
3 vfr- iqfyl v/kh{kd lnL; 
4 lh,e,pvks lnL; 
5 ftyk ifjogu vf/kdkjh lnL; 
6 ftyk lwpuk ,oa tu tulEidZ vf/kdkjh lnL; 
7 vf/k’kk""kh vfHk;ark ih,pbZMh@ihMCY;wMh@ty 
lalk/ku@fctyh 
lnL; 
8 lsuk vf/kdkjh lnL; 
9 leLr mi[k.M vf/kdkjh lnL; 
10 ftyk jln vf/kdkjh lnL; 
11 jsYkos vf/kdkjh lnL; 
12 vf/kdkjh] jktLFkku iznw""k.k fu;a=.k e.My lnL; 
13 vfXu’keu vf/kdkjh lnL; 
14 ftyk d`f""k vf/kdkjh lnL; 
15 vf/kdkjh iznw""k.k fu;a=.k e.My lnL; 
16 vf/kdkjh flfoy fMQsal lnL; 
17 ftyk ifjogu vf/kdkjh lnL; 
18 v/;{k] m|ksx la?k@ jhdks lnL; 
19 izcU/kd rsy dEiuh lnL; 
20 fo""k; fo’ks""kK jlk;u ,oa vkink izcU/ku fo'ks""k vkeaf=r 
 
  "
61,PDF page 61,"61 
 
 
 
v/;k; % 14  
dk;Z ;kstuk ds mn~ns’;  
lqpk: ;kstuk ds vH lw[ks esa vkink vkus ij blls fuiVus ,oa dk;ksZ dk leUo; ugha gks 
ikrkA izf’k{k.k] dk;Zdq’kyrk ,oa leqfpr ;kstuk dh deh ls vR;Ur egRoiw.kZ ,oa 
vkdfLed ?kVuk dks izkFkfedrk ugha nh tkrh gS ftlls uqdlku dh xaHkhjrk vf /kd gks 
tkrh gS rFkk fLFkfr Hk;kog gks tkrh gSA tku&eky ,oa izkd`frd lEink dh vf/kd ls 
vf/kd {kfr gksrh gSA 
vr% iwoZ vkink izcU/ku ;kstuk vfr& vko’;d gS ftlesa dk;Z fcUnq fuEu izdkj gS %& 
1- izfrfØ;k dk;ksZ ds lgh Øe dh iwoZ ;kstuk rS;kj djukA 
2- Hkkxhnkj foHkkxksa dh ftEesnkjh fu/kkZfjr djukA 
3- dk;Zjr fofHkUu foHkkxksa ds dk;Z djus ds rjhds dk ekudhdj.k djukA 
4- miyC/k lqfo/kk vkSj L=ksarks dh lwph rS;kj djukA 
5- L=ksarks ds izHkkoh izcU/ku dh jpuk djukA 
6- lHkh lgk;rk dk;ksZ dk ikjLifjd leUo; djukA 
7- jkT; Lrjh; fu;a=.k d{k ls lgk;rk ds fy, leUo; LFkkfir djukA 
8- ftys esa vkink fu;U=.k d{k dh LFkkiukA 
  "
62,PDF page 62,"62 
 
v/;k; % 15  
nkSlk ftys ds [krjs dh :ijs[kk 
1- lw[kk%& 
lw[kk ,d izkd`frd vkink gS] ftldk ifj.kke /khjs&/khjs ,oa yEcs le; rd jgrk gSaA  de 
o""kkZ ,oa cs:[kh ekSle ds LoHlw[ks ls jktLFkku lw[kk ds ekeys esa vf/kd laosnu’khy jgk gSA 
nkSlk ftys dk 5 o""kZ esa ,d ckj lw[ks dh pisV  esa jgus dk bfrgkl gSA lw[ks ls tehu dh 
ueh lekIr gks tkrh gS] ftlls izR; {k :i ls Hkkstu mRiknu ,oa vkfFkZd laosnu’khyrk ij 
izHlw[ks iMrk gSA lw[ks dk IkzH lw[ks cMs {ks=Qy ij gksrk gS] vkSj foijhr ifj.kke HkwdEi vkSj 
ck< ls vf/kd gksrk gSA lw[kk dk izcU/ku vf/kd df Bu gSA dqiks""k.k ,oa egkekjh lw [ks dk 
lh/kk ifj.kke gksrk gSA 
jkT; lw[kk ekWfuVfjax lsy] d`f""k] i'kq foHkkx] ty lalk/ku foHkkx ,oa jk""Vªh; Qly iwokZxzg 
dsUnz ds lg;ksx ls Qly ds uqdlku] Qly iSnkokj ikuh ds lalk/ku dh deh] i'kq/ku pkjk 
ij izHkko] taxyksa ,oa isM ikS/kksa ij lw[kk ij izHkko] tehu dh xq.kork dk vkadyu] ekuo  ds 
thou ,oa LokLF; ij izHkkoh dk;Z ;kstuk cukrs gSaA 
 nh?kZdkyhu mik;%& 
 o""kkZ ds ikuh dk vf/kdre mi;ksx djuk rFkk laj{k.k djukA 
 ikuh ds cgko dks de djuk rFkk mls lafpr djukA 
 ikuh ds ijEijkxr L=ksarks dk iquthZfodj.kA 
 voØfer Hkwfe ,oa ouksa dh iqu% LFkkiuk lqfuf’pr djukA 
 ikuh ds laxzg.k ,oa Hkw&dwaiks dk iquHkZj.kA 
 feV~Vh o ueh dk laj{k.kA 
 vR;f/kd ek=k esa isM yxkuk rFkk isMksa dh dVkbZ dks jksdukA 
 Qly pØ esa Qlyksa dk cnyko rFkk mUur chtksa dk mi;ksxA 
 Qlyksa esa QOokjk i|fr dk fodkl djds ty laj{k.k dks  c<kok nsukA 
 d`f""k ds lkFk vU; izdkj ds jkstxkjksa o ijEijkxr m|ksxksas dks c<kok nsukA 
 Lo;algk;rk lewgksa dk xBu djds yksxksa esa ikuh cpkus ds fy, tkx:drk ykukA 
 lw[kk iwoZ rS;kjh%& 
 vdky izHkkfor {ks=ksa dk fpUghdj.k 
 pkjk fMiksa LFkkfir djus gsrq xkaoksa dk fpUghdj.k 
 vukt dh miyC/krk lqfuf’pr djukA 
 tkuojksa ds fy, f’kfojksa ds LFkku fpfUgr djukA 
 is;ty dh miyC/krk lqfuf’pr djukA 
 Lo;alsoh laLFkkvksa dk fpUghdj.k djukA 
 lw[ks ds nkSjku QSyus okyh laHkkfor chekfj;ksa ls yMus gsrq rS;kjh djukA 
 jkstxkj l`tu ds volj gsrq jkgr dk;ksZ vkfn dk fodkl ;kstuk rS;kj djukA 
 lw[ks ds le; dk;Z ;kstuk%& 
 lw[kk izHkkfor {ks=ksa dh ?kks""k.kk djukA 
 lHkh ljdkjh vf/kdkfj;ksa o deZpkfj;ksa dh lsok,a dke esa ysukA 
 "
63,PDF page 63,"63 
 
 LFkkuh; ,oa ftyk iz’kklu dh Hkwfedk%& 
 lgk;rk foHkkx lw[kk fu;U=.k d{k dh LFkkiuk djsxkA 
 jkgr dk;ksZ dh 'kq:vkrA 
 dqvksa dks xgjk djukA 
 miyC/k ikuh ds L=ksarks dk lao/kZu 
 futh dqvksa dks fdjk;s  ij ysukA 
 gS.MiEiksa dh ejEer djokukA 
 ijEijkxr ty L=ksarks tSls ckoMh] Vkadksa vkfn dk iqu% thfodj.kA 
 vko’;d [kk| lkexzh dk lkoZtfud forj.k 
 [kk| lkexzh dk ewY; fu;a=.kA 
 Lkkekftd lqj{kk dk;ZØe tSls o`)koLFkk isa’ku ;kstuk] vUR;ksn; vUu ;kstuk] lefUor 
cky fodkl lsok,sa] e/;kg~u ;kstuk dk;ZØe ] vUuiw.kkZ vkfn dk fØ;kUo;uA 
 i'kqvksa ds fy, pkjk fMiksa LFkkfir djukA 
 i'kqvksa ds fy, ikuh dh O;oLFkk djukA 
 fdlkuksa dks flapkbZ gsrq fctyh o Mhty miyC/k djukA 
 izHkkfor {ks=ksa esa jkstxkj l`tuA 
 vdky jkgr ds rgr vkjEHk fd;s x;s dk;ksZ gsrq etnwjksa dks le; ij HkqxrkuA 
 i’kqikyu foHkkx%& 
 vkink dh fLFkfr esa i'kqvksa ds fy, pkjk] ikuh] nokbZ;ksa dh O;oLFkk djukA 
 tkuojksa ds MkWDVj miyC/k djkukA 
 i'kqvksa ds 'koksa dk fuLrkj.k djokukA 
 i'kqvksa ds bykt ds fy, o j[kus ds fy;s i'kq vLirky vkfn esa txg dk bUrtke 
djukA 
 vkink ds le; LoLFk i'kqvksa dks lqjf{kr LFkkuksa ij igq¡pkukA 
 
2- vfXu ,oa dk;Z;kstuk%& 
ekuo lH;rk ds fodkl ds Øe esa vkx dk LFkku egRoiw.kZ gSA izkjfEHkd dky esa ekuo 
Loj++{kk ds fy, rFkk Hkkstu idkus ds fy, vkx dk iz;ksx djrk FkkA orZeku le; esa Hkh 
vkx dk LFkku mruk gh egRoiw.kZ gSA vxj vkx dks ekuo thou ls fudky fn;k tk;s rks 
orZeku lH;rk ik""kk.k ;qx esa okil pyh tk;sxhA vkx ds iz;ksx esa vlko/kkuh ds dkj.k 
Hkh""k.k vfXudk.M n`f""Vxkspj gksrs gSaA migkj flusek dk.M o Mcokyh vfXudk.M bl izdkj 
dh vkink ds mnkgj.k gSaA 
O;olkf;d o fjgk;lh Hkouksa esa vkx dh nq?kZVuk,a izk;% lkekU; ckr gks xbZ gS] ?kjksa es a ;k 
O;kolkf;d izfr""Bkuksa esa vxj vkx yx tk;s rks og vfu;fU=r gks tkrh gS D;k safd ogka ij 
ydMh] diMs] jklk;fud inkFkZ] jlksbZ xSl] feV~Vh dk rsy iz;ksx fd;k tkrk gSA fctyh ds 
midj.kksa ds }kjk 'kgjksa esa fo’ks""kr;k cgqeaftyk bekjrksa esa lgh <ax ls o le; ij ns[kHkky 
u djus o ykijokgh ls mldk iz;ksx djus ds dkj.k Hk;kog vkx yx tkrh gSA 
xzkeh.k {ks=ksa esa vizSy&ebZ LFkkuh; yksx vius [ksrksa esa vkx yxkdj ykijokgh ls NksM nsrs 
gSaA eksVj ekxksaZ dh ejEer vkSj Mkej Mkyrs le; Jfed vkx yxkdj NksM nsrs gSaA vf/kd 
rkieku] de ueh] ok;q osx rFkk yxkrkj 'kq""drk ds cus jgus ij vkx yxus dh lEH kkouk "
64,PDF page 64,"64 
 
c< tkrh gSA Toyu’khy ?kkl&iRrh] ydMh , oa lMd ij pyrh eksVj xkMh dh fpa xkjh 
iMus ij ,oa dHkh&dHkh fctyh fxjus ls Hkh vkx yx tkrh gSA 
'kgj esa vf/kdrj vfXudkaM ekuotfur gksrs gsaA fctyh 'kkWVZ lfØV o vkdk’kh; fctyh 
fxjus ls vkx yxrh gSA vfXudk.M ls tu gkfu] i'kqgkfu] futh lkoZtfud ifj laifÙk ;ksa 
dks dkQh {kfr gksrh gSaA ftys esa vf/kdrj vfXudk.M jch dh lw[kh Qly esa chMh ;k 
flxjsV dh fpaxkjh ls yxrh gSA 
I. ftys esa vkx ls izHkkfor gksus okyk laHkkO; {ks=%& 
     'kgj esa jhdks vkS|ksfxd {ks=] iSVªksy iEi Nfox`g] d`f""k mit e.Mh] xSl ,tsUlh] vkfn gSA 
II. vfXudk.M dh vU; lEHkkouk,W%& 
lkekU; :i ls gksus okys vfXudk.Mksa ds vfrfjDr dqN vfXudk.M dh ?kVuk,a ,slh Hkh 
gks ldrh gS ftu ij ;fn Rofjr fu;U=.k u fd;k tk;s rks os vR;f/kd Hk;adj :i ys 
ldrh gS ysfdu ftys esa To yu’khy bdkbZ ;k¡ ugha gksus ds dkj.k rFkk vR;f/kd 
Toyu’khy jlk;uksa ds Hk.Mkj.k ugha gksus ds dkj.k ;gka ,slh laHkkouk de gSaA 
III. dk;Z ;kstuk%& 
ftyk Lrj ij vkx ls fuiVus gsrq izcU/k ;kstuk rS;kj djuk vR;Ur vko’;d gS rkfd 
nq?kZVuk ds le; U;wure le; esa rRijrkiw oZd dk;Zokgh djds fLFkfr dh Hk;kogrk ij 
vadq’k yxk;k tk ldsA 
IV. vkx ls cpus lEcU/kh lko/kkfu;ka%& 
A. fctyh%& 
  fctyh dh fQfVax dq’ky feL=h ¼dkjhxj½ ls gh djok;saA 
  fctyh dHkh Hkh MkbZjsDV ykbZu ls uk ysaA 
  fctyh dk mi;ksx dHkh Hkh vksoj yksM uk djsaA 
  fctyh dh fQfVax gsrq vkbZ -,l-vkbZ- }kjk ikl fQfVax lkeku ;k ;a=ksa dk mi;ksx 
djsaA 
  fctyh ;k fdlh izdkj dk osfYMax djokrs le; /;ku jgsa fd mlesa tyus okyk 
inkFkZ Hkjk u gksaA 
  fctyh ds LVkso esa Vw fiu dk gh iz;ksx djsaA 
  ik.Mky e.Mi ;k vLFkkbZ lHkh e.Mi esa fctyh dh vkx bR;kfn dk iw.kZ /;ku j[ksaA 
  fctyh ds ehVj ls vuko’;d NsM[kkuh uk djsaA 
B. jlksbZ ?kj%& 
 jlksbZ ?kj esa tyus okys inkFkksaZ dk Hk.Mkj.k ugha djuk pkfg,A 
  xSl flys.Mj ;k uyh dks le;&le; ij xSl dEiuh ls pSd djok;sa] xSl dh uyh 
vkbZ-,l-vkbZ- ekdkZ dh gh gksuh pkfg,A 
  lkMh dk iYyw rFkk vU; yVdus okys diMksa dk /;ku j[ksaA 
  jlksbZ [kqyh o f[kMdhnkj gksaA 
  vxj ekywe gks tkos fd xSl yhd dj jgh gS rks fctyh ds fLo p dks vkWu] vkWQ uk 
djsaA 
  dk;Z iwjk gksus ij jsX;wysVj dks vkWQ djuk uk HkwysaA 
  vxj uydh esa vkx yx jgh gks rks jsX;wysVj dks cUn djsa] vFkok flys.Mj dks ckgj 
[khap ysaA 
  vkx yxus ij xSl dEiuh] Qk;j fczxsM ¼101½ vFkok iqfyl ¼100½ dks VsyhQksu djsaA "
65,PDF page 65,"65 
 
  xSl T;knk yhdst gks rks mij eafty okyksa dks lwfpr djrs gq;s jlk sbZ ds lkjs 
f[kMdh njokts [kksy nsaA 
  jlksbZ esa ikuh ds Lizs ;k xhys dEcy dk mi;ksx djsaA 
C. xkaoksa o taxy dh vkx ds cpko%& 
  dHkh Hkh pwYgs dks [kqyk uk j[ksaA 
  fpeuh] ykyVsu] ySEi vkfn dks 'kh’ks ls <d dj gh j[ksaA 
  chMh] flxjsV vkfn ds VqdMksa dks iw.kZ :i ls cq>kdj gh QSadsA 
  fidfud eukrs le; vkx  vxj tykbZ gks rks mls iw.kZ :i ls cq>kdj vkosaA 
  taxy ls jsy] cl ;k dkj vkfn ls xqtjrs le; tyrh chMh flxjsV ds Vqd Ms uk 
QSadsA 
  ?kkl [kfygku iqvky vkfn dks iw.kZ lq[kkdj <sjh cukos ftlls fd vkx  yxus dk 
[krjk u gksA 
  ,d <sjh ls nwljh <sjh dh nwjh 60 QhV gksukA 
  <sjh dh ÅapkbZ 20 QhV ls vf/kd uk gksaA 
  500 eu ls vf/kd <sjh uk gksA 
  [kfygku xkao ls nwj gksus pkfg, vkSj ,slh txg gkssus pkfg;s tgka ij ikuh vklkuh 
ls fey ldsA 
  Xkkaoksa esa vf/kd ckMs vkfn ugh gksus pkfg,A 
  ckM ;k Qwl vkfn ij dkap ds VqdMs vkfn ugha QSdus pkfg,A 
  [kfygkuksa ;k dPps NIijksa ds ikl vkfr’kckth ugha djsaA 
  jsYos ykbZu ls Ik;kZIr nwjh cuk, j[ksaA 
  [kfygkuksa esa pk; uk’rk vkfn uk cukosaA 
  dPpsa edkuksa ;k [kfygkuksa dks cukrs  le; fctyh ds rkjksa dk /;ku j[kuk 
vfrvko’;d gSA 
  xkoksa esa Qk;j ikVhZ dk xBu djuk pkfg;s rFkk mudks le; le; ij Vªsfuax o 
la;qDr vH;kl djokuk pkfg;saA 
  xkao ds chp tgka pkSiky gks ogka ij Qk;j ikVhZ dh LFkkiuk dh tkos tgka ?k.Vh] 
QkoMs] ckYVh] VkpZ] jLlh] [kkyh cksfj;ka  ijkr] utnhdh Qk;j fczxsM ds uECkj vkfn 
gksaA 
  vkx yxus dh fn’kk esa izfr vfXu O;oLFkk djuk 
  vfXu ds ifjizs{; esa vlqjf{kr ou {ks= dh tkap djukA 
V. tyrs gq, O;fDr dk cpko%& 
  ?kVukLFky ls nwj ys tkdj tys gq, fgLls ij 10 feuV rd BaMs ikuh dk izokg 
djrs jgsaA 
  tys gq, fgLls dks lkQ eqyk;e diMsa ;k xkWt ls <d nsa rFkk jksxh dks rqjUr 
vLirky igaqpk;saA 
VI. gkbZ jkbt fcfYMax ;k vikVZesaV LVkslZ ;k ekdsZV%& 
  fdlh Hkh fcfYMax dks cuokus ls igys ;g t:jh gS fd ekdsZV esa vkx  yxus ij 
bldks cpkus ds fy, cMh xkfM;ka vkjke ls pkjksa rjQ ?kwe ldsA "
66,PDF page 66,"66 
 
  fcfYMax dksM Hkkjrh; ekud lafgrk 2005 ds vuq:i] ikuh dk i;kZIr LVksjst gksukA 
  fcfYMax esa nks LVs;j dsl ¼lh<h½ gksuk vfrvko’;d gSA 
  fudklh dk jkLrk lkQ lqFkjk gksA 
  mlesa vkx cq>kus ds ;a=ks tSls Lizhadyj MsUpj] jkbZtj] gkbZMsUV ikbZUV bR;kfn dh 
iw.kZ O;oLFkk gksuh pkfg;sA 
  fctyh dh] ikuh] eksVj o Mhty iEi dh O;oLFkk gksukA 
  txg txg ij Qk;j ikbZUV dh O;oLFkk gksukA 
  vikVZesUV esa jgus okyksa dk okp M~;wVh LVkQ dks Qk;j ls cpko dh Vªsfuax nsukA 
  Qk;j lfoZl ls ,u -,-lh- ysdj gh iSVªksy iEi] QSDVªh] gksVy] vikVZEksUV ekdsZV 
fcfYMax dk fuekZ.k djok;k tkos  ftlls fd ogka ij i;kZIr ek=k es a ikuh dh xkfM;ka 
Hkh igqap ldsaA 
  fctyh ;k VªkalQkeZj vkfn dk lgh LFkku dk p;uA 
  iSVªksy iEi] flusek?kjksa] QSfDVª;ksa vkfn esa le; le; ij vfXu’keu ;a=ksa dh pSfda x 
;k la;qDr vH;kl djokuk@bR;kfnA 
VII. vkx yxus ij dk;Zokgh%& 
A. ;fn lwpuk lh/ks Qk;j LVs’ku ij izkIr  gksrh gS rks vfXu’keu ny rRdky ?kVuk 
LFky ds fy, izLFkku djsxk vkSj lkFk gh vfXudk.M dh lwpuk lEcfU/kr 
Fkkuk@rglhy@ftyk eq[;ky; dks HkstsxkA lwpuk dh xEHkhjrk ds ifjizs{; esa 
lEcfU/kr ftyk dysDVj Lo;a LFky ij 'kh?kz igqapsaxs vkSj jkgr dk;Z dk lapkyu 
izkjEHk dj nsaxsA rglhy eq[;ky; ij lwpuk izkIr gksus ij lEcfU/kr rglhynkj o 
tks Hkh ofj""Bre vf/kdkjh miyC/k gksaxs ;Fkk’kh?kz ?kVukLFky ij igqapsaxs rFkk leLr 
jkgr@cpko dk;kZsa dk leUo; djsaxsA {ks=kf/kdkjh iqfyl Hkh vfXudk.M dh lwpuk 
feyus ij 'kh?kzkfr’kh?kz LFky ij igqapssaxsA fLFkfr dh xEHkhjrk ds ewY;kaduksijkUr ekSds 
ds vf/kdkjh ;g fu.kZ; ysaxs fd ftyk eq[;ky; ls fdl izdkj dh vkSj fdruh 
lgk;rk izkIr dh tkuh gS vkSj rn~uqlkj ftyk dUVªksy :e ds ek/;e ls v/;{k 
^^lesfdr vkink izcU/k lfefr** dks lwfpr djsaxsA 
B. ;fn vfXudk.M dh lwpuk lh/ks ftyk eq[;ky; ij dUVªksy :e dks izkIr gksrh gS rks 
dUVªksy :e ftyk dysDVj dks lwfpr djrs gq, ;g tkudkjh izkIr djsxk fd 
lEcfU/kr {ks= ds Qk;j LVs’ku ls vfXu’keu ny ?kVukLFky ds fy, izLFkku dj x;k 
;k ughsaA 
C. ;fn vfXudk.M Hkh""k.k gksu s dh lwpuk gS vkSj ,slk vuqeku gksrk gS fd ftyk 
eq[;ky; ls vkSj vfXu’keu ny rRdky Hkstuk vko’;d  gS rks ftyk eq[;ky; ls 
vfXu’keu ny rRdky Hkst fn;k tk;sxk blh izdkj ;fn ftyk eq[;ky; ls Qk;j 
LVs’ku dks lh/ks lwpuk izkIr gksrh gS rks vfXu’keu ny lh/ks ?kVukL Fky dks izLFkku 
djsxk vkSj lkFk gh ?kVuk dh lwpuk dUVªksy :e rFkk ftyk dyDVj@ iqfyl 
v/kh{kd dks nsxkA 
VIII. vkx yxus ij fofHkUu foHkkxksa dh Hkwfedk%& 
A. ftyk dyDVj ,oa mi[k.M vf/kdkjh%& 
 lexz leUo; ,oa i;Zos{k.kA 
  lwpuk dh izekf.kdrk Kku djukA 
  lgk;rk lkexzh dh vkiwfrZ ,oa forj.k e; udn lgk;rkA 
  fof/k ,oa 'kkafr O;oLFkk laca/kh leL;k,aA "
67,PDF page 67,"67 
 
IX. vke tu dh Hkwfedk%& 
 rS;kjh%&  
 vkoklh; vkSj dk;kZy; ifjljksa ds fy, ,d çfrfØ;k ;kstuk rS;kj djsa vkSj mldks 
dk;kZfUor djus dk le;&le; ij vH;kl djsaA  
 vkx&cpko mik;ksa tSls fd *#dks] fxjks vkSj yq<+dks* dk fu;fer vH;kl djsaA  
 lqfuf'pr djsa fd lHkh fuokfl;ksa ;k vkxarqdksa dks le;&le; ij fofHkUu 
vkikrdkyhu fLFkfr;ksa dk lkeuk djus vkSj çkFkfed fpfdRlk çnku djus dk 
çf'k{k.k fey jgk gSA  
 lqfuf'pr djsa fd èkweziku vykeZ ?kj] dk;kZy;] bR;kfn esa yxs gSa vkSj dk;kZRed gSaA  
 vius vkoklh; Hkou] dk;kZy; ifjlj vkfn dks *èkweziku fu""ksèk {ks=* cukus dk ç;kl 
djsaA ;fn vko';drk iM+s Hkh rks ,d vyx *èkweziku&lsou* {ks= cuk,aA 
 vkikrdkyhu fudkl ekxks± ls ges'kk ifjfpr jgsaA  
 fudkl ekxks± vkSj lhf<+;ksa dks fdlh Hkh vojksèk ls eqä j[ksaA le;&le; ij fudkl 
ekxks± dh tkap djsaA  
 lqfuf'pr djsa fd vkids ?kj vkSj dk;kZy; ifjlj ds vklikl i;kZIr vojksèk jfgr 
[kqys {ks= vkSj pkSM+h lM+dsa cuh gqÃ gksaA  
 blls vkikrdkyhu okguksa dh vkoktkgh vklku gks tkrh gSA  
 lqfuf'pr djsa fd vkids dk;kZy; ifjlj vkSj vkoklh; {ks= esa fudkl ekxZ fpfàr gSa 
vkSj vfXu'keu midj.k Bhd rjg ls dke dj jgs gSaA  
 lqfuf'pr djsa fd vkids ?kj vkSj dk;kZy; ifjlj esa çR;sd [kaM esa ,d çkFkfed 
fpfdRlk fdV j[kh xÃ gSA  
 fdlh Hkh çdkj dh vkx dks fcuk fuxjkuh ds u NksM+saA 
 vius ?kj esa Toyu'khy lkefxz;k¡] tSls fd iqjkus v[kckj] tek u gksus nsaA  
 vif'k""V] lw[kh ifÙk;ksa ;k ouLifr dks u tyk,aA ges'kk mUgsa uxjikfydk dh fu;fer 
çfØ;k }kjk u""V djsaA  
 ?kj esa Toyu'khy rjy inkFkZ tek u djsaA  
 ekfpl] ykbVj] bR;kfn ges'kk cPpksa ls nwj j[ksaA  
 ghVj] LVkso@[kqyh pwYgksa ds vklikl dkxt] diM+s vkSj Toyu'khy rjy inkFkZ u 
j[ksaA  
 ,yihth xSl LVkso ges'kk Åaps LFkku ij gÈ j[ksaA  
 [kkuk idkus ds ckn xSl flysaMj okYo vkSj xSl LVkso ds u‚c dks can djsaA  
 ekfpl] flxjsV ds cV~l vkfn dpjs ds ik= esa u QsadsA  
 rsy ds nhid] vxjcÙkh ;k eksecÙkh] ydM+h ds Q'kZ ij ;k Toyu'khy lkexzh ds 
ikl u j[ksaA 
 [kkuk cukrs le; <hys ;k ÇlFksfVd diM+s u igusaA  
 vkx dks yka?k dj dksÃ oLrq mBkus dk ç;kl dHkh u djsA  
 ges'kk vius ifjlj ds fy, fctyh ds yksM dh vko';drk dk ewY;kadu djsa vkSj 
lqfuf'pr djsa fd fctyh daiuh rnkuqlkj gh vkiwÆr djsA  "
68,PDF page 68,"68 
 
 fctyh ds 'k‚VZ lÆdV ls vkx dks  jksdus ds fy, ekud fo|qr midj.k] fLop vkSj 
¶;wt vkfn dk mi;ksx djsaA blds vykok] lqfuf'pr djsa fd 'k‚VZ lÆdV dks jksdus 
ds fy, i;kZIr i`Foh&fjlko lÆdV czsdj ¼Ã,ylhch½ dh O;oLFkk dh x;h gSA  
 fo|qr dusD'ku dh fu;fer tkap djsaA dkyhuksa ds uhps fctyh ds rkj u fcNk,aA  
 mi;ksx ds ckn fctyh ds midj.k can dj nsa vkSj l‚dsV ls Iyx gVk nsaA 
 yEch vofèk ds fy, ?kj ls ckgj fudyrs le; fctyh vkSj xSl ds esufLop can dj 
nsaA  
 ,d l‚dsV esa cgqr lkjs fctyh ds midj.kksa dks Iyx u djsaA  
 lqfuf'pr djsa fd çfrfnu O;ogkj gksus o kyh txgksa ds vklikl dksÃ cM+s fo|qr 
midj.k u gksaA  
 x yxus ij%  
 ?kcjk,a ugÈA gM+cM+h u epk;saA  
 'kksj epk,a vkSj Qk;j fczxsM dks d‚y djsaA  
 miyCèk midj.kksa }kjk vkx cq>kus dh dksf'k'k djsaA  
 njokts vkSj f[kM+fd;ka can dj nsaA èkq,¡ dks QSyus ls jksdus ds  fy, njokt+ksa ds uhps 
,d xhyk diM+k j[ksaA lk¡l fQYVj djus ds fy, vius eqag ij ,d xhyk diM+k j[k 
ysaA  
 ;fn vkx fu;a=.k ls ckgj gks] rks rqjar ckgj fudysa A  
 vkx yxus ij ckgj gh jgs vkSj oLrqvksa vkSj lkeku dh r`"".kk esa okil vanj u tk,¡A  
 vxj ty tk, rks nnZ de gksus rd tys gq, fgLls ij ikuh MkysaA  
 vxj vkx esa Qal tk,¡%&  
 èkqvka Hkj tkus dh fLFkfr esa t+ehu ij ysV tk,¡A  
 njokt+k [kksyus ls igys mls xeÊ ds fy, tkapsaA [kksyus ls igys] vius gkFk ds 
fiNys Hkkx ls njokts] dq.Mh vkSj Ýse ds rkieku dk vuqeku yxk,aA ;fn og xeZ 
gks] rks njokt+k u [kksysaA  
 ;fn vki njokt+s ls Hkkxus esa vleFkZ gSa] rks f[kM+dh dk mi;ksx djsaA gkyka fd] vxj 
f[kM+dh Åaph gks vkSj dwnuk eqefdu u gks rks diM+k vkfn ygjkrs gq, è;ku vkdÆ""kr 
djus dk ç;kl djsaA  
 ;fn vki dejs dks NksM+ ldrs gSa] rks vius ihNs dk njoktk can dj nsa blls vkx 
dh çxfr èkheh gks tk,xhA jsaxrs gq, vkxs c<+saA  
 ;fn vkids diM+s vkx id M+rs gSa] rks tehu ij fxj dj yq<+d yq<+d dj vkx 
cq>k,aA  
 vykeZ ctus ij%  
 fudVre miyCèk fudkl }kjk ifjlj dks NksM+ nsaA  
 Hkkxus ls igys lHkh njokts vkSj f[kM+fd;ka can dj nsaA  
 fy¶V dk mi;ksx u djsaA lhf<+;ksa dk mi;ksx djsaA  
 vfXu 'keu Vhe vkus ij mudks lg;ksx nsaA  
 nedy dh xkfM+;ksa ds fy, jkLrk NksM+sa rkfd os fu;r LFkku ij le; ij igq¡p ik;saA  "
69,PDF page 69,"69 
 
 lqfuf'pr djsa dh vkidk okgu vfXu 'keu ds fy, mi;ksx vkus okyh ckYVh] ikuh 
dh Vadh bR;kfn ds jkLrs esa jksM+k u cusaA  
 Qk;jeSu dks ikuh ds lzksrksa rd igqapus ds fy, lg;ksx nsaA 
 
 
 
 
 
 
 
 
  
 
 
 
 
 
 
 
 
 
X. vfXu’keu dsUnz % fu;a=.k d{k%& 
 vfXu’keu okguksa ,oa dfeZ;ksa dh miyC/krk 
 vfXu’keu okguksa dk le; ij izfrLFkkiu 
 lehiorhZ ftyksa ,oa vU; laLFkkuksa tSls lsuk] isVªksfy;e ,lksfl,’ku] iqfyl] ukxfjd 
lqj{kk] vkfn esa vfXu’keu okguksa dh miyC/krk lqfuf’pr djukA 
 vkx ls f?kjs O;fDr;ksa dk cpko 
  vU; vfXu lqj{kk lkexzh ;Fkk ykbZQ tSdsV] vkD lhtu flys.Mj lh<h] feV~Vh ds 
FkSys vkfnA 
  Lo;alsoh laLFkkuksa ls leUo;A 
  vfXu’keu ds ;U=ksa dh miyC/krkA 
ftyk dyDVj 01427& 224666] 
221888 vfr- dyDVj] 
iz’kklu@lgk;rk 01427&223884  
eq- dk;Zdkjh vf/kdkjh] ftyk 
ifj""kn 9983859777 
jkT; fu;a=.k d{k@ 0141& 
2227296] 2227885]235776 
vfXu&101] 01427&223933] 
vfXu’keu vf/k-&9785109101 
ukxfjd lqj{kk&01427 
224903 ,lMhvkj,Q& 
0141&2759903] 8764873111 
fMIVh dekaMsV] ,uMhvkj,Q 
6005204020            
iqfyl 
v/kh{kd&01427&2230
02] 8395906152 vfr-
iq-
v/kh{kd&8239699755  
o`rkf/kdkjh@ 
Fkkukf/kdkjh jksMost & 9549653257 
jsYos & 9001199022 
,u,p,vkbZ& 8130006151 
lkoZtfud fuekZ.k 
foHkkx 9414369995 
tu LokLF; vfHk- 
9413380882 fo/kqr 
forj.k fuxe fyfeVsM 
01427&231123] 
9413390633 
lsuk@ Lo;a lsoh 
laLFkk@ Lo;a 
lsod@ fizUV ,oa 
bySDVªksfud lekpkj 
txr 
eq- fp- ,oa Lok- 
vf/kdkjh 9928740368 
ftyk fpfdRlky; 
nkSlk 9414441289 
fudVre vLirky  
jktLFkku ljdkj vkink 
izcU/ku ,oa lgk;rk 
foHkkx 0141&2227390 
9468683600] 
0141&2227084] 
8529265874] 
0141&2227084 
9414000240 
mi[k.M vf/kdkjh@ vk;qDr uxj 
ifj""kn~@EO uxj ikfydk@ 
rglhynkj@ fodkl vf/kdkjh@ 
iVokjh@ ljiap@ lfpo 
 
vkikrdkyhu ftyk 
fu;a=.k d{k ¼bZvkslh½ 
01427&224903 
 
iqfyl dUVªksy :e 100] 
01427&230333] 513003@ 
9828123005@ ,Ecqysal&108] 
104 
 
isVªksfy;e ,oa xSlh; vfXu@cktkj@?kj@ekWy@gksVy@gkWfLiVy@flusek@HkhMHkkM okys LFkku@ljdkjh 
Hkou@mRlo@’kS{kf.kd laLFkku ,oa vU; laosnu’khy LFkkuksa ij vfXu nq?kZVuk esa Rofjr dk;Zokgh 
"
70,PDF page 70,"70 
 
XI. vkx yxus ij D;k djsa] D;k u djsa%& 
 D;k djsa%& 
 vkx yxus ij Qksu uEcj 01427&224590 ij rqjUr uxj fuxe t;iqj dks lwfpr 
djsaA 
 fcfYMax esa vkx  yxus ij yksxksa dks fudkyus ds fy, ges’kk lhf<;ksa dk iz;ksx 
djsaA 
 tc  ;g fuf’pr gks tk;s fd vfUre vkneh Hkh ckgj vk x;k gS rks njoktk can 
dj nsaA 
 fcfYMax esa vkx yxus ij rqjUr ckgj [kqys LFkku ij igqap tk;saA 
 vxj laHko gks rks ukd o eqag dks xhys  diMs <d ysaA 
 lko/kkuhiwoZd funsZ’kdrkZ ds vkns’kksa dk ikyu djsaA 
 vxj vkx yxus ij fdlh dfBu ifjfLFkfr dk lkeuk djuk iM jgk gS rks vius 
dejs esa gh jgsaA 
 usr`RodrkZ dks fcfYMax NksMus ls igys ;g lqfuf’pr dj ysuk pkfg, fd ?kVuk 
LFky ij dksbZ Hkh vkneh vUnj u jg x;k gks ;gka rd fd mls ckFk:e dh Hkh 
tkap dj ysuh pkfg,A 
 D;k u djsa %& 
 xSl LVkso] fctyh ds midj.k o cVu dke esa u ysaA 
 vkx yxus ij edku dh Nr ij u tk;saA 
 fy¶V dk iz;ksx u djsaA 
3- ce foLQksV@ vkradoknh ?kVuk%& 
orZeku ifjfLFkfr esa nqfu;k Hkj esa vkradokn pje lhek ij gSA vkradokfn;ksa }kjk vkrad 
QSykus ds fy, vke rkSj ij viuk;h tkus okyh izfØ;k ce foLQksV gSA bl fØ;k dk eq[; 
mn~ns’; yksxksa esa vkrad QSykuk rFkk tku eky dks vf/kd ls vf/kd gkfu igqapkuk gSaA 
;g foLQksV vf/kdrj ,sls bykdksa esa fd;k tkrk gS tgka yksx ,d lkFk bdV~Bs gksrs gSA 
eafnj] efLtn] jsYos LVs’ku] cl LVS.M] gokbZ vM~Mk] Ldwy] ljdkjh laLFkku ,oa egRoiw.kZ 
usrk vkradokfn;ksa ds fu’kkus ij gSA 
 vxj ce QV x;k gks rks iz’kklu }kjk Rofjr dh tkus okyh dk;Zokgh%& 
 ce foLQksV ;k vkradoknh ?kVuk ds rqjUr ckn ftys esa dk;Zjr ,aVh VsjsfjLV LdokM 
¼,Vh,l½ dh cVkfy;u ?kVuk okys LFkku dks pkjksa rjQ ls ?ksj ysaxsA lkFk esa ce 
fMLiksty dh Vhe Hkh jgrh gS tks {ks= esa ik;s x;s ce dks fuf""Ø; djus dk dke 
djrh gS rFkk ce dh jklk;fud xq.kksa dk irk yxkrh gSA 
 grkgrksa dks izkFkfed fpfdRlk miyC/k djkus dh O;oLFkk djsaxsA 
 ,d ce foLQksV ds rqjUr ckn mlds vkl&ikl nwljk ce foLQksV gks ldrk g SA 
blfy, vf/kd lfØ;rk cjrsaxsA 
 ?kVuk dh lEiw.kZ lwpuk rqjUr vius mPp vf/kdkfj;ksa ,oa  iz’kklu dks nsaxsA 
 eycs esa ncs grkgrksa dks fudkyus ds fy, cpko ny vkus rd LFkkuh; yksxksa  dh 
enn ls dk;Zokgh djsaxsA 
 vkradokfn;ksa dks idMus ,oa vU; tkudkjh miyC/k djkus esa lfØ;rk fn[kk;saxsA "
71,PDF page 71,"71 
 
 [kqfQ;k ra= ds lkFk leUo; dj ce foLQksV ,oa vU; vkradoknh ?kVukvksa dks jksdus 
esa iz’kklu dks lgk;rk nsaxsA 
 
 
 
 
 
 
 
 
 
 
  
 
 
 
 
 
 
 
 
 
4- cksjosy dh nq?kZVuk%& 
Hkkjr esa ihus ds ikuh ds lalk/kuksa dh leL;k ds fy;s vk;s fnu fofHkUu vkoklh; 'kgjh ,o a 
xzkeh.k {ks=ksa esa cksjosy [kksns tkrs gSA cksjosy ds fuekZ.k ds le; ;k cks josy esa ikuh ugha 
feyus ij [kqys cksjosy esa cPps fxjus dh ?kVuk;sa c<rh tk jgh gSA gky gh esa foHkkxksa ds 
rduhdh fo’ks""kKksa ls lg;ksx ysrs gq;s jkgr dk;Z pyk;s x;sA ftys esa vU; LFkkuksa ij Hk h 
bl nq?kZVuk ls cpko gsrq fuEu dk;Z ;kstuk rS;kj dh xbZ gSA 
 nq?kZVuk ls cpko gsrq%& 
 tu tkx:drk gsrq izpkj& izlkj ftlesa ;g lans’k gks fd cks josy [kqnkbZ drkZ Bsdsnkj 
fdlh Hkh fLFkfr esa cksjosy dks [kqyk ugha j[ksA cksjosy [kqnkbZ ds le; <dus gsrq 
iRFkj ,oa yksgs dk i;kZIr vkdkj dk <Ddu yxk;s tkus dh O;oLFkk lqfuf’pr djsA 
ftyk dyDVj 01427& 224666] 
221888 vfr- dyDVj] 
iz’kklu@lgk;rk 01427&223884  
eq- dk;Zdkjh vf/kdkjh] ftyk 
ifj""kn 9983859777 
jkT; fu;a=.k d{k@ 0141& 
2227296] 2227885]235776 
vfXu&101] 01427&223933] 
vfXu’keu vf/k-&9785109101 
ukxfjd lqj{kk&01427 
224903 ,lMhvkj,Q& 
0141&2759903] 8764873111 
fMIVh dekaMsV] ,uMhvkj,Q 
6005204020            
iqfyl 
v/kh{kd&01427&2230
02] 8395906152 vfr-
iq-
v/kh{kd&8239699755  
o`rkf/kdkjh@ 
Fkkukf/kdkjh jksMost & 9549653257 
jsYos & 9001199022 
,u,p,vkbZ& 8130006151 
lkoZtfud fuekZ.k 
foHkkx 9414369995 
tu LokLF; vfHk- 
9413380882 fo/kqr 
forj.k fuxe fyfeVsM 
01427&231123] 
9413390633 
lsuk@ Lo;a lsoh 
laLFkk@ Lo;a 
lsod@ fizUV ,oa 
bySDVªksfud lekpkj 
txr 
eq- fp- ,oa Lok- 
vf/kdkjh 9928740368 
ftyk fpfdRlky; 
nkSlk 9414441289 
fudVre vLirky  
jktLFkku ljdkj vkink 
izcU/ku ,oa lgk;rk 
foHkkx 0141&2227390 
9468683600] 
0141&2227084] 
8529265874] 
0141&2227084 
9414000240 
mi[k.M vf/kdkjh@ vk;qDr uxj 
ifj""kn~@EO uxj ikfydk@ 
rglhynkj@ fodkl vf/kdkjh@ 
iVokjh@ ljiap@ lfpo 
 
vkikrdkyhu ftyk 
fu;a=.k d{k ¼bZvkslh½ 
01427&224903 
 
iqfyl dUVªksy :e 100] 
01427&230333] 513003@ 
9828123005@ ,Ecqysal&108] 
104 
 
ce foLQksV ds le; Rofjr dk;Zokgh 
 
"
72,PDF page 72,"72 
 
yksx cksjosy [kqnkbZ ds lEcU/k esa LFkkuh; ftyk iz’kklu dks cksjosy [kqn kbZ LFky] [kqnkbZ 
drkZ Bsdsnkj ds uke o irk e; Bsdsnkj ds lqj{kk dh iw.kZ izcU/k dj fn;s x;s gS ds 
lEcU/k esa lwfpr djukA 
 gj ftys esa mi[k.M Lrj ij mi[k.M vf/kdkjh vuqlwph ds vuqlkj nq?kZVuk gksus ij 
iwoZ rS;kjh o tkudkjh j[ksaA 
 cksjosy esa cPps fxjus dh nq?kZVuk gksus ij cpko dk;Z gsrq fuEu vf/kdkfj;ksa dh Vhe 
xfBr dh tk ldrh gS %& 
1- lEcfU/kr mi[k.M vf/kdkjh 
2- lEcfU/kr iapk;r lfefr ds mi[k.M fodkl vf/kdkjh 
3- lEcfU/kr eq[; ,oa  LokLF; fpfdRlk vf/kdkjh 
4- lEcfU/kr mi v/kh{kd iqfylA 
5- tynk; foHkkx ds lEcfU/kr {ks= ds vf/k’kk""kh vfHk;arkA 
6- tynk; foHkkx ds lEcfU/kr {ks= ds vf/k’kk""kh vfHk;ark fMfyaxA 
7- Hkw& ty foHkkx ds lECkfU/kr {ks= ds Hkw& xHkZ 'kkL=hA 
8- Hkw& ty foHkkx ds lEcfU/kr {ks= ds vf/k’kk""kh vfHk;arkA 
9- fctyh foHkkx ds lEcfU/kr {ks= ds vf/k’kk""kh @lgk;d vfHk;arkA 
10- Hkw& losZ{k.k foHkkx Hkkjr ljdkj] ls lEcfU/kr {ks= dk fo’ks""kK vf/kdkjhA 
11- lkoZtfud fuekZ.k foHkkx ds lEcfU/kr {ks= ds vf/k’kk""kh @lgk;d vfHk;arkA 
12- mi& fu;a=d ukxfjd lqj{kkA 
 nq?kZVuk gksus ij%& 
  loZizFke ftyk dysDVªsV daVªksy :e rFkk mi[k.M daVªksy :e esa lwpukA 
 lEcfU/kr eq[; LokLF; ,oa fpfdRlk vf/kdkjh dks ekSds ij e; thou j{kd 
vkWDlhtu midj.k oa nokbZ;ka] ,EcqysUl rFkk esfMdy Vhe lfgr igqapus dh lwpukA 
 mijksDr Vhe dks ekSds ij igqap dj rRdky mi[k.M vf/kdkjh ds funsZ’kkuqlkj 
cksjosy esa Dykst lfØV dsejk ;k bzaQzk jsM dSejk o vkWfM;ks fotqvy ekWus Vfjax 
flLVe rFkk LokLF; j{kd midj.k LFkkfir djukA 
 mijksDr Vhe }kjk nq?kZVuk ?kfVr gksus ds ,d ?kaVs esa cpko dk;Z gsrq la;qDr :i ls  
ekSds ij fLFkfr vuqlkj feV~Vh dh izd`fr ds v k/kkj ij lekukUrj cksjosy [kqnkbZ ;k 
vU; izdkj ls vuqlwph ds vuqlkj 'ks""k lalk/kuksa dks ,df=r djus rFkk cpko dk;Z 
djus dh dk;Z ;kstuk rS;kj djukA 
 mijksDr dk;Z ;kstuk ds vuqlkj dk;Zokgh djukA 
 ekSds ij mi[k.M vf/kdkjh }kjk jkgr Vhe ds fy;s jgus o Hkkstu dh O;oLFkkA 
 izfr ?kaVs vfr0 ftyk dyDVj jkgr dks jkgr dk;Z dh izxfr ds lEcU/k esa lwfpr 
djukA 
 vU; fdlh izdkj dh vko’;drk gksus ij ftyk dyDVj ds ek/;e ls jkT; vkink 
izcU/ku foHkkx ls lgk;rk ekaxh tk;sxhA mijksDr izdkj dh nq?kZVukvksa esa cpko dk; Z 
gsrq okafNr midj.kksa ,oa lalk/kuksa ij O;; dh jkf’k dk vk adyu fd;k tkdj jkT; 
ljdkj dks lwfpr fd;s tkus dh rS;kjh dh tk jgh gSA 
 [kqys cksjosyksa ls gksus okys gknlksa dh jksdFkke] vkink izca/ku ,oa lgk;rk fOkH kkx] 
jktLFkku ljdkj] ,oa ekuuh; loksZPp U;k;ky; }kjk ikfjr vkns’k esa fn’kk funsZ’k%& 
jkT; esa [kqys cksj osyksa esa cPpksa ds fxjus dh dbZ nq?kZVuk,sa gks pqdh gS ,oa bu 
nq?kZVukvksa esa dbZ eklweksa dks tku xaokuh iMh rFkk jkT; ljdkj dks Hkh vuko’;d "
73,PDF page 73,"73 
 
foRrh; Hkkj ogu djuk iMk gS rFkk blls ;g izrhr gksrk gS fd iwoZ esa tkjh funsZ’kksa 
dh ikyuk lqfuf’pr ugha dh xbZ gSA fnukad 9 -2-2010 dks eq[; lfpo egksn; dh 
v/;{krk esa vk;ksftr cSBd esa cksjosy esa cPpksa ds Qal dj ejus dh 
vR;f/kd ?kVukvksa dks n`f""Vxr j[krs gq, ;g fu.kZ; fy;k x;k Fkk fd bl laca/k esa 
cksjosy fMªy djus ds i'pkr mls lwuk NksMs tkus ij cksjosy fMª y djus okyh 
dEiuh@ ekfyd ds f[kykQ vkijkf/kd izdj.k ntZ fd;k tkdj] muds f[kykQ 
dk;Zokgh dh tkosA  
 bl fcUnq ij ekuuh; loksZPp U;k;ky; }kjk ;kfpdk la[;k 36@ 2009 esa vius fu.kZ; 
fnukad 11-2-2010 }kjk Hkh lHkh jkT;ksa dks foLr`r fn’kk funsZ’k iznku djrs gq, m udh 
v{kj’k% ikyuk dh vis{kk dh gS] fu.kZ; dh ikyuk esa jkTkLFkku ljdkj Hkwty 
foHkkx }kjk vius i= Øekad ,Q 12¼6½ thMCYkwMh@09 fnukad 19 -2-2010 }kjk 
foLr`r fn’kk funsZ’k lHkh lEcfU/kr dks tkjh fd;s x;s rFkk bu funsZ’kksa dh le;c) 
ikyuk fjiksVZ fujUrj eaxokbZ tk jgh gSA 
 mijksDr fu.kZ; ,oa vkns’kksa dh ikyuk lqfuf’pr djrs gq,] [kqys cksjosyksa dks 
vko’;drk ugha gksus ij rqjUr ikVus ¼cUn djokus½ ,oa  gknlk gksus ij cksjosy 
djus okyh dEiuh @ ekfydksa ds fo:) fu;ekuqlkj dk;Zokgh dj] bl laca/k esa gksus 
okys leLr O;; dh olwyh dh tk;sxhA lkFk gh ;g Hkh lqfuf’pr fd;k tk;s fd 
Hkfo""; esa bl izdkj dh nq?kZVukvksa dh iqujko`fr u gks rkfd bl izdkj dh nq?kZVukv ksa 
ij gksus okys vuko’;d O;; ,oa tkueky dh {kfr ls cpk tk ldsA bl gsrq ftyk 
dyDVj ds v/khuLFk dk;Zjr leLr vf/kdkjh  deZpkfj;ksa dks Bksl dk;Zokgh vey esa 
ykus gsrq ikcan fd;k x;k gSA 
5- lM+d@jsy nq?kZVuk%& 
nq?kZVuk dgha Hkh fdlh Hkh :i esa ?kV ldrh gSaA vxj dksbZ nq?kZVuk gks x;h gS rks 
nq?kZVukxzLr vkneh dks rRdky izkFkfed mipkj dh t:jr gksrh gSA blds fy, t:jh gS 
fd ge nq?kZVukxzLr vkneh dks ykpkj u NksMdj mldh enn djsa rFkk fudVLFk 
rglhy ;k mi ftyk dyDVj ; k ftyk dyDVj dk;kZy; ;k fudVLFk Fkkus ;k mik/kh{kd 
iqfyl dk;kZy; ;k iqfyl v/kh{kd dk;kZy; dks lwfpr djsaA ;fn fudV esa VsyhQksu dh 
O;oLFkk ugha gks rks fudVLFk xzke ds iVokjh] xzkelsod] v/;kid] , -,u-,e] ljiap ;k vU; 
fdlh ljdkjh deZpkjh dks lwfpr djsa rkfd os vkxs rqjUr lwpuk dks lEizsf""kr dj ldsaA 
izkFkfed fpfdRlk iznku djus ds fy, flQZ iz’kklu ;k MkWDVj gh ftEesnkj ugha gS cfYd 
nq?kZVuk LFky ij miyC/k vU; yksx Hkh mldh enn dj ldrs  gSA Hkkjr esa lMd nq?kZVuk 
esa 1]40]000 ekSrsa izfro""kZ gksrh gS] izfrfnu 4 00 ekSrsa ,oa izfr?kUVk 18 ekSr ntZ dh xbZ gSA 
vdsys jktLFkku esa izfro""kZ lMd nq?kZVuk ls djhc 10]000 ekSrsa gks jgh gSA vf/kdrj nq?k ZVuk 
ls ekSras ykijokgh ,oa lqj{kk dkuwuksa dh vuns[kh djus ls gqbZ gSA ;fn bl fn’kk esa lkF kZd 
iz;kl u fd;k x;k rks xEHkh j ifj.kke lekt dks Hkqxruk gksxkA  nkSLkk ftys esa o""kZ 2024 esa 
713 lM+d nq?kZVukvksa esa 368 tugkfu gqbZ gSA  
 lajpukRed mik;%& 
nq?kZVuk laHkkfor {ks=ksa dk fpUghdj.k djuk rFkk t:jr ds vuqlkj ogka xfr vojks/kd] 
lkbu cksMZ vkfn yxk;s tk,aA 
 xSj lajpukRed mik;%&   
lMd nq?kZVukvksa ls cpus ds fy, 
 lMd fu;eksa dk ikyu djsaA 
 rst jQ~rkj ls xkMh u pyk,A "
74,PDF page 74,"74 
 
 'kjkc ihdj xkMh u pyk,A 
 gSyesV igus] dkj esa vkxs vkSj ihNs cSBs lokjh dks lhV cSYV cka/kuk vko’;d gSA 
 ckabZ rjQ ls vksojVsd u djsaA 
 gkFk nsdj ,dne u eqMsA 
 nkabZ o ckabZ vksj /;ku ls ns[kdj gh lMd ikj djsaA 
 vkxs pyrs okgu ls nwjh cuk;s j[ksaA 
 jkf= esa okgu dh gsMykbV dks fMi djds gh pysaA 
 cPpksa dks lMd ij u [ksyus nsaA 
 cPpksa dks xkMh u pykus nsaA 
 nq?kZVuk ds nkSjku ftyk iz’kklu dk drZO; 
 nq?kZVukxzLr yksxksa dks rqjUr fpfdRlky; igqzpkus dh O;oLFkk djukA 
 jkgr f’kfojksa dk izcU/kuA 
 vQokgksa dks QSyus ls jksdukA 
 vlkekftd rRoksa ij fuxjkuh j[kukA 
 ihfMrksa dks vkfFkZd enn nsukA 
 turk rd lgh lwpuk igaqpkukA 
 gkfu dk vkadyu djukA 
 fpfdRlk foHkkx%&  
 rglhy esa miyC/k fpfdRlky;ksa] fpfdRldksa o esfMdy LVksjksa dh lwph layXu gSA 
 MkWDVjksa o iSjkesfMdy LVkQ dh O;oLFkk djukA 
 ,Ecqysal dk izcU/k djukA 
 izkFkfed mipkj miyC/k djkukA 
 nokbZ;ksa o mipkj ds vU; lk/ku miyC/k djkukA 
 iqfyl foHkkx%&  
 nq?kZVuk LFky ij HkhM dks larqfyr djukA 
 dkuwu ,oa lqj{kk O;oLFkk cuk;s j[kukAlapkj O;oLFkk miyC/k djkukA 
  "
75,PDF page 75,"75 
 
 
 
 
 
 
 
 
 
 
 
 
 
  
 
 
 
 
 
 
 
 
 
 
  
ftyk dyDVj 01427& 224666] 
221888 vfr- dyDVj] 
iz’kklu@lgk;rk 01427&223884  
eq- dk;Zdkjh vf/kdkjh] ftyk 
ifj""kn 9983859777 
jkT; fu;a=.k d{k@ 0141& 
2227296] 2227885]235776 
vfXu&101] 01427&223933] 
vfXu’keu vf/k-&9785109101 
ukxfjd lqj{kk&01427 
224903 ,lMhvkj,Q& 
0141&2759903] 8764873111 
fMIVh dekaMsV] ,uMhvkj,Q 
6005204020            
iqfyl 
v/kh{kd&01427&2230
02] 8395906152 vfr-
iq-
v/kh{kd&8239699755  
o`rkf/kdkjh@ 
Fkkukf/kdkjh jksMost & 9549653257 
jsYos & 9001199022 
,u,p,vkbZ& 8130006151 
lkoZtfud fuekZ.k 
foHkkx 9414369995 
tu LokLF; vfHk- 
9413380882 fo/kqr 
forj.k fuxe fyfeVsM 
01427&231123] 
9413390633 
lsuk@ Lo;a lsoh 
laLFkk@ Lo;a 
lsod@ fizUV ,oa 
bySDVªksfud lekpkj 
txr 
eq- fp- ,oa Lok- 
vf/kdkjh 9928740368 
ftyk fpfdRlky; 
nkSlk 9414441289 
fudVre vLirky  
jktLFkku ljdkj vkink 
izcU/ku ,oa lgk;rk 
foHkkx 0141&2227390 
9468683600] 
0141&2227084] 
8529265874] 
0141&2227084 
9414000240 
mi[k.M vf/kdkjh@ vk;qDr uxj 
ifj""kn~@EO uxj ikfydk@ 
rglhynkj@ fodkl vf/kdkjh@ 
iVokjh@ ljiap@ lfpo 
 
vkikrdkyhu ftyk 
fu;a=.k d{k ¼bZvkslh½ 
01427&224903 
 
iqfyl dUVªksy :e 100] 
01427&230333] 513003@ 
9828123005@ ,Ecqysal&108] 
104 
 
jsy@lMd@vU; nq?kZVukvksa esa Rofjr dk;Zokgh 
 
"
76,PDF page 76,"76 
 
6- HkwdEi%& 
HkwdEi i`Foh ds vkUrfjd vlUrqyu] Hkaz’ku] HkwiVy dk ladqyu rFkk IysV foorZfud dkj.kksa 
ls vkrk gSA lkekU;r% HkwxfHkZ d pV~Vkuksa ds fo{kksHk ds L=ksr ls mBus okyh ygjnkj dEiUu 
dks HkwdEi dgrs gSA ftl izdkj 'kkUr ty esa iRFkj dk VqdMk Qsadus ij vk;kr vkus okys 
LFkkuksa ds pkjksa vksj ygj mRiUu gksrh gS] Bhd mlh izdkj HkwxfHkZd pV~Vkuksa esa fo{kk sHk dsUnz 
ls pkjksa vksj Hkw& rjaxs izokfgr gksrh gSaA vf/kdka’kr% HkwdEi Hkwry ls Bhd 50 ls 100 fd -eh- 
dh xgjkbZ ij mRiUu gksrs gSaA ftl LFkku ij ;s mRiUu gksrs gSa] mls mn ~xe dsUnz ;k HkwdEi 
ewy dgrs gSaA bl mn~xe dsUnz ds Bhd Åij Hkwlrg ij fLFkr LFkku dks vf/kdsUnz dgrs gSaA 
HkwdEi ,d vkink ds :i esa izy;adkjh rckgh epkrk gSA HkwdEi vU; izkd`frd vkinkvksa 
tSls HkwL[kyu] ck< rFkk vkx vkfn dks xfr’khy dj nsrk gSA HkwdEi ds dkj.k tgka ,d vksj 
izkd`frd ifjn`’; fod`r gksrk gS] ogha nwljh vksj ekuo fufeZr lajpukvksa dks Hkh gkfu igqaprh 
gS] ftldh iqu% iwfrZ nh?kZdky esa gh lEHko gks ikrh gS rFkk bldk izH lw[ks jkT; ,oa jk""Vªh; 
fodkl ij Hkh ifjyf{kr gksrk gSA  
 HkwdEi ds eq[; dkj.k%& 
 Tokykeq[kh fØ;k 
 Hkaz’ku 
 Hkwlarqyu esa vO;OkLFkk 
 tyh; Hkkj 
 HkwiVy esa ladqpu 
 xSlksa dk QSyko 
 IysV foorZfudh 
 HkwdEiksa dh rhozrk%& 
fcfYMax esVsfj;y ,.M VsDukWyksth izeks'ku dkmafly us ,Vyl ds vuqlkj fllfed tksu 
uDls rS;kj dj bls ikap Hkkxksa esa foHkDr fd;k gSA vuqekur% la’kkf/kr e dZjh ekid ij 
4&5 rhozrk okys HkwdEi 7700 oxZ fd -eh- esa eglwl gksrs gSa tcfd 9&10 rhozrk okys 
HkwdEi 500]000 oxZ fd-eh- {ks= esa eglwl fd;s tkrs gSaA 
nkSlk ftyk ¼ ejdjh ekid ij MM VII ½ oxhZZdj.k ds vk/kkj ij tksu 3 ¼eè;e Hkwdaih; 
[krjs okys {ks=½ vkSj tksu 4 ¼mPp Hkwdaih; [krjs okys {ks=½ esa vkrk gS 
HkwdEiksa dh rhozrk rhozrk ds y{k.k HkwdEiksa dk izHkko fjDVj ekid 
ifj.kke 
laHkkfor izHkkfor {ks= 
vfrizcy lHkh yVdh oLrq,W fgyus yxrh gSA 
nhokjksa esa njkj iMdj HkwdEi dk 
vkrad Nk tkrk gSA 
5&5-9 mn;iqj ds dqN Hkkx fljksgh] 
ckMesj] tSlyesj] chdkusj] 
>qU>quw lhdj ds dqN Hkkx] 
t;iqj] nkSlk ,oa HkjriqjA 
 Hkwdai ls igys%&  
 vius ?kj dks Hkwdai çfrjksèkh cukus ds fy, ,d lajpukRed bathfu;j ls ijke'kZ djsaA  
 vius Hkwdaih; {ks= dks tkusa vkSj vius ?kj esa vko';d lajpukRed ifjorZu djsaA  
 vius ?kj ds fMtkbu vkSj ysvkmV fp= dks Hkfo""; ds fy, lajf{kr djsaA  
 nhokjksa vkSj Nr ij IykLVj esa iM+h xgjh njkjksa dh ejEer djsaA  
 VkaM+ksa dks nhokjksa ls lqjf{kr :i ls dlsa o Hkkjh@cM+h oLrqvksa dks fupyh VkaM+ks a ij 
j[ksaA fctyh vkSj xSl midj.kksa dks et+cwr leFkZu çnku djsaA  
 ,d vkink fdV vo'; rS;kj djsa ftlesa lqjf{kr jgus dk vko';d lkeku gks A  "
77,PDF page 77,"77 
 
 vius ifjokj ds fy, ,d vkikrdkyhu lapkj vkSj fudklh ;kstuk rS;kj j[ksaA  
 >qdks&<dks&idM+ks dh rduhd lh[ksaA 
 ck<+ ds eSnkuksa vkSj ck<+xzLr gq, {ks=ksa esa fuekZ.k ls cpsaA  
 Hkwdai ds tksf[ke ds ckjs esa Lo;a dks vkSj vius ifjokj ds lnL;ksa dks f'kf{kr djsaA  
 Hkwdai ds nkSjku%&  
 'kkar jgsa o ?kcjk,a ugÈA ;fn vki ?kj ds vanj gSa] rks vanj jgsaA ;fn vki ckgj gSa]  
rks ckgj jgsaA  
 ekfpl] eksecÙkh ;k fdlh Hkh fdLe dh vkx dk mi;ksx u djsaA VwVh gqÃ xSl ykbusa 
vkSj vkx laxr ugÈ gSaA  
 ;fn vki dkj esa gSa] rks dkj dks jksd nsa vkSj Hkwdai #dus rd vanj jgsaA  
 est+ ds uhps >qd tk;sa] vius flj dks ,d gkFk ls <dsa vkSj est dks rc rd idM+sa 
jgsa tc rd Hkwdai ds >Vds èkhes ugÈ gks tkrsA  
 'kh'kksa vkSj f[kM+fd;ksa ls nwj jgsaA bekjr ls rc rd ckgj u fudysa tc rd èkjrh esa  
daidih lekIr ugÈ gks tkrhA  
 >Vdksa ds #drs gÈ ckgj fudy tk;sA fy¶V dk mi;ksx u djsaA  
 ;fn ckgj gSa rks bekjrksa] isM+ksa] nhokjksa vkSj fctyh ds [kEHkksa@ykbuksa ls nwj jgsaA  
 ;fn vki okgu ds vanj gSa rks [kqyh txg ij tkdj #d tk,¡A iqy ij u p<+saA  
 ;fn lajpukRed :i ls lqjf{kr bekjr esa gksa] rks rc rd  vanj jgsa tc rd èkjrh 
fgyuk can u gks tk,A  
 ,d dksus esa ,d et+cwr est+ ;k fcLrj ds uhps@'kh'kksa vkSj f[kM+fd;ksa ls nwj ,d 
vanj dh nhokj ls yxdj vius vki dks lqjf{kr j[ksaA  
 ;fn vki fudkl }kj ds ikl gSa] rks bekjr dks ftruh tYnh gks lds NksM+ nsaA  
 ;fn vki ,d iqjkuh vkSj det+ksj lajpuk ds vanj gSa rks ogka ls tYn ls tYn 
fudyus ds fy, lqjf{kr ekxZ ysaA 
 Hkwdai ds ckn%&  
 {kfrxzLr bekjrksa esa ços'k u djsaA  
 ;fn eycs ds uhps Qals gksa rks %& 
 ekfpl dh rhyh u tyk,aA  
 vius eqag dks fdlh #eky vFkok diM+s ls <d ysaA  
 fdlh ikbi vFkok nhokj dks FkiFkik,a ;k [kV[kVk,aA  
 lhVh ctk,aA  
 vU; dksÃ mik; u gksus ij gh tksj ls fpYyk,aA ;g vkidks ÅtkZ lajf{kr djus esa 
enn djsxkA  
 lhf<+;ksa dk ç;ksx djsaA fy¶V vkSj Lopkfyr lhf<+;ksa dk bLrseky u djsaA  
 lkoèkkuhiwoZd vkxs c<+sa vfLFkj oLrqvksa &ds vykok vius vklikl ds vU; [krjksa dh 
Hkh tkap djsaA pksV ds fy, [kqn dks tkapsaA  
 Hkwdai ds ckn vkus okys >Vdksa] fo'ks""k :i ls ,d cM+s Hkwdai ds ckn] ds fy, rS;kj 
jgsaA 
 leqæ rVksa ls nwj jgsaA dHkh&dHkh Hkwdai ds #dus ds ckn lqukeh vkSj lhps vkrs gSaA  "
78,PDF page 78,"78 
 
 vQokgsa u QSyk,a vkSj u gÈ muij foÜokl djsaA  
 ;fn ?kj NksM+us dh fLFkfr gks] rks vki dgk¡ tk jgs gSa bldh tkudkjh nsus ds fy, 
,d lans'k NksM+saA  
 {kfrxzLr {ks=ksa ds vklikl xkM+h u pyk,a D;ksafd cpko vkSj jkgr dk;ks± dh 
xfr'khyrk ds fy, lM+dksa dh vko';drk gksrh gSA  
 {kfrxzLr iqy@¶ykÃvksoj dks ikj djus dk ç;kl u djsaA  
 >qdus] <dus vkSj idM+us dk vH;kl fu;fer :i ls djsaA  
 fu;fer :i ls fudklh vH;klksa dk vH;kl djsaA  
 Hkouksa esa] [kkldj Åaph bekjrksa esa] lqfuf'pr djsa fd fudkl ekxZ fpfàr gSa vkSj 
vfXu'keu midj.k Bhd ls dke dj jgs gSaA 
 LFkkuh; ,oa ftyk iz’kklu%& 
 lHkh foHkkxksa dks vkink ls fuiVus ds fy, lpsr djuk rFkk muesa leUo; LFkkfir 
djukA 
 vkink LFky ij fu;U=.k d{k dh LFkkiuk djukA 
 lgk;rk lkexzh] Hkkstu vkfn dh O;oLFkk djukA 
 dkuwu ,oa O;oLFkk cuka, j[kukA 
 izekf.kd lwpuk izkIr djuk o ehfM;k ds tfj;s mls yksxksa rd igqapkukA 
 ukxfjd lqj{kk cy] ,u-lh-lh-] ,u-,l-,l- rFkk LdkmV~l ,.M xkMZl%& 
 Lo;a lsfo;ksa dh miyC/krk fuf’pr djukA 
 eycs esa Qlsa yksxks dks fudkyus esa iz’kklu dh lgk;rk djukA 
 ihfMrksa dks lqjf{kr LFkku rd igqapkukA 
 iqfyl iz’kklu%& 
 dkuwu ,oa O;oLFkk dh cuk;s j[kukA 
 ok;jySl vkfn ls lwpuk igqapkukA 
 lapkj ds vU; lk/kuksa dh O;oLFkk djukA 
 lkoZtfud fuekZ.k foHkkx%& 
 eyck vkfn mBkus ds fy, okgu miyC/k djkukA 
 jktdh; ,oa futh {ks= esa miyC/k ts-lh-ch- ,oa vU; midj.kksa dh O;oLFkk djukA 
 vU; Å¡ps o vkink lEHkkfor Hkouksa dh tkap djuk rFkk mUgsa [kkyh djokus esa 
iz’kklu dh enn djukA 
 fpfdRlk ,oa LokLF; foHkkx%& 
 vkink LFky ij rqjUr fpfdRlk f’kfoj yxkukA 
 yksxksa dks izkFkfed mipkj miyC/k djkukA 
 cqjh rjg ?kk;y yksxksa dks vLirky igqapkukA 
 fpfdRldksa isjk esfMdy LVkQ o nokbZ;k¡ miyC/k djkukA 
vfXu’keu dsUnz] [kk| ,oa ukxfjd vkiwfrZ] tuLokLF; vfHk;kaf=d h] Lo;alsoh laLFkk,sa] 
uxj ifj""kn] fo|qr] i'kqikyu] nwj lapkj foHkkx] flapkbZ rFkk vU; foHkkx lkekU; 
dk;Z ;kstuk ds rgr viuk dk;Z iw.kZ djsaxsA 
 "
79,PDF page 79,"79 
 
 
 
 
 
 
 
 
 
 
 
  
 
 
 
 
 
 
 
 
 
 
7- [knku nq?kZVuk vkikrdkyhu dk;Z;kstuk%%& 
ftys ,oa vkl&ikl ds ftyksa esa fofo/k izdkj ds [kfut ds [knku gSA ftuesa e`frdk]] iRFkj] 
jsr eq[; gSA bu [kfutksa dh [kqnkbZ ds fy, fofHkUu izdkj ds e’khujht] ekuo lalk/ku ,oa  
vU; lalk/ku dk mi;ksx fd;k tk jgk gSA tehu ds  uhps dh [kqnkbZ esa dbZ nq?kZVukvksa dh 
lwpuk izfrfnu vkrh jgrh gS ,oa iz’kklu ds lRk~r iz;kl ls yksxksa dks cpk;k tkrk gSA 
fQj Hkh [kku nq?kZVuk ls izfro""kZ yksx ej jgs gSaA nq?kZVuk ij v/kh{k.k [kfu] t;iqj ,oa [kku 
lqj{kk egkfuns'kd] vtesj dks lwpuk fHktokdj lgk;rk izkIr dh tkrh gSaA 
fu;a=.k d{k dh LFkkiuk dh xbZ gSA ftlds izHkkjh%& Jh y{ehpUn ehuk] [kfu vfHk;ark] 
nkSLkk ¼7240338959½ ,oa lgk;d izHkkjh%&  Jh jkds'k dqekj] [kfu dk;Zns'kd izFke 
¼7891678537½ gSA  
 
 
 
ftyk dyDVj 01427& 224666] 
221888 vfr- dyDVj] 
iz’kklu@lgk;rk 01427&223884  
eq- dk;Zdkjh vf/kdkjh] ftyk 
ifj""kn 9983859777 
jkT; fu;a=.k d{k@ 0141& 
2227296] 2227885]235776 
vfXu&101] 01427&223933] 
vfXu’keu vf/k-&9785109101 
ukxfjd lqj{kk&01427 
224903 ,lMhvkj,Q& 
0141&2759903] 8764873111 
fMIVh dekaMsV] ,uMhvkj,Q 
6005204020            
iqfyl 
v/kh{kd&01427&2230
02] 8395906152 vfr-
iq-
v/kh{kd&8239699755  
o`rkf/kdkjh@ 
Fkkukf/kdkjh jksMost & 9549653257 
jsYos & 9001199022 
,u,p,vkbZ& 8130006151 
lkoZtfud fuekZ.k 
foHkkx 9414369995 
tu LokLF; vfHk- 
9413380882 fo/kqr 
forj.k fuxe fyfeVsM 
01427&231123] 
9413390633 
lsuk@ Lo;a lsoh 
laLFkk@ Lo;a 
lsod@ fizUV ,oa 
bySDVªksfud lekpkj 
txr 
eq- fp- ,oa Lok- 
vf/kdkjh 9928740368 
ftyk fpfdRlky; 
nkSlk 9414441289 
fudVre vLirky  
jktLFkku ljdkj vkink 
izcU/ku ,oa lgk;rk 
foHkkx 0141&2227390 
9468683600] 
0141&2227084] 
8529265874] 
0141&2227084 
9414000240 
mi[k.M vf/kdkjh@ vk;qDr uxj 
ifj""kn~@EO uxj ikfydk@ 
rglhynkj@ fodkl vf/kdkjh@ 
iVokjh@ ljiap@ lfpo 
 
vkikrdkyhu ftyk 
fu;a=.k d{k ¼bZvkslh½ 
01427&224903 
 
iqfyl dUVªksy :e 100] 
01427&230333] 513003@ 
9828123005@ ,Ecqysal&108] 
104 
 
HkwdEi esa cpko ,oa Rofjr dk;Zokgh 
 
"
80,PDF page 80,"80 
 
 
 
 
rki?kkr ¼yw½ ,oa 'khr?kkr%& 
jktLFkku jkT; esa rki?kkr ,oa  'khr?kkr nksuks izdkj dh vkinkvksa dh lEHkkouk,a ;gka dh 
tyok;q ,oa c<rs i;kZoj.k iznw""k.k ,oa Xykscy okfeZax ds dkj.k ns[kh tkrh gS lkFk gh ek sVh 
ckyw Hkwfe dh fo’ks""krk gS fd xehZ ds ekSle esa ckyw 'kh?kz xeZ gksdj de ncko ds {ks=k sa dk 
fuekZ.k djus ds QyLo:i xeZ o rhoz izokfgr gksrh gS ] ftls LFkkuh; Hkk""kk esa ^yw* dgk 
tkrk gS] ogha nwljh vksj 'khr _rq esa ckyw feV~Vh okys {ks=ksa esa vf/kd B.M ikbZ tkrh gSA 
8- rki?kkr ¼yw½%& 
ekpZ ls twu dk le; ,slk gS tc rkieku esa fujUrj o`f) gksrh gS vkSj ebZ o twu o""kZ dk 
lokZf/kd xeZ fgLlk gksrk gSA ebZ esa e/; nSfud vf/kdre rkieku 42 0 ls0 vkSj ek/; nSfud 
U;wure rkieku 29 0 ls- jgrk gSA twu esa jkf= dk rkieku ebZ  dh vis++{kk vf/kd gksrk gSA 
xehZ ds ekSle esa /kwy Hkjh xeZ gok,a pyrh gSa ftlls cspSu h c< tkrh gS o xehZ cgqr Hkh""k.k 
gks tkrh gSA ftlds dkj.k rki?kkr ls e`R;q nj dh la[;k esa c<ksrjh gks jgh gSA 
fdlh&fdlh fnu vf/kdre rkieku 45 0 ;k 470 rd igqap tkrk gSA ?kVrh gfj;kyh] fcxMrs 
i;kZoj.k ,oa voS/k taxyksa dh dVkbZ rkieku c<ksrjh ds eq[; y{k.k gSA yw&rki?kkr dks jkT; 
fo'ks""k izkd`frd vkink ds :i esa vf/klwfpr fd;k x;k gSA  
 D;k djsa%&  
o lHkh ds fy, %& 
 jsfM;ks lqusa Vhoh ns[ksa LFkkuh; ekSle dh tkudkjh ds fy, lekpkj i= i<+sa ;k 
lEcafèkr eksckby ,si MkmuyksM djsaA  
 i;kZIr ikuh fi;sa Hkys gh I;kl u yxs A fexÊ ;k ân;] xqnsZ ;k ; —r jksx ls ihfM+r 
O;fä tks rjy&çfrcafèkr vkgkj ij gS ;k ftudks æo çfrèkkj.k dh leL;k gS] mudks 
rjy lsou c<+kus ls igys M‚DVj ls ijke'kZ djuk pkfg,A  
 vius vki dks gkbMªsVsM j[kus ds fy, vksvkj,l ¼vksjy fjgkbMªs'ku l‚Y;w'ku½] ?kj ds 
cus is; tSls yLlh] rksjkuh ¼pkoy dk ikuh½] uÈcw dk ikuh] NkN vkfn dk lsou 
djsaA  
 gYds jax ds] <hys] lwrh diM+s igusaA  
 ;fn dgÈ ckgj gS] rks viuk flj <dsa diM+s] Vksih ;k Nrjh dk mi;ksx djsaA vka[kksa 
dh lqj{kk ds fy, èkwi ds p'es dk ç;ksx djsa vkSj Ropk dh lqj{kk ds fy, luLØhu 
yxk,aA  
 çkFkfed fpfdRlk esa çf'k{k.k ysaA  
 cqtqxZ] cPps] chekj ;k vfèkd otu okys yksxksa dk fo'ks""k è;ku j[ksa D;ksafd muds 
vR;fèkd xeÊ ls vLoLFk gksus dh laHkkouk T;knk jgrh gSA  
o fu;ksäk vkSj Jfed%&  
 dk;Z LFky ij BaMs is;ty dk çcaèk j[ksaA  
 lHkh Jfedksa ds fy,  vkjke ds fy, Nk;k] lkQ ikuh] Nk N] vkbl&iSd ds lkFk 
çkFkfed fpfdRlk fdV vkSj vksvkj,l ¼vksjy fjgkbMªs'ku l‚Y;w'ku½ dk çcaèk j[ksaA  
 Jfedksa dks lhèkh èkwi ls cpus ds fy, dgsaA  
 Jelkè; dk;ks± dks fnu ds de rki okys le; esa gh djsaA  
 ckgjh xfrfofèk;ksa ds nkSjku foJke djus dh vko`fÙk vkSj le; lhek c<+k;saA  "
81,PDF page 81,"81 
 
 xHkZorh efgykvksa vkSj fpfdRlh; leL;k ckys dkexkjksa ij vfrfjä è;ku nsaA  
 Jfedksa dks yw ls lEcfUèkr psrkouh ds ckjs esa lwfpr djsaA  
 ftu Jfedksa ds fy, xeÊ okys {ks= u, gksa] mUgsa gYdk dke o de ?kaVksa dk dke nsaA  
 vU; lkoèkkfu;ka%&  
 ftruk gks lds] ?kj ds vanj jgsaA  
 ued] thjk] I;kt+ dk lykn vkSj dPps vke tSls ikjaifjd mipkj ghV LVªksd dks 
jksd ldrs gSaA  
 can okgu esa cPpksa ;k ikyrw tkuojksa dks dHkh vdsyk u NksM+saA  
 ia[ks vkSj ue diM+ksa dk ç;ksx djsa( BaMs ikuh esa Luku djsaA  
 vius ?kj ;k dk;kZy; esa vkus okys foØsrkvksa vkSj lkeku igq¡pkus okys yksxksa dks ikuh 
fiyk,aA  
 lkoZtfud ifjogu vkSj dkj&iwÇyx dk mi;ksx djsaA ;g Hkwe.Myh; Å""ehdj.k vkSj  
 xeÊ dks de djus esa enn djsxkA  
 isM+ yxk,aA lw[kh ifÙk;ksa] —f""k vo'ks""kksa vkSj dpjs dks u tyk,aA  
 tylzksrksa dk laj{k.k djsaA o""kkZ ds ty dks lapf;r djsaA  
 ÅtkZ&dq'ky midj.kksa] LoPN b±èku vkSj ÅtkZ ds oSdfYid lzksrksa dk mi;ksx djsaA  
 vxj vkidks pôj vk jgsa gSa ;k vki vLoLFk eglwl dj jgs gSa rks rqjar M‚DVj ds 
ikl tk;sa ;k fdlh dks rqjar M‚DVj ds ikl ys tkus ds fy, dgsaA  
o ?kj dks BaMk j[kus ds fy, %&  
 de ykxr o kyh dwÇyx ds fy, lksyj fj¶ysfDVo OgkbV isaV] dwy :Q 
VsDuksy‚th] ,;j&ykbV vkSj Ø‚l osafVys'ku vkSj FkeksZdksy balqys'ku dk bLrseky 
djsaA vki Nrksa ij ?kkl&Qwl ;k ouLifr Hkh mxk ldrs gSaA  
 ckgj dh vksj xeÊ dks çfrÇcfcr djus ds fy, ,Y;wehfu;e iUuh ls <ds dkMZcksMZ 
tSls vLFkk;h ÇoMks fj¶ysDVj yxk,aA  
 vius ?kj dks BaMk j[kus ds fy, xgjs jax ds insZ] ÇVVsM Xykl 'kVj ;k lu'ksM dk 
mi;ksx djsaA jkr esa f[kM+fd;ka [kqyh j[ksaA fupyh eaftyksa ij jgus dk ç;kl djsaA  
 ouLifr;ksa] ikSèkksa bR;kfn ls Hkjh Nrsa vkSj nhokjsa ,oa buMksj IykaV Hkou dks çk —
frd :i ls BaMk djds] ,;j daMh'kÇux vko';drkvksa dks vkSj vif'k""V xeÊ dks de 
djrs gSaA  
 ,lh dk rkieku 24 fMxzh ;k mlls vfèkd cuk, j[ksaA ;g vkids fctyh ds fcy dks 
de djsxk vkSj vkids LokLF; dks csgrj cuk,xkA  
o u;k ?kj cukrs le;%&  
 fu;fer nhokjksa dh ctk; dSfoVh c‚y rduhd dk mi;ksx djsaA  
 pkSM+h nhokjsa cuok,aA os ?kj dks BaMk j[krh gSA  
 tkyhnkj nhokjksa vkSj yksc okys m n~?kkVuksa dk fuekZ.k djsaA os vf èkdre ok;q&çokg 
dj xeÊ dks vo#) djrs gSaA  
 nhokjksa dks jaxus ds fy, çk—frd lkexzh tSls pwus ;k feêh dk mi;ksx djsaA  
 ;fn laHko gks rks dkap ds bLrseky ls cpsaA  
 fuekZ.k djus ls igys fcÇYMx VsDuksy‚th fo'ks""kK ls lykg ysaA  "
82,PDF page 82,"82 
 
 
o eos'kh ds fy,%&  
 i'kqvksa dks Nk;k esa j[ksa vkSj mUgsa ihus ds fy, i;kZIr] LoPN vkSj BaMk ikuh nsaA  
 muls lqcg 11 cts ls 'kke 4 cts ds chp dke u ysaA  
 'ksM dh Nr dks iqvky ls <d nsa] rkieku de djus ds fy, bls lQsn jax pwus ls 
jax nsa ;k xkscj ls yhi nsaA  
 'ksM esa ia[ks] okVj Lçs vkSj Q‚xlZ dk ç;ksx djsaA  
 vR;fèkd xeÊ ds nkSjku] ikuh dk fNM+ dko djsa vkSj eosf'k;ksa dks BaMk djus ds 
fy, ,d ty fudk; ij ys tk,aA 
 mUgsa gjh ?kkl] çksVhu olk ckÃikl iwjd] [kfut feJ.k vkSj ued nsaA de xeÊ 
okys ?kaVksa ds nkSjku mUgsa pjus nsaA  
 D;k u djs%&a  
 èkwi esa ckgj tkus ls cpsa] [kkldj nksigj 12 vkSj 3 cts ds chp A  
 ;fn nksigj esa ckgj gksa] rks Hkkjh dkeksa ls cpsaA  
 uaxs ikao ckgj u tk,aA  
 fnu ds lcls xeZ le; ds nkSjku [kkuk idkus ls cpsaA [kkuk idkus okys fgLls dks 
goknkj cuk, j[kus ds fy, njokts vkSj f[kM+fd;ka [kqyh j[ksaA  
 'kjkc] pk;] d‚Qh vkSj dkcksZusVsM 'khry is; ls cpsaA ;s 'kjhj dks futZfyr djrs gSaA  
 vfèkd çksVhu okys Hkkstu ls cpsaA cklk Hkkstu u djsaA  
 ikdZ fd, x, okguksa esa cPpksa ;k ikyrw tkuojksa dks u NksM+sa] os xeZ gok ls çHkkfor  
 gks ldrs gSaA  
 ,sls cYcksa dk mi;ksx djus ls cpsa tks vuko';d xeÊ mRiUu djrs gSa] Bhd oSls gÈ 
tSls fd yxkrkj pyrs gq, daI;wVj ;k fctyh ds midj.k A  
 yw ls çHkkfor O;fä ds mipkj ds fy, fVIl%&  
 rkieku dks de djus ds fy, ihfM+r ds flj ij xhys diM+s dk mi;ksx djsa@ikuh 
MkysaA  
 O;fä dks vksvkj,l ¼vksjy fjgkbMªs'ku l‚Y;w'ku½@ uÈcw 'kjcr@rksjkuh vFkok tks 
dqN Hkh 'kjhj dks iqu% lfØ; djus ds fy, mi;ksxh gks] ihus ds fy, nsaA  
 O;fä dks rqjar utnhdh LokLF; dsaæ ys tk,aA  
 ;fn yxkrkj mPp rkieku cuk jgrk gS vkSj fljnnZ] pôj vkuk] detksjh] eryh ;k 
HkVdko vkfn ds y{k.k Li""V eglwl gksa rks ,slh fLFkfr esa 108 uacj ij ,Ecqysal dks 
d‚y djsaA 
 rki?kkr ds y{k.k%& 
 vR;f/kd ilhuk vkuk 
 fljnnZ gksuk 
 mYVh gksuk 
 th fepykuk 
 vkyL; vkSj Fkdku 
 'kjhj ds rkieku dk c< tkuk "
83,PDF page 83,"83 
 
 
 rki?kkr ls cpko ds mik;%& 
 xeZ ekSle esa ?kj ls ckgj /kwi esa u tk;s 
 vxj ?kj ls ckgj tkosa rks flj ij ixMh ;k eksVk oL= yisV ysaA 
 vf/kd ek=k esa ty dk lsou djsaA 
 Hkkstu djds gh ?kj ls ckgj fudysa] Hkw[ks isV u fudysaA 
 vxj O;fDr rki?kkr ls ihfMr gks rks 'kjhj ds pkjks rjQ xhyh iV~Vh yisV nsa o 
ia[kk djsaA 
 O;fDr dks vkjke djus nsaA 
 ;fn O;fDr ikuh dh mfYV ;k¡ djs ;k mldh psruk esa cnyko vk;s r ks mls dqN Hkh 
[kkus o ihus dks u nsaA 
 O;fDr dks xEkZ LFkku ls gVkdj BaMs LFkku ij ys tk;saA 
 vxj rax diMs gksa rks mUgsa <hyk dj nsa vFkok gVk nsa 
 de [kkuk [kk;s vkSj vf/kd ckj [kk;saA vf/kd vkSj Hkkjh [kkuk ipkus esa dfBu gksrk 
gS vkSj 'kjhj esa vkarfjd rkieku dks c<krk gSA ftlls fLFkfr vf/kd xEHkhj gks tkrh 
gSA 
 ued phuh dk ?kksy ikuh ds lkFk ihuk ykHkizn gSA 
 ;fn rch;r t;knk [kjkc gks tkos rks rqjUr fpfdRld ds ikl ys tkosaA 
 vf/kd izksVhu okys [kkus ls ijgst j[ksa tSls ekal o esos tks 'kkjhfjd rki c<krsa gSaA 
 [kqys esa dk;Z djus okys etnwjksa ds dk;Z djus dk le; lqcg vkSj 'kke gksuk pkfg,A 
 ftyk iz’kklu dh ftEesnkjh%& 
Ø-
la- 
fooj.k lacaf/kr foHkkx 
1-  1- ghV oso ds lca/ka esa Vªsfuax izksxzke cukdj 
foHkkx ds lHkh Lrj ds 
vf/kdkfj;ksa@deZpkfj;ksa dks foHkkx }kjk 
izkIr ,MokbZtjh vuqlkj izf'k{k.k fn;k 
tkdj bl ij fo'ks""k /;ku nsus gsrq 
funsZf'kr djukA 
2- bl dk;kZy; }kjk tkjh funsZ'kkuqlkj ,oa 
vius foHkkx }kjk le;&le; ij tkjh 
gksus okyh ,Mok;tjh ds vuqlkj 
ikyuk@vo';d dk;Zokgh dj@djokdj 
ikyuk fjiksVZ ls ghV oso izca/ku&20 25 ds 
ftyk Lrjh; uksM+y vf/kdkjh dks voxr 
djok;k tkukA  
3- bl laca/k esa vkink izca/ku] lgk;rk ,oa 
ukxfjd lqj{kk foHkkx ¼layXu ghVoso 
,D'ku Iyku 2025½ rFkk vius foHkkx }kjk 
tkjh ,D'ku Iyku vuqlkj ghV oso ls 
igys ¼ Qjojh ls ekpZ esa½ rS;kjh djuk] 
1. eq[; dk;Zdkjh vf/kdkjh ftyk 
ifj""kn~ nkSlkA 
2. eq[; fpfdRlk ,oa LokLF; 
vf/kdkjh nkSlk 
3. izeq[k fpfdRlk vf/kdkjh 
nkSlk@egok@ykylksV 
4. la;qDr funs'kd i'kqikyu foHkkx 
nkSlk 
5. la;qDr funs'kd d`f""k foLrkj 
nkSlk 
6. eq[; ftyk f'k{kk vf/kdkjh nkSlk 
7. Je dY;k.k vf/kdkjh nkSlk 
8. v/kh{k.k vfHk;ark PHED/ JVVNL 
nkSlk 
9. {ks=h;@ftyk ifjogu vf/kdkjh 
nkSlk 
10. vk;qDr uxjifj""kn~] nkSlk  
11. eq[; vkxkj izca/kd RSRTC nkSlk "
84,PDF page 84,"84 
 
ghV oso ds nk Sjku ¼vizsy ls twu ½ Iyku 
dks izHkkoh <ax ls ykxw djuk o ghV oso 
ds ckn ¼ tqykbZ ls vDVwcj½ Q hMcSd 
rS;kj djuk rFkk foHkkx ds vuqlkj MsVk 
rS;kj dj lacaf/kr ,stsalh dks fHktokrs gq, 
bl dk;kZy; dks lwfpr djukA  
4- vketu dks xehZ ds ekSle esa D;k djsa 
vkSj D;k u djsa] bl ckjs esa tkudkjh nsus 
vkSj f'kf{kr djus ds fy, tkx:drk 
vfHk;ku pykukA 
5- bl laca/k eas foHkkx ls lacaf/kr iksLVj 
vkfn rS;kj djokdj vketu dks tkx:d 
djus gsrq yxkukA 
6- dk;kZy; o v /khuLFk dk;kZy; esa dk;Zjr 
lHkh dkfeZdksa dks lpsr ,i MkmuyksM 
djus gsrq ikcan fd;k tkukA 
7- tfj;s bZ&esy] okV ~l,i xzqi ;k lpsr ,i 
}kjk ghV oso vyVZ lans'k izkIr gksus ij 
rnkuqlkj dk;Zokgh djuk rFkk mi[k.M 
Lrjh; ,oa xzke iapk;r Lrjh; okVl,i 
xzi cukdj fj;y Vkbe lwpuk izlkfjr 
djuk%     
8- lHkh ftyk Lrjh; vf/kdk jh vius Lrj ls 
vius foHkkx ds v /khuLFk 
dk;kZy;ksa@CykWd@iapk;r Lrjh; leLr 
dk;kZy;ksa dks bl laca/k esa lwfpr dj 
ikcan djasxsA 
12. leLr ftyk@CykWd Lrjh; 
vf/kdkjh.k] nkSlkA 
2-  1- ghV oso ls izHkkfor ej htksa ,oa e`R;q ds 
vk¡dM+ksa dk ladyu dj lwpuk izsf""kr 
djuk 
2- vko';d nokvksa e; vksvkj,l@ IV 
Fluids dh miyC/krk djokdj ghV oso 
ls cpko ds izksVkWdksy dk ikyu djuk 
3- lHkh fpfdRlk foHkkx dh laLFkkvksa esa 
vkikrdkyhu okMZ cukdj vkl  ikl ds 
{ks= esa ghV oso lacaf/kr chekfj;ksa ds 
jksdFkke ds lq>ko o cpko ds rjhdksa dk 
izn'kZu djuk 
4- gkbZ fjLd ,fj;k dh igpku dj :V eSi 
rS;kj djuk ,oa ogk ij ghV oso ds lca/k 
esa tkx:drk vfHk;ku pyk;k tkuk vkSj 
rn~kuqlkj vU; rS;kfj;ka djus ds lkFk 
vfrfjDr deZpkfj;ksa dh rSukrh djuk 
5- ghV oso ls izHkkforksa dh la[;k T;knk gkssus 
1- eq[; fpfdRlk ,oa LokLF; 
vf/kdkjh nkSlk 
2- izeq[k fpfdRlk vf/kdkjh 
nkSlk@egok@ ykylksV 
 
 "
85,PDF page 85,"85 
 
ij e jhtksa dks ikl ds fpfdRlky; eas 
Mk;oVZ djus dk jksM eSi rS;kj djuk 
6- ftyk iz'kklu ls leUo; dj le; le; 
ij ftys esa vU; foHkkxksa gsrq mDr ds 
laca/k esa ,Mokbtjh tkjh djokuk  
7- yw&rki?kkr ls e`R;q gksus ij fpfdRlk ,oa 
LokLF; foHkkx }kjk tkjh ekud lapkyu 
çfØ;k ,oa fn'kk funsZ'kksa dh ikyuk djrs 
gq, iksLVekVZe fjiksVZ esa Li""V vadu fd;k 
tkuk ,oa yw&rki ls Confirm e`R;q dh 
tk¡p gsrq xfBr ftyk Lrjh; rhu 
lnL;h; Heat Death Investingation Committee 
desVh }kjk ftu çdj.kksa esa Confirm Death  
ik;h tkrh gS] mudh lwpuk le; le; 
ij bl dk;kZy; dks fHktok;k tkuk 
8- vU; foHkkxksa }kjk lg;ksx pkgs tkus ij 
fu;ekuqlkj lg;ksx djukA 
3-  1- ghV oso ,D'ku Iyku dks ftysa esa fLFkr 
lHkh f'k{k.k laLFkkuksa dks izsf""kr dj f'k{kdksa 
,oa Nk=@Nk=kvksa ds fy, tkx:drk 
f'kfoj ,oa d{kk,a vk;ksftr djokuk] 
iEiysV@iksLVj dk  forj.k djuk rFkk 
SOP tkjh djuk rFkk Nk=@Nk=kvksa dks 
¼D;k djsa] D;k uk djsa½ ,oa mDr ds lca/k 
esa vius vfHkHkkodksa dks Hkh tkudkjh nsus 
gsrq funsZf'kr djukA 
2- lHkh f'k{k.k laLFkkvksa esa Nk=ksa ds fy, 
Nk;k@ikuh@Nr ia[ks dh miyC/krk] 
Ldwy clksa ds fy, Vhu lsM dh O;oLFkk 
vkSj vU; lqfo/kkvksa dh O;oLFkk djokuk  
3- Nk=koklksa esa okrkoj.k dks B.Mk j[kus gsrq 
i;kZIr ikuh o fctyh dh vkiwfrZ vkSj ia[ks 
dwyj dh O;oLFkk vkSj ekSle vuqlkj 
izkFkfed fpfdRlk fdV e; vksvkj,l o 
[kkuiku dh O;oLFkk 
4- ghVoso ds nkSjku ftys esa lapkfyr leLr 
jktdh;@xSj jktdh; fo|ky;ksa@  
Nk=koklksa@eka ckMh dsUnzksa dk le; 
ijhoZru ,oa vR;f/kd ghVoso ds nkSjku 
vodk'k djokus dh dk;Zokgh 
djuk@djokukA 
5- lHkh ljdkjh ,oa xSj ljdkjh fo|ky;ksa esa 
d{kkvksa esa fo|kfFkZ;ksa ds fy, i;kZIr gok 
gsrq ia[kksas ,oa Nk;k¼ shade½ vkfn dh 
1- eq[; dk;Zdkjh vf/kdkjh ftyk 
ifj""kn~] nkSlk 
2- izkpk;Z i -u-fd- ihth dkWyst 
nkSlk ¼uksMy vf/kdjh mPp f'k{kk 
foHkkx nkSlkA½ 
3- eq[; ftyk f'k{kk vf/kdkjh nkSlk 
4- vYila[;d dY;k.k vf/kdkjh 
nkSlkA 
5- mifuns'k] efgyk ,oa cky fodkl 
foHkkx] nkSlkA 
6- lgk;d funs'kd lkekftd U;k; 
,oa vf/kdkfjrk foHkkx nkSlk 
7- iz/kkukpk;Z] dsUnzh; fo|ky; 
leLr ftyk nkSlkA 
 "
86,PDF page 86,"86 
 
O;oLFkk lqfuf'or dh tkosaA 
6- lHkh ljdkjh ,oa xSj ljdkjh fo|ky;ksa esa 
Nk=&Nk=kvksa ds fy, 'kq) ,oa 'khry 
is;ty dh O;oLFkk lqfuf'pr gksA 
7- ftu fo|ky;ksa esa d{kk d{k de 
gSa@{kfrxzLr ;k [kqys esa gSa@fuekZ.kk/khu gSa] 
,sls Ldwyksa esa fo|kfFkZ;ksa dks Hkh""k.k xehZ  esa 
ugha fcBk;k tkus ,oa oSdfYid O;oLFkk ds 
rkSj ij Vsa.V Nk;k dh O;oLFkk lqfu'kfpr 
dh tk;sA 
8- lHkh Ldwyksa esa Hkh""k.k xehZ] ghV oso yw ls 
cpus ds fy, ,oa mYVh] vipu] th 
?kcjkgV Toj ls cpus ds fy, fpfdRldksa 
dh lykg ls fo|kfFkZ;ksa dh mez vuqlkj 
vko';d çkF kfed LokLF; mipkj fdV 
¼Firstaid kit ½ esa i;kZIr vko’;d nok, ,oa 
ORS Kit j[kuk lqfuf’pr djsA 
9- dksbZ Hkh [ksy çf'k{k.k ;k fMªy] ih -Vh] 
vkmVMksj xfrfof/k;ka vFkok dSEi Hkh""k.k 
xehZ ds nkSjku [kqys esa ugha djok;k tkosA 
10- ifjogu ds ,sls lk/ku tks [kqys gks ,oa 
lh/ks /kwi ds laidZ esa gks - ,sls lk/kuksa ls 
cPpksa dk Ldwyksa ls ifjogu ugha djok;k 
tk;s ,oa okgu pkydksa dks vius okguksa esa 
çkFkfed LokLF; mipkj fdV j[kus gsrq 
funsZf'kr fd;k tk;sA 
11- jktLFkku esa fo|ky;ksa esa okVj cSy ctkbZ 
tkos] ftlls fd de ls de NksVs& NksVs 
czsDl is;ty ,oa ckFk:e ds fy, 
lqfuf'pr gks lds vkSj bl nkS jku Ldwy 
çac/ku }kjk NksVs cPpksa dks vius 
lqijfotu esa LoPN is;ty fiykuk 
lqfuf'pr fd;k tkosA 
12- lHkhs MC,SDMC }kjk PTM /  lkeqnkf;d 
xfr’khyrk ds ek/;e ls cPpksa dks Hkh""k.k 
xehZ ls cpkus gsrq vfH kHkkodksa dks fo’ks""k 
/;ku o fuxjkuh j[kus gsrq izsfjr fd;k 
tkosA 
4-  1- ghV oso dh izh psrkouh ds lkFk  vketu 
rd forj.k gsrq LFkkuh; Hkk""kk esa ghV oso 
ij iSEiysV@iksLVj@ftaxy@gkWfMZa+x 
tkx:drk lkexzh rS;kj dj fizVa@ 
bysDVªksfud ehfM+;k@lks'ky fefM+;k ds 
tfj;s izpkj izlkj djukA 
1- la;qDr funs'kd] lwpuk iz|kSfxdh 
,oa lapkj foHkkx] nkSlkA 
2- mi funs'kd] lwpuk ,oa tu 
laidZ foHkkx] nkSlkA 
 "
87,PDF page 87,"87 
 
2- foHkkx ds mPp vf/kdkfj;ksa o vU; ds 
ek/;e ls ftyk Lrj ij ghV oso lacaf/kr 
tksf[ke o cpko ds mik;ksa ij fu;fer 
izsl dkWUÝsl dk vk;kstu djukA 
3- izfrfnu lHkh izdkj ds ehfM+;k ls ghV oso 
ds lca/k esa fjiksVZ ,df=r dj fjiksVZ 
djukA 
4- ghVoso ls lacaf/kr tkjh gksus okys izeq[k 
vkns'k@ifji= vkfn dks nkSlk ftys dh 
osclkbZV ij iznf'kZr djukA 
5- yksxksa dks vR;f/kd xehZ dh fLFkfr ds ckjs 
esa lpsr djus ds fy, y?kq lans'k lsok 
¼,l,e,l½] ,Q,e] jsfM;ks] Vsyhfotu] 
eksckby ,si] fçaV vkSj bysDVª‚fud ehfM;k] 
lekpkj i= vkfn ds ek/;e ls 
vyVZ tkjh djuk 
5-  1- ghV oso ds lca/k esa fu;ksDrkvksa] ckgjh 
etnwjksa ,oa Jfedksa ds fy, izf'k{k.k dk 
vk;kstu djukA 
2- [kqys esa dke djus okys lHkh Jfedksa 
¼ftuesa dqyh] Bsyk vkSj fjD'kk pkyd vfn 
'kkfey gS½ 
fu;ksDrkvksa@dkj[kkuksa@Bsdsnkjksa@gkml 
lkbZM xSj QS fDVª;ksa dh lwph rS;kj dj 
mUgsa ghV oso dh psrokuh ,oa ijke'kZ tkjh 
djuk ,oa ghV oso ds mPp tksf[ke ds 
fnuksa ds nkSjku dk;ZLFky ij 'khry 
is;ty] vksvkj,l ,oa vkJ; LFky dh 
O;oLFkk vkSj ckgjh Jfedksa dks nksigj 12 
ls 04 cts ds vfr0 vU; le; esa dk;Z 
miyC/k djokus gsrq ikcan djukA  
3- ghVoso ds nkSj ku Jfedksa dks tkx:d 
fd;k tkos fd D;k djsa o D;k u djsaaAA  
4- fpfdRlk foHkkx ls laidZ dj le; le; 
ij Jfedksa ds LokLF; tkap gsrq dSEi 
vk;ksftr djokukA  
1- Je dY;k.k vf/kdkjh nkSlk 
2- egkizca/kd ftyk m|ksx ,oa 
okf.kT; dsUnz nkSlkA 
3- {ks=h; izca/kd jhdks nkSlk 
6-  1- mPp tksf[ke ds fnuksa ds nkSjku eujsxk ds 
le; dk iqufu Z/kkZj.k dj dk;ZLFky ij 
'khry is;ty] vksvkj,l ,oa Nk;k dh 
O;oLFkk djuk rFkk eujsxk dkfeZdksa dks 
ghV oso ds lca/ka esa tkx:d djukA 
2- losZ djokdj vlqjf{kr vkcknh okys LFkkuksa 
ij vkJ;@x`gLFkyksa dh LFkkiuk dju k o  
fujkfJr@cs?kj] fHk[kkjh ?kjksa o o`+) 
1- eq[; d k;Zdkjh vf/kdkjh ftyk 
ifj""kn~] nkSlk 
2- vk;qDr uxj ifj""kn~ nkSlk ¼uksM+y 
vf/kdkjh leLr uxj ikfydk 
nkSlkA½ 
3- vf/k'kk""kh vf/kdkjh] leLr 
uxjikfydk] nkSlkA 
4- vfXu'keu vf/kdkjh nkSlkA "
88,PDF page 88,"88 
 
vkJeksa esa 'khry is;ty] izkFkfed LokLF; 
fdV e; vksvkj,l ,oa dwyj ia[kksa dh 
O;oLFkk djuk rFkk utnhdh jktdh; 
fpfdRlk lqfo/kkvksa ds uke ,oa laidZ 
uEcj dk iw.kZ fooj.k iznf'kZr djokukA 
3- detksj vkcknh ds {ks= o HkhM+  HkkM+ okys 
LFkkuksa ij ikuh dh O;oLFkk djokuk 
4- lkoZtfud Hkouksa] ekWy] eafnj vkfn esa 
'khryu dsUnz lfØ; djokuk o 
lqcg@'kke ds le; ikdkZsa dks  vf/kd 
le; rd [kqyk j[kukA 
5- if{k;ksa ds fy, ifjaMs yxkus gsrq vke tu 
dks izsfjr djukA 
6- mDr gsrq jkWVjh@yka;l dYc vfn  vU; 
,uthvks dk lg;ksx fy;k tkuk 
7- lHkh vfXu'keu okgu pkyw gkykr esa gks o 
i;kZIr deZpkfj;ksa dh miyC/krk lqfuf'pr 
djukA  
8- ,lvksih rS;kj dj vketu dks tkx:d 
djuk rFkk lQkbZ okguksa ds gwijksa esa 
vkWfM;ks eSlst izlkfjr djuk 
9- izR;sd xzkeh.k@'kgjh {ks=ksa esa isM ksa ij 
ifjaMs yxokus tk;s ,oa izfrfnu ikuh dh 
miyC/krk lqfuf'pr djsaA  
10- ghVoso ls lacaf/kr ftaxy dks eq[; 
fpfdRlk ,oa LokLF; vf/kdkjh ;k izeq[k 
fpfdRlk vf/kdkjh ls izkIr dj dpjk 
mBkus okyh xkfM+;ksa ¼gwij½ o gksfM+Zaxl ds 
ek/;e ls vketu dks tkx:d djuk 
11- izR;sd xkao esa losZ dj i'kqvksa gsrq [ksfy;k 
j[kh tkosa ,oa izfrfnu ikuh dh miyC/krk 
lqfuf'prrk dh tkosaA  
12- fo'ks""k vfHk;ku pyk;k tkdj eq[; 
fpfdRlk ,oa LokLF; vf/kdkjh ;k izeq[k 
fpfdRlk vf/kdkjh ls laidZ dj ifCyd 
,oa izkbZosV  QSlsfyVh dh lwph izkIr dj 
10 fnol esa Qk;j lacaf/kr midj.kksa dk 
ijh{k.k ,oa ,uvkslh dh tkap djokdj 
gSYFkqSlsfyVh@vLirky ls lacaf/kr leLr 
yafcr Qk;j ,uvkslh dk fu;ekuqlkj 
fuLrkj.k djukA 
13- mDrkuqlkj dh x;h dk;Zokgh dh ikyuk 
fjiksVZ e; vkadMksa ds le; le; ij bl 
dk;kZy; dks izsf""kr djukA "
89,PDF page 89,"89 
 
 
7-  1- lHkh xkS'kkyk lapkydksa] eos'kh o eqxhZ 
ikydksa dks ghV oso ds lca/ka esa izh 
psrkouh izlkfjr djokuk rFkk mUgsa mDr 
gsrq izf'k{k.k fnyokuk o Nk;k ikuh dh 
i;kZIr miyC/krk gsrq ikcan djokukA 
2- fpfdRlk laLFkkvksa ij vko';d nokvksa dh 
miyC/krk cuk;s j[kuk o ghV oso ls 
izHkkfor {ks= dk fpUghdj.k djuk ,oa MsVk 
,df=r dj izsf""kr djukA 
3- xkS'kkyvksa esa yw&rki?kkr ls chekj xkSoa'k 
dk mipkj djus o le; le; ij 
fpfdRlkdehZ }kjk xkS'kkykvksa esa foftV 
dj lqj{kkRed mik; fd;k tkukA 
4- ty foHkkx ds lkFk leUo; LFkkfir dj 
eosf'k;ksa ds fy, ihus ds ikuh dh O;oLFkk 
djokukA 
5- vketu }kjk Loa; ds ?kj ds vkxs ikuh 
dh [ksfy;ka cukbZ tkdj LoPN ikuh 
xksoa'k gsrq miyC/k djokus o fdlh Hkh 
xkso'k esa rkik?kkr ds y{k.k fn[kkbZ nsus 
ij rqjUr utnhdh i'kq 
fpfdRlky; esa lwpuk nsus ds fy, lekt 
esa bl gsrq vf/kd ls vf/kd tkx:drk  
QSykbZ tk;saA e`r xksoa'k ds 'ko dk 
fuLrkj.k ;Fkk 'kh?kz ,oa lEekutud <ax 
ls fd;k tkos] ftlls xehZ ds dkj.k 'ko 
dk Putrification ¼fo?kVu½ u gksus ik;s vkSj 
chekjh dk [krjk mRiUu uk gksA  
6- i'kqvksa ,oa xkSoa'k esa yw&rki ?kkr ds eq[; 
y{k.kksa] cpko ds mik; o rki?kkr ds 
mipkj ds laca/k esa foHkkx dh xkbZMykbZu 
ds vuqlkj vketu dks tkx:d djukA 
7- Prevention of Cruelty to draughtand 
packanimals rule, 1965and Prevention 
of Cruelty toanimalsact, 1960  ds rgr 
ghV&oso ds fnuksa esa Hkkjokgd i'kqvksa dk 
mi;ksx izfrcaf/kr j[kukA 
8- yw&rki?kkr ls i'kq {kfr dh lwpuk dk 
ladyu dj le; le; ij bl dk;kZy; 
dks fHktok;k tkukA 
1- la;qDr funs'kd i'kqikyu foHkkx 
nkSlk 
8-  1- ;kf=;ksa gsrq tkx:drk vfHk;ku pykuk 
,oa iEiysV@iksLVj forj.k@pLik djuk 
2- cl@vkWVks LVs'kuksa@lM+dksa vkSjk jktekxksZa 
1- izknsf'kd@ftyk ifjogu 
vf/kdkjh nkSlk 
2- eq[; vkxkj izca/kd RSRTC nkSlk "
90,PDF page 90,"90 
 
ds ikl ;krk;kr ladrksa vU; HkhM+ okys 
LFkkuksa ij Nk;k@vkJ; ikuh o izkFkfed 
LokLF; fdV e; vksvkj,l o vkbZl iSd 
dh miyC/krk lqfuf'pr djukA 
3- v/kh{k.k vfHk;ark lkoZtfud 
fuekZ.k foHkkx] nkSlkA 
4- ifj;kstuk funs' kd] Hkkjrh; 
jk""Vªh; jktekxZ izkf/kdj.k] nkSlkA 
9-  1- fdlkuksa ds lkFk cSBd dj mUgsa ghV oso 
ds laca/k esa tkx:d djukA 
2- foHkkxh; ,Mokbtjh o xkbZMykbZu vuqlkj 
leLr deZpkfj;ksa dks izf'kf{kr djuk o 
le; le; ij fdlkuksa dks izh psrkouh] 
cpko ds mik; o  cjrh tkus okyh 
lko/kkfu;kas ds ckjsa esa tkudkjh iznku 
djuk 
1- l;qDr funs'kd d`f""k foLrkj 
nkSlk 
2- lgk;d funs'kd m|kfudh foHkkx 
nkSlk 
10-  1- ,dhd`r cky fodkl lsokvksa ,oa 
vkaxuckfM+;ksa esa iks""k.k lalk/ku dh mfpr 
O;oLFkk dk izca/ku djuk rFkk cPpksa ,oa 
Lruiku djkus okyh efgykvksa ij ghV oso 
ds izH lw[ks dh lwpuk o tkx:drk gsrq 
fuxjkuh ra= cukukA 
2- vkaxuckMh dsUnzksa ij is;ty] izkFkfed 
mipkj] ikuh dh i;kZIr O;oLFkk djuk o 
NkN o vksvkj,l o vU; iqutZyhdj.k 
rjhdksa dh mfpr O;oLFkk dk izca/ku djuk 
o e/;kUg Hkkstu esa lfEefyr djukA 
3- ghVoso ds nkSjku ftys esa lapkfyr 
vkaxuckM+h dsUnzksa ds le; esa ifjoZru ;k 
vodk'k ?kksf""kr djokus lacaf/kr dk;Zogh 
djuk@djokukA 
1- mifuns'kd efgyk ,oa cky 
fodkl foHkkx nkSlk 
11-  1- i;ZVu LFkyksa@/kkfeZad LFkyksa ij ghV  oso 
ls lacaf/kr cpko esa tkx:drk gsrq iksLVj 
o gkWfMZaxl yxokukA 
2- i;ZVu LFkyksa@/kkfeZad LFkyksa ij i;kZIr 
'khryu midj.kksa vkfn dh O;oLFkk 
djokukA 
3- ekSle psrkouh ij utj j[kuk o jsM 
vyVZ ds nkSjku i;ZVu LFkyksa@/kkfeZad 
LFkyksa ij foftfVax le; esa ifjorZu 
djuk@djokukA 
4- ""ftys esa dksbZ Hkh O;fä I;klk u jgs "" bl 
mís'; ls jktdh; dk;kZy;ksa] fo|ky;ksa] 
vLirkyksa] cl LVs.M vkfn] lkoZtfud ,oa 
lqxE; LFkkuksa ij fofHkUu L=ksrks a ds ek/;e 
ls eVfd;ksa okyh I;kÅ vFkok o‚Vj dwyj 
vkfn ls is;ty O;oLFkk djus gsrq 
Hkkek'kkgksa@xSj ljdkjh laxBuksa@dkfeZd 
1- eq[; dk;Zdkjh vf/kdkjh] ftyk 
ifj""kn~] nkSlkA 
2- LkeLr] mi[k.M vf/kdkjh ftyk 
nkSlk 
3- fodkl vf/kdkjh leLr iapk;r 
lfefr] ftyk nkSlk 
4- vf/k'kk""kh vf/kdkjh] leLr 
uxjikfydk] nkSlkA "
91,PDF page 91,"91 
 
laxBu@/kkfeZd VªLVksa vkfn dks çsfjr dj 
mä iquhr dk;Z dks djok;s tkus dh 
O;oLFkk djus dh vis{kk dh tkrh gSA 
lkFk gh muds fu;fer j[k j[ lw[ks ,oa 
lapkyu dh O;oLFkk Lo;alsoh laxBuksa ,oa 
LFkkuh; ukxfjdksa vkfn ds ek/;e ls dh 
tkuh visf{kr gSA 
5- tu Lokå vfHkå foHkkx } kjk lkoZtfud 
I;kÅ vFkok o‚Vj dwyj gsrq is;ty dh 
miyC/krk ds vk/kkj ij djok;s tkus ds 
iz;kl djukA 
6- lkoZtfud Hkouksa] esyksa] /kkfeZd LFkyksa 
vkfn esa ""'khryu dsaæksa"" dks lfØ; djukA 
12-  1- fu;fer tkap dj  j[kj[ lw[ks ;k ejEer 
djokdj lHkh is;ty lqfo/kk,a pkyw 
djokuk vkSj vkus okys le; esa c<+h gqbZ 
ekax dks iwjk djus ds fy, rS;kjh djukA 
2- tgka ikuh d h deh ;k vi;kZIr ikuh dh 
laHkkouk gS mu laosnu'khy {ks=ksa dh 
igpku  dj eksckby ty VSad rSukr 
djuk] vLFkk;h ty forj.k LFkkfir djuk 
vfrfjä lgk;rk ds fy, LFkkuh; 
vf/kdkfj;ksa ds lkFk leUo; djukA 
3- ihus ds ikuh dh miyC/krk ds ckjs esa 
vketu dks lwfpr djuk o iku h cpkus 
gsrq tkx:d djukA 
4- ihus ds ikuh dh ekax ,oa vkiwfrZ dh 
lwpuk le; le; ij bl dk;kZy; dks 
miyC/k djok;k tkukA 
1- v/kh{k.k vfHk;ark PHED nkSlk 
13-  1- xzkeh.k o 'kgjh {ks= esa fo|qr vkiwfrZ 
lqpk: j[kuk ,oa fo|qr dVkSrh dh lwpuk 
dk ladyu dj bl dk;kZy; dks voxr 
djok;k tkukA 
2- xehZ ds ekSle ,oa izh psrkouh vuqlkj 
ihd gkWojl~] fo|ky; le; esa fo|qr 
vkiwfrZ lqpk: j[kukA  
3- fpfdRlk laLFkkuksa esa 24 ?k.Vs fo|qr 
vkiwfrZ lwpk: j[kukA 
4- QkWYV jsfDVfQds'ku Vhe dks 'kgjh ds 
lkFk lkFk xzkeh.k {ks= esa Hkh Rofjr 
dk;Zokgh gsrq ikcan dj izkIr f'kdk;rksa dh 
ekWfuVfjax djukA 
5- PHED foHkkx ls leUo; dj lqfo/kkuqlkj 
le; ij fo|qr vkiwfrZ lwpk: j[kuk 
1- v/kh{k.k vfHk;ark JVVNL nkSlk "
92,PDF page 92,"92 
 
ftlls is;ty dh vkiwfrZ lwpk: :i ls 
cuh jgsaA 
14-  yw&rki?kkr ls e`R;q gksus ij lgk;rk gsrq 
çkIr gksus okys vkosnuksa dks ,lMhvkjQ ukseZ~l 
vuqlkj lgh ik;s tkus ij mPp Lrj ij 
vfoyac vxzsf""kr fd;k tkuk ,oa vketu rd 
izpkj izlkj fd;k tkukA 
rglhynkj] leLr rglhy] nkSlkA 
15-  1- taxy esa vkxtuh dks jksdus ds fy, 
lqj{kkRed mik; djukA 
2- taxy dh vkx dh ?kVukvksa dh lwph 
izfrfnu bl dk;kZy; dks miyC/k djok;k 
tkukA  
miou laj{kd] nkSlkA 
16-  1- iqfyl dkfeZdksa dks ghV oso ls cpko ds 
laca/k esa tkx:d djuk ,oa vko'; drk 
gksus ij fpfdRlk dSEi dk vk;kstu 
djok;k tkukA 
2- fQYM esa dk;Zjr iqfyl dkfeZdksa fo'ks ""kr% 
lM+d@pkSjkgks ij dk;Zjr dkfeZdksa gsrq 
'ksM dh O;oLFkk djok;k tkukA  
iqfyl v/kh{kd] nkSlkA 
17-  pquko ernku ds le; vkSj vU; lHkh 
vko';d mik;ksa ds fy, ftyk pquko 
vf/kdkjh ds lkFk leUo; djukA 
izHkkjh vf/kdkjh] pquko vuqHkkx] 
dk;kZy; gktk 
18-  1- lqyHk ,oa fdQk;rh BaMs is;ty dh 
lqfo/kk% vR;f/kd xehZ dh fLFkfr ds nkSjku 
vYidkfyd jkgr mik; ds :i esa ihus 
;ksX; BaMs is;ty vkSj cQZ ds ?kksy dh 
lqfo/kk dh miyC/krk lqfuf'pr djukA 
2- lEiw.kZ ekSle ds fy, 'khry d{k  lefiZr 
'khry d{kksa dh LFkkiuk djuk] tks iwjs 
xehZ ds ekSle esa fØ;k'khy jgsa] rFkk 
laosnu'khy vkcknh dks jkgr çnku djsaA 
3- fudV Hkfo""; ds e/;utj ç —fr vk/kkfjr 
lek/kku] fuf""Ø; 'khryu lek/kku] dwy 
:fQax% 'kgj ds xeZ {ks=ksa esa ç —fr 
vk/kkfjr lek/kku ¼o`{kkjksi.k] gfjr 
xfy;kjs] 'kgjh ou] >hy dk;kdYi½ dks 
'kkfey djuk] bekjrksa esa fuf""Ø; 'khryu 
rduhdksa dks 'kkfey djuk] fo'ks""k :i ls 
lHkh lkoZtfud Hkouksa esa fuf""Ø; 'khryu 
lek/kku ds Hkkx ds :i esa dwy :fQax 
rduhdksa dks 'kkfey djuk rkfd xehZ ds 
tksf[ke dks de fd;k tk lds vkSj bu 
mik;ksa dks O;kid dw y ,D'ku Iyku 
ÝseodZ ds Hkhrj ,dh—r fd;k tk ldsA 
1- eq[; dk;Zdkjh vf/kdkjh] ftyk 
ifj""kn~] nkSlk 
2- mi[k.M+ vf/kdkjh] leLr 
3- eq[; fpfdRlk ,oa LokLF; 
vf/kdkjh] nkSlk 
4- izeq[k fpfdRlk vf/kdkjh] ftyk 
vLirky leLr 
5- v/kh{k.k vfHk;ark] lkoZtfud 
fuekZ.k foHkkx 
6- vk;qDr uxjifj""kn~] nkSlk 
7- vf/k'kk""kh vf/kdkjh] uxjikfydk 
leLr 
 "
93,PDF page 93,"93 
 
 
19-  ghVoso ds nkSjku jktekxks± ij Vªd pkydksa 
dks fo'ks""k lqj{kk dh vko';drk gSA eksVj 
ifjogu Jfedksa@pkydksa ds LokLF;] lqj{kk 
vkSj i;kZoj.k ¼,p,lÃ½ dk [;ky j[kus ds 
fy, fuEukafdr dqN mik;ksa dks rRdky 
çkFkfedrk nh tkuh pkfg,A 
1- csM+s@fleet ds ekfydksa dks vko';d mik; 
djus pkfg, tSls fd LoPN is;ty 
miyCèk djkuk] eq¶r vksvkj,l ikmp 
miyCèk djkuk rFkk jktekxks± ij Vªd 
pykus ds fy, Mªkbojksa ds dke ds ?kaVs dks 
11-30 cts ls 4 -30 cts ds chp vfuok;Z 
:i ls lhfer djukA 
2- Vªd fuekZrkvk sa] Vk;j fuekZrkvksa] eksVj 
chek daifu;ksa] rsy foi.ku daifu;ksa] 
isVªksy] Mhty vkSj lh,uth ds lhthMh 
[kqnjk vkmVysV }kjk lgk;rk vkSj vU; 
lh,lvkj mik; djukA 
3- QSDVªh xsVksa ij Mªkbojksa ds fy, vfrfjä 
foJke LFky cukus ds fy, dgk tkuk 
pkfg, vkSj fuekZrkvksa }k jk eky dh 
yksÇMx@v‚Q yksÇMx muds xksnkeksa esa 
rqjar dh tkuh pkfg,A  
4- eksVj ifjogu Jfedksa@pkydksa ds 
LokLF;] lqj{kk vkSj i;kZoj.k ¼,p,lÃ½ dk 
[;ky j[kus ds fy, mijksä dqN mik;ksa 
dks rRdky çkFkfedrk nh tkuh pkfg,A  
1- {ks=h;@ifjogu vf/kdkjh] nkSlkA 
2- ftyk jln vf/kdkjh] nkSlkA 
3- eq[; fpfdRlk ,oa LokLF; 
vf/kdkjh] nkSlkA 
4- lgk;d [kfu vfHk;ark] nkSlkA 
5- egkizca/kd] ftyk m|ksx dsUnz] 
nkSlkA 
6- {ks=h; izca/kd] jhdks] nkSlkA 
 
mDr ds laca/k eas izHkkjh vf/kdkjh lgk;rk ,oa vfr0 ftyk dyDVj] ykylksV dks ghV oso 
izca/ku&2025 dk ftyk Lrjh; uksM+y vf/kdkjh fu;qDr fd;k x;k gSA  
9- 'khry rjaxs%& 
vk/ks uoEcj ds ckn tuojh rd fnu vkSj jkr nksuksa ds rkieku esa rsth ls fxjkoV vkrh gSA 
tuojh esa] tks fd lcls B.Mk eghuk gksrk gS ek/; nSfud vf/kdre rkieku 22-00 lsa- o ek/; 
nSfud U;wure rkieku 5 -80 ls- jgrk gSA 'khrdky ds nkSjku tc mRrjh Hkkjr ls gksdj 
xqtjus okys ekSle lEcU/kh fo{kksHkksa ds QyLo:i 'khr ygjsa bl ftys dks izHkkfor djrh gS a 
rks ml le; U;wure rkieku ikuh ds teko fcUnq ls nks ;k rhu fMxzh uhps rd Hkh pyk 
tkrk gSA 
 yksxksa dks D;k tkudkjh nh tkuh pkfg,%& 
 T;knk diMs igus vkSj vius flj dks <d dj j[ksaA 
 irys diMska dh T;knk ijrsa] ,d xeZ diMsa dh cuk, T;knk xeZ gksrk gSA 
 xeZ djus ds fy, loZJs""B mik;] flj dks <ddj j[kuk gSA ckgj tkus ij ;fn vk 
dkaius yxs ;k Fkdku eglwl djsa] ;k vkidh ukd] vaxqfy;ak ,fM;ka BaMh gks tk, rks 
tYnh ls Hkhrj pys tka,A "
94,PDF page 94,"94 
 
 ekSle dh fLFkfr ls lko/kku jgsaA ekSle ,dne ls cny ldrk gSA rkieku rsth ls 
fxj ldrk gSA BaMh gok c< ldrh gS ;k cQZ fxj ldrh gSA 
 i'kqvksa dks <ds gq, LFkku esa j[ksaA ikuh dk bartke djsaA lnhZ esa T;knkrj i'kqvks a dh 
ekSrsa laØe.k ls gksrh gSA 
 vuko’;d Hkze.k dks jksdsaA ?kj ds Hkhrj lokZf/kd lqjf{kr LFkku jgrk gSA 
 le; ij Hkkstu djsaA Hkkstu 'kjhj esa xehZ mRiUu djrk gSA 
 laØe.k jksdus ds fy, is; ysaA xeZ is; tSls fd pkoy dk ikuh ;k lUrjs dk twl 
ysaA dsQhu o efnjk ls ijgst djsaA 
 vR;f/kd BaMh 'okal ls cpus ds fy, eqag dks <d dj j[ksa] xgjh lkal u ysa vkSj de 
cksysaA 
 lw[ks jgsaA xhys dIkMs rqjUr cny ysa D;ksafd ;s xehZ dks 'kjhj ls tYnh ckgj dj nsrs 
gSaA 
 xeZ dacy ;k pn~nj dk bLrseky djsaA 
 'khrygj ls igys%&  
 lÆn;ksa ds diM+s i;kZIr ek=k esa j[ksaA diM+ksa dh dÃ ijrsa iguuk Hkh ykHknk;d jgrk  
gSA  
 vkikrdkyhu vkiwÆr;ksa ds fy, lHkh lkeku rS;kj j[ksaA  
 'khrygj ds nkSjku%&  
 i;kZIr ikuh LVksj djsa D;ksafd ikbiksa esa ikuh te ldrk gSA ftruk laHko gks] ?kj ds  
vanj jgsaA BaMh gok ls cpus ds fy, de ls de ;k=k djsaA  
 vius 'kjhj dks lq[kkdj j[ksaA ;fn diM+s xhys gks tk,¡ rks mUgsa rqjar cnysaA blls 
'kjhj dh m""ek cuh jgsxhA  
 nLrkus ds ctk; feêUl dks çkFkfedrk nsaA feêUl vfèkd xeÊ vkSj rkikojksèku çnku 
djrs gSaA  
 ekSle dh rktk tkudkjh ds fy, jsfM;ks  
 lqusa] Vhoh ns[ksa] lekpkj i= i<+saA  
 fu;fer :i ls xeZ is; fi,aA  
 'kjkc u fi,aA ;g vkids 'kjhj ds rkieku dks de djrk gSA  
 cqtqxks± vkSj cPpksa dk [;ky j[ksaA  
 i;kZIr ikuh LVksj djsa D;ksafd ikbiksa esa ikuh te ldrk gSA  
 'khrna'k ds y{k.kksa tSls maxfy;ksa] iSj dh maxfy;ksa] dkuksa dh yksc vkSj ukd dh u ksd 
ij lqUurk] lQsnh ;k ihysiu ds çfr ltx jgsaA  
 'khrna'k ls çHkkfor fgLls dh ekfy'k u djsaA blls vfèkd uqdlku gks ldrk gSA  
 'khrna'k ls çHkkfor 'kjhj ds fgLlksa dks xquxqus ikuh xeZ ugÈ ¼'kjhj ds vçHkkfor 
Hkkxksa ds fy, Li'kZ ds fy, vkjkenk;d gksuk pkfg,½ esa MkysaA  
 daidaih dks utjvankt u djsa ;g ,d egRoiw.kZ vfxze ladsr gS fd 'kjhj xeÊ  [kks 
jgk gSA daidaih eglwl gksus ij rqjar ?kj ykSVsaA  
 gkbiksFkÆe;k ds ekeys esa%  
 O;fä dks xeZ LFkku ij ys tk,a vkSj diM+s cny nsaA  "
95,PDF page 95,"95 
 
 O;fä ds 'kjhj dks 'kkjhfjd laidZ] fctyh ds dacy] lw[ks dacyksa] diM+ksa] rkSfy;ksa ;k 
pknjksa ls xeÊ nsaA  
 'kjhj ds rkieku dks c<+kus esa enn djus ds fy, xeZ is; fiyk,a] ysfdu eknd is; 
u nsaA  
 ftruh tYnh gks lds] O;fä dks mfpr fpfdRlk miyCèk djk,aA 
 ftyk iz’kklu dh ftEesnkjh%& 
Ø-l lacaf/kr foHkkx fooj.k@ftEesnkfj;ka 
1-  leLr foHkkx  vius&vius foHkkx }kjk tkjh ,Mokbtjh dh ikyuk dh tkosaA 
2-  
CykWd Lrjh; 
uksM+y vf/kdkjh@ 
mi[k.M+ vf/kdkjh 
 'khr ygj ls lacaf/kr chekfj;ksa vkSj ekSrksa dks jksdus ds fy, 
vko';d dne mBk,¡ %& 
 çkjafHkd psrkouh ç.kkyh vkSj varj& ,tsalh leUo; LFkkfir 
djukA 
 tc vR;f/kd rkieku dk iwokZuqeku gks rks 'khr psrkouh vkSj 
LFkkuh; çfrfØ;k Cy‚d dks lfØ; djsaA 
 iwokZuqeku dh xaHkhjrk vkSj LFkkfir lhek ds vuq:i vko';d gksus 
ij 'khr psrkouh Lrj dh fuxjkuh djuk vkSj mls c<+kuk] lkFk gh 
Cy‚d uksMy vf/kdkjh }kjk çeq[k ,tsalh usrkvksa dh fo'ks""k cSBd esa 
bldh tkudkjh nsukA 
 'khr vyVZ ds nkSjku fjiksVksaZ vkSj uohure ?kVukØeksa ij ppkZ 
djus ds fy, yxkrkj] ;FkklaHko nSfud d‚UÝsal vk;ksftr djsa vkSj 
lqfuf'pr djsa fd lapkj ra= @lwpukvksa dk izlkj.k pkyw jgsaA  
 Cy‚d esa vf/kd tula[;k okys LFkkuksa dh igpku djsa vkSj ogka 
rkieku dk lkoZtfud çn'kZu LFkkfir djukA 
 egRoiw.kZ ladsrdksa dh fuxjkuh ds lkFk& lkFk rkieku MsVk vkSj 
iwokZuqeku dh fuf""Ø; vkSj lfØ; fuxjkuh tkjh djukA 
 'khr psrkouh lekIr gksus ij lapkyu lfefr vkSj lacaf/kr ,tsafl;ksa 
dks lwfpr djukA 
 LFkkuh; Lrj ij Þ'khr ygj ls cpkoÞ ls lacfUèkr tutkx`fr 
dk;ZØeksa dk vk;kstu djuk@djokukA 
 i;ZVu LFkyksa esa IMD }kjk tkjh 'khr ygj ¼'khr?kkr½ psrkouh dks 
çnÆ'kr djus dh O;oLFkk djukA 
 xSj& ljdkjh laxBuksa vkSj ukxfjd lektksa ds lkFk lg;ksx 
djuk%& 
 'khr ygj ds ekSle esa eafnjksa] lkoZtfud Hkouksa] Ldwyksa] d‚ystksa  
vkfn LFkkuksa ij xeZ dsaæksa dk fodkl ¼ghVj½ laosnu'khy vkcknh 
dks fctyh miyC/k djkukA 
 çHkkfor vkcknh ds fy, vLFkk;h vkJ; çnku djsaA lqfuf'pr djsa 
fd BaM dh psrkouh ds nkSjku çoklh vkcknh ds fy, jkf= vkJ; 
24x7 [kqys jgsaA ckgjh Jfedksa] >qXxh leqnk;ksa vkSj vU; detksj 
vkcknh ds fy, Nk;knkj {ks=ksa rd igq¡p dk foLrkj djokukA 
 
3-  lwpuk ,oa tu 
laidZ foHkkx 
 tkx:drk lans'kksa ds çlkj ds fy, tu tkx:drk vkSj 
lkeqnkf;d igqap dks c<+kuk%& "
96,PDF page 96,"96 
 
 çsl d‚UÝsal ds ek/;e ls ""Cy‚d uksMy vf/kdkjh "" dks 'kkfey 
djrs gq, BaM ls lacaf/kr chekfj;ksa ds [krjksa D;k djs ,oa D;k ugha  
djsa ds ckjs esa LFkkuh; Hkk""kk esa lkoZtfud tkx:drk 'kq: djukA 
 BaM dh psrkouh ds nkSjku dsaæh —r bZesy MsVkcsl ds ek/;e ls 
turk dks foLr`r psrkouh çlkfjr djukA 
 leqnk; ds lnL;ksa] Ldwy ds ç/kkuk/;kidksa] futh fpfdRldksa vkSj 
vU; egRoiw.kZ fgr/kkjdksa dks lh/ks lans'k Hkstus ds fy, ,d 
,l,e,l vyVZ ç.kkyh@okV~l,si xzwi cuk;sa@cukukaA 
 'khr ygj dh vof/k ds nkSjku xzkeh.k {ks=ksa esa mPp tksf[ke okys 
leqnk; dks BaM ls cpko ds lq>ko vkSj de rkieku dh psrkouh 
çlkfjr djus ds fy, LFkkuh; jsfM;ks dk mi;ksx djukA 
 lks'ky ehfM;k tSls OgkV~l,i eksckby ,fIyds'ku@ baLVsaV eSlsftax 
tSls lapkj ds vU; rjhdksa dk mi;ksx djukaA 
 'khr ygj lEcafèkr chekfj;ksa ,oa [krjksa ls tu lkekU; ds cpko 
gsrq LFkkuh; ç'kklu }kjk fd;s tkus okys dk;ks± ds lEcUèk esa ftyk 
Lrj ij v|ksgLrk{kjdrkZ }kjk fu;fer çsl djus gsrq vko';d 
O;oLFkk,a@rS;kfj;ka djuk 
 Hkkjrh; ekSle foKku }kjk tkjh 'khr ygj psrkouh dks ftyk 
dekaM vkSj fu;a=.k dsaæ ¼ District Command, Control and 
Coordination Centre ½ ds ekè;e ls tu lkekU; rFkk lacfUèkr 
foHkkxksa rd igqapkus gsrq vko';d O;oLFkk djuk "
97,PDF page 97,"97 
 
4-  fpfdRlk foHkkx 
 'khr ygj ls lacaf/kr chekfj;ksa vkSj ekSrksa dks jksdus ds fy, 
vko';d dne mBk,¡A 
 'khr ygj ls lacaf/kr chekfj;ksa ds tksf[ke vkSj [krjksa ij fu;fer 
:i ls çsl d‚UÝsal vk;ksftr djukA 
 LFkkuh; Hkk""kkvksa esa tu tkx:drk vfHk;ku pykuk rFkk 'khr ygj 
ds nkSjku D;k djsa vkSj  D;k u djsa ds ckjs esa turk dks lwfpr 
vkSj f'kf{kr djuk rFkk lHkh lacaf/kr foHkkxksa dks izsf""kr djukA 
 LokLF; lsokvksa dks etcwr djus ds fy, çkjafHkd psrkouh ç.kkyh 
vkSj varj& ,tsalh leUo; dks etcwr djuk%& 
 Cy‚d eq[; fpfdRlk vf/kdkjh ¼chlh,evks½ ds lkFk& l kFk 
ih,plh vkSj lh,plh ds fpfdRlk vf/kdkfj;ksa }kjk 'khr ygj ls 
lacaf/kr chekfj;ksa dh rS;kjh lqfuf'pr djukA BaM ds ekSle ds 
nkSjku dsl v‚fMV lapkyu dks lqO;ofLFkr djuk 
 ygj dh psrkouh ds nkSjku ,lMhvks@ Cy‚d uksMy vf/kdkjh ds 
fy, lkoZtfud LokLF; ij iM+us okys çHlw[ks dh lkIrkfgd fjiksVZ 
rS;kj djukA 
 'khr ygj dh psrkouh ds nkSjku ejhtksa dh vken ds vuqlkj 
ekuo lalk/ku vkSj cqfu;knh <kaps dk çca/ku djukA 
 LokLF; lsok forj.k] ekuo lalk/ku vkSj cqfu;knh <kaps ds laca/k esa 
vlqjf{kr vkcknh okys mPp tksf[ke okys xk aoksa ij vf/kd /;ku 
dsafær djukA 
 O;ogk;Zrk vkSj vko';drk ds vuqlkj foHkkx ds funsZ'kkuqlkj u, 
LokLF; dk;ZdrkZvksa dh HkrhZA 
 ftys esa fLFkr lHkh 'kkldh; vLirkyksa esa 'khr ygj çHkkforksa ds 
mipkj gsrq fof'k""V dk;Z ;kstuk cukÃ tkosA 
 lHkh LokLF; is'ksojksa] deZpkfj;ksa dks çkjafHkd psrkouh lacaèkh 
tkudkjh çlkfjr djukA 
 'khr ygj ls cpko gsrq tulkekU; }kjk viuk, tkus okys mik; 
ls lacfUèkr lq>ko] ftys ds lHkh vLirkyksa ds ckgj çnÆ'kr 
djukA 
 'khr ygj xzflr jksfx;ksa dh fpfdRlk gsrq vko';d nokb;ksa] HkaMkj 
vkfn dh miyCèkrk lHkh 'kkldh; fpfdRlky;ksa rFkk xzkeh.k {ks=ksa 
esa fMiks gksYMj vk'kk dk;ZdrkZ ds ikl miy C/k djokuk fo'ks""kdj 
'khr ygj ls mipkj gsrq nokb;ksa dk i;kZIr HkaMkj.k j[kus ds 
funsZ'k tkjh djukA 
 fo'ks""k :i ls BaM dsafær {ks=ksa ds fy, i;kZIr fpfdRlk vkSj  nok 
vkiwfrZ dh miyC/krk lqfuf'pr djukA 
 'khr ygj xzflr jksfx;ksa ds fpfdRlk gsrq fpfdRlky;ksa esa 
vko';drkuqlkj vyx fpfdRlk okMZ dh O;oLFkk djukA 
 detksj lewg&tSls cPpksa] fnO;kaxksa] efgykvksa vkSj o`)ksa dh fo'ks ""k 
ns[kHkky gsrq O;oLFkk djukA  
 tkx:drk lans'kksa ds çlkj ds fy, lkoZtfud tkx:drk vkSj 
lkeqnkf;d vkmVjhp c<+kuk%& 
 jksfx;ksa vkSj lkekU; leqnk; dks BaM ls lacaf/kr chekjh ds ckjs esa  
f'kf{kr djsa] jksdFkke ds lq>ko nsa ¼mi& dsaæksa @ ih,plh @ 
lh,plh @ ;w,plh½  "
98,PDF page 98,"98 
 
5-  
Ldwy f'k{kk 
foHkkx@ efgyk 
,oa cky fodkl 
foHkkx 
 tkx:drk lans'kksa ds çlkj ds fy, Nk=ksa dh tkx:drk vkSj 
lkeqnkf;d vkmVjhp c<+kuk%& 
 Nk=ksa vkSj cPpksa nksuksa ds fy, Ldwyksa esa tkx:drk vkSj Kku çlkj 
dh fujarj xfrfof/kA 
 ifjokj ds lnL;ksa ;k iM+ksfl;ksa ds lkFk& lkFk leqnk; ds lnL;ksa 
dks 'khr ygj dh jksdFkke ds fy, D;k djsa vkSj D;k u djsa ds 
ckjs esa LFkkuh; Hkk""kk esa f'kf{kr djukA 
 vkaxuckM+h] Ldwy rFkk 'kS{kf.kd laLFkkvksa dk dk;Z le;] Hkkjrh; 
ekSle foKku }kjk 'khr ygj ls lacfUèkr nh xÃ psrkouh vuqlkj 
vko';drkuqlkj ,oa fofèkor Ldwy [kqy us ds le; esa ifjorZu 
djus gsrq vko';d vkns'k tkjh djukA 
 'kS{kf.kd laLFkkvksa ds Dykl :e dks xje j[kus dh ;Fkksfpr 
O;oLFkk djukA 
 'khr ygj ls çHkkfor gksus ij çkFkfed mipkj gsrq çkFkfed 
mipkj c‚Dl dh i;kZIr la[;k rFkk fo|ky; esa bldh mfpr 
LFkku ij miyCèkrk lqfuf'pr djukA 
 vLirkyksa@vkikrdkyhu lsok çnku djus okys laLFkkvksa@foHkkxksa 
ds laidZ ua- dk fooj.k fo|ky; esa j[kus dh O;oLFkk djukA 
 xaHkhj :i ls 'khr ygj ls çHkkfor gksus okys fo|kÆFk;ksa dks 
vLirky igqapkus gsrq okgu rFkk fo|ky; ds ft+Eesnkj f'k{kd dk 
ukekadu@fpUgkadu djukA 
 'kS{kf.kd laLFkkvksa esa vko';drkuqlkj Þ'khr ygj ls cpkoÞ ls 
lacfUèkr fo|kÆFk;ksa gsrq vko';d funsZ'k@lq>ko cSuj yxkuk 
 'khr ygj ¼'khr?kkr½ çcaèku ds lEcUèk esa f'k{kdx.k fo|kfFkZ;ksa dks  
d{kkvksa esa voxr djkosaA 
 çpkj lkexzh dks ft+ys dh lHkh fo|ky;ksa ij çnÆ'kr djukA 
6-  ifjogu foHkkx 
 cl LVSaM] VSDlh LVSaM vkfn lkoZtfud okgu LFkyksa ij 
vko';drkuqlkj QLVZ ,sM c‚Dl dh O;oLFkk] 'khr ygj ¼'khr?kkr½ 
çHkkforksa ds mipkj dh O;oLFkk djukA 
 ftyk ç'kklu ls fopkj foe'kZ mijkar U;wure rkieku @ 'khr 
ygj ¼'khr?kkr½ @ ?kus dksgjs dh fLFkfr ds nkSjku ifCyd 
VªkaliksVZ ds le; dks ifjoÆrr djus gsrq fopkj djukA 
7-  
lkekftd U;k; ,oa 
vfèkdkfjrk foHkkx 
 
 ,sls LFkyksa dks fpfUgr fd;k tk;s tgk¡ cs?kj yksx vfèkd gks rFkk 
mu txgksa ij vkJ; @ jSu clsjk dh O;oLFkk djukA  
 ,sls yksxksa ds 'khr ygj ¼'khr?kkr½ ls çHkkfor gksus dh fLFkfr esa 
bUgsa rRdky fpfdRlky; igq¡pkus gsrq vko';d O;oLFkk djukA 
8-  
Je foHkkx@m|ksx 
foHkkx 
 
 vkS|ksfxd ,oa vU; {ks=ks ds dkexkjksa dks 'khr ygj ls cpko 
lEcUèkh vko';d tkudkjh miyCèk djokukA 
 m|ksxksa ,oa vU; {ks=ksa ds Jfedksa dk dk;Z le; vko';drkuqlkj 
,oa lqfoèkkuqlkj ifjorZu gsrq vko';d funsZ'k tkjh djukA 
9-  
iapk;rh jkt ,oa 
xzkeh.k fodkl 
foHkkx 
 vlqjf{kr vkcknh ds fy, vkJ; vkSj Nk;k] ikuh] fctyh LokLF; 
lqfo/kkvksa dh O;oLFkk djuk%& 
 tk¡p djrs j gsa fd fufeZr@p;fur@fodflr vkJ; LFkku lgh 
LFkku ij gS vkSj mi;ksxh gSaA 
 iapk;r Hkouksa esa 'khr ygj ls cpko ds mik;ksa ls lacfUèkr çpkj 
çlkj djukA  "
99,PDF page 99,"99 
 
 'khr ygj ls çHkkfor gksus ij çkFkfed mipkj gsrq çkFkfed 
mipkj c‚Dl dh i;kZIr la[;k rFkk iapk;r Hkou esa bldh  mfpr 
LFkku ij miyCèkrk djokukA 
 Jfedksa dks 'khr ygj ls cpko lEcUèkh vko';d tkudkjh 
miyC/k djokukA 
 çpkj lkexzh dks ft+ys dh lHkh xzke iapk;r] rFkk lkoZtfud 
LFkyksa ij çnÆ'kr djukA 
10-  uxjh; fodkl 
foHkkx 
 vlqjf{kr vkcknh ds fy, vkJ; vkSj Nk;k] ikuh] fctyh LokLF; 
lqfo/kkvksa dh O;oLFkk djuk%& 
 tk¡p djrs jgsa fd fufeZr@p;fur@fodflr vkJ; LFkku lgh 
LFkku ij gS vkSj mi;ksxh gSaA 
 fpfdRlk lqfoèkkvksa] fctyh] Hkkstu] ty vkiwÆr tSlh vko';d 
lsokvksa ds lkFk vkJ; @ jSu clsjk dk lapkyu djukA 
 cs?kj@çHkkfor yksxksa dks vkJ; x`gksa esa LFkkukarfjr dh tk;sA 
 bu fpfUgr LFkyksa ij 'khr ygj ls cpko ds çkFkfed mipkj gsrq 
Q+LVZ ,sM c‚Dl j[k dj vkikr fLFkfr esa blds mi;ksx ls 
lacfUèkr vko';d funsZ'k fy[kokukA 
 LFkkuh; Lo;a lsoh laxBuksa ls fopkj foe'kZ dj vko';drkuqlkj 
bu LFkyksa ij  o‚ysafV;j dh rSukrh Hkh dh tk ldrh gS] tks 
vkikr fLFkfr esa çkFkfed mipkj djus esa l{ke gksA 
 bu fpfUgr LFkyksa ij Þ'khr ygj ls cpkoÞ ls lacfUèkr tu 
lkekU; gsrq vko';d funsZ'k@lq>ko ds cSuj yxokukA 
 cslgkjk ,oa cs?kj O;fä lM+d eSnku esa ik, tkus ij vyko k dh 
O;oLFkk djokukA 
 Lo;alsoh laxBuksa ds eè;ke ls dEcyksa dh O;oLFkk dj mUgsa çnk; 
djukA 
 çpkj lkexzh dks ft+ys dh lHkh uxjikfydkvksa] uxj ifj""kn@uxj 
iapk;r rFkk lkoZtfud LFkyksa ij çnÆ'kr djukA 
11-  
v/kh{k.k@ 
vf/k'kk""kh vfHk;ark 
tsohoh,uy foHkkx 
 
 leqnk; esa fctyh dh vkiwfrZ lqfuf'pr djsaA ;fn vko';d gks rks 
çkFkfedrk ds vk/kkj ij ejEer djukA 
 laosnu'khy {ks=ksa esa fctyh dh vkiwfrZ lqfuf'pr djsa ;gka rd fd 
;g Hkh lqfuf'pr djsa fd dk;ZLFkyksa ij i;kZIr fctyh dh O;oLFkk 
djuk@djokukA 
 egRoiw.kZ lqfo/kk dsUnzksa tSls vLirky vkSj ih-,p-lh-@lh-,p-lh- esa 
fctyh vkiwfrZ dks çkFkfedrk nsukA 
 fctyh la;a=ksa esa lHkh j[k j[ lw[ks xfrfofèk;ksa dks le;kuqlkj iwjk 
djuk rkfd 'khr ygj ¼'khr?kkr½ ds nkSjku i‚oj dV dh fLFkfr 
fuÆer ugÈ gksA 
 
12-  i'kq&ikyu foHkkx 
 
 i'kqvksa esa 'khr fodkjksa ds çkFkfed mipkj ij /;ku fn, tkosa bl 
laca/k esa lHkh lacaf/krksa dks izf'kf{kr djukA 
 i'kqikydksa ds fy, fo'ks""k tkx:drk dk;ZØeksa dk lapkyu dj 
mUgsa 'khr ygj dh fLFkfr esa gksus okys çHkkoksa rFkk viuk, tkus 
okys fuokjd ,oa mipkjkRed mik;ksa D;k djsa ,oa D;k ugha djs ds 
ckjs esa LFkkuh; Hkk""kk esa tkx:d fd;k tkosa rFkk tkjh gksus okyh 
psrkofu;ksa ds izlkj.k gsrq lapkj iz.kkyh fodflr djukA 
 'khr ygjksa ds nkSjku tkuojksa vkSj i'kqèku dks 'khr ygj ls cpko "
100,PDF page 100,"100 
 
gsrq foHkkx dh dk;Z ;kstuk cukukA 
 i'kqikydksa dks cukdj bl foHkkx dks Hkh voxr djk;saA lkFk gh 
i'kqfpfdRlky;ksa esa vko';d nokÃ;ksa dh miyCèkrk djokukA 
13-  iqfyl foHkkx 
 ?kus dksgjs dh fLFkfr ds nkSjku ;krk;kr çcaèku djukA 
 ?kus dksgjs ds nkSjku vfxze lqj{kk mik; ykxw djuk@djokukA 
 vkJ; LFky@jSu clsjk esa vko';d lqj{kk O;oLFkk djukA 
14-  
gksexkMZl ,oa 
flfoy fMQsal 
 
 foHkkx }kjk vk;ksftr tutkx`fr ,oa çf'k{k.k dk;Zdeks± esa 'khr 
ygj ¼'khr?kkr½ ds nkSjku vko';d lkoèkkuh ,oa cpko ls lEcafèkr 
tkudkjh nsukA 
15-  
—f""k 
foHkkx@m|kfudh 
foHkkx 
 
 'khr ygj vkSj BaM] dksf'kdkvksa dks HkkSfrd uqdlku igqapkrh g]Sa 
ftlls dhV dk vkØe.k rFkk jksx gksus ls Qly cckZn gks ldrh 
gSA Qly ds vadqj.k rFkk çtuu ds nkSjku 'khr ygj ls dkQh 
HkkSfrd fo?kVu gksrk gS blds c<+us ls Qlyksa ds vadqj.k] o`f)] 
iq""i.k rFkk iSnkokj ij vlj iM+rk gSA bl gsrq dk;Z;kstuk cukdj 
mlds vuqlkj dk;Zokgh djukA 
 fof'k""V O;olk;ksa ¼fdlku] ckxokuh vkfn½ ds fy, fo'ks""k 
tkx:drk dk;ZØeksa dk lapkyu dj mUgsa 'khr ygj dh fLFkfr esa 
gksus okys çHkkoksa rFkk viuk, tkus okys fuokjd ,oa mipkjkRed 
mik;ksa D;k djsa ,oa D; k ugha djs ds ckjs esa LFkkuh; Hkk""kk esa 
tkx:d fd;k tkosa rFkk tkjh gksus okyh psrkofu;ksa ds izlkj.k gsrq 
lapkj iz.kkyh fodflr djukA 
 
 
 "
101,PDF page 101,"101 
 
10-  jklk;fud ,oa vkS|ksfxd nq?kZVuk,W%& 
rhoz vkS|ksfxd fodkl ds ifjis{; esa vkS|ksfxd ,oa jklk;fud {ks= esa nq?kZVukvksa dh 
laHkkouk,a c< jgh gSaA dqN cMh nq?kZVuk,W tSls& Hkksiky xSl dkM vkSj vfXu ,oa foLQksVd {k s=ksa 
dh nq?kZVuk,a vge gSA vi;kZIr lalk/ku] vizf’kf{kr dk;Zny] Bksl dkuwu dk vH lw[ks ,oa 
vfXu ,oa lqj{kk vkWfMV dh ikyuk u gksuk c<rh vkcknh ds lkFk , d cMs laHkkfor vkink dks 
fpfUgr dj jgk gSA 
lqj{kkRed n`f""V ls xq.korkiwoZd e’khuksa] izf’kf{kr etnwjksa vkSj xgu ekin.Mksa ds ek ud 
laLFkkiu dh vko’;drk gSA lalkj esa lokZf/kd vkS|ksfxd nq?kZVuk,a Hkkjr eas gksrh gSA bu 
nq?kZVukvksa dks Vkyus ds fy, m|ksxksa esa vkUrfjd ,oa ckg~; nksuksa izdkj dh ;kstuk,a cuuh pkfg, 
rFkk lkFk gh ekWd fMªy dk gksuk Hkh vko’;d gSA 
 izHlw[ks %& vkS|ksfxd nq?kZVukvksa ds lEHkkfor izHlw[ks fuEufyf[kr gS%& 
 tku dh {kfr 
 ?lw[ks gksuk vFkok vkx ls tyuk 
 tgjhys nzoksa@ xSlksa ls chekj gksuk 
 eky dh {kfr 
 lkFk gh blls jksMost] fo|qr ,oa ty vkiwfrZ tSlh lsokvksa esa O;o/kku Hkh mRiUu gks 
ldrk gSA tc izHlw[ks cMs {ks= esa gksrk gS rks ;g ftyk iz’kklu dk nkf;Ro gks tkrk 
gS fd og vius Lrj ij vkink ls fuiVsA 
 jklk;fud vkikr fLFkfr ls igys%&  
 jlk;uksa] ;gka rd fd vke ?kjsyw mRiknksa dk Hkh] feJ.k u cuk,aA dqN la;kstu] tSls 
veksfu;k vkSj Cyhp] fo""kkä xSlksa dk fuekZ.k dj ldrs gSaA  
 jklk;fud mRiknksa dks Bhd ls LVksj djsaA  
 xSj&[kk| mRiknksa dks vklkuh ls igpkuus ds fy, muds ewy daVsujksa esa dld j can 
dj j[ksaA  
 bLrseky u fd;s x, jlk;uksa dks Bhd ls fuiVk,aA vuqfpr fuiVku LFkkuh; ty 
vkiwÆr dks nwf""kr dj ldrk gSA  
 [krjukd {ks=ksa esa èkweziku u djsa vkSj vkx u yxk,aA  
 ;fn laHko gks rks [krjukd jlk;uksa dks lalkfèkr djus okys m|ksxksa ds ikl jgus ls  
cpsaA  
 vkikrdkyhu laidZ uacjksa dks laHkky dj j[ksaA lkFk gh vkl&ikl ds [krjukd  
 m|ksxksa ds uacj Hkh rS;kj j[ksaA  
 ljdkj@LoSfPNd laxBuksa @ vkS|ksfxd bdkb;ksa }kjk vk;ksftr {kerk fuekZ.k 
dk;ZØeksa esa Hkkx ysaA  
 lqjf{kr vkJ;ksa vkSj mu rd igq¡pus ds vklku ,oa lqjf{kr ekxks± dh igpku djsaA  
 vius ifjokj ds fy, ,d vkink çcaèku ;kstuk rS;kj djsaA  
 ,d vkink fdV vo'; rS;kj djsa ftlesa lqjf{kr jgus dk vko';d lkeku gksA  
 jklk;fud vkikr fLFkfr ds nkSjku ?kcjk,a ugÈA yf{kr ekxZ }kjk tYn ls tYn ?kj 
[kkyh dj nsaA  
 ?kj ls fudyrs le; psgjs ij diM+s dk xhyk VqdM+k j[ksaA  "
102,PDF page 102,"102 
 
 ;fn vki ?kj [kkyh djus esa vleFkZ gSa] rks lHkh njokts vkSj f[kM+fd;ka dldj can 
dj nsaA 
 lqjf{kr LFkku ij igqapdj vkikrdkyhu lsokvksa ¼iqfyl] vLirky vkfn½ dks lwfpr 
djsaA  
 vQokg u QSyk,a] u gh muij è;ku nsa ;k foÜokl djsaA  
 jklk;fud vkikr fLFkfr ds ckn  
 [kqys Hkkstu@ikuh vkfn dk lsou u djsaA  
 ,d lqjf{kr LFkku@vkJ; ij igqapus ds ckn diM+s cny ysa vkSj Bhd ls gkFk èkks,aA  
 iwjs vM+ksl&iM+ksl dks jklk;fud [krjksa vkSj muds bykt ds fy, vko';d çkFkfed 
mipkj ls voxr djk,¡A  
 vkfèkdkfjd lekpkjksa vkSj ?kks""k.kkvksa ds fy, jsfM;ks lqusa] Vhoh ns[ksa vkSj eksc kby Qksu 
ns[ksaA  
 ljdkjh vfèkdkfj;ksa dks lVhd tkudkjh nsaA  
 ekStwn [krjs ls fuiVus ds fy, lqj{kkRed midj.kksa dh lVhd vko';drk ls 
vf/kdkfj;ksa dks  voxr djok;saA 
  "
103,PDF page 103,"103 
 
 
 
 
 
 
 
 
 
  
 
 
 
 
 
 
 
 
 
 
11- ck;ksykWftdy vkikr fLFkfr%& 
egkekjh ,oa jksxksa dk QSyuk ck;ksykWftdy vkink dh Js.kh esa vkrk gSA isM ikS/ks] i'kqvksa dk 
lMuk] ty dk iznwf""kr gksuk] fo""kkDr dhVk.kqvksa dk QSyko gksuk vkfn ls thou ij cqjk 
izHlw[ks gksrk gSA egkekjh ls cMs {ks= esa tula[;k ds LokLF; ij izfrdwy izH lw[ks iMrk gS 
vkSj vf/kd ls vf/kd ekSrsa gksrh gS] tSls dkWyjk] Iysx] tkikuh  
bU¶yq,atk] ,D;wV ,uls¶yk;fVl flaMªkse bR;kfnA dqN ,slh Hkh egkekjh gS] ftlds dhVk.kq 
fo’o ,oa ns’k ds lHkh dksus esa QSy dj vf/kd ls vf/kd yksxksa ds LokLF; dks uqdlku 
igqapkrs gS lkFk vf/kd la[;k esa ekSrsa gks tkrh gS] tSls ,U¶yq,atk ,u1,u1] LokbZu ¶yw] cMZ 
¶yw bR;kfnA 
 
 
 
 
 
 
ftyk dyDVj 01427& 224666] 
221888 vfr- dyDVj] 
iz’kklu@lgk;rk 01427&223884  
eq- dk;Zdkjh vf/kdkjh] ftyk 
ifj""kn 9983859777 
jkT; fu;a=.k d{k@ 0141& 
2227296] 2227885]235776 
vfXu&101] 01427&223933] 
vfXu’keu vf/k-&9785109101 
ukxfjd lqj{kk&01427 
224903 ,lMhvkj,Q& 
0141&2759903] 8764873111 
fMIVh dekaMsV] ,uMhvkj,Q 
6005204020            
iqfyl 
v/kh{kd&01427&2230
02] 8395906152 vfr-
iq-
v/kh{kd&8239699755  
o`rkf/kdkjh@ 
Fkkukf/kdkjh jksMost & 9549653257 
jsYos & 9001199022 
,u,p,vkbZ& 8130006151 
lkoZtfud fuekZ.k 
foHkkx 9414369995 
tu LokLF; vfHk- 
9413380882 fo/kqr 
forj.k fuxe fyfeVsM 
01427&231123] 
9413390633 
lsuk@ Lo;a lsoh 
laLFkk@ Lo;a 
lsod@ fizUV ,oa 
bySDVªksfud lekpkj 
txr 
eq- fp- ,oa Lok- 
vf/kdkjh 9928740368 
ftyk fpfdRlky; 
nkSlk 9414441289 
fudVre vLirky  
jktLFkku ljdkj vkink 
izcU/ku ,oa lgk;rk 
foHkkx 0141&2227390 
9468683600] 
0141&2227084] 
8529265874] 
0141&2227084 
9414000240 
mi[k.M vf/kdkjh@ vk;qDr uxj 
ifj""kn~@EO uxj ikfydk@ 
rglhynkj@ fodkl vf/kdkjh@ 
iVokjh@ ljiap@ lfpo 
 
vkikrdkyhu ftyk 
fu;a=.k d{k ¼bZvkslh½ 
01427&224903 
 
iqfyl dUVªksy :e 100] 
01427&230333] 513003@ 
9828123005@ ,Ecqysal&108] 
104 
 
jklk;fud ,oa vkS|ksfxd nq?kZVuk esa Rofjr dk;Zokgh 
 
"
104,PDF page 104,"104 
 
12- U;wfDy;j ,oa jsfM;ksyksftdy vkikr fLFkfr%& 
 vkikr fLFkfr esa Rofjr dk;Zokgh%& 
 fdlh Hkh izdkj dh U;wfDy;j ;k jsfM;ksyksftdy vkikr fLFkfr gk sus ij ;k vk’kadk 
gksus ij ijek.kq ÅtkZ foHkkx] Hkkjr ljdkj tks uksMy ,stsaUlh dk dk;Z djrk gS] ls 
lgk;rk ds fy, lEidZ fd;k tkrk gSA 
 ijek.kq ÅtkZ foHkkx esa ,d ØkbZfll eStstesaUV xzqi gSA vkikr fLFkfr esa ftyk 
dysDVj ;k vU; vf/kd`r vf/kdkjh eSusteasUV xqzi dks lwfpr djsxkA ;g xzqi eqEcbZ esa 
fLFkr gS tgka 24X7 ?k.Vs fu;a=.k d{k dk;Z djrk jgrk gSA 
 ØkbZfll eSustesUV xzqi dsoy ifjfLFkfr ij  fu;a=.k ,oa izfrfØ;k (Respond) djus 
ds fy, viuk fo’ks""kK lykg ,oa lgk;rk nsxkA ;g foHkkx Responder ds :i esa 
dk;Z ugh djsxkA 
 bl ifjizs{; esa ijek.kq ÅtkZ foHkkx us ns’k ds vyx&vyx txgksa ij bZejtsalh 
fjLiksUl lsUVj (ERC) LFkkfir fd;s gq, gSA 
 blh Øe esa ,d bZejtsalh fjLiksUl lsUVj (ERC) t;iqj esa ijek.kq [kfut funs’kky; 
izrkiuxj] lkaxkusj t;iqj esa cuk;k x;k gSA 
 vko’;drk iMus ij ØkbZfll eSustesUV xzqi dks lwpuk nsus ds lkFk&lkFk LFkkuh; 
bZejtsUlh fjLiksUl lsUVj (ERC) ls lgk;rk yh tk ldrh gSA   
 ERC ds fo’ks""kK Vhe dks ØkbZfll LFky ij ykus vkSj ys tkus dh ftEesnkjh ftyk 
iz’kklu dh gksrh gSA 
 NDMA us ns’k ds dqN pqfuank iqfyl LVs’ku dks U;wfDy;j ,oa jsfM;ksyksftdy vkikr 
fLFkfr ds fy, rS;kj djus dh izfØ;k dh tk jgh gSA lkFk g h jsfM;s’ku ekWfuVj 
eqgS;k djk;s tkus dh izfØ;k dh tk jgh gSA blds vfrfjDr NDMA dh cVkfy;u 
dks dsfedy] ckW;ksyksftdy] jsfM;ksykWftdy nq?kZVuk gks tkrh gS rk s izHkkfor yksxksa ds 
chp vk;ksMhu ckaVuk vko’;d gSA 
13- lkEiznkf;d ruko ,oa HkxnM%&+ 
  lkEiznkf;d ruko%& 
Hkkjr ns’k esa vusd /k eksZ ds yksx ,d lkFk jgrs gSaA jktuhfrd izfr}}a rk ,oa lkekftd 
fo}s""kks rFkk O;fDrxr NksVs NksVs >xMs dbZ ckj lkEiznkf;d ruko dk :i ys ysrs gSA 
ftlds dkj.k 'kgjh o xzkeh.k {ks=ksa esa ruko gksu s rFkk izfrdwy izfØ;k gksus dh laHkkouk 
cuh jgrh gSA minzo gksus ij tu&/ ku jk""Vªh; laifÙk  dk dkQh uqdlku gksrk gSA  
orZeku esa bl n`f""Vdks.k ls lHkh l Eiznk;ksa esa vkilh lkSg knZ gS rFkk lHkh l Eiznk;ksa ds 
yksx vkil esa ,d nwljs ds R;kSgkjksa esa c<p< dj lfEefyr gksrs gSA  fQj Hkh ;fn 
lkEiznkf;d ruko o naxsa gks tk;s rks mUgs de  djus gsrq ftyk ,oa LFkkuh; iz’kklu 
vius Lrj ij 'kkafr lHkkvksa dk vk;kstu djrs gSA ftuesa og lHkh leqnk;ksa ds izH lw[ks 
'kkyh yksxksa dks cqykrs gS rFkk muls vius vius leqnk; ds yksxksa dks le>kus gsrq vuqjks/k 
djrs gSA 
 HkxnM dh jksdFkke ,oa fu;a=.k dk;Z;kstuk%& 
 laHkkfor HkxnM LFky dk fpUghdj.kA 
 ,d le; esa fdrus yksxksa dk ,df=r gksukA 
 LFky ij tkus& vkus dk jkLrk dk fpUghdj.kA 
 lMd ds vkokxeu dk uD’kkA "
105,PDF page 105,"105 
 
 LFky ij HkhM bdV~Bk gksus dh {kerk ¼le; ds vuqlkj½ 
 ,d le; esa fdruh HkhM Bgjrh gSA 
 HkhM ds izcU/ku ds fy, LFkkuh; iz’kklu dh O;oLFkkA 
 HkhM okys LFky dk [krjk] laosnu’khyrk ,oa uqdlku dh jksdFkke ds fy, 
pSdfyLV ,oa lwpuk rS;kj djukA 
 D;k&D;k [krjk gks ldrk gS] vkSj mlls D;k uqdlku gks ldrk gS dh lwph rS;kj 
djukA 
 vkikr fudklh] uD’kk rS;kj djuk ,oa fo’ks""kK ls tkap dj ikfjr djkukA 
 vkikrdkyhu Bgjko LFkku ,oa vkokxeu ds fy, uD’kk rS;kj dj fpUghdj.k djukA 
 vko’;d vfXu psrkouh O;oLFkk ,oa vU; psrkouh cksMZ yxokukA 
 HkhM lEcks/ku ;a= dh O;oLFkk djukA 
 izFke fpfdRlk lqfo/kk dh O;oLFkk djukA 
 Vªksek lsaVj ,oa utnhdh fpfdRlk lqfo/kk LFkkfir djokukA 
 laosnu'khy LFkkuksa ij ekWdfMªy] izf’k{k.k lqfuf’pr djukA 
 vuqHkoh ,oa izf’kf{kr O;fDr;ksa dh lsok ysukA 
 
  "
106,PDF page 106,"106 
 
v/;k; % 16 
vkink izcU/ku esa fofHkUu foHkkxksa dh ftEesnkjh 
1- fu;a=.k d{k%& 
 fu;a=.k d{k ftyk dysDVªsV esa 24X7 ?kaVs lapkfyr gSA 
 fu;a=.k d{k esa vkink izcU/ku lfefr ds lnL;ksa o vU; lHkh foHkkxksa ds foHkkxk/;{kk sa 
ds uke] irk o Qksu ua - miyC/k gSA ftyk fu;a=.k d{k ¼bZejtsUlh vkWijs’ku lsUVj½ 
ds Qksu ua- 01427&224903 ,oa VkWy Ýh 1077 gSA 
2- iqfyl foHkkx%& 
jktLo foHkkx ds ckn iqfyl foHkkx  dh Hkwfedk vkink izcU/ku esa lcls egRoiw.kZ gksrh gSA 
vkradoknh geysa] flfoy vujsLV rFkk lMd nq?kZVuk esa iqfyl foHkkx gh uksMy foHkkx gksrk 
gSA blds vfrfjDr ck<] HkwdEi] vkx ;k dksbZ Hkh nq?kZVuk gks rks lcls igys iqfyl dks gh 
lwfpr fd;k tkrk gSA 
 vkink izHkkfor LFky ij igqapdj tu lewg dks laHk kyuk@cpko dk;ksZ esa iz’kklu dh 
enn djukA 
 [kkst] cpko o LFkkuksa dks [kkyh djokus ds fy, vfrfjDr laLFkkvksa tSls gksexkMZ] ,u-lh-
lh- bR;kfn dh lgk;rk ysukA 
 Ykksxksa ds tku eky dh j{kk djuk o dkuwu O;oLFkk cuk;s j[kukA 
 vkink xzLr {ks=ksa esa ;krk;kr O;oLFkk dks lqpk: cukukA 
 ck< dh psrkouh feyus ij fupys LFkkuksa ij jgus  okys yksxksa dks mPp ,oa lqjf{kr 
LFkkuksa ij LFkkukUrjhr djukA 
 dkuwu ,oa O;oLFkk cuk;s j[kukA 
 tulkekU; dks lwfpr djus gsrq lapkj O;oLFkkA 
 izHkkfor {ks= ds ikl ls tu lkekU; dks gVkukA 
 ;krk;kr dh O;oLFkk o fu;a=.k djukA 
 lsokvksa ds ?kVuk LFky ij igaqpus ds ekxZ ls ck/kk gVkuk o mUgsa lgh jkLrs crkuk 
 ?kVuk LFky ij ohvkbZih foftV dh fLFkfr esa  vko’;d izcU/ku djuk ftlls vko’ ;d 
lsokvksa ds dk;Z es dksbZ ck/kk mRiUu u gksA 
 Ckpko dk;ksZ esa enn djukA 
 ?kVuk LFky dh ?ksjkcUnh djukA 
3- ukxfjd lqj{kk cy] LdkmV~l ,.M xkbZM~l rFkk ,u-lh-lh-%& 
 vkink dh lwpuk feyus ij lacaf/kr ukxfjd lqj{kk Lo;a lsod rRdky vkink LFky  ij 
rqjUr igqapsaxs o fu;a=d ¼ftyk dyDVj½ ds funsZ’kkuqlkj cpko dk;ksZ dks vUtke nsaxsA 
 vkink ds nkSjku grkgrksa ds [kkst o cpko dk dk;Z djukA 
 grkgrksa dks ?kVuk LFky ij izkFkfed mipkj nsuk o vLirky fHktokukA vkJ; LFkyksa 
ij Hkkstu @ikuh diMsa bR;kfn gsrq Lo;alsod miyC/k djkukA 
 dkuwuh O;oLFkk esa enn djukA 
 ftys esa {kerk lao)Zu ds rgr vkink izcU/ku izf’k{k.k nsdj yksxks dks vkink izcU/ku gsrq 
tkx:d djukA 
 ftyk iz’kklu }kjk nh tkus okyh vU; ftEesnkfj;ksa dks fuHkkukA "
107,PDF page 107,"107 
 
 
4- jkT; vkink izfrlkn cy (State Disaster Response Force, SDRF)  jk""Vªh; vkink 
izfrlkn ¼ekspu½ cy (NDRF)%& 
jktLFkku esa izkd`frd vkink ,oa lEHkkfor ekuo d`r vkink ,oa vU; ?kVukvksa ls fuiVus ds 
fy, jkT; vkink izfrlkn cy (State Disaster Response Force, SDRF) dh 01 VqdMh e; 
midj.kksa ds lkFk ukjksyh fd’kux<] ftyk vtesj esa miyC/k gS] ftlds dek.Mj fMIVh 
dekUMsaV] Jh ;ksxs’k ehuk eks- u- 6005204020 gS] ls lgk;rk yh tk ldrh gSA   
5- tu LokLF; vfHk;kaf=dh foHkkx%& 
 fu;fer ,oa vU; L=ksarks ls ty dh mfpr vkiwfrZA 
 lacaf/kr vfHk;Urk rRdky vkink LFky ij fjiksVZ djsaxsA 
 izHkkfor {ks= esa vko’;d gqvk rks ikuh dh lIykbZ cUn djsaxs o vko’;drkuqlkj VSadjksa  
ls ikuh dh O;oLFkk djok;saxsA 
 vfXu’keu okguksa gsrq vfrfjDr ty dh miyC/krk dks ns[krs gq, gkbZMªsUVl dks pkyw 
gkykr e sa j[kuk] fo|qr lIykbZ ckf/kr gksus dh fLFkfr esa VSadjksa ls vfXu’keu gsrq 
vko’;d ikuh lIykbZ djokukA 
 xehZ ds ekSle esa ikuh dh T;knk [kir gksrh gSA vko’;d ikuh dh lIykbZ cuk;s j[kus 
dh O;oLFkk djsaA miHkksDrkvksa }kjk ?kjksa esa cwLVj yxk dj ikuh [ksapus ij vadq’k yxkosaA 
 o""kkZ ds ekSle ds nkSjku ikuh esa vko’;d Dyksjhu dh O;oLFkk djkosa rkfd nwf""kr ikuh 
ls futkr fey ldsA 
 o`r dk;kZy;ksa ds v/khu [k.Mh; dk;kZy;ksa ,oa mi[k.M dk;kZy;ksa esa dUVªksy :e LFkkfir 
gSA ftys ds xzkeh.k {ks=ksa gsrq dsUnzh; dUVªksy  :e dk nwjHkk""k uEcj gSA 
mi[k.M@rglhy esa dk;Zjr QhYM vf/kdkfj;ksa ds nwjHkk""k uEcj vafdr gSA 
 ck<] rwQku] HkwdEi o vU; nq?kZVukvksa esa ikuh dh fLFkfr esa ikuh dh ikbZi ykbZu cUn  
gksus ,oa vU; fdlh dkj.ko’k is;ty lIykbZ esa ck/kk gksus ij futh VSadjksa }kj k is;ty 
miyC/k djk;k tkrk gSA lHkh lgk;d vfHk;Urk eq[;ky; ,oa dfu""B vfHk;Urk 
dk;kZy;ksa ij i;kZIr ek=k esa Cyhfpax ikmMj Dyksjhus’ku gsrq miyC/k gSA tgka 
fu;fer :i ls ty L=ksr ds ikuh dk Dyksjhus’ku fd;k tkrk gSA 
 ikuh dh ikbZi ykbZuksa dh ns[k Hkky foHkkx esa dk;Zjr Jfedksa }kjk dh tkrh gS rFkk 
fdlh Hkh dkj.ko’k {kfrxzLr gksus ij lgk;d vfHk;Urk@ dfu""B vfHk;Urk dks lwpuk 
nh tkrh gSA ftldh rRijrk ls ejEer dh tkrh gSA ejEer gsrq foHkkx esa lHkh 
vko’;d lkeku dfu""B vfHk;Urk@ lgk;d vfHk;Urk@ vf/k’kk""kh vfHk;Urk e q[;ky;ksa 
ij miyC/k gksrk gSA 
 foHkkx ds leLr mPp tyk’k;ksa@LoPN tyk’k;ksa ij foHkkx ds deZpkfj;ksa }kjk iq[rk 
lqj{kk O;oLFkk dh tkrh gSA th.kZ 'kh.kZ mPp tyk’k;ksa dh ejEer dh tkrh gS vFkok 
mudks fxjkus dh  O;oLFkk dh tkrh gSA u;s cuus okys mPp tyk’k;ksa i j lhf<;ksa ij 
xsV cuokus dk izko/kku lqfuf'pr fd;k tkrk gSaA 
 lHkh mPp tyk’k;ksa@ iEi gkmlksa ij 24 ?kUVs gkbZMªsV ls ikuh ysus dh lqfo/kk miyC/k 
djkuk izLrkfor gSA 
 xfeZ;ksa esa ikuh dh vko’;drk dks ns[krs gq, vko’;d O;oLFkk djuk] VSadjks dh 
vko’;drk gks rks mldh O;oLFkk djukA 
 vfXu’keu O;oLFkk ds rgr okVj gkbZMªsUVksa dks fpfUgr djuk o mudks pkyw gkykr esa 
j[kuk] lkFk gh lacaf/kr lgk;d vfHk;Urk dks ftEesnkjh nsukA 
 vkink ds nkSjku {kfrxzLr ikbZi ykbZuksa dks rRdky Bhd djokukA "
108,PDF page 108,"108 
 
6- fpfdRlk foHkkx%& 
 izkFkfed mipkj dh mfpr O;oLFkk djukA 
 ?kVuk@vkink LFky ij rRdky ,Ecwysal e; esfMdy LVkQ fHktokukA 
 jktdh; ,oa futh vLirkyksa ls lEidZ djukA 
 grkgrksa dks rRdky utnhdh vLirky igaqpkukA 
 vkS""kf/k;ksa dh mfpr O;oLFkk djukA 
 esfMdy LVksj@ Fkksd ,oa [kqnjk foØsrkvksa ls lEidZ  j[kukA 
 fpfdRldksa ,oa isjk esfMdy LVkQ dh miyC/krkA 
 ekSleh chekfj;ksa dh jksdFkke dh O;oLFkk djukA 
 le; le; ij vkink izHkkfor {ks=ksa dk nkSjk vko’;d lsfuVs’ku dh O;oLFkk djuk o 
[kku iku dh oLrqvksa dks pSd djukA 
 Lo;a lsoh ,tsUlh;ksa ls lEidZ djukA 
 vkink LFky ij rqjUr fpfdRlk f’kfoj yxkukA 
 yksxksa dks izkFkfed mipkj miyC/k djkukA 
 cqjh rjg ?kk;y yksxksa dks vLirky igqapkukA 
 fpfdRldksa isjk esfMdy LVkQ o nokbZ;k¡ miyC/k djkukA 
7- xSj jktdh; laxBu%& 
 izfrc) Lo;a lsodksa dh miyC/krk djkukA 
 jkgr f’kfoj yxkukA 
 lgk;rk lkexzh dk forj.kA 
8- i'kqikyu%& 
 i'kq fpfdRlky;ksa ls lEidZ djukA 
 vkink dh fLFkfr esa tkuojksa dh chekfj;ksa ij fu;a=.k gsrq vko’;d Vhdkdj.k@ 
vkS""kf/k;ksa dh O;oLFkk djukA 
 i'kq/ku dh ns[kHkky gsrq miyC/k dfeZ;ksa dh rSukrhA 
 vkink ds i'pkr e`r tkuojksa l s egkekjh dh fLFkfr u cus bldh O;oLFkk lqfuf’pr 
djukA 
9- uxj ifj""kn~@uxj ikfydk%& 
 jkgr f’kfoj ¼jsu clsjk½ dk izcU/kuA 
 VsaV gkml dh O;oLFkk djukA 
 izHkkfor {ks=ksa dh leqfpr lQkbZ O;oLFkk ,oa LokLF;dkj fLFkfr;ksa dh ns[kHkkyAjkgr 
f’kfoj gsrq fo|ky;ksa ,oa vU; cMs izfr""Bkuksa dh lwphA 
 vkJ; LFkyksa dh mfpr lQkbZ O;oLFkkA 
 ?kVuk LFky ij vko’;d ykbZV dh O;oLFkk djukA 
 e`r ykssxksa o tkuojksa ds vfUre laLdkj@ nQukus dh O;oLFkk djukA 
 egkekjh dh fLFkfr ls cpko ds mik; djukA 
10- [kk| ,oa ukxfjd vkiwfrZ%& 
 O;kikfj;ksa o gyokb;ksa ls lEidZ dj Hkkstu dh O;oLFkk djuk 
 Hkkstu iSdsV ,oa jkgr lkexzh dk forj.kA 
 jkgr lkexzh gsrq Lo;a lsodksa ds lkFk leUo;A 
 jkgr lkexzh ds ,d iSdsV esa j[kh tkus okyh lkexzh lqfuf’pr djukA "
109,PDF page 109,"109 
 
 [kk| lkexzh] isVªksy] Mhty vkfn dk vkjf{kr Hk.M kj iz’kklu dh ekax ij miyC/k 
djkukA 
 futh nqdkunkjksa o [kk| Hk.Mkjksa ds foØ srkvksa ls lEidZZ LFkkfir dj mUgs enn ds fy;s 
lwpuk nsukA 
11- ftyk ,oa LFkkuh; iz’kklu%& 
 vkink ls gq, uqdlku vkfn ds fy, fo’ks""k losaZ{k.k ny dh LFkkiuk djukA 
 jsyos o ;krk;kr foHkkx  ls lkeatL; LFkkfir djds vkus tkus dh lqfo/kk iznku djukA 
 fu;a=.k d{k ds lapkyu dks lqO;ofLFkr djukA 
 lHkh foHkkxksa ds izeq[kksa dks vkink ls fuiVus gsrq lpsr djuk o muesa leUo; djukA 
 izHkkfor yksxksa dks leqfpr lgk;rk dh O;OkLFkk djukA 
 izHkkfor {ks=ksa esa jkgr dsUnzksa dks pykukA fofHkUu cpko dk;ksZ ds fy, /ku dh O;oLFkk 
djukA 
 nku nh xbZ jkgr lkexzh dh lwph rFkk forj.k dh :ijs[kk rS;kj djukA 
 vkink LFky ij LokLF;] jkgr o tkudkjh vkfn ds fy, vyx vyx dkmaVj cukukA 
 t:jr iMus ij lsuk ls lgk;rk ysukA 
 lHkh foHkkxksa dks vkink ls fuiVus ds fy, lpsr djuk rFkk muesa leUo; LFkkfir 
djukA 
 vkink LFky ij fu;U=.k d{k dh LFkkiuk djukA 
 lgk;rk lkexzh] Hkkstu vkfn dh O;oLFkk djukA 
 dkuwu ,oa O;oLFkk cuka, j[kukA 
 izekf.kd lwpuk izkIr djuk o ehfM;k ds tfj;s mls yksxksa rd igqapkukA 
12- t;iqj fo|qr forj.k fuxe fyfeVsM%& 
 vkink LFky ij fctyh vkiwfrZ dk izcU/kA 
 lacaf/kr vf/k’kk""kh vfHk;Urk@ lgk;d vfHk;Urk rRdky vkink LFky ij igaqpsA 
 VwVs gq, fctyh ds rkjksa dks iqu% tksMuk o fctyh dh lIykbZ vkink LFky rd 
igqapkukA 
 izFke] f}rh; o r`rh; ikjh dh Vheksa dk laxBu dj rS;kj j[kukA 
 [k.M Lrj ij fu;a=.k d{k LFkkfir djukA 
 ck< dh fLFkfr gksus ij fo|qr O;oLFkk lqpk: :i ls pkyw j[kus gsrq mi;qDr ek=k esa 
vko’;d lkexzh tSls iksy] d.MDVj vkfn dh O;oLFkk j[kh tkukA 
 tehu ij iMs VªkalQkeZjksa dks Mh-ih- ij j[kk tkukA 
 <hys rkjksa dks dlk tkukA 
 vkink LFky ij lapkj ds ek/;e miyC/k djkuk ¼ok;jySl] eksckbZy] gksVykbZu½A 
 vLFkkbZ lapkj o nwjlapkj O;oLFkk djukA 
 turk rd lgh lwpuk igaqpkukA 
 VwVh gqbZ tu lapkj O;oLFkk dks iqu% pkyw djukA 
 fo|qr vkiwfrZ dh leqfpr ns[kHkky djukA 
 lacaf/kr vfHk;Urk e; LVkQ vkink LFky ij rRdky fjiksVZ djsA 
 vkink LFky ij izHkkfor {ks=ksa dh fo|qr lIykbZ@dVkSrh dh mfpr O;oLFkkA 
 fo|qr lIykbZ cUn ds nkSjku vkink LFky ij vko’;d fo|qr lIykbZ dh oSdfYid 
O;oLFkk djukA "
110,PDF page 110,"110 
 
 fo|qr ykbZuksa ¼Åijh@Hkwf exr½ dh mfpr ns[kHkky djuk ftlls vuko’;d fo|qr 
nq?kZVuk ls cpk tk ldsA 
 vU; nq?kZVukvksa dks jksdus gsrq izHkkfor {ks=ksa dh fctyh dkVukA 
13- i’kqikyu foHkkx%& 
 vkink dh fLFkfr esa i'kqvksa ds fy, pkjk] ikuh] nokbZ;ksa dh O;oLFkk djukA 
 tkuojksa ds MkWDVj miyC/k djkukA 
 i'kqvksa ds bykt ds fy, o j[kus ds fy;s i'kq vLirky vkfn esa txg dk bUrtke 
djukA 
 vkink ds le; LoLFk i'kqvksa dks lqjf{kr LFkkuksa ij igqWpkukA 
 vkink dh lwpuk feyus ij fu;a=.k vf/kdkjh lHkh Ik’kq fpfdRlkf/kdkfj;ksa ,oa 
deZpkfj;ksa dh NqV~Vh fujLr dj M~;wVh ij cqykukA 
 izHkkfor {ks=ksa esa ?kk;y i'kqvksa dks HkrhZ djus dh O;oLFkk djukA 
 vko’;d nokbZ;ksa dk LVkWd rS;kj djuk 
 ?kk;y HkrhZ i'kqvksa ds pkjs] nkus dh O;oLFkk djukA 
 vkink LFky ij i'kq fpfdRldksa ,oa iSjk osV~sujh LVkQ dks vkink ls fuiVus dss fy, 
lEidZZ  djukA 
 rglhy Lrj ij eksckbZy osVsujh ;wfuVksa dks vkink LFky ij fHktokus dh O;oLFkk 
djukA 
 e`r i'kqvksa ds fuLrkj.k gsrq uxj ifj""kn@uxj ikfydk@xzzke iapk;r dh enn ysukA 
14- lkoZtfud fuekZ.k foHkkx%& 
 eyck vkfn mBkus ds fy, okgu miyC/k djkukA 
 jktdh; ,oa futh {ks= esa miyC/k ts-lh-ch- ,oa vU; izdj.kksa dh O;oLFkk djukA 
 vU; Å¡ps o vkink lEHkkfor Hkouksa dh tkap djuk rFkk mUgsa [kkyh djokus esa 
iz’kklu dh enn djukA "
111,PDF page 111,"111 
 
v;k; % 17 
ck<+@vfro`f""V 
1- 'kgjh ck<+%& 
'kgjh ck< ,d ekuohd`r vkink gS] vO;ofLFkr ,oa c<rh 'kgjh  vkcknh vpkud ck< ;k 
'kgjh ck< ds eq[; dkjd gSA Mªsust dk ugha gksuk] o""kkZ ty ds  LokHkkfod cgko esa :dkoV 
,oa ty dk teko gksuk] fupys {ks=ksa esa vkcknh dk c<uk 'kgjh ck< dks fnuksa fnu xfr’khy  
dj jgk gSA ftlds dkj.k] egkekjh ,oa yksxksa ds LokLF; ij izf rdwy vlj iM jgk gSA 
vpkud vkbZ ck< ls yksxksa dks izHkkfor {ks= ls gVkuk] vf/kd ikuh ds cgko ls detksj 
edkuksa dk fxjuk ,oa lalk/ku dh deh] LFkkuh; iz’kklu ds fy, ges’kk pSysat jgk gSA 
mnkgj.k ds fy, o""kZ 1981 ,oa 2002 esa t;iqj 'kgj esa vk;h vpkud ck< ls t;iqj 'kgj 
dks Hkkjh uqdlku gqvk FkkA 
 'kgjh ck<+ ls igys%&  
 ukfy;ksa dks lkQ j[ksa buesa dwM+k] IykfLVd dh FkSfy;k¡] IykfLVd dh cksrysa u QsadsaA  
 ?kj ds vanj lqjf{kr jgsa ;fn mPp Tokj &vkSj Hkkjh ckfj'k ,d lkFk gksrh gS rks ?kj 
ij jgus dh dksf'k'k djsaA  
 lwfpr jgsa@ lrdZ jgsa &ekSle lacaèkh tkudkjh vkSj ck<+ dh psrkouh ds fy, jsfM;ks 
lqusa] Vhoh ns[ksa ;k lekpkj i= i<+saA  
 mÙkjthfork dqath gS& lqj{kk vkSj thou O;kiu ds fy, vko';d oLrqvksa ds lkFk ,d 
vkikrdkyhu fdV rS;kj djsaA  
 vius nLrkost+ vkSj dherh lkeku okVj&çwQ FkSys esa j[ksaA  
 ck<+ ds ikuh esa tkus dk tksf[ke u mBk;saA  
 vQokgksa ij Hkjkslk u djsaA 
 'kgjh ck<+ ds nkSjku vkSj ckn esa%&  
 lqj{kk lqfuf'pr djsa fctyh vkSj xSl &dusD'ku can dj nsa] xSl yhd ds fy, lrdZ 
jgsaA  
 Rofjr çfrfØ;k djsa fupys bykdksa dks &[kkyh dj Åaps LFkkuksa ij pys tk,aA  
 chekjh ls cpsa ikuh fi;sa A &mcyk gqvk@Dyksjhu;qä  
 laHkky dj dne j[ksa lhojst ykbuksa] xVj] pqHkus okyh uqdhyh eycs ls nwj jgsaA 
oLrqvksa vkSj &  fctyh ds lEidZZ esa vkus ls cpsa & fctyh ds vk?kkr ls cpus ds 
fy, fctyh ds [kaHkksa vkSj fxjh ds rkjksa ls nwj jgsaA  
 cgrs gq, ikuh esa u pysa@u rSjsaA  
 ck<+xzLr {ks=ksa esa MªkbÇox u djsaA  
 ,sls Hkkstu dk lsou u djsa tks ck<+ ds ikuh ds laidZ esa vk;k gksA 
 fctyh ds {kfrxzLr midj.kksa dk mi;ksx u djsaA  
 xhys Q'kZ] fo'ks""k :i ls daØhV ij] [kM+s gksus ds nkSjku fctyh ds midj.kksa dk 
mi;ksx u djsaA 
 
 
 
2- ck<+%& "
112,PDF page 112,"112 
 
ftys esa dqy 03 unh ds L=ksr@csflu gS& :ijsy] ck.kxaxk] cuklA cukl unh dk csflu 
mn;iqj ,oa cwanh esa gksdj tkrk gS] ,oa bldk lccsflu cSjkt] eksjsy] ,oa eklh fp ÙkksMx<+] 
,oa t;iqj ftys ls xqtjrk gSA  
 {ks= esa ck< ds eq[; dkjd%& 
 dspesaV {ks= esa vf/kd o""kkZA 
 vpkud vf/kd ek=k esa cka/k ,o ty laxzg.k {ks= ls ikuh dks NksMukA 
 cMsa ty laxzg.k {ks=@cka/k dk VwVuk ;k {kfrxzLr gksukA 
 de ty laxzg.k {kerkA 
fofHkUu foHkkxksa dh ftEesnkfj;ka 
1- leLr lacaf/kr foHkkx%& 
1- vius foHkkx dk daVhtsalh Iyku rS;kj dj miyC/k djokukA 
2- vius foHkkx ls lacaf/kr egRoiw.kZ laLFkkuksa ,oa vU; fgr/kkjdksa ds uke e; LFkku ,oa 
nwjHkk""k la[;k dh lwph miyC/k djokukA 
3- fu;a=.k d{k dh LFkkiuk djukA 
4- iwoZ ds o""kksZa esa izkIr f'kdk;rksa@leL;kvksa dk voyksdu dj mudk ekulwu ls iwoZ LFkk ;h 
lek/kku djokdj fuLrkj.k djuk ;k oSdfYid O;oLFkk djuk@rS;kjh djukA 
5- vkink cpko ,oa ekulwu iwoZ dh rS;kjh 15 twu ls iwoZ lqfuf'pr djukA 
6- ftyk@CykWd@xzke Lrj ¼iVokjh o xzke lsod½  ds vf/kdkfj;ksa ds nwjHkk""k dh v|ru 
lwph tfj;s bZ esy relief.dausa@rajasthan.gov.in o dlo.doit.dausa@rajasthan.gov.in ij miyC/k 
djokukA  
7- mijksDrkuqlkj okafNr lwpuk ftyk fu;a=.k d{k] dk;kZy; gktk dks miyC/k djok;k 
tkukA 
8- vius foHkkx ds leLr dk;kZy;@Hkouksa dh Nrksa ,oa ukyksa dh lkQ&lQkbZ vko';d 
:i ls djuk@djokukA 
9- ftyk@CykWd Lrjh; vf/kdkjhx.k ekulwu ds le; esa fcuk v/kksgLrk{kjdrkZ dh vuqefr 
ds eq[;ky; ugha NksMs+xs ,oa viuk Qksu pkyw j[ksaxsA 
10- vius foHkkx ds lHkh vf/kdkfj;ksa dks ftyk eq[;ky; ij jgus ,oa viuk Qksu pkyw j[kus 
gsrq ikcan djukA 
11- ukxfjd lqj{kk lsok ds lapkyu] leUo; ,oa izca/ku esa egRoiw.kZ Hkwfedk ds fuoZgu gsrq 
fu;qDr uksMy vf/kdkjh@izHkkjh vf/kdkjh vius foHkkx ds dk;kZsa ds lkFk ukxfjd lqj{kk 
lsok ds nkf;Roksa dk fuoZgu Hkh djsaxsA 
12- o""kkZ ty lap;@laj{k.k ds fy, foHkkx ds funsZ'kksa dh ikyuk djukA 
13- {kfrxzLr ifjlaifÙk ;ksa ¼tks ,lMhvkjQ fu;ekuqlkj vuqer gS½ dh rkRdkfyd ejEer gsrq 
izLrko vfoyEc fu/kkZfjr izfØ;k viukrs gq, izLrqr djukA  
14- vius {ks+= esa o""kkZ dh ek=k ,oa fdlh Hkh izdkj dh vkink ls gq, uqdlku dh lwpuk 
rqjUr ftyk dUVªksy :e uaa - 01427&224903 ij nsrs gq, bZesy&vkbZMh 
relief.dausa@rajasthan.gov.in ij esy djukA 
15- Lo;a ,oa v/khuLFk vf/kdkfj;ksa@dkfeZdksa dks lpsr ,oa nkfeuh ,si MkmuyksM djus gsrq 
ikcan fd;k tkukA 
16- ePNj ,oa ePNj tfur chekfj;ksa ls cpko ds fy, j{kkRed mik;%& izR;sd jfookj dks 
vius ¼dk;kZy; o ?kj½ vkl&ikl Hkjs ikuh ¼LoPN@vLoPN½ dks [kkyh djuk ;k mlesa 
dsjkslhu Mkyuk tSls lqj{kkRed mik; djuk ,oa bl gsrq vketu dks izsfjr djukA  "
113,PDF page 113,"113 
 
17- tfj;s okVl,i xzqi ;k lpsr ,i ;k bZ esy }kjk fdlh Hkh izdkj dh vkink dh psrkouh 
izkIr gksus ij rnkuqlkj vko';d dk;Zokgh djukA 
18- ljdkjh okguksa esa ifCyd ,Mªsflax flLVe nq:Lr j[kukA 
19- vkink izca/ku ;kstuk ,oa ukxfjd lqj{kk ;kstuk dk v/;;u djukA 
20- jk""Vªh; vkink izca/ku }kjk lw[kk izca/ku gs rq fn'kk funsZ'k 
http://ndma.gov.in/sites/default/files/PDF/Guidelines/Management-of-Drought-Hindi.pdf o ck<+ 
izca/ku gsrq fn'kk funsZ'k http://ndma.gov.in/sites/default/files/PDF/Guidelines/Management-of-
Floods-Hindi.pdf ij miyC/k gSA lw[ks ,oa ck<+ ls fu iVus ds fy, fn;s x;s fn'kk funsZ'kksa 
dh ikyuk djukA 
21- vkink çcU/ku ,oa lgk;rk foHkkx dh Website https://dmrelief.rajasthan.gov.in/# ij fofHkUu 
izdkj dh vkinkvksa ls fuiVus ds fy, vkink izca/ku ls lacaf/kr  jkT; Lrjh; ,oa ftyk 
Lrjh; Iyku@vkns'k@,DV@ifji=  vkfn miyC/k gS] ck<+ lafgrk esa ck<+ ds le; dh 
tkus okyh dk;Zokgh ds foLr`r fn'kk&funsZ'k fna;s x;s gSaA ck<+ lafgrk ds v/;k; &2 ds 
fcUnq la[;k vii ij lEcfU/kr foHkkxksa ds fy, vafdr funsZ'kkuqlkj le; ij dk;Zokgh 
lqfuf'pr dh tkosA jkT; dh vkink çcU/ku ;kstuk Hkh osc&lkbZV ij miyC/k gS ftlds 
Hkkx&2 esa ck<+ cpko dk;ksaZ dk foHkkxokj lEiw.kZ mYys[k fd;k x;k gS] ftlds vuqlkj 
dk;Zokgh lqfuf'pr dh tkosaA 
22- mijksDrkuqlkj okafNr lHkh lwpuk fcUnqokj rS;kj dj 05 fnol esa rFkk izfrfnu pkgh xbZ 
lwpuk funsZ'kkuqlkj izfrfnu fu/kkZfjr le; ij vko';d :i ls e; lkW¶V dkWih ¼fgUnh 
QkWUV gsrq DevLys 10½ bZesy relief.dausa@rajasthan.gov.in ij fHktokuk lqfuf'pr djsaxsA 
2- ty lalk/ku ,oa flapkbZ foHkkx %&    
1- 15 twu 2025 ls ck<+ fu;U=.k d{k dh LFkkiuk djukA 
2- eq[;ky; ij gj le; ftEesnkj vf/kdkjh dh mifLFkfr lqfuf'pr djukA 
3- ck<+ ;k vfro`f""V dh laHkkouk esa izR;sd rglhy ds ladVxzLr ,oa laosnu'khy {ks=kas dh 
lwph rS;kj dj tyHkjko dh fLFkfr dk lkeuk djus ds fy;s dk;Z ;kstuk rS;kj djukA 
4- foHkkx esa miyC/k ok;jysl lsVks dks dk;Z'khy j[kukA 
5- ftys dh izR;sd rglhy esa ck< +cpko ds miyC/k lalk/kuksa dks fpfUgr dj lwph e; uke 
irk o ljdkjh laxBuks dh igpku dj m uds ikl miyC/k lalk/ku@lkexzh dh lwph 
rS;kj dj miyC/k djok;k tkuk  ,oa vkink dh fLFkfr esa mudk mi;ksx djus dh 
O;oLFkk djukA 
6- o""kkZ dky esa ufn;k as] ugjksa] cka/kkas] rkykckas  vkfn ij fujUrj Hkze.k djrs gq, vkus okys 
ladV ds fo""k; esa vfxze psrkouh tkjh djukA 
7- o""kkZ vkus ij fdlh cka/k esa njkj vkus o VwVus dh laHkkouk gksus ij mls le; ls iwoZ gh 
Bhd djokukA 
8- ck/ka ds xsV [kksyus okys rFkk rduhdh :Ik ls  n{k deZpkfj;ksa dh lwph cukdj mUgas 
vius dk;Z LFky ij rSukr jgus gsrq ikcan djuk ,oa mudks vkikr fLFkfr ls fuiVus ds 
fy, izf'k{k.k nsukA 
9- laHkkfor ladV dh lwpuk,as rRdky ftyk Lrjh; o jkT; Lrjh;  vkink fu;U=.k d{k o 
lHkh lacaf/kr foHkkxksa dks fu;fer :Ik ls fHktok;k tkukA 
10- ftys esa fLFkr leLr NksVs cMs cka/k] rkykc] ,fudV~l dk losZ{k.k dj uk ,oa lQkbZ 
djokukA 
11- losZ{k.k esa ;fn tyk'k; dh ejEer djkus dh vko';d rk gks rks ;Fkk le; ejEer 
djokuk rkfd o""kkZ ds ikuh ds Hkjko ds nkSjku dksbZ leL;k mRiUu u gksus ik;sA "
114,PDF page 114,"114 
 
12- leLr cka/kaks rkykcksa] ,fudVkas dh Hkjko {kerk ,oa muds  dspesUV ,fj;k muds ykbZUM 
,fj;k ds laca/k esa foLRkkjiwoZd tkudkjh izkIr djukA 
13- ;fn fdlh {ks= esa ck<+ dh fLFkfr mRiUu gksrh gS vFkok dksbZ cka/k VwVrk gS ;k unh esa  
ikuh vf/kd vkrk gS rks ,slhs fLFkfr esa dkSu&dkSu ls xkao izHkkfor gks ldrs gS] mu xkoksa 
ds uke mudh tula[;k fpfUgr djuk ,oa mudh lqj{kk gsrq iz'kklu dh lgk;rk ls 
lqjf{kr LFkkuksa@LFkyksa dk p;u djuk o ogka rd igq¡pkus dk ekxZ r; djukA 
14- ty Hkjko@izokg ds vlqjf{kr LFkkuksa ij ladsrd yxokuk ,o a vf/kd HkhM+@fidfud 
LIkkWV ij iqfyl foHkkx ls leUo; dj lqj{kk O;oLFkk djokukA 
15- ftys esa fofHkUu cka/kksa esa ikuh ,oa Hkjko {kerk ls izfrfnu ck<+ fu;a=.k d{k dkss fyf[kr esa 
voxr djokukA 
16- cka/k@rkykc vkfn ds VwV&QwV ;k fjlko dh fLFkfr esa cpko ds fy, Ik ;kZIr ek=k esa 
dV~Vs jsr Hkjokdj vko';drkuqlkj cka/kks ij j[kokuk ,oa blds vykok [kkyh dV~Vks dh 
Ik;kZIr ek=k esa O;oLFkk j[kuk o jsr Hkjus ds LFkku dk igys ls gh fpUghdj.k djukA 
bu dV~Vks dks ;Fkk LFkku igqpkus ds fy, okgu e; okgu pkyd gj le; dk;kZy; esa 
miyC/k j[kukA 
17- ck<+ ds le; vko';d midj.k] tSls jLls] cfYy;k] VkWpZ] isVªksesDl] iEilsV] jcj V~;wc] 
ukoksa] j{kk  isfV;kas] elkyksa] VkWpksZa dh O;oLFkk djukA 
18- miyC/k iEilsV pkyw gkykr esa j[kuk vkSj bZ/ku dh i;kZIr O;oLFkk j[kukA  
19- eksVj cksV dgk¡&dgk¡  ls miyC/k gks ldrh gS bldh lwpuk rS;kj dj miyC/k djokukA 
20- lHkh cMs ck a/kksa ij le;&le; ij isVªksfyax djok dj lwpuk nsuk bl gsrq lacaf/kr  
rglhynkj ls leUo; dj iVokfj;ks ls mDr cka/kks dh pkSdlh djokuk rFkk xsV [kksyus 
dh lwpuk lacaf/kr rglhynkj@mi[k.M+ vf/kdkjh dks le; iwoZ fn;k tkukA 
21- ftys ds vPNs rSjkd] xkSrk[kksjksa dh lwph rS;kj dj miyC/k djokuk bl gsrq ftyk rSjkd     
la?k ls leUo; LFkkfir djuk rkfd vko';drk gksus ij mudh lsok yh tk ldsA  
22- foHkkx dk ck<+ cpko ls lacaf/kr dUVhtsUlh Iyku cukdj miyC/k djokukA 
23- tu LokLF; vfHk;kaf=dh foHkkx ,oa uxj ifj""kn~@uxjikfydk ls leUo; dj iEilsVksa 
dh lwph izkIr djukA 
24- ty izokg {ks=@ekxZ ls o""kkZ iwoZ vfrØe.k gVokukA 
3- tu LokLF; vfHk;kaf=dh foHkkx%& 
1- fnukad 15-twu 2025 ls fu;U=.k d{k LFkkfir fd;k tkosaA  
2- fupys {ks=ksa ls ikuh fudkyus gsrq iEilsVks dh O;oLFkk djuk rFkk miyC/k iEilsVks dh 
lwpuk e; miyC/krk LFkku miyC/k djokukA 
3- ty lalk/ku ,oa flpkabZ foHkkx ls leUo; dj tgk T;knk ck<+ vkus dh laHkkouk gS ogka 
T;knk iEilsVks dh O;oLFkk djukA 
4- is;ty L=ksrks ds DyksjhfQds'ku @Cyhp dh leqfpr O;oLFkk djuk rkfd nwf""kr is;ty 
tfur chekfj;ka QSyus dh laHkkouk u gksa A  
5- ikbZi ykbZuksa dk losZ djokdj lHkh  {kfrxzLr ikbZiykbZuksa dks Bhd djokuk rFkk ,slh 
fLFkfr esa is;ty dh oSdfYid O;oLFkk djus dh dk;Z;kstuk rS;kj djukA 
6- fo|qr dVkSrh dh voLFkk esa is;ty forj.k gsrq oSdfYid O;oLFkk djukA 
7- ftys esa LFkkfir lHkh vkjvks IykaV dks lfØ; j[kukA 
8- lHkh Vîwcosyksa@gSMiEiksa dks lfØ; djuk@djokukA 
 
4- [kk| ,oa ukxfjd vkiwfrZ¼jln½ foHkkx%& 
1- ck<+@ty Hkjko dh fLFkfr esa fu;U=.k d{k LFkkfir djukA "
115,PDF page 115,"115 
 
2- vfro`f""V vFkok ck<+ ds le; Ik;kZIr ek=k esa tuekul dks [kk| lkexzh miyC/k djokus 
dh O;oLFkk lqfuf'pr djukA  
3- mfpr ewY; dh nwdkuks a ij xsgWw] dsjkslhu ,oa vU; [kk| lkexzh ds Hk.Mkj.k] mlds 
forj.k ds LFkku dk mYys[k djuk ,oa i;kZIr ek=k esa lkexzh vkjf{kr j[kuk@j[kokukA 
4- ftys esa [kk|kUuksa dh dherksa vkSj pkjs dh miyC/krk ,oa LVkWd ij fujUrj fuxjkuh j[k 
dj fu;ekuqlkj dk;Zokgh djuk@djokukA 
5- ck<+ dh fLFk fr esa Lo;alsoh laxBuksa ls lg;ksx izkIr djus gsrq ,sls laxBuksa ,oa jln 
vkiwrhZ gsrq lHkh fgr/kkjdks dh lwph rS;kj djuk ,oa muls lEidZ cuk;s j[kukA 
6- ftys esa isVªksy] Mhty] dsjkslhu] ywczhdsfVax vkW;y vkfn i;kZIr ek=k esa fjtoZ j[kokukA 
5- LFkkuh; fudk; foHkkx¼uxj ifj""kn@uxjikfydk½ %& 
1- Ukxj ifj""kn@uxj ikfydkvksa ds dk;kZy;ksa esa fnukad 15 twu 2025 ls fu;U=.k d{k 
LFkkfir djukA 
2- 'kgj dh lM+dksa dh ejEer djokuk o fo'ks""k vfHk;ku pyk dj ukys@ukfy;ksa@xVj 
vkfn dh lQkbZ dh O;oLFkk 15 twu ls iwoZ izkFkfedrk ls dj okuk] ftlls ckfj'k ds 
ekSle esa foHkkx ,oa vketu nksuksa dks leL;k dk lkeuk uk djuk iMs+ ] bl gsrq iwoZ ds 
o""kZ esa izkIr f'kdk;rksa dk voyksdu dj mudk fuLrkj.k djokuk 
3- o""kkZ ds ekSle esa ePNjksa ij fu;a=.k djus gsrq foHkkx ds ikl Qksfaxax e'khu ls Qksfx ax 
djokuk ,oa Qksfxax e'khuksa dh lwph miyC/k djok;k tkukA 
4- fupys Lrj ls izHkkfor O;fDr;ksa@cfLr;ksa dks Åaps {ks=ksa esa vLFkk;h :Ik ls jgus gsrq ogka 
fLFkr /keZ'kkyk lkoZtfud LFky] fo|ky; Hkou vkfn dks fpfUg~r dj lwph miyC/k 
djokukA 
5- ck<+@vfro`f""V ds ,df=r ikuh dks fudkyus ds fy;s iEilsVksa dk izcU/k djuk 
6- e`r Ik'kqvksa] eyck] dpjk vkfn dks gVkus ,oa lqj{kkRed LokLF; mik;] tSls eysfj;k jks/kh 
mik;] dVs gq, Qykas ,oa lfCt;ksa dks [kqys esa foØ; ij izfrca/k vkfn O;oLFkk djukA 
7- vko’;d cpko midj.kksa@lalk/kuksa dh [kjhn ,oa j[k& j[lw[ks lqfuf’pr djukA 
8- ty izokg {ks=@ekxZ ls vfrØe.k gVokukA 
9- vkikr fLFkfr gsrq lqjf{kr LFkkuksa@LFkyksa dk p;u djuk rFkk ogk ij vk/kkjHkwr lsokvksa 
dh miyC/krk lqfuf'pr djukA 
10- vkink ds le; vf/kd ls vf/kd yksxksa dks cpko dk;Z esa yxkuk ,oa jkgr iznku djukA 
11- fu;ekuqlkj eujsxk vkSj ,sl h vU; ;kstukvksa ds rgr ty lap;  lajpuk dk fuekZ.k o 
ftys esa fLFkr ty lap; lajpukvksa@tyk’k;ksa dh lkQ lQkbZ rFkk lHkh 
Vîwcosyksa@gSMiEiksa dks lfØ; djuk@djokukA 
6- fpfdRlk ,oa LokLF; foHkkx%& 
1- 15 twu 2025 ls ftyk eq[;ky; ij ck<+ fu;a=.k d{k dh LFkkiuk djukA 
2- o""kkZ] vfro`f""V ,oa ck<+ dh fLFkfr esa chekjh dk izdksi gksus dh laHkkouk ls fuiVus ds 
fy, ftys ds leLr jsQjy vLirky@izkFkafed Lok LF; dsUnzksa@mi LokLF; dsUnzks ,oa 
iksLV dsUnzksa ij Ik;kZIr ek=k esa thou j{kd nokb Z;k¡ ,oa o""kkZ ls QSyus okyh ch ekfj;ksa 
tSls& gStk] ihfy;k] eysfj;k] Ropk] laca/kh chekfj;k¡] QwM ikWbtfuax vkfn ds bZykt gsrq 
Ik;kZIr ek=k esa nokbZ;k¡ miyC/k j[kukA 
3- fdlh {ks= esa vf/kd la[;k esa ejht gksus ij ejhtksa dks ikl ds vLirky esa f'k¶V djus 
dk jksM+ eSi rS;kj djuk rFkk vklikl ds {ks= esa cpko gsrq fo'ks""k iz;kl djukA 
4- vfro`f""V@ck<+ ds nkSjku vko';drk vuqlkj eksckbZy fpfdRlk ny ds xBu dh O;oLFkk 
djukA  
5- nwf""kr ty ls cpko gsrq Dyksjhu dh Ik;kZIr O;oLFkk j[kh tkosA "
116,PDF page 116,"116 
 
6- fctyh dVkSrh dh fLFkfr esa fpfdRlky;ksa esa tujsVjksa dh O;oLFkk djukA 
7- fo'ks""k vfHk;ku pyk dj lHkh fpfdRlky;ksa ds ifjl jksa ds ckgj o vUnj ls lQkbZ 
djokuk ,oa ty fudklh vkfn dh O;oLFkkvksa dks nq:Lr djokukA 
8- ckfj'k ds nkSjku vLirkyksa dh Nrksa ls ikuh fjlko ;k vU; leL;k mRiUu uk gks ds 
fy, losZ djokdj 15 twu ls iwoZ ejEer djok;k tkukA 
9- lHkh vLirkyksa esa ihus ds ikuh dh O;oLFkk dks nq:Lr djokuk] bl gsrq ikuh dh Vafd;ksa 
dh lQkbZ djokukA 
10- vketu dks ekSleh chekfj;ksa fo'ks""kr% ck<+ ;k vfro`f""V ls gksus okyh chekfj;ksa ds ck jsa esa 
igys ,oa ckn esa D;k djsa vkSj D;k u djsa ds laca/k esa iEiysV pLik dj ;k vk'kk 
lg;ksfxfu;ksa ds ek/;e ls tkx:d djukA 
7- Hkkjr nwjlapkj foHkkx%& 
1- ftyk Lrjh; fu;U=.k d{k dk VkW y Qzh uEcj 1077 ,oa vkink dUVªªksy  :e ds ua0 
01427&224903 dks gj le; pkyw fLFkfr esa j[kukA 
2- ck<+@vfro`f""V ls lapkj O;oLFkk vLr&O;Lr u gks bl gsrq dk;Z;kstuk rS;kj dj 
dk;Zokgh djukA 
3- fu;a=.k d{k ls lans'k izkIr gksrs gh lapkj O;oLFkk esa lq/kkj djokukA 
4- vko';drk gksus ij eksckbZy VkolZ LFkkfir djus dk izcU/k j[kukA 
8- iqfyl foHkkx%& 
1- gksexkMZ ,oa vkj0,0lh0 dh izf'kf{kr o vU; dEifu;ksa dks rS;kj j[kukA 
2- ck<+ ls lacaf/kr fdlh Hkh rjg dh lwpuk fdl h Hkh foHkkx }kjk izkIr gksus ijs ml lans'k 
dks rRdky izlkj.k djus dh O;oLFkk djus gsrq lHkh iqfyl Fkkuksa ds Fkkukf/kdkfj;ksa dks 
ikcan djukA 
3- Ik;kZIr ek=k esa rSjkd ,oa ukoksa dh O;oLFkk rFkk xksrk[kksjksa dh miyC/krk lqfuf'pr 
djukA 
4- Ik;kZIr thou j{kd ;a=ksa tSls ykbZQ tSfdV] jLls] VkpZ] lapkj ra= dkuwu O;oLFkk bR;kfn 
dh miyC/krk djukA 
5- cpko ;a= fdjk;s ij miyC/k djokus okyh QekasZ dh lwph rS;kj djuk ,oa  lacf/kr QekZs 
dks ck<+ lsa izHkkfor LFkkuksa ij cpko ;a= rRijrk ls miyC/k djokus gsrq ikcan djuk bl 
gsrq iwoZ esa gh fufonk vkeaf=r dj njsa r; djokukA 
6- xksrk[kksjkas dks izf'k{k.k fnyokuk rkfd vko';drk iM+us ij xksrk[kksjksa dh deh ugh iM+sA 
7- iqfyl foHkkx viuk dUVhatsalh Iyku rS;kj dj miyC/k djokukA 
8- vkink izHkkfor LFky ij igqapdj tu lewg dks laHkkyuk 
9- cpko dk;ksZa esa iz’kklu dh enn djukA 
10- [kkst] cpko o LFkkuksa dks [kkyh djokus ds fy, vfrfjDr laLFkkvksa tSls gksexkMZ] ,u -lh-
lh- bR;kfn dh lgk;rk ysukA 
11- Ykksxksa ds tku eky dh j{kk djuk o dkuwu O;oLFkk cuk;s j[kukA 
12- vkink xzLr {ks=ksa esa ;krk;kr O;oLFkk dks lqpk: cukukA 
13- ck<+ esa Qal s@fupys LFkkuks ij jgus okys  yksxksa dks cpkus dk dk;Z rRdky djuk ,oa 
mUgsa lqjf{kr mPp LFkkuksa ij igqapkus dh O;oLFkk iqfyl foHkkx ds tokuksa }kjk djokukA 
14- ty Hkjko@izokg ds vlqjf{kr LFkku tgka fidfud LIkkWV gks ;k vf/ kd HkhM+ okyk {ks= 
gks ogk¡ ij lqj{kk O;oLFkk djokukA 
15- xr o""kksZa esa ,lMhvkj,Q en ls miyC/k djk;s x;s midj.kksa dh lwph rRdky mi;ksx 
dh n`f""V ls rS;kj j[kuk rFkk ;Fkk vko';drk izkFkfedrk ij miyC/k djokukA "
117,PDF page 117,"117 
 
16- vf/kd ty Hkjko@cgko {ks= tgka ij vf/kd HkhM+ ;k vkokxeu jgrk gS ogk ij lqj{kk 
tkCrk rSukr djukA 
9- fo|qr foHkkx nkSlk %& 
1- fnukad 15 twu 2025 ls fu;U=.k d{k LFkkfir djukA 
2- o""kkZ] vfro`f""V ,oa ck<+ ds le; fo|qr ykbZuksa ds {kfrxzLr g ksus ls tu thou ij  
foijhr izHlw[ks iM+rk gSA vr% {kfrxzLr ikoj ykbZuksa ls rq jUr fo|qr laca/k foPNsn djus 
,oa ejEer gsrq vko';d lkexzh okgu ,oa fo|qr midj.kk sa dk i;kZIr  LVkWd miyC/k 
j[kukA 
3- tgka dgh fo|qr ykbZusa isM+kas ds utnhd gS mudh tkap djok dj dVkbZ@lQkbZ O;oLFkk 
djukA 
4- Hkh""k.k xehZ ds dkj.k fo|qr ykbZuksa ds rkj ywt gksus l s mudh fu/kkZfjr nwjh de gksus ls 
rst gok ds dkj.k vkil esa Vdjkus dh laHkkouk c<+ tkrh gSA ftlls vfXu nq?kZVuk gks 
ldrh gSA blds fy, fo|qr ykbZuksa dk losZ djok dj  nq:Lrhdj.k dk dk;Z le; ij 
djokukA 
5- <hys rkjksa dks dlus o dusD'kuksa dks VkbZV djus ,oa tehu ij iM+sa VªkalQkeZj ksaa dks  
Mh0ih0 ij j[kokukA 
6- ckfj'k@vka/kh rwQku ls fxjus okys iksy@VªkalQ keZjksa ,oa QkYV dks 'kh?kz nq:Lr djokus 
dh dk;Z;kstuk 'kgjh ,oa xzkeh.k {ks= nksuksa ds fy, rS;kj djukA 
7- foHkkx ds lHkh vfHk;arkvksa dks viuk eksckbZy pkyw j[kus ,oa vketu dh f'kdk;rksa dks 
lquus gsrq ikcan djukA  
10- i'kqikyu foHkkx nkSlk%& 
1- fnukad 15 twu 2025 ls fu;U=.k d{k dh LFkkiuk djukA 
2- ck<+@vfro`f""V ds le; i'kqvksa esa QSyus okyh chekfj;ksa ds bZykt ds fy;s i;kZIr nokbZ;ksa 
dh O;oLFkk lqfuf'pr djukA 
3- ftys ds leL r i'kq fpfdRlky;ksa ij vko';d oSD lhu ,oa vkS""kf/k;ksa dh O;oLFkk 
lqfuf'pr djukA 
4- ck<+@vfro`f""V ds dkj.k i'kqvksa esa  QSyus okyh ekSleh chekfj;ksa ds mipkj  gsrq eksckby 
Vheksa dk xBu dj fpfdRlk lqfo/kk miyC/k djokuk ,oa oSDlhuslu djokukA 
5- eksckby Vheksa dks  ftyk eq[;ky; ,oa mi[k.M@rglhy eq[;ky; ij mDr lqfo/kk ds 
lkFk miyC/k j[kukA 
6- ck<+ izHkkfor {ks=ksa esa pkjs] i'kq vkgkj dh O;oLFkk lqfuf'pr djukA 
7- e`r i'kqvksa dk iapk;r@uxj fudk; foHkkx ds lg;ksx ls lqjf{kr fuLrkj.k djokukA 
8- xkS'kkyk esa xkSoa'k dks lw[ks LFkku ij j[kus gsrq xkS'kkykvksa esa lw[kh jsr vkfn dh O;oLFkk 
djokukA 
11- lkoZtfud fuekZ.k foHkkx nkSlk%& 
1- fnukad 15 twu 2025 ls fu;U=.k d{k LFkkfir djukA 
2- izfrfnu ck<+ vkink ls lM+dksa] iqfy;kvksa dh {kfr ,oa ;krk;kr vo:) gksus dh lwpuk 
rqjar ftyk fu;a=.k d{k] dysDV ªsV] nkSLkk dks fn;k tkuk rFkk izfrfnu mDr dh fyf[kr 
fjiksVZ tfj;s bZ esy relief.dausa@rajasthan.gov.in ij izsf""kr djukA 
3- ,sls lkoZtfud Hkouksa dh igpku dj lwph rS;kj djuk  tks o""kkZ dky esa fxj ldrs gS  
rFkk mudh ejEer djokuk] bl laca/k esa Nr ls ikuh Vidus dh f'kdk;rksa dk vko';d 
:i ls fuLrkj.k djok;k tkuk ,oa vuqi;qDr ik;s tkus ij fu;ekuqlkj fuLrkj.k 
djokuk] ;fn bl gsrq ctV dh vuqiYc/krk gks rks vfoyEc izLrko lacaf/kr l{ke 
vf/kdkjh dks izLrqr djukA  "
118,PDF page 118,"118 
 
4- lMdksa ds isp odZ lacaf/kr dk;Z o""kkZ ls iwoZ iw.kZ djokukA 
5- lM+d ekxZ ls xqtjus okys unh&ukys] ij gksd j o""kkZ dk ikuh cgus okys LFkkuksa dks 
fpfUgr dj nksuks a vkssj fu;ekuqlkj lkbZu cksMZ] ikuh ds Lrj iznf'kZr djus gsrq xst o 
psrkouh lans'k cksMZ@tathj  yxk dj ;krk;kr izcaf/kr djuk rFkk oSdfYid ekxZ dh 
O;oLFkk djukA 
6- laHkkfor [krjksa okys lM+d ekxZ ls xqtjus okys unh&ukys] jiV] dYoVZ@¶y'k@oSUVsM 
dktos vFkok lceflZcy iqy tgka ikuh dk cgko@Hkjko vf/kd gks ldrk g]S ogka ekXkZ 
ij fpukbZ ds fiyj cuokdj ogk¡ yksgs dh eksVh lkady cU/kokuk@¶yMxst yxokukA  
7- ikuh ds vf/kd c gko okys lM+d ekxZ ds nksuksa vksj lqj{kk tkCrk yxok;k tkuk rFkk 
oSdfYid ekxZ dh O;oLFkk djukA 
8- lM+d ds uhps ls xqtjus okys lHkh ukyksa@iqfy;kvksa dh lQkbZ djokuk rkfd ckfj'k ds 
ikuh dk izokg ckf/kr uk gksA  
9- iwoZ ds o""kZ esa izkIr f'kdk;rksa dk voyksdu dj mudk le; iwoZ fuLrkj.k ;k oSdfYid 
O;oLFkk djok;k tkukA 
10- vko';drk vuqlkj lqjf{kr ,oa lqyHk {ks= esa [kkyh lhesaV cSxksa esa jsr Hkjokdj j[kuk 
rFkk bldh lwpuk miyC/k djokukA 
11- vkink i'pkr~ cpko dk;Z rqjar izkjEHk djus gsrq foHkkxh; laosnuksa ds vfrfjDr ftyk 
ifjogu vf/kdkjh ls leUo; dj Hkkjh ;kaf=d e'khus Øsu] yksMj] MEij] tslhch vkfn dh 
lwph izkIr dj bl dk;kZy; ,oa mi[k.M+ vf/kdkjh dh fuxjkuh esa rglhy Lrj ij 
lapkfyr fu;a=.k d{k dks miyC/k djok;k tkukA 
12- fdjk;s ij fy;s tkus okys cpko midj.k ,oa ;kaf=d e'khuksa dh njksa dk vuqeksnu 
djokdj foHkkx dh osclkbZV ij iznf'kZr djokukA 
13- ftyk dyDVj dk;kZy; ds fu;a=.k d{k esa fo|qr vkiwfrZ ckf/kr uk gks ds fy, lk -fu-fo- 
dh fo|qr 'kk[kk dks ikcafnr djukA  
14- vfro`f""V vFkkZr 24 ?kaVs esa 65 ,e,e ls vf/kd ckfj'k gksus ij lacaf/kr {ks = dh eq[; 
ftyk lM+d ,oa vU; dk fujh{k.k vf/k'kk""kh@lgk;d vfHk;ark Loa; ds }kjk vko';d 
:i ls djukA 
15- lM+d ekxZ ij ikuh Hkjus ij rqjar fudklh dh O;oLFkk djukA 
16- iquokZl f'kfojksa ds fy, {ks= fpfUgr dj lwph lacaf/kr mi[k.M+ vf/kdkfj;ksa dks miyC/k  
djokukA 
17- ftys esa fLFkfr lHkh gsyhisMksa dk fujh{k.k djuk ,oa muds dkWfMZusV~l dh lwpuk miyC/k 
djok;k tkukA 
18- ftu jktdh; Hkouksa esa ty laxzg.k lajpuk gS mls nq:Lr djok;k tkukA 
19- ftys ds leLr jktdh; Hkouksa dh Nr ,oa ukyksa dh lQkbZ djuk@djokuk ,oa 
foHkkxk/;{k ls bl laca/k esa izek.k i= izkIr djukA 
20- ck<+ vkink esa izHkkforksa ds Hkouksa esa gq, uqdlku dk vkadyu djukA 
12- f'k{kk foHkkx %& 
1- ftys ds leLr jktdh;@futh fo|ky;ksa @ lekt dY;k.k foHkkx ds Nk=kokl Hkoukas 
egkfo|ky;ksa ds Hkouksa dh tkap djokdj ejEer djokuk rkfd fdlh Hkh izdkj dh {kfr 
gksus dh laHkkouk u jgsA 
2- iapk;r lfefr ds v/khu fo|ky; Hkouksa dh tkWp djuk ,oa ejEer dk;Z gsrq izfrosnu 
vfr0 eq[;  dk;Zdkjh vf/kdkjh ¼f'k{kk½ ftyk ifj""kn] nkSlk dks izLrqr djukA "
119,PDF page 119,"119 
 
3- ftys ds vU; fo|ky;ksa@ Nk=koklksa ds Hkoukas dh lwpuk ladfyr dj ftyk f 'k{kk 
vf/kdkjh ¼ek/;fed½ nkSlk dks izLrqr djsxsa vkSj ;fn mUgsa [kkyh djkus dh vko';drk 
gks rks rn~uqlkj dk;Zokgh dh tkosaA 
13- jktLo foHkkx%& 
1- lHkh rglhy eq[;ky; ij fnukad 15 -06-2025 ls vkink fu;U=.k d{k dh LFkkiuk 
djukA 
2- ck<+ ls gqbZ tu gkfu] i'kqgkfu rFkk {kf rxzLr edkuksa] jkgr dk;kasZ] rSukr fd;s x;s jkgr 
nyksa ,oa cpk;s x;s O;fä;ksa vkfn dh lwpuk çfrfnu layXu çi=ksa esa  bl foHkkx dks 
tfj;s bZ&esy relief.dausa@rajasthan.gov.in ij vko';d :i ls çkr% 08-00 ,-,e- ,oa lka; 
03-00 ih-,e ij izsf""kr djukA 
3- lHkh mi[k.M+ vf/kdkfj;ksa }kjk iwoZ ds o""kZ esa izkIr f'kdk;rksa dk voyksdu dj lacaf/kr 
foHkkxkass ls leUo; dj 15 twu ls i woZ mudk LFkk;h fuLrkj.k ;k oSdfYid O;oLFkk 
djokukA 
4- leLr rglhynkj }kjk vius v/khuLFk vkus okys o""kkZ ekid ;a=kas dk fujh{k.k dj NksVh 
eksVh [kkfe;ksa dks nq:Lr djokukA 
5- o""kkZ ekih ;a= [k jkc gks x;k gks rks rqjUr ftyk fu;a=.k d{k dks lwfpr djuk ,oa 
rRdky Hkw& vfHkys[k vuqHkkx ls laidZ dj ejEer djok;k tkukA 
6- ftys ds leLr jktLo vf /kdkfj;ksa dks eq[;ky; ij gh mifLFkr jgus gsrq ikcan djuk 
,oa oDr Hkze.k o""kkZ vfro`f""V  ck<+] rkykcksa] ck/kksa ,uhdVksa dh lwpuk vius v/khuLFk 
jktLo deZpkfj;kssa ls izkIr djuk ,oa  iVokjh@Hkw&vfHkys[k fujh{kd }kjk fd;s x;s 
fujh{k.kksa dk vadu viuh nSfud M k;jh esa djuk ,oa fujh{k.k dh fjiksVZ vius rglhy 
eq[;ky; ij LFkkfir fu;a=.k d{k dks nsukA 
7- mi[k.M vf/kdkfj;ksa }kjk vius&vius {ks=ksa esa cSBd vk;ksftr dj Iyku ,oa rglhy Lrj 
ij lacaf/kr foHkkxksa }kjk ck<+ cpko gsrq fd;s tkus okys dk;ksZa dh leh{kk djukA  
8- ck<+ izHkkfor xkaoksa] vkJ; LFkyks ,oa izeq[k cka/k ,oa ck<+ cpko dk;Z ds vU; fgr/kkjdksa 
dh lwph rS;kj dj miyC/k djokukA 
9- mi[k.M vf/kdkjh rglhy {ks= ds fu;a=.k d{k dh fujUrj fuxjkuh j[ksaxs rFkk lacaf/kr 
foHkkxksa esa lkeatL; cuk, j[ksaxsA 
10- rglhy Lrj ij LFkkfir vkink fu;U=.k d{k }kjk lwwpukvksa dk vknku&iznku le; ij 
djus dh iq[rk O;oLFkk djsxsA o""kkZ]  cka/kksa ds Hkjko laca/kh lwpuk,a ,oa tu&/ku gkfu dh 
nSfud lwpuk ¼fu/kkZfjr izi= esa½ ,oa lans'k nwjHkk""k ij ftyk fu;a=.k d{k dks ,oa 
Hkw&vfHkys[k vuqHkkx dks izLrqr djsaxsA 
11- ty izokg {ks=@ekxZ ls vfrØe.k gVokukA 
12- ,sls LFkkuksa dks fpfUgr djokuk t gk¡  ikuh esa cPpksa ;k vU; ds Mwcus dh laHkkouk gks 
ldrh gS rFkk bl ds laca/k esa lqj{kkRed dne mBkukA 
13- {ks= esa izkd`frd vkink ls gksus okyh edku@i'kq@tu gkfu dh lwpu k bl dk;kZy; dks 
fHktokuk rFkk ihfM+r dks tkudkjh iznku djokrs gq, CMRF/SDRF fu;ekuqlkj lgk;rk 
iznku djokus gsrq dk;kZy; }kjk tkjh funsZ'kksa dh ikyuk djrs gq, vko';d dk;Zokgh 
djukA  
14- vkikr fLFkfr gsrq lqjf{kr LFkkuksa@LFkyksa dk p;u djuk rFkk ogk ij vk/kkj Hkwr lsokvksa 
dh miyC/krk lqfuf'pr djuk@djokukA 
 
 
 "
120,PDF page 120,"120 
 
14- ftyk lwpuk ,oa tu lEidZ foHkkx%& 
1- laHkkfor ck<+ ,oa lgk;rk dk;Z gsrq lacaf/kr psrkouh ,oa tkudkjh izlkfjr djukA 
2- lekpkj i=ksa@lks'ky ehfM+;k ;k vU; ek/;e ij izlkfjr gksus okyh vQokgksa dh 
fuxjkuh j[kuk ,oa m udk [kaMu djrs gq, lacaf/kr foHkkx ls lgh lwpuk izkIr dj 
izlkfjr djuk ,oa f'kdk;rksa dks lacaf/kr foHkkx dks izsf""kr djukA 
3- vketu dks ck<+@pØokr@vkdk'kh; fctyh fxjus ls iwoZ ,oa ckn esa D;k djsa ,oa D;k 
u djsa ds laca/k esa tkx:d djukA 
4- ,uMh,e, }kjk rS;kj dh xbZ lpsr ,oa nkfeuh ,i ds ckjsa esa ,oa iwoZ psrkouh lans'kksa ds 
laca/k esa fj;y VkbZe esa vketu dks voxr djokukA 
5- fefM+;k esa izlkfjr ck<+@pØokr@vkdk'kh; fctyh ds dkj.k vkink dh 
lwpuk@f'kdk;r vkfn dh lwpuk izfrfnu ,df=r dj fjiksVZ djukA 
6- vketu dks voxr djokus gsrq egRoiw.kZ nwjHkk""k la[;k ftyk fu;a=.k d{k dysDVªsV] 
nkSLkk 01427&224903@ftyk ,oa CykWd fu;a=.k d{k ds nwjHkk""k@1077 vkfn ds laca/k esa 
izsl ehfM+;k@lks'ky ehfM+;k ds tfj;s izpkj izLkkj djukA 
15- iwy vuqHkkx%&  
1- ck<++ fu;a=.k d{k gsrq ,d okgu e; okgu pkyd vkoafVr djukA 
2- ljdkjh okguksa dh lwph rS;kj dj miyC/k djokukA 
3- ljdkjh okguksa esa ifCyd ,Mªsflax flLVe nq:Lr j[kukA 
16- Hkw&vfHkys[k vuqHkkx%& 
1- lHkh rglhynkjkas@uk;c rglhynkjksa@Hwk&vfHkys[k fujh{kdkas] ,oa iVokfj;ksa dks o""kkZ dky 
ds nkSjku eq[;ky; ij mifLFkr jgus gsrq ikcan djukA 
2- nSfud o""kkZ] tu&/ku] Ik'kq ,oa lEifÙk gkfu dh lwpuk vkink fu;a=.k d{k esa fu;fer 
:Ik ls miyC/k djok;k tkukA  
3- ftys dk HkkSxksfyd ,oa iz'kklfud ekufp+= ,oa lwpuk miyC/k djokukA 
17- x`g lqj{kk ,oa izf'k{k.k foHkkx %& 
1- i;kZIr la[;k esa rSjkd ,oa iwoZ o""kZ ds vuqHkoh Lo;a lsodksa dh lwph rS;kj djukA 
2- rSjkd@xksrk[kksjksa dks izf'k{k.k nsuk ,oa lwph miyC/k djokukA 
3- ekWd fMªy dk vk;kstu djokukA 
18- jsy ifjogu %& 
1- o""kkZ esa jsyos iqyksa ,oa v.Mjikl esa Hkkjh ek=k es ikuh ,d= gks tkrk gS ftlls vketu 
dks fudkyus es ijs'kkuh gksrh gSaA vr% ,sls LFkkuksa dks igpkudj mu LFkkuksa ,oa miyC/k 
iEi lsVksa lwph rS;kj dj fHktokukA 
2- fo'ks""k dk;Z;kstuk cukdj ikuh fudklh dh rRdky O;oLFkk djokukA 
3- ikuh fudklh gsrq miyC/k lalk/kuksa dh lwph miyC/k djokukA 
19- ukxfjd lqj{kk foHkkx%&  
1- 15 twu ls ck< fu;a=.k d{k dh LFkkiuk ,oa izf'kf{kr ukxfjd lqj{kk Lo;alsodksa dks e; 
vko';d cpko midj.kksa ds rSukr djukA 
2- iqfyl foHkkx ,oa x`gj{kk ,oa ,lMhvkj,Q ds lkFk leUo; LFkkfir djuk 
3- dUVªksy :e ij izkIr gksus okyh lwpuk dks lacaf/kr foHkkx dks voxr djokukA 
4- ftyk eq[;ky; ij izf'kf{kr rSjkd@xksrk[kksj@jsLD;wvj Loa; lsodksa dks rSukr djukA 
5- vkink ds le; mi;ksx gsrq fofHkUu foHkkxksa@ftyk eq[;ky; ij miyC/k lalk/kuksa dh 
lwph rS;kj djukA 
6- ukxfjd lqj{kk ;kstuk v|ru djukA "
121,PDF page 121,"121 
 
 
20- xzkeh.k fodkl ,oa iapk;rh jkt foHkkx%& 
1- lHkh xzke fodkl vf/kdkfj;ksa dks eq[;ky; ij jgus ,oa fdlh Hkh vkink dh lwpuk rqjar 
rglhy fu;a=.k d{k dks nsus gsrq ikcan djukA 
2- xzkeh.k {ks=@vkcknh {ks= esa ikuh Hkjko dh lwpuk ij mud k rRdky fuLrkj.k djokuk 
,oa ikuh fudklh dh O;oLFkk djokukA 
3- xzkeh.k {ks= ds ekxkaZs dk nq:Lrhdj.k djokuk ,oa oSdfYid O;oLFkk djuk@djokukA 
4- edku fxjus ;k vU; dkj.kksa ls cs?kj gq, ifjokjksa ds fy, vkikr fLFkfr esa jgus gsrq Hkou 
dh O;oLFkk djokukA 
5- iwoZ ds o""k Z esa izkIr f'kdk;rksa dk voyksdu dj 15 twu ls iwoZ fuLrkj.k@oSdfYid 
O;oLFkk djokukA 
6- ty izokg {ks=@ekxZ ls vfrØe.k gVokukA 
7- vkikr fLFkfr gsrq lqjf{kr LFkkuksa@LFkyksa dk p;u djuk rFkk ogk ij vk/kkjHkwr lsokvksa 
dh miyC/krk lqfuf'pr djukA 
8- fu;ekuqlkj eujsxk vkSj ,slh vU; ;kstukvksa ds rgr ty lap;  lajpuk dk fuekZ.k o 
ftys esa fLFkr ty lap; lajpukvksa@tyk’k;ksa dh lkQ &lQkbZ rFkk lHkh 
Vîwcosyksa@gSMiEiksa dks lfØ; djuk@djokukA 
21- eRL; ikyu foHkkx%&  
1- foHkkx ds ikl miyC/k ukoksa ¼ljdkjh@xSj ljdkjh½ dh lwpuk miyC/k djokukA 
22- lkaf[;dh foHkkx%&  
1- ftyk vkink izca/ku Iyku gsrq vko';d la[;kRed vkadMs+ miyC/k djokukA 
23- lekt dY;k.k foHkkx%&  
1- fo’ks""k ;ksX;tu O;fDr;ksa ds fooj.k dk vfHkys[k j[kuk ,oa lwph miyC/k djokukA 
2- fo’ks""k ;ksX;tu O;fDr;ksa dks tksf[ke dh fLFkfr;ksa ls voxr djokuk ,oa muds laj{k.k 
,oa leqfpr mik; djuk@djokukA 
3- fnO;kaxtu vf/kdkj vf/kfu;e 2016 ds v/;k; 02 dh /kkjk 8¼4½ ds vuqlkj tksf[ke] 
l’kL+= la?k""kZ ;k izkd`frd vkinkvks a ds mijkUr iqu% fuekZ.k dk;Zdykik as esa yxs gq, 
izkf/kdj.kksa ds ,sls dk;Zdykiksa dks fo’ks""k ;ksX;tu O;fDr;ksa dh igqap vis{kkvksa ds vuqlkj 
lEcfU/kr jkT; vk;qDr ls ijke’kZ djsxsaA 
4- vfro`f""V dks è;ku esa j[krs gq, fo'ks""k ;ksX;tuksa ds fy, lqj{kkik;ksa ¼lqxE;rk] [kku &iku] 
jgu&lgu] fpfdRlk] ifjp;kZ bR;kfn½ ,oa laj{k.k djus gsrq vko';d dk;Zokgh 
djuk@djokukA 
5- izkd`frd vkink lEcU/kh tkx:drk gsrq fo’ks""k ;ksX;tuksa ls laokn djus ds fy, dkfeZdksa 
dks fo’ks""k izf’k{k.k ¼lkbZu ySaXost esa laokn bR;kfn½ fn;k tkuk ¼bl gsrq ,uthvks ls Jh 
eukst Hkkj}kt ¼eks- u- 9829755550½ dh lgk;rk yh tk ldrh gSA½ 
6- lekt dY;k.k foHkkx ds Nk=koklksa dh Nr@ukyksa dh lQkbZ djokuk rFkk ifjlj dh 
lkQ lQkbZ djokuk rkfd ty izokg ckf/kr uk gks ;k ty Hkjko uk gksA 
 
 
 
 
 
 
 "
122,PDF page 122,"122 
 
24- lwpuk izkS|ksfxdh ,oa lapkj foHkkx%& 
1- nkSlk ftys dh osclkbZV https://dausa.rajasthan.gov.in ij ftyk@CykWd Lrjh; 
vf/kdkjhx.kksa ds nwjHkk""k la[;k dh lwpuk fujUrj v|ru djukA 
2- egRoiw.kZ vkns'k@ifji=@lwpukvksa dks ftys dh osclkbZV ij iznf'kZr djukA 
3- fofHkUu izdkj dh vkink ds le; D;k djsa o D;k u djsa ds laca/k esa ,uMh,e, }kjk 
tkjh fn'kk funsZ'kksa dk  fyad https://www.ndma.gov.in/sites/default/files/PDF/pocketbook-do-
dont-hindi.pdf  ftys dh osclkbZV ij iznf'kZr djukA 
4- ftyk vkink izca/ku ;kstuk ,oa ukxfjd lqj{kk ;kstuk dks nkSlk ftys dh osclkbZV 
https://dausa.rajasthan.gov.in ij iznf'kZr djokukA  
25- d`f""k foHkkx%& 
1- dsaæh; 'kq""d Hkwfe —f""k vuqla/kku laLFkku ¼lhvkjvkbZMh,½] Hkkjrh; —f""k vuqla/kku ifj""kn 
¼vkbZlh,vkj½ vkSj jkT; —f""k fo'ofo|ky;ksa o ftys ds vU; lacaf/kr foHkkxksa ds lkFk 
leUo; dj Hkkjr ljdkj }kjk fodflr lw[k as dh fuxjkuh vkSj çca/ku ls lgk;rk o 
ftys dh fLFkfr vuqlkj ladV çca/ku ;kstuk  ¼lh,eih½ vkSj ftyk —f""k vkdfLed 
;kstukvksa ¼Mh,lhih½ blh ekg rS;kj dj miyC/k djokukA 
2- vkdfLed ;kstukvksa ds vuqlkj chtksa dk vkdyu dj i;kZIr ek=k esa mfpr fdLeksa ds 
chtksa dh miyC/krk lqfuf'pr djukA 
3- lw[ks ds lHkh lads rdksa dh fuxjkuh  j[kuk tSls o""kkZ ds nSfud MsVk dk laxzg] ty 
HkaMkj.k dh fLFkfr] ikuh dh miyC/krk vkSj vkiwfrZ vkSj cqokbZ dk;ksaZ dh çxfr] [kk|kU uksa 
dh dher vkSj pkjs dh miyC/krkA 
4- vko’;drkuqlkj ftyk lw[kk@vkink çca/ku lfefr dk xBu djokdj cSBd vk;ksftr 
djokukA 
  "
123,PDF page 123,"123 
 
 
v/;k; % 18  
ck<+ ds nkSjku vU; izdkj dh vkink 
1- vksyko`f""V%&  
 vksyko`f""V ,d ,slh izkd`frd vkink gS ftldk vkdyu iwoZ esa ugha fd;k tk 
ldrkA ;g izd`fr dk izdksi gS tks vka/kh dh rjg vkrk gS ,oa rwQku dh rjg pyh 
tkrk gSA bldk dksbZ fuf’pr LFkku ugha gksrk rFkk ;g gok ds :[k ,oa mldh xfr 
ds vuqlkj mlh fn’kk esa {kfr xzLr djrs gq, fudyrk gSA  
 vksyko`f""V ds dkj.k lokZf/kd uqdlku Qlyksa o Qynkj o`{kksa dks gksrk gS rFkk 
tu ,oa i'kq gkfu dh laHkkouk,a Hkh jgrh gSA 
 vksyko`f""V ls iwoZ%&  
o psrkouh tkjh djuk%&  ekSle foHkkx ls izkIr fj;y VkbZe psrkouh vket u rd 
tfj;s bysDVªksfud fefM+;k] jsfM+;ks o lks'ky fefM+;k ds tfj;s igq¡pkukA 
o psrkouh ij {kfr dks de djus dh rS;kjh%& 
 O;fäxr lqj{kk%& 
tSls vksyko`f""V ds nkSjku ?kjksa ds vanj jgsa vkSj f[kM+fd;ksa vkSj njoktksa ls nwj 
jguk ,oa isM+ksa ds uhps 'kj.k ysus ls cpukA  
 laifÙk lqj{kk%& 
tSls viuh dkjksa dks xSjst esa ;k lqjf{kr LFkku ij ik dZ djuk] Nrksa dh lqj{kk 
ds fy, jcj dh Nr lkexzh dk mi;ksx djuk ,oa lksyj iSuyksa dh lqj{kk 
djukA 
 —f""k lqj{kk%& 
tSls vksyko`f""V jks/kh tky dk mi;ksx djds Qlyksa dh lqj{kk djuk ,oa viuh 
Qly dk chek djok dj Qly chek ;kstuk esa 'kkfey gksukA 
 vksyko`f""V ds ckn%& 
 vksyko`f""V ls vuko’;d tu/ku@i'kq/ku@Qlyksa dh gkfu dk vkadyu djus gsrq 
iz'kklu }kjk rRdky mi[k.M vf/kdkjh@rglhynkj dks funsZf'kr djukA 
 ftyk iz’kklu] mi[k.M vf/ kdkjh] rglhynkj] iVokjh] fxjnkoj }kjk nkSjk dj 
{ks=h; turk ls lai dZ dj tu@i’kq/ku dh gkfu ij rkRdkfyd jkgr miyC/k 
djkuk rFkk vksyko`f""V ls ihfMr xkaoksa dks fpfUgr djrs gq, Qlyksa dks gq, 
uqdlku ds ckcr fdlkusa dks jkgr igqapkus dh O;oLFkk djukA 
2- cka/k VwVuk%& 
lkekU;r% o""kkZ ds ty izokg dks jksd dj ty dk mi;ksx d`f""k flapkbZ] m|ksxksa dks tykiwfrZ 
djus ,oa is;ty gsrq cka/kksa dk fuekZ.k fd;k tkr k gSA jktLFkku tSls 'kq""d ,oa v)Z’kq""d 
tyok;q okys jkT; esa ty dk vR;f/kd egRo gSA bl {ks= esa cawn&cwan ty laxzfgr djus 
dh ifjikVh jgh gSA blh ds QyLo:i izns’k dh turk] tks fd d`f""k ij fuHkZj gS] viuh 
vkthfodk pykrh gSA ogha nwljh vksj dHkh&dHkh vR;f/kd o""kkZ dh fLFkfr esa ;gh cka/k budh  
vkthfodk ds lkFk&lkFk tku ysus ij Hkh mrk: gks tkrs gSA bldk dkj.k cka/k ds 
j[k&j[lw[ks es ykijokgh cjruk gks ldrk gSA cka/kksa ds VwVus dh fLFkfr esa fudVorhZ {ks=ksa esa 
ck< dh fLFkfr mRiUu gks tkrh gSA 
 
 "
124,PDF page 124,"124 
 
 cka/k dk j[k j[kko djuk%& 
 fu;fer :i ls fujh{k.k djukA 
 fujh{k.k ds nkSjku ikbZ xbZ dfe;ksa dk rRdky fuLrkj.k djokukA 
 cka/kksa dh nhokjksa ds detksj Hkkxksa dh rRdky ejEer djokukA  
 o""kkZ iwoZ cka/kksa ij cus vfr ty fudkl }kjksa dh xzhflax djukA 
 ty fudkl }kjksa dks [kksyus gsrq vko’;d midj.k tSls% psu] jLlk] pkch 
vkfn dh tkap Lo;a vf/kdkfj;ksa }kjk fd;k tkukA 
 cka/kksa ij f’k¶V vuqlkj rSukr pkSdhnkjksa dks lko/kku djukA 
 dVko ls cpko ds mik; djuk%&  cka/kksa ds vkl &ikl dh txg ij ouLifr 
vkSj eycs dks gVkukA 
 deZpkfj;ksa dks izf'k{k.k nsuk%& cka/kksa ds j[kj[kko] lapkyu vkSj lqj{kk ls 
lacaf/kr fu;fer çf'k{k.k nsukA 
 fu;U=.k d{k dh LFkkiuk djuk 
 cka/k ds VwVus dh laHkkouk ;k VwVus ij iwoZ psrkouh tkjh djuk ftlls vketu 
dks lqjf{kr LFkku ij tkus@ys tkus dk le; fey ldsaA 
 cka/kksa ds {ks= esa vkus okyh turk dks Hkh lEHkkfor vkink gsrq tkx:d djuk] 
laHkkfor [krjksa ds laca/k esa tkudjh nsu k ,oa vki krdkyhu ;kstuk esa lfØ; 
Hkkxhnkjh gsrq izksRlkfgr djukA 
3- vkdk’kh; fctyh fxjuk%& 
 fiNys o""kZ nkSlk ftys esa vkdk'kh; fctyh fxjus dh la[;k esa vpkud c<+ksrjh gqbZ 
gSA 
 ftys esa vkdk'kh; fctyh fxjus ij cpko gsrq tsfofo,u ,y dh ns[kjs[k esa ftys esa 
LFkkuksa@ljdkjh dk;kZy;ksa esa 17 ;a= ykx;s tk pqds gS ,oa 15 ;a= vkSj yxok;s tk 
jgs gSa   
 LFkkuh; iz'kklu ;g lqfuf'pr djsa fd lHkh u, cqfu;knh <kaps vkSj ?kjksa esa cgq&[krjs 
çfrjks/kh vkokl ds fy, Hkou lafgrk vkSj fn'kk&funsZ'kksa dk ikyu fd;k tk,A 
 vyVZ lans'k ftyk ç'kklu] rglhynkj vkSj lacaf/kr mi[kaM vf/kdkjh ¼,lMhvks½ dks 
Hksts tkrs gSaA  
 vyVZ lans'k lwpuk ,oa tulai Ø foHkkx dks OgkV~l,i eksckby ,Iyhds'ku vkSj 
lks'ky ehfM;k ds ek/;e ls Hksts tkrs gSa] rkfd mUgsa Vhoh pkSuyksa ij çdkf'kr fd; k 
tk lds vkSj vke turk ds lkFk lk>k fd;k tk ldsA  
 30@30 fctyh lqj{kk fu;e dk ikyu djuk%& vxj vkdk'kh; fctyh ns[kus ds 
ckn fxurh 'kw: djsa vkSj 30 rd fxurh fxuus ls igys xM+xM+kgV lqukbZ ns rks ?kj 
ds vanj pys tk,¡ rFkk vkf[kjh xM+xM+kgV lquus ds ckn 30 feuV rd ?kj ds vanj 
;k lqjf{kr LFkku ij gh jgsaA 
 psrkouh tkjh djuk%& 
jk""Vªh; vkink izcU/ku izkf/kdj.k }kjk bUVhxzsVsM vyVZ flLVe ,i ^^lpsr^^ ,oa IMD 
}kjk vkdk’kh; fctyh fxjus ls iwoZ psrkouh gsrq ^^nkfeuh** eksckbZy ,i ds vketu esa 
izpkj izlkj gsrq ftys ds inkf/kdkfj;ksa dks le;&le; ij tkjh funsZ'kkuqlkj leLr 
jktdh; vf/kdkfj;ksa ,oa deZpkfj;ksa }kjk vius Qksu esa MkmuyksM djuk] rkfd izkd `frd "
125,PDF page 125,"125 
 
vkink vkus ls iwoZ tulk/kkj.k dks vkink dh tkudkjh miyC/k gks lds ,oa vkink ds 
uqdlku ls cpk tk ldsaA  
 
 
 
jk""Vªh; vkink izcU/ku izkf/kdj.k }kjk vkdk'kh; fctyh ds lai dZ ls cpus ds fy,] dqN 
lqj{kk ;qfä;k¡ vkSj 'keu mik; fuEukuqlkj lq>k, x, gSaA 
 
"
126,PDF page 126,"126 
 
 
 
 
 ?kj ls ckgj jgus dh fLFkfr esa%&  
 djus ;ksX; mik;%& 
 dksbZ Hkh ckgjh xfrfof/k;k¡ 'kq: djus ls igys ekSle ds iwokZuqeku dh tk¡p djsaA  
vka/kh pyus vkSj fctyh fxjus dh fLFkfr esa 30 feuV rd ?kj ds vanj gh jgsaA 
 xtZuk gks rks vkJ; ysa vkSj lqjf{kr LFkku ;k Hkou  ds vanj jgsaA /kkrq ds lkFk 
/kkrq lajpukvksa vkSj fuekZ.kksa ls nwj jgsaA vkJ;ksa esa ?kj] dk;kZy;] 'k‚fiax lsaVj vkSj 
can f[kM+fd;ksa okys gkMZ& V‚i okgu 'kkfey gSaA 
 —i;k Å¡ps LFkkuksa tSls igkfM+;ksa ;k Vhyksa] ;k pksfV;ksa ls rqjar mrj tk,¡A 
 [kqys {ks= esa fctyh fxjus dh fLFkfr esa] rqjar [krjs ds {ks= ls ckgj fudysa vkSj 
ikl ds lqjf{kr LFkku ij 'kj.k ysaA vkn'kZ :i ls fdlh fupys bykds esa vkJ; 
<wa<sa vkSj lqfuf'pr djsa fd ogh LFkku pquk x;k gSA 
 fctyh fxjus dh fLFkfr esa rkykcksa] >hyksa vkSj vU; ty fud k;ksa ls rqjar ckgj 
fudysaA 
 fctyh dk lapkyu djus okyh lHkh mi;ksfxrk ykbuksa vkSj oLrqvksa tSls VsyhQksu] 
fctyh] Metal Fences +] vksojgsM rkj] jsy& lM+d VªSd] iou pfDd;ka vkfn] isM+ksa 
vkSj igkfM+;ksa ls nwj jgsaA 
 ;fn vki rwQku vkSj fctyh fxjus ds nkSjku le wg esa gSa rks tksf[ke de djus ds 
fy, i;kZIr nwjh cuk, j[ksaA 
 jcj& lksy okys twrs vkSj dkj ds Vk;j fctyh ls lqj{kk çnku ugha djrs gSaA 
 D;k u djsa%& 
 çfrdwy ekSle ds nkSjku fo'ks""k :i ls —f""k {ks= esa dke djus] eos'kh pjkus] 
eNyh idM+us vkSj uko pykus ;k lke kU; ;k=k djus ds fy, ?kj ls ckgj u 
fudysaA 
 ;fn vki ou {ks= esa gSa rks NksVs vkSj ckSus isM+ksa ds uhps vkJ; ysaA 
 fctyh fxjus ds nkSjku fctyh ;k VsyhQksu ds [kaHkksa ;k isM+ksa ds uhps vkJ; u  
ysaA 
 /kkrq dh oLrqvksa dk mi;ksx u djsa vkSj ckbd] fctyh ;k Vsyh Qksu ds [kaHks] 
rkj dh ckM+] e'khuksa vkfn ls nwj jgsaA 
 ;fn vki [kqys eSnku@vkmVMksj esa dke dj jgs gSa vkSj vkids ikl lqjf{kr 
LFkku ij vkJ; ysus ds fy, i;kZIr le; ugha gS] rks vius iSjksa dks ,d lkFk 
lVkdj j[ksa vFkkZr ,fM;ka ,d&nwts dks Li’kZ djrs gq, j[ ks ,oa flj dks 
>qdkdj xsan tSlh fLFkfr esa >qdsa vkSj vius gkFkksa dks vius dkuksa ij j[ksa]  
rkfd tehu ds lkFk U;wure laidZ gksA 
 fctyh fxjus ds nkSjku dHkh Hkh eksckby Qksu vkSj yksgs dh NM+ okys Nkrs dk 
mi;ksx u djsaA 
 
 
 "
127,PDF page 127,"127 
 
 ?kj ds vanj lqjf{kr jgus gsrq%&  
 djus ;ksX; mik;%& 
gkykafd fctyh rwQku ds nkSjku ?kjksa] dk;kZy;ksa] 'k‚fiax lsaVjksa tSls vkJ;ksa dks  
lqjf{kr ekuk tkrk gS] fQj Hkh O;fä tksf[ke esa gks ldrk gSA ;gka j[kus ds fy, dqN 
;qfä;ka nh xbZ gSa 
 lapkj ds fofHkUu rjhdksa ls viMsV vkSj psrkouh funsZ' kksa ds fy, LFkkuh; 
ehfM;k dh fuxjkuh djrs jgsaA 
 ;fn laHko gks rks ?kj ds vanj jgsa vkSj ;k=k ls cpsaA 
 njoktksa] f[kM+fd;ksa] cjkenksa vkSj daØhV ds Q'kZ] Qk;jIysl LVkso] ckFkVc ;k  
fdlh vU; fo|qr daMDVj ls nwj jgsaA 
 fo|qr vkmVysV ls tqM+s fo|qr@bysDVª‚fud midj.kksa tSls daI;wVj] ySiV‚i] 
xsfeax flLVe] o‚'kj] Mªk;j] LVkso ;k vU; phtksa dks vuIyx djsa] D;ksafd 
eq[; fctyh vkiwfrZ ds nkSjku fctyh dh vkiwfrZ c<+ ldrh gSA 
 fctyh ds lkFk rwQku vkus ij f[kM+fd;k¡ vkSj njokts can j[ksa vkSj vius ?kj 
ds ckgj dh oLrqvksa ¼tSls QuhZpj] fMCcs] vkfn½ dks lqjf{kr j[ksaA 
 lqfuf'pr djsa fd cPps vkSj ikyrw tkuoj vanj gh jgsaA 
 isM+ dh ydM+h ;k dksbZ vU; eyck gVk nsa tks mM+dj nq?kZVuk dk dkj.k cu 
ldrk gSA 
 D;k u djsa%& 
 fctyh vkSj xjt ds le;] ckfj'k ds nkSjku Luku u djsa] #ds gq, ; k cgrs 
ikuh ds lkFk dksbZ vU; laidZ u j[ksa D;ksafd fctyh fdlh bekjr ds IyfEiax 
vkSj /kkrq ds ikbiksa ls gksdj xqtjrh gSA rkj okys Qksu ;k fdlh /kkrq ds 
rkj@bysDVª‚fud midj.kksa dk mi;ksx u djsaA 
 dkMZ okys Qksu vkSj vU; fo|qr midj.kksa dk mi;ksx u djsa tks  fctyh dk 
lapkyu dj ldrs gSaA gkyk¡fd] fctyh vkSj rwQku ds nkSjku rkj jfgr Qksu 
dk mi;ksx djuk lqjf{kr gSA 
 [kqys okguksa tSls dUofVZcy] eksVjlkbfdy vkSj xksYQ dkVZ] [kqyh 
lajpukvksa@LFkkuksa tSls ikspZ] [ksy ds eSnku tSls xksYQ dkslZ] ikØ vkSj [ksy  
ds eSnkuksa] rkykcksa] >hyksa] fLofeax iwy vkSj leqæ rVksa ls cpsaA 
 ;k=k ds nkSjku%&  
 D;k djsa vkSj D;k u djsa%& 
 ckgjh xfrfof/k;ksa ls igys ekSle ds iwokZuqeku dh tk¡p djsaA ;fn rwQku dk 
iwokZuqeku ;k psrkouh gS] rks ;k=k ;k ckgjh xfrfof/k;ksa dks LFkfxr dj nsaA 
 ifjorZuh; eksVjlkbfdy vkSj xksYQ dkVZ tSls [kqys okguksa ls cpsaA ikspZ] 
cslc‚y MxvkmV vkSj [ksy ds eSnku tSlh [kqyh lajpukvksa dk gksuk lqfuf'pr 
djsaA 
 vka/kh vkSj fctyh ds nkSjku xksYQ dkslZ] ikØ] [ksy ds eSnku] rkykc] >hy] 
fLofeax iwy vkSj leqæ rV tSls [kqys LFkkuksa ls nwj jgsaA 
 lkbfdy] eksVjlkbfdy ;k —f""k okguksa ls rqjar mrj tk,a tks fctyh dks 
vkdf""kZr dj ldrs gSaA "
128,PDF page 128,"128 
 
 ;fn ukSdk;u ;k rSjkdh gks rks ;Fkk'kh?kz mrjsa vkSj fdlh lqjf{kr LFkku ij 
vkJ; ysaA 
 rwQku [kRe gksus rd enn igqapus rd okgu ds vanj gh jgsa  D;ksafd /kkrq dh 
Nr lqj{kk çnku djsxhA vka/kh vkSj fctyh fxjus ds nkSjku f[kM+fd;ka Åaph 
jguh pkfg, vkSj okgu dks isM+ksa vkSj fctyh ykbuksa ls nwj [kM+k fd;k tkuk 
pkfg,A 
 taxyh {ks= ls ckgj lkQ tehu dh vksj tk,¡A fctyh fxjus vkSj vka/kh ds 
dkj.k taxy esa vkx yxus dh laHkkouk gksrh gSA 
 
 çkFkfed fpfdRlk mipkj%& 
 fctyh fxjus ls ihfM+r dks rqjar fpfdRlk is'ksoj ds igqapus ls igys çkFkfed 
fpfdRlk çnku djsa ftlls tku cpkbZ tk ldrh gSA fctyh fxjus ls ihfM+r dks 
Nwuk lqjf{kr gSA fctyh fxjus ls çHkkfor yksxksa ds i kl dksbZ fo|qr pktZ ugha gksrk 
gS vkSj mUgsa lqjf{kr :i ls laHkkyk tk ldrk gSA 
 ihfM+r dh tk¡p djsa fd og lk¡l ys jgk gS vkSj fny dh /kM+du py jgh gSA ukM+h 
dh tkap djus ds fy, lcls vPNh txg dSjksfVM /keuh gS tks xnZu ij lh/ks tcM+s 
ds uhps ikbZ tkrh gSA 
"
129,PDF page 129,"129 
 
 ;fn ihfM+r lkal ugha ys jgk gSS] rks rqjar eqag ls eqag esa lkal nsdj iquthZou 'kq: 
djsaA ;fn ihfM+r dh ukM+h ugha py jgh gS] rks dkfMZ;d daçs'ku ds lkFk&lkFk 
lhihvkj Hkh 'kq: djsaA 
 fctyh fxjus ls cps O;fä dh –f""V vkSj Jo.k gkfu vkSj VwVh gqbZ gfì;ksa dh tk¡ p 
djsa tks i{kk?kkr ;k çeq[k jälzko tfVyrkvksa dk dkj.k cu ldrh gSaA 
 ihfM+r vkSj cpkodrkZ nksuksa ds fy, fctyh ds fujarj [krjs ds çfr lr dZ vkSj 
tkx:d jgsa] ;fn ftl {ks= esa ihfM+r fLFkr gS og mPp tksf[ke okyk {ks= gS] rks 
ihfM+r dks rqjar lqjf{kr LFkku ij ys tkus dk ç;kl djsaA 
 fctyh fxjus dk f'kdkj O;fä vyx& vyx fMxzh dh tyu] lnek vkSj dHkh& 
dHkh dqan vk?kkr ls ihfM+r gks ldrk gSA ;fn vko';d gks rks pksV dh tk¡p djsa 
vkSj O;fä dks mipkj ds fy, vLirky ys tk,¡A 
 gsYiykbu uacj 112/1078 ij d‚y djsa vkSj lVhd LFk ku rd igqapus ds fy, lgh 
fn'kk& funsZ'k çkIr djsa vkSj ihfM+r dh fLFkfr ds ckjs esa tkudkjh çkIr djsa vkSj 
fctyh fxjus ls çHkkfor O;fä dks rqjar utnhdh vLirky ys tk,aA 
4- vkaèkh rwQku@èkwy Hkjh vkaèkh@rst+ gok%& 
 igys%& 
 ,d vkink fdV vo'; rS;kj djsa ftlesa lqjf{kr jgus dk vko';d lkeku 
gksA 
 vius ?kj dks lqjf{kr djsaA mldh ejEer djok,a o rst&uqdhyh oLrqvksa 
dks <+hyk u NksM+saA 
 ckgj j[kh oLrq,a tks mM+ dj uqdlku igqapk ldrh gSa] mUgsa ckaèkdj j[ksaA 
 lM+s gq, isM+ VwVh gqÃ 'kk[kk,a tks fxj dj pksV ;k {kfr dk dk j.k cu 
ldrh gSa] mUgsa gVk nsaA 
 ekSle dh rkt+k tkudkjh vkSj psrkofu;ksa ds fy, jsfM;ks lqusa] Vhoh ns[ksa] 
lekpkj i= i<+saA 
 nkSjku%& 
 LFkkuh; ekSle dh tkudkjh vkSj psrkofu;ksa ij ut+j j[ksaA 
 ?kj ds vanj jgus dh dksf'k'k djsaA cjkens ls nwj jgsaA 
 lHkh fo|qr~ midj.kksa ds Iyx fudky nsaA 
 rkj okys VsyhQksu dk mi;ksx u djsaA lekpkj tkuus ds fy, vius cSVjh 
pkfyr jsfM;ks dk mi;ksx djsaA 
 IyaÇcx vkSj èkkrq ls cus ikbi u Nq,aA cgrs ikuh dk mi;ksx u djsaA 
 fVu dh Nrksa@èkkrq dh pknjksa okyh lajpukvksa ls nwj jgsaA 
 isM+ksa ds ikl@uhps vkljk u ysaA 
 ;fn vxj vki dkj@cl@can okgu ds vanj gSa rks #d tk;saA 
 èkkrq ls cuh oLrqvksa dk mi;ksx u djsaA fctyh@VsyhQksu ykbuksa ls nwj 
jgsaA "
130,PDF page 130,"130 
 
 ty fudk;ksa >hyksa] NksVh ukSdkvksa bR;kfn ls rqjar ckgj fudysa vkSj lqjf{k r 
vkJ; ysaA 
 ;kn j[ksa] jcj&lksy okys twrs vkSj jcj Vk;j fctyh ls lqj{kk çnku ugÈ 
djrs gSaA 
 vka[kksa dk laØe.k bl ekSle esa vke gksrk gSA blls cpus ds fy, viuh 
vka[kksa dks jxM+us ls cpsaA 
 viuh 'ys""e f>Yyh dks lw[kus ls cpkus ds fy, FkksM+h ek=k esa isVªksfy;e 
tsyh uFkquksa ds vanj dh vksj yxk,aA 
 ckn%& 
 rwQku ls {kfrxzLr {ks=ksa ls nwj jgsaA 
 ekSle vkSj ;krk;kr ds ckjs esa v|ru tkudkjh ;k funsZ'kksa ds fy, LFkkuh; 
jsfM;ks lqusa Vhoh ns[ksaA 
 cPpksa] efgykvksa] cqtqxks± vkSj fnO;kaxksa dh enn djsaA 
 fxjs gq, isM+ksa@fctyh dh ykbuksa ls nwj jgsa vkSj rqjar ut+nhdh 
rglhy@ftyk eq[;ky; dks tkudkjh nsaA 
 i'kqvksa dh lgk;rk dSls djsa 
 i'kqvksa dks vkJ; nsus ds fy, vius ?kj ;k ?kj ds ikl lqjf{kr {ks= fuÆn""V 
r; djsaA 
 vius i'kqvksa dks [kqys ty lzksrksa tSls rkykc ;k ufn;ksa ls nwj j[ksaA 
 vius i'kqvksa dks VªSDVj ;k vU; èkkrq ls cus —f""k midj.kksa ls nwj j[ksaA 
 vius i'kqvksa dks isM+ksa ds uhps bdëk u gksus nsaA 
 mu ij fuxkg j[ksa vkSj mUgsa vius fu;a=.k esa j[kus dk ç;kl djsaA   "
131,PDF page 131,"131 
 
v/;k; % 19  
fofHkUu foHkkxksa dh foLr`r dk;Z ;kstuk 
 
1- jkT; vkink izfrlkn cy (State Disaster Response Force, SDRF) jk""Vªh; vkink 
izfrlkn ¼ekspu½ cy (NDRF):- 
jktLFkku esa izkd`frd vkink ,oa lEHkkfor ekuo d`r vkink ,oa vU; ?kVukvksa ls fuiVus ds 
fy, jkT; vkink izfrlkn cy (State Disaster Response Force, SDRF) dh 01 VqdMh e; 
midj.kksa ds lkFk ukjksyh fd’kux<] ftyk vtesj esa miyC/k gS] ftlds dek.Mj fMIVh 
dekUMsaV] Jh ;ksxs’k ehuk eks- u- 6005204020 gS] ls lgk;rk yh tk ldrh gSA  
2- ukxfjd lqj{kk cy% (CIVIL DEFENCE):-  
 ukxfjd lsokvksa ds uksM+y vf/kdkjh%&  
ukxfjd lqj{kk vf/kfu;e 1968 dh /kkjk 5¼ I½ esa iznRr 'kfDr;ksa fu;a=d ¼ftyk dyDVj½ 
ukxfjd lqj{kk }kjk fuEukuqlkj ukxfjd lqj{kk lsokvksa ds deku vf/kdkjh@izHkkjh 
vf/kdkjh euksfur fd;s x;s gSa %& 
Ø-
la- 
uke lsok in nwjHkk""k uEcj nkf;Ro 
1 eq[;ky; fu;a=d ¼ftyk 
dyDVj½ ukxfjd 
lqj{kk 
01427& 
224903 
fdlh Hkh izdkj dh vkikr fLFkfr esa 
lacaf/kr vf/kdkfj;ksa dks fn'kk&funsZ'k 
tkjh djuk 
2 lapkj lsok eq[; izca/kd Hkkjr 
lapkj fuxe fy-fe- 
9414006410 ukxfjd lqj{kk dh xfrfof/k;ksa ls laca/kh 
lwpuk izlkj.k djuk 
3 okMZu lsok l-iz-v] ukxfjd 
lqj{kk 
9782155152 Lo;alsodks dks vketu rd igqapk;k 
tkuk 
4 vfXu'keu 
lsok 
vk;qDr uxj ifj""kn 
nkSlk 
8696294599 gokbZ geys ds nkSjku vko';drk vuqlkj 
vfXu midj.k miyC/k djkuk 
5 izf'k{k.k 
lsok 
mi fu;a=d ukxfjd 
lqj{kk 
9772887700 leLr fgr/kkjdksa dks cqfu;knh ukxfjd 
lqj{kk izf'k{k.k iznku djkuk 
6 grkgr lsok eq[; fpfdRlk ,oa 
LokLF; vf/kdkjh 
nkSlk 
9928740368 grkgr O;fDr;ksa dks rRdky fpfdRlk 
lqfo/kk miyC/k djkuk 
7 cpko v/kh{k.k vfHk;ark 
lkoZtfud fuekZ.k 
foHkkx nkSlk 
9414369995 {kfrxzLr Hkouksa esa Qlsa@ncs grkgrksa dh 
[kkst dj lqjf{kr LFkkuksa ij igqapkuk 
8 lkRost lsok ftyk dks""kkf/kdkjh 
nkSlk 
9414036490 gokbZ geys@vkink@?kVuk@nq?kZVuk dh 
fLFkfr esa eycksa esa ncs ykokfjl leku 
,oa oLrqvksa dks ftyk iz'kklu dh "
132,PDF page 132,"132 
 
 
 ukxfjd lqj{kk Lo;a lsodksa dh lwph%&  
 
Ø-
la- 
Lo;alsod dk uke firk dk uke lnL; 
la[;k 
eksckbZy ua- Ukohuhdj.k 
frfFk 
1 2 3 4 5 6 
01 Jh HkkX;cyh flag Jh Qksnhjke 01 7016276605 21-03-2027 
02 Jh Hkjrflag Jh cnuflag 02 9587826031 21-03-2027 
03 Jh ueksukjk;.k ehuk Jh Hktuyky ehuk 03 9785794361 21-03-2027 
04 Jh Ukkgjflag Jh dUgS;kyky xqtZj 04 9024285239 21-03-2027 
05 Jh egkohj flag Jh ?kklhyky xqtZj 05 7062778667 21-03-2027 
06 Jh izgykn ehuk Jh euQwy ehuk 06 8502804125 21-03-2027 
07 Jh fgEer flag Jh cq}flag jktkor 07 8824976608 21-03-2027 
08 Jh xtsunz flag Jh iwj.k flag 08 7073755640 21-03-2027 
09 Jh pSuflag Jh jkef[kykMh xqtZj 09 9509211822 21-03-2027 
10 Jh dj.k flag Jh eFkjsl xqtZj 10 8619595997 21-03-2027 
11 Jh vkseizdk’k 'kekZ Jh fxjkZt izlkn 'kekZ 11 7891369768 21-03-2027 
 vfHkj{kk esa lqjf{kr j[kokuk 
9 iwfrZ lsok ftyk jln vf/kdkjh] 
nkSlk 
9783284228 izHkkfor O;fDr;ksa dks [kk| lkexzh o vU; 
vko';d oLrqvksa dh vkiwfrZ djokuk 
10 fMiks o 
ifjogu 
lsok 
ftyk ifjogu 
vf/kdkjh] nkSlk 
9460074418 gokbZ geys@vkink dh fLFkfr esa 
ukxfjd lqj{kk dh lsokvksa dks vko';d 
midj.k o okgu fuf'pr LFkku ij 
miyC/k djkuk 
11 dY;k.k 
lsok 
vfrfjDr ifj;kstuk 
leUo;d] lelk] 
nkSlk 
9929160471 vkink ds nkSjku lwpuk,sa ,df=r djuk] 
cs?kj gq, yksxksa dks Hkkstu] oL= vkfn dh 
O;OkLFkk 
12 'ko fuiVku 
lsok 
vk;qDr fuxj ifj""kn~] 
nkSlk 
8696294599 vkink ds nkSjku e`rdksa dh igpku dj 
rRdky iapukek rS;kj djuk "
133,PDF page 133,"133 
 
12 Jh Vhde pUn oekZ Jh dUgS;kyky oekZ 12 9166602693 21-03-2027 
13 Jh fo"".kq dqekj 
iztkir 
Jh eaxyjke iztkir 13 9785850612 21-03-2027 
14 Jh jkeHkjkslh ehuk Jh jkeyky ehuk 14 9887153099 21-03-2027 
15 Jh egs’k dqekj ehuk Jh jkejru ehuk 15 9116436042 21-03-2027 
16 Jh 'kadj ikapky Jh dtksMey ikapky 16 9785334580 21-03-2027 
17 Jh iznhi dqekj Jh txnh’k izlkn 17 8742063784 21-03-2027 
18 Jh fnus’k dqekj  Jh Nktqyky  18 9001703517 21-03-2027 
19 Jh [ksejkt ehuk HkkxhjFk ehuk 20 7732954295 21-03-2027 
20 Jh NksVsyky ehuk jkeQqy ehuk 21 9785504328 21-03-2027 
21 Jh yksds’k 'kekZ iwj.key 'kekZ 22 7877105176 21-03-2027 
22 Jh dj.k flag xqtZj ?ku’;ke xqtZj 24 9782186759 21-03-2027 
23 Jh jkeds’k flag xqtZj txnh’k flag 25 7688960814 21-03-2027 
24  Jh jktdqekj ehuk Hkxokulgk; ehuk 26 9950037575 21-03-2027 
25 Jh jfoUnz flag xqtZj vejflag xqtZj 27 6350413454 21-03-2027 
26 Jh egs’k pan catkjk xksihlgk; catkjk 28 9521135196 21-03-2027 
27 Jh egkohj flag ykykjke xqtZj 29 8385803758 21-03-2027 
 ukxfjd lqj{kk ftyksa esa miyC/k cpko midj.kksa o vU; lalk/kuksa dh lwph 
Ø- l-  lkeku dk fooj.k dqy la[;k 
1 ykbZQ ckW;  13 ux 
2 Ykky dEcy  05 ux 
3 ykbZQ tSdsV 25 ux 
4 chvksch jkWi 12 ,e,e 03 ux  $ 500 ehVj 
5 chvksch jkWi 14 ,e,e 01 ux 
6 Qqy ckWWMh gkjussl 02 ux 
7 ekLd ikuh okys 02 ux 
8 Xke cwV 12 ux 
9 gSSyesV 36 ux "
134,PDF page 134,"134 
 
10 LVsDpj QkssyfMax 02 ux 
11 LVsDPkj LikbZucksMZ 02 ux 
12 dSjkchuj 02 ux 
13 gSs.M xyCt 14 ux 
14 gS.M Vwy lSV 01 ux 
15 Mªsxu ykbZV 08 ux 
16 es?kk Qksu 02 ux 
17 lQsn jLlk uk;ykWu 320 fQV 
18 eksVk jLlk uk;ykWu 200 fQV 
19 twV  dk ekssVk jLlk 11 fdyks 
20 dkyk jLlk IykfLVd 54 fQV 
21 Ykkssgss dh fcykbZ 02 ux 
22 jSsudkssV 13 ux 
23 dkyh jcj V;wCk 02 ux 
24 gkFk cSVh fdlku VkpZ 02 ux 
25 NkssVk ykmM Lihdj  01 ux 
26 gkFk cSSVh lSy okyh 04 ux 
27 bejtsUlh ykbV flLVe 01 ux 
28 efgUnzk cksysjkss dSEij xkMh 01 ux 
29 Mªªksu 01 ux 
30 gkQ ckWMh gkusZl 05 ux 
31 vfXu'keu ckYVh 05 ux 
32 Qk;j ,DVhaX;wlj 02 ux 
33 MªªSxu ykbZV  08 ux 
34 QLVZ ,M ckWDl 01 ux 
35 czhfFkax ,ijsVl 01 ux 
36  QkoMs   05 ux 
37 xsrh 02 ux 
38 ckYVh 05 ux 
39 ijkr 05 ux 
40 vkjh 02 ux 
41 dqYgkMh 02 ux 
42 lCcy 05 ux 
43 csYpk 02 ux 
44  ikbZi 30 ux 
45 yksgs dk xqYyk 40 ux 
46 jLlk ikbZiksa ds fy, 40 ux "
135,PDF page 135,"135 
 
47 usV 07 ux 
48 >wejk 02 ux 
49 yksgs dk lqjek 01 ux 
50 cSVªh e; bUoVZj 01 ux 
51 VsyhQksu dk pksxk 01 ux 
52 dEI;wVj ,pih  01 ux 
53 dEI;wVj yhuksoks 01 ux 
54 fizUVj ,pih 1005 ,e-,Q-ih- 01 ux 
55 fizUVj lselax 01 ux 
56 fizUVj dSuu ,e-,Q 237 01 ux 
57 lhlhVhoh dSejk 08 ux 
58 dk;kZy; cksMZ 01 ux 
59 ghjks LisyUMj Iyl ckbZd 01 ux 
60 ysiVki ,oa cSVjh pktZj 01 ux 
61 flfoy fMQsal /ot 01 ux 
62 yksgs dk cDlk 02 ux 
 ftys esa gokbZ geys@vkink dh n`f""V ls [krjs okys egRoiw.kZ {ks=@egRoiw.kZ LFkku ¼ VAs/VPs½ 
dh lwph %& 
S.No. Name of VA/VPs Name of Area No. Of 
VA/VPs 
Assessed 
Priority 
1 Commn Nodes 
Postal/Telegraph/ 
Telephones Key Points 
Main Post Office, Lalsot Road, 
dausa 
1 1 
New tel. exch. BSNL Office, Near 
Police Station, sadar Dausa 
1 1 
2 TV & Radio Stations NIL NIL NIL 
3 Bridges/ Rope-way/Railway 
Station 
Dausa Railway Station Dausa 1 1 
Bandikui Railway Station Bandikui 1 1 
Banganga  Railway Bridge 1 1 
4 Petroleum & Natural Gas IOC,  Pipeline, Manpuriya, Nangal 
rajawtan 
1 1 
5 Mines & Gas works NIL NIL NIL 
6 Electric Power Station/ Grid Sub 
Stations 
RRVPNL, 220 KV GSS, Dausa 1 1 
765/400 KV Power  GSS, Dugravta, 
Dausa NR-1  (Under Construction) 
1 1 
7 Water Supply/Sewage key 
points 
NIL NIL NIL "
136,PDF page 136,"136 
 
8 Internment Camps NIL NIL NIL 
9 Civil Airfields & Est. NIL NIL NIL 
10 Govt factories/ Industrial 
Installaltions 
NIL NIL NIL 
11 Food & Oil Storage Depots NIL NIL NIL 
12 Dams, Barrages Morel  Dam, Lalsot 1 1 
13 Treasuries/Banks/ Commercial 
Markets 
Treasuries Dausa 1 1 
14 Pvt Factories/ Industrial 
Installations 
RIICO Industrial Area, Bapi,  1 1 
RIICO Industrial Area, Didwana, 
Lalsot 
1 1 
15 Facilities of the Department of 
Space 
NIL NIL NIL 
16 Atomic Energy Est. NIL NIL NIL 
17 Imp. Govt. Buildings Sri R.K. Joshi, Dist. Govt. Hospital, 
Dausa 
1 1 
PT. Nawal Kishor Medical Collage, 
Dausa 
1 1 
Dist. Govt. Hospital, Lalsot 1 1 
Collectorate Camps, Dausa 1 1 
Court camps, dausa 1 1 
Police line, dausa 1 1 
Central Jail, Shyalawas 1 1 
Dist. Jail, Dausa 1 1 
18 Miscellaneous  key points Kilasagar, Dausa 1 1 
19 Metro Rail NIL NIL NIL 
20 Fertilizers Industries NIL NIL NIL 
21 Any other special from your 
perspective 
Mehandipur Balaji Mandir 1 1 
Paplaj Mata Mandir 1 1 
Chand Bawdi, Abhaneri 1 1 
Nilkanth Mahadev Mandir 1 1 "
137,PDF page 137,"137 
 
22 Accident Prone Area Jeerota Mod 1 1 
Police Line Mod, dausa 1 1 
Bhandaraj Mod 1 1 
Sikandra chorha 1 1 
Khed pahadpur 1 1 
Patoli 1 1 
23 Helipad, Airport detail Circuit House, Dausa 1 1 
Rajesh Pilot Stadium, dausa 1 1 
Mehndipur Balaji 1 1 
3- uxj ifj""kn@ uxjikfydk@xzke iapk;r dh dk;Z;kstuk%& 
ftyk iz’kklu ds lkFk mijksDr foHkkx }kjk egRoiw.kZ ;kstuk dks lQy cukus esa lalk/ku dk 
Hk.Mkj.k ,oa vkikrfLFkfr esa mi;ksx lqfuf’pr djuk gksrk gSaA 
 vkink ds le; vf/kd ls vf/kd yksxksa dks cpko dk;Z esa yxkuk ,oa jkgr iznku 
djukA 
 vkink ds ckn e`r O;fDr;ksa ds iapukek ,oa nkg laLdkj dh O;oLFkk djukA 
 Ukxj ifj""kn@uxj ikfydkvksa ds dk;kZy;ksa esa fu;U=.k d{k LFkkfir djukA 
 o""kkZ ds ekSle esa ePNjksa ij fu;a=.k djus gsrq foHkkx ds ikl Qksfaxax e'khu ls  
Qksfxax djokukA 
 ck<+@vfro`f""V ds ,df=r ikuh dks fudkyus ds fy;s iEilsVksa dk izcU/k djukA 
 e`r Ik'kqvksa] eyck] dpjk vkfn dks gVkus ,oa lqj{kkRed LokLF; mik;] tSls eysfj;k 
jks/kh mik;] dVs gq, Qyks ,oa lfCt;ksa dks [kqys esa foØ; ij izfrc a/k vkfn O;oLFkk 
djukA 
 ty izokg {ks=@ekxZ ls vfrØe.k gVokukA 
 vkikr fLFkfr gsrq lqjf{kr LFkkuksa@LFkyksa dk p;u djuk rFkk ogk ¡ ij vk/kkjHkwr 
lsokvksa dh miyC/krk lqfuf'pr djukA 
 fu;ekuqlkj eujsxk vkSj ,slh vU; ;kstukvksa ds rgr ty lap;u lajpuk dk fuekZ.k 
o ftys esa fLFkr ty l ap; lajpukvksa@tyk’k;ksa dh lkQ lQkbZ rFkk lHkh 
Vîwcosyksa@gSMiEiksa dks lfØ; djuk@djokukA 
 uxj ifj""kn {ks= esa fLFkr 25 ukyksa esa ls 15 ukyksa dh lQkbZ djok nh xbZ gSA 
 
 miyC/k lalk/kuksa fooj.k%& 
fooj.k Ekk=k LFkku 
fMokVfjx iEil~ 3 vfXu'keu dsUnz 
'kj.k&LFky ¼'ksYVj½ 3 1- xka/kh frjkgk fLFkr jSu clsjk 
2- uxj ifj""kn fLFkr jSu clsjk 
3- jsYos LVs'ku iqfy;k fLFkr jSu clsjk 
fjyhQ&dSEil gsrq fpfUgzr 6 1- jSu clsjk dksrokyh@jSu clsjk uxj "
138,PDF page 138,"138 
 
lqjf{kr Hkou ifj""kn dk;kZy; 
2- pkS/kjh /keZ'kkyk nkSlkA 
3- ca'khoky /keZ'kkyk nkSlkA 
4- Jh jkedj.k tks'kh Ldwy nkSlkA 
5- ih-th- dkWyst] nkSlkA 
6- jsYos Ldwy] nkSlkA 
vfXu'keu dsUnz 1 bUnzk dkWyksuh] nkSlk 
vfXu'keu okgu NksVs@cMs 3 cMh nedy RJ14 GF 7578 
RJ 14 GP 0302,   RJ14 GN 9838 
fu/kkZfjr Crew Qk;jeSau 12 1- Jh deys'k dqekj oekZ 9782298177 
2- Jh izgykn ehuk 7976637548 
3- Jh dey xqtZj 8440078212 
4- Jh /keZiky ehuk 9166019779 
5- Jh jktsUnz xqtZj] Qk;j MªkbZoj  
8385882888 
6- Jh jkgqy eYgkS=k] 9352439775] 
7877779737 
7- Jh vkseizdk'k ehuk 7568074218 
8- Jh deys'k ehuk 9166437110 
9- Jh jkts'k ehuk 7976612294 
10- Jh jktsUnz 'kekZ 7976685327 
11- Jh lrh'k pUn ehuk] Qk;j MªkbZoj  
9887977229 
12- Jh vfHk""ksd ehuk] Qk;j MªkbZoj  
9887808058 
13- Jh eueksgu lSuh] Qk;j MªkbZoj  
9413149382 
14- Jh egsUnz flag xqtZj] Qk;j MªkbZoj  
9784409279 
tslhch 1 1 NksVh tslhch 
cjlkrh ikuh cgko esa feV~Vh 
dVko jksdus dk dk;ZA 
500 
Nos 
fufonk vkeaf=r dj yh xbZ gSA dk;Z 
vkns'k izfØ;k/khu gSA 
 Qk;j LVs’ku] nkSlk esa miyC/k lalk/kuksa fooj.k%& 
Fire Tender 
(13000 Ltr - 01 4500 Ltr - 2, 3000Ltr - 01, 700 Ltr - 01) 
3 
Aluminium fire suit 2 
fire suit Proximity 2 
ABC type fire Extingusher 6Kg 30 
Water type fire Extingusher 9 Ltr 10 
Foam type fire Extin gusher 9 Ltr 10 
Co2  type fire Extingusher 6Kg 10 
Chain Saw 1 
Circular Saw 1 
Contrate Cutter 1 
Saftey harnes full body 4 
Saftey harn half body 4 
Gumboot 40 Pair 
Rope 25 mm 200 Mtr "
139,PDF page 139,"139 
 
Rope 5 mm 220 Mtr 
Rope 10 mm 100 Mtr 
Structure Dtype 4 
Breathing Appratus 6 
Fire Blanket 3 
Frist Aid Box 5 
Foam Can 20 Ltr 30 
Life jacket 5 
Life buoy ring 5 
etc. fire fighting & rescque equipments 
4- i'kqikyu foHkkx dh dk;Z;kstuk%& 
 nf{k.k if’pe ekulwu lhtu@m"".kdfVca/kh; pØokrkas ds dkj.k mRiUu gksus okyh ijs’kkfu;kas ds 'keu 
ds fy;s cgqmns'kh; i'kqfpfdRlky; nkSlk esa 15 twu 2025 ls ftyk Lrjh; cka< fu;a=.k d{k dh 
LFkkiuk vfxze vkns'kksa rd dj nh xbZ gS A fu;a=.k d{k 24 ?kaVs dk;Zjr jg sxk A rFkk fofHkUu L=ksarks 
ls çkIr lwpukvksa ds vkèkkj ij fdlh Hkh vkink@i'kqjksx fu;a=.k dh dk;Zokgh dh tkosxhA fu;a=.k 
d{k ds çHkkjh Mk- jk/ks’;ke ehuk mifuns'kd cgq -i-fp- nkSlk gksxs A fu;a=.k d{k ds nwjHkk""k uEcj 
01427&230923 o çHkkjh vfèkdkjh ds eksckbZy u0 9414606785 gSA 
 fu;a=.k d{k ds lapkyu gsrq mDr vof/k ds fy;s fuEufyf[kr deZpkfj;kas dh M~;qfV yxkbZ xbZ gSA  
Ø-
l- 
uke vf/kdkjh@deZpkjh o in   ikjh  le; eksckbZy u0 
1 Mk-ujs’k dqekj 'kekZ] ohvks  
¼cgq-i-fp-nkSlk½ 
 
 
  izFke  
 
 
06%00 ,e ls 2%00 ih,e  
7976174767 
2 Jh fnus’k pan /kkdM] ,yvkbZ 
¼cgq-i-fp-nkSlk½ 
9079886046 
3 Mk-vej flg cSjok] ,lohvks  
¼cgq-i-fp-nkSlk½ 
   
  f}rh;  
 
 
02%00 ih,e ls 10%00 ih,e  
9414832133 
4 Jh jkethyky lSuh] ,yvkbZ 
i-fp-midsUnz flxokMk  
9784392443 
5 Jh uohu tksuoky] ,yvkbZ 
i-fp-midsUnz ipdqbZ;k  
  r`rh;  10%00 ih,e ls 06%00 ,,e 9694844849 
 
 mi[k.M@iapk;r lfefr eq[;ky; ij fLFkr CykWd osVsujh gsYFk vkWfQl@çFke Js.kh i'kq fpfdRlky; 
ds çHkkjh mi[k.M@iapk;r lfefr {ks= ds uksMy vfèkdkjh iwoZ ls gh xfBr gSA ,oa lqpk: :i ls 
lapkfyr gSA ;s vfèkdkjh vius {ks= esa jksx fu;a=.k dk;Z ds fy, mÙkjnk;h gksxs ,ao {ks= ds LFkku h; 
ç'kklu ls fu;fer :i ls lEidZ esa jgdj çk —frd vkink] ck<] vfro`f""V o ty Hkjko ls i'kqèku 
laj{k.k gsrq dk;Z lEikfnr djsxsA uksMy vfèkdkjh dk ;g Hkh nkf;Ro gksxk  dh os vius {ks= gsrq 
vko';d vkS""kfèk;k¡ oSDlhu dh vkiwfrZ] fu;fer ekW fuVfjax] lwpuk çkfIr ,ao çxfr dk vknku&çnku 
lkIrkfgd :i ls çHkkjh ftyk ck< fu;a=.k d{k@dk;kZy; la;qDr funs’kd i’kqikyu foHkkx dks izsf""kr 
djsxsA 
Ø-
l- 
mi[k.M@uksMy 
vf/kdkjh 
uksMy izHkkjh dk uke o in eksckbZy uEcj 
1 nkSlk Mk0 jk/ks’;ke ehuk mifuns’kd&cgqmn~ns’kh; i’kq fpfdRlky; 
nkSlk 
9414606785 
2 lSaFky Mk0 jktdqekj iMyokj&mifuns’kd& CykWd osVsujh gsYFk 
vkWfQl lasFky 
9351369262 
3 uakxy jktkorku Mk0 eqds’k pUn ehuk&,lohvks& CykWd osVsujh gsYFk vkWfQl 9414460414 "
140,PDF page 140,"140 
 
uakxy jktkorku 
4 yok.k Mk0 eqds’k pUn&,lohvks&CykWd osVsujh gsYFk vkWfQl yok.k 9414859348 
5 ykylksV Mk0 galjkt ehuk&mifuns’kd&CykWd osVsujh gsYFk vkWfQl 
ykylksV 
9928458486 
6 jkex< ipokjk Mk0 lhrkjke ehuk&ohvks&izHkkjh i’kq fpfdRlky; dYykokl 
¼vfrfjDr dk;Z O;oLFkk½ 
8290437919 
7 fldjk; Mk0 ty flg ehuk &ohvks&izHkkjh i-fp-mn;iqjk   
¼vfrfjDr dk;Z O;oLFkk½ 
7014565811 
8 egok Mk0 dj.k flag ehuk&mifuns’kd&CykWd osVsujh gsYFk vkWfQl 
egok 
9414346033 
9 eaMkoj Mk0 dey flag ehuk&,lohvks&izFke Js.kh i’kq fpfdRlky; 
eaMkoj 
9829348838 
10 ckanhdqbZ Mk0 uanjke ehuk &mifuns’kd&CykWd osVsujh gsYFk vkWfQl 
ckanhdqbZ 
8769971744 
11 clok Mk0 lR;ukjk;.k xqIrk&,lohvks&CykWd osVsujh gsYFk vkWfQl 
clok 
9414794019 
12 cstwokMk Mk0 mes’k pUn ehuk&,lohvks&CykWd osVsujh gsYFk vkWfQl 
cstwikMk 
9828475028 
13 fldUnjk Mk0 I;kjsyky oekZ&,lohvks&CykWd osVsujh gsYFk vkWfQl 
fldUnjk 
9460606330 
 
 fdlh Hkh vkikrdkyhu ifjfLFkfr;ksa esa i'kqvksa ds fy, lqjf{kr LFkkuks dk p;u] i'kqvksa ds fy, p kjk 
ikuh dh O;o LFkk] i'kqfpfdRldks ,ao {ks= ds lektlsoh laLFkkvksa dh lwph e; nwjHkk""k uå vko';d 
nokbZ;ksa dh ekax ,ao LV‚d j[kuk vkfn dh lwpuk lacafèkr uksMy vfèkdkfj;ksa }kjk bl dk;kZy; dks 
vfoyEc miyCèk djk;sxsA 
 Rofjr dk;Zokgh ny dk xBu %& ck< vfro`f""V ,ao çk —frd vkink ds le; i'kqvksa esa QSyus okyh 
chekjh ,ao cpko gsrq Rofjr dk;Zokgh ny dk xBu dj fy;k x;k gSA lwph layXu gSA uksMy 
vf/kdkfj;ksa }kjk vko';drkuqlkj vkink ds nkSjku i'kqjksx fu;a=.k@lgk;rk gsrq funZsf'kr fd;k 
tkosxkA 
 leLr uksMy vfèkdkjh vius {ks= esa 30 twu  2025 ls iwoZ Vhdkdj.k dk;Z iw.kZ :i ls djokuk 
lqfuf'pr djsxs ,ao o""kkZ ls lEHkkfor vo:} gksus okys xkao o <k.kh rFkk ty Hkjko {ks=] ,sUMsfed {ks=ks 
dks lokZsPp çkFkfedrk nsaxsA 
 lHkh i'kqfpfdRlk laLFkk çHkkjh vius {ks= dh xkS'kkykvks es Vhdkdj.k rFkk la/kk fjr i'kq/ku dh 
fpfdRlk O;oLFkk@ fujh{k.k lqfuf'pr djsxsA 
 vko';drk gksus ij e`r i'kqvks ds 'ko fuLrkj.k gsrq LFkkuh; ç'kklu@uxj ikfydk@xzke iapk;r dks 
vko';d rduhdh tkudkjh miyCèk djk;sxsA 
 lHkh dk;Zjr foHkkxh; laLFkkvksa ds çHkkfj;ksa dk ;g nkf;Ro gksxk dh lekpkj i=] tu çfrfufèk] 
ç'kklu ds ekè;e ls çkIr i'kqjksx çdksi dh lwpuk ds vkèkkj ij rRdky jksx fu;a=.k dh dk;Zokgh 
djsxs A ,ao lkIrkfgd çxfr bl dk;kZy; dks miyCèk djok;sxsA 
 ftys dh lHkh laLFkkvksa dks i'kqèku fu%'kqYd vkjksX; ;kstukUrxZr ftyk vkS""kfèk Hka Mkj esa miyCèk 
vkS""kfèk;ksa es ls i;kZIr ek=k esa vkS""kfèk;ka o oSDlhu miyCèk djk nh xbZ gS A 
 çHkkjh ftyk vkS""kfèk@çHkkjh ftyk oSDlhu HkaMkj laLFkkvks dks vko';drkuqlkj vkS""kfèk@oSDlhu le; 
jgrs vkiwfrZ djuk lqfuf'pr djsxsA 
 HksM fu""Øe.k vUrxZr fu""Øfer {ks=ksa esa ck<@vfro`f""V@vksyko`f""V ds nkSjku HksM@i'kqvksa dks oSdfYid 
ekxZ ls lqjf{kr LFkku ls igqpk;k tkuk uksMy vfèkdkjh lqfuf'pr djsxsA 
 fnukad 15 twu 2025 ls vfxze vkns'kks rd dksbZ Hkh vfèkdkjh@deZpkjh fcuk iwoZ vuqefr ds eq[;ky; 
ugh NksMsxsA 
 
 "
141,PDF page 141,"141 
 
5- lekns""Vk x`g j{kk izf’k{k.k dsUnz nkSlk%& 
x`g j{kk ,d Lo;alsod lnL;ksa dh laLFkk gS tks vkink dh fLFkfr esa ljdkj ds vkns’kkuqlkj  
iqfyl@iz’kklu ds lkFk dk;Z fuokZg djrh gSA  
 nkSlk ftysa esa orZeku esa 410 iq:""k Loa; lsod ,oa 04 efgyk Loa; lsod iathd`r gSA  
 nkSlk dsUnz ds bRrj ftys esa 03 midsUnz dze’k% ykylksV]ckWanhdqbZ ,oa egok LFkkfir 
gSA vko’;drk gksus ij bu leLr 414 Loa; lsodks dk uksfeuy jksy ,oa eksckbZy u - 
iz’kklu dks miyC/k djok;k tkrk gSA  
 gksexkMZ Loa; lsod HkhM+ fu;a=.k ,oa iqfyl ds lkFk dkuwu O;oLFkk M;wVh esa fu;ksftr 
fd, tkrs gSA  
 nkSlk ftyk dSVsxjh III Vkmu gksus ds dkj.k ftys esa fdlh Hkh vkink dh lwpuk izkIr 
gksus ij vkink izcU/ku gsrq x`g j{kk Loa; lsod flfoy fMQsUl Vhe ds lkFk fuEu N% 
lsokvksa esa viuk ;ksxnku nsrs gS %& 
1- jsLD;w lsokA (RESCUE) 
2- fuLrkj.k lsok A (SALVAGE) 
3- iwfrZ lsok A (SUPPLY) 
4- fMiks o ifjogu lsok (DEPOT AND TRANSPORT) 
5- dY;k.k lsok A (WELFARE) 
6- 'ko fuiVkjk lsok A (CORPSE DISPOSAL) 
 IDRN dh osclkbZV ij v|ru vuqlkj fuEu lalk/ku dk;kZy; esa miyC/k gS%& 
 
dz-
l- 
lalk/ku dk uke miyC/k rknkn 
1 gSyesV 392 
2 jksi cUMy jLlh 4 
3 ykbZQ tSdsV 5 
4 ckWMh izksVsDVj gkWQ 80 
5 ih-,- flLVe 2 
6 fj¶ysfDVo tSfdV 25 
7 ePNjnkuh 207 
8 Msªxu ykbZV 1 
9 dEikl 6 
 
 x`g x`g j{kk nkSlk ds rSjkd Lo;alsodksa dh lwph%&     
Ø0l0 lnL; la[;k Lo;alsod dk uke eks0 u0 
1 3 Þ Hkxoku lgk; 'kekZ HHC 9929729741 
2 5 Þ ghjkyky ehuk 8562029766 
3 12 Þ dSyk'k pUn  9660961595 
4 14 Þ mEesn yky xqtZj 8529328764 
5 16 Þ dqynhi 'kekZ 9887473990 
6 22 Þ deys'k xqtZj 8949623653 
7 26 Þ fouksn dqekj 'kekZ 9414753240 
8 34 Þ gtkjh yky lSuh 9413850046 
9 45 Þ ckcwyky xqtZj 9799690808 "
142,PDF page 142,"142 
 
10 53 Þ jk/kkfd'ku xqtZj 9602459983 
11 63 Þ cljke xqtZj 9602921401 
12 66 Þ lR;izdk'k 'kekZ 7691882437 
13 69 Þ vthr flag  6350581324 
14 81 Þ egsUnz falg  9166180026 
15 86 Þ egs'k dqekj 'kekZ 9829641583 
16 97 Þ dkukjke 9828805367 
17 98 Þ fot; flag  9783533940 
18 99 Þ dqesj flg  7877501567 
19 107 Þ y{e.k jke  9928526772 
20 113 Þ lqesj flag 8058253067 
21 143 Þ lhrkjke HHC 8854008289 
22 156 Þ lokbZ flag  8000187579 
23 162 Þ galjkt ehuk 9782609066 
24 182 Þ /kkjkfalag xqtZj 9636056743 
25 372 Þ fnus'k dqekj  9414785246 
26 397 Þ fd'ku yky  7239874407 
6- iqfyl foHkkx%& 
jktLo foHkkx ds ckn iqfyl foHkkx  dh Hkwfedk vkink izcU/ku esa lcls egRoiw.kZ gksrh gSA  
vkradoknh geysa] flfoy vujsLV rFkk lMd nq?kZVuk esa iqfyl foHkkx gh uksMy foHkkx gksrk 
gSA blds vfrfjDr ck<] HkwdEi] vkx ;k dksbZ Hkh nq?kZVuk gks rks lcls igys iqfyl dks gh 
lwfpr fd;k tkrk gSA 
 vkink izHkkfor LFky ij igqapdj tu lewg dks laHkkyuk@cpko dk;ksZ esa iz’kklu dh 
enn djukA 
 [kkst] cpko o LFkkuksa dks [kkyh djokus ds fy, vfrfjDr laLFkkvksa tSls gksexkMZ] ,u -lh-
lh- bR;kfn dh lgk;rk ysukA 
 Ykksxksa ds tku eky dh j{kk djuk o dkuwu O;oLFkk cuk;s j[kukA 
 vkink xzLr {ks=ksa esa ;krk;kr O;oLFkk dks lqpk: cukukA 
 ck< dh psrkouh feyus ij fupys LFkkuksa ij jgus okys yksxksa dks mPp ,oa lqjf{kr LFkkuksa 
ij LFkkukUrjfr djukA 
 iqfyl foHkkx esa miyC/k rSjkdks dh lwph%& 
Øa l] uke vf?k0@deZpkjh      in   in LFkkfir 
LFkku 
  eks0 u0 
1  Jh eUnhi flag  dkfu0 1233 Fkkuk lnj 9667505749 
2  Jh lksuw dkfu0 1345 iqfyl ykbZu nkSlk   8739819757 
3  Jh vthr dkfu0 879 iqfyl ykbZu nkSlk   9413936187 
4  Jh pUnzHkku  dkfu0 1113 vHk; dek.M  9782047404 
5  Jh dey flag dkfu0 1375@667 iqfyl ykbZu 9783744303 
6  Jh bUnzthr dkfu0 942  Fkkuk ckanhdqbZ 9875152094 
7  Jh gsejkt dkfu0 1109 Fkkuk lSaFky 8741010406 
8  Jh xtjkt flag gSM0dkfu0 32  iqfyl ykbZu 9549474756 
9  Jh jkejkt dkfu0 1387                                                                    
@710 
Fkkuk lsFky 9166823472 "
143,PDF page 143,"143 
 
 
 iqfyl foHkkx ds ikl midj.kksa dh lwph      
 Øe l0    midj.kksa dk uke   ek=k 
1  xe cwV IykfLVd   25 tkSMh 
2  ykbZQ tSdsV rSjkdh  14 ux 
3  QLVZ ,.M ckWDl  1 ux 
4  jLlk twV   10 ux 
5  IykfLVd jLlk  50 ds0 th0 
6  QkoMk  4 ux 
7  rLyk@ijkr  69 ux 
8  ckYVh yksgk  02 
9  lpZ ykbZV  9 ux 
10  ukbZV fotu fMokbZl fon ok;uk dwyj   2 ux 
11  nwjchu  2 ux 
12 LVspj lknk 2 ux 
7- jln foHkkx] nkSlk%& 
 fu;a=.k d{k ¼ dejk ua0 217 ,oa 214 ½%& 
o izHkkjh vf/kdkjh%& Jh lwjtckbZ ehuk izorZu vf/kdkjh nkSlk&9414847865A 
o lgk;d izHkkjh vf/kdkjh%&Jh izgykn ehuk izorZu fujh{kd&9602370450A 
o lgk;d dkfeZd%&   
 Jh lqesj flag xqTkZj lgk iz'kklfud vf/kdkjh&9887660586A 
 Jh dsnkj VkVk lwpuk lgk;d dk;kZy; gktk&9785551429A 
 Jh izeksn tkafxM lwpuk lgk;d dk;kZy; gktk&9636436941 A 
 Jh pUnz izdk'k feRry ofj""B lgk;d dk;kZy; gktk&9784628416A 
 Jh y{ehukjk;.k ekS;Z lgk;d deZpkjh dk;kZy; gktk&8952914367A 
  [kk|kUu] dsjkslhu] isVªksy] Mhty ,ao jlksbZ xSl dh O;oLFkk%&  
 ftys esa dk;Zjr mfpr ewY; nqdkunkjksa] Fkksd foØsrkvksa ¼dsjkslhu@[kk|kUu½] xSl ,stsUlh;ksa ,oa isVªksy iEi 
vuqKk/kkjdksa dks fuEukuqlkj fjtoZ LVkWd j[kok;k x;k gS%& 
Ø-la- Ukke lkexzh   iSVªksy iEi Fkksd fodzsrk [kqnjk foØsrk 
1 dsjkslhu && && && 
2 xsgwW ¼[kk|kUu½ && && 5 fDo0 izR;sd 
m0ew0nq0 
3 jlksbZ xSl && 50 xSl lysaMj izfr 
xSl ,stsUlh 
&& 
4 iSVªksy  1000 yhVj izfr 
iSVªksYk iEi 
&& && 
5 Mhty 2000 yhVj izfr 
iSVªksYk iEi 
&& && 
 
 
 
 "
144,PDF page 144,"144 
 
8- fpfdRlk ,oa LokLF; vf/kdkjh foHkkx] nkSlk%& 
ftys esa vkink izcU/ku dh fLFkfr dks e/;utj j[krs gq, ekulwu _rq@ pdzokr@ rst 
v/kaM& rwQku] rhoz xtZu ,oa fctyh fxjuk] tyHkjko@ck<] nwf""kr ty ,oa ePNj] efD[k;ksa 
ls mRiUu gksus okyh chekfj;ksa tSls vkU=’kks/k] gstk] ihfy;k] Vk;QkbM] mYVh&nLr ,oa 
vuk;kl vkink jksdFkke gsrq funs’kky; }kjk iwoZ izlkfjr fn’kk&funsZ’kksa dks /;ku esa j[ krs 
gq;s le;c) dk;Z laiknu gsrq fuEu dk;Z&;kstuk rS;kj dh xbZ gSA 
 daVªksy :e O;oLFkk%&  
ftyk Lrj ij dk;kZy; eq[; fpfdRlk ,oa LokLF; vf/kdkjh] nkSlk vkink izcU/ku d{k@ 
ck< fu;a=.k d{k dh LFkkiuk dh xbZ gS ftlesa fpfdRlk ny 24 ?k.Vs rSukr jgsxkA ftlds 
nwjHkk""k ua - 9680412396 gSA lHkh fpfdRlk laLFkkuks ij vkjvkjVh xfBr gSA tks 
vkink@vfro`f""V@tyHkjko ,oa ck<@ ekSleh chekfj;ks dh lwpuk izkIr gksus ij+ izHkkfor 
{ks= esa igqapdj chekjh ls cpko o mipkj dh dk;Zokgh djsxhA  
 izHkkfor {ks=ksa ds fy, fo’ks""k fpfdRlk lqfo/kk%& 
lkekU; rkSj ij fdlh Hkh vkink  ds dkj.k dqN xzke o <kf.k ;k¡ lMd ds {kfrxzLr gks tkus 
ij fcYdqy vyx&vyx gks tkrh gS ,oa vklikl fpfdRlk lqfo/kk miyC/k gksus ij Hkh 
izHkkfor O;fDr;ksa dks fpfdRlk lqfo/kk dk ykHk ugha fey ikrkA ,slh ifjfLFkfr;ksa esa ,sls {ks=ksa 
esa i`Fkd ls eksckbZy fpfdRlk Vhe dks vLFkkbZ rkSj ij yxk;h tk;sxhA vko';drku qlkj 
eksckbZy fpfdRlk Vhe dks thou j{kd nokbZ;ka] Cyhafpx ikmMj] vksvkj,l iSdsV] ,e-,y-vks-
] VsehQkWl] ik;jsFkzse vkfn miyC/k djok;k tkosxkA 
 is;ty 'kqf)dj.k%& 
vuk;kl foink ds dkj.k lkekU; rkSj ij lHkh is;ty L=ksrksa dk nwf""kr gksuk LokHkkfod gS] 
blfy;s is;ty L=ksrksa dk 'kqf)dj.k fd;k tkuk vko’;d gS] tgk¡ &tgk¡  is;ty L=ksrksa esa 
ikuh Hkjk gS] mls Cyhfpax ikmMj }kjk fu;fer 'kqf)dj.k fd;k tkosxkA  
 chekfj;ksa dh jksdFkke ,oa mipkj%& 
,sls xzke o <+kf.k ;k¡ ftuesa ;dk;d mYVh &nLr] ihfy;k] eysfj;k] efLr""d Toj vk fn dk 
izdksi@vkink gksus ij mPpkf/kdkfj;ksa dks lwfpr fd;k tkosxkA o gk¡  lacaf/kr fpfdRlk 
vf/kdkjh izHkkjh] ih,plh@lh,plh ds }kjk rRdky izHkkoh dk;Zokgh dh tkosxhA lkFk gh 
vfirq ftyk Lrj ls Hkh vfoyEc fpfdRlk ny dks fHktok;k tkosxkA 
 lrdZrk%& 
leLr CykWd eq[; fpfdRlk vf/kdkjh] mi eq[; fpfdRlk ,oa LokLF; vf/kdkjh ¼Lok -½ nkSlk] 
eq[; fpfdRlk ,oa LokLF; vf/kdkjh] nkSlk ftys esa fdlh Hkh izdkj dh vuk;kl foinkvksa 
ckcr iw.kZ:i ls lrdZ jgsxsaA budk fo’ks""k iz;kl jgsxk fd lacaf/kr fodkl vf/kdkfj;ksaa ,o 
mi[k.M vf/kdkfj;ksa ls fujUrj laidZ cuk;s j[ksaA 
 lwpuk ,oa lapkj O;oLFkk %& 
lk/kkj.kr;k fofHkUu foinkvksa ds ckcr rRdky lwpuk fn;s tkus ds fy, vyx&vyx 
le;&le; ij iqjtksj fn’kk funsZ’k fn;s tkrs jgsxsa vkSj ftlds fy, lEidZ lw= cuk;s 
j[kus ds fy, lHkh Lrjksa ij nwjH kk""k lqfo/kk;sa miyC/k gSa] exj fQj Hkh vko’;drk iMus ij 
leLr CykWd eq[; fpfdRlk vf/kdkjh dks lacaf/ kr ftyk dysDVj ,oa ftyk iqfyl v /kh{kd 
dks vkxzg djrs gq, ok;jySl lqfo/kkvksa dk mi;ksx fd;k tkosxka fdlh Hkh {ks= esa vkink d s 
izdksi gksus ij rFkk rRdky fu ;U=.k dk;Z fd;s tkus ds ckcr le;&le; ij funs’kky; 
dks lwfpr djuk vfuok;Z gksxk rFkk lekpkj i=ksa ds ek/;e ls tuleqnk; dks okLrfodrk 
ls voxr djk;k tkuk foHkkx ds fgr esa gksxkA 
 "
145,PDF page 145,"145 
 
 ,UVhykokZ mik;%& 
vLoPN ,oa :ds ikuh ds Hkjko okys LFkkuksa ij ,UVhykokZ mik; tSls xacwfl;k eNyh] 
,e,yvks] VsehQksl dk mi;ksx fd;k tkosxkA lkFk gh eysfj;k jks/kh nokvks dh leqfpr 
Hk.Mkj.k fd;k tkdj nok forj.k dsUnzksa ij miyC/k djkbZ tkosxhA   
 fjiksfVZax%& 
ukWMy vkWfQlj mi eq[; fpfdRlk ,oa LokLF; vf/kdkjh ¼Lok -½ nkSlk ds }kjk {ks=ks a ls izkIr 
fjiksVZl dk ladyu dj nSfud lwpuk izfrfnu ftyk iz’kklu ,oa funs’kky; fu;U=.k d{k 
rFkk tksu dk;kZy; dks nwjHkk""k ,oa bZesy vkfn ds }kjk fHktokbZ tkosxhA     
 fpfdRlk foHkkx Lrj ds vf/kdkfj;ks ds uke] in o eksckbZy u- fuEukuqlkj gS%& 
Ø-
la- 
vf/kdkjh dk uke inuke  inLFkkiu LFkku  eksckbZy u-  OgkVl,si u- 
1 Dr. Sitaram Meena CMHO  Dausa CMHO Office  Dausa 9928740368 9928740368 
2 DR. Mahendra  Singh 
Gurjar 
Dy. CMHO  (FW)  Dy. CMHO Office (FW) 
Dausa 
9414656465 9414656465 
3 Dr. Deepak Sharma Dy. CMHO (H)  Dy. CMHO Office (H) 
Dausa 
9414041541 9414041541 
4 Dr B L Meena RCHO Dausa RCHO Dausa 9829024874 9829024874 
5 Dr R K Meena PMO  DH Dausa 9414441289 9414441289 
6 Dr. Rajkumar Sehra PMO  DH Lalsot 9460066686 9460066686 
7 Dr. SANDEEP SHARDA DDW  DDW Dausa 9414041616 9414041616 
8 Dr. Ramsingh Meena PMO  DH Mahwa 9166102940 9166102940 
 ftys esa fpfdRlk laLFkkuks dh fLFkfr tks fpfdRlk lqfo/kk miyC/k djok jgh gS %&  
 esfMdy  dkyst%& 1 ¼nkSlk½  
 Cykd eq[; fpfdRlk vf/kdkjh%& 11 
 ftyk fpfdRlky;%& 3  ¼Jh jkedj.k tks’kh ftyk fp0 nkSlk ] ykylksV] egok ½ 
 mi ftyk fpfdRlky;%& 4 ¼ ckanhdqbZ] fldjk;] jkex< ipokjk] e.Mkojh ½ 
 lkeqnkf;d LokLF; dsUnz %& 32 ¼ikiMnk] yok.k ]laSFky] Hkk.Mkjst] dq.My] ukaxy 
jktkorku ]NkjsMk] fldUnjk ]xhtx<] x<] cgjko.Mk] ekuiqj] clo k] xq<kdVyk] 
vkHkkusjh] cStqikMk] xq<fy;k] izrkiiqjk] e.Mkoj] cMkxako [ksMyk] ckykgsMh] gqMyk 
]MhMokuk] nkSyriqjk] jkgqokl] xksy] cxMh] lksuM ] fcPNk]dkSykuk]NkjsMk ½   
 izk0Lok0 dsUnz% & 66 ¼[kkj.Mh] [kokjkoth] vywnk] FkqeMh] [kkuokl] ckih] ukaxycSjlh] 
rhrjokMk] pkanjkuk] dkyhigkMh] cfu;kuk] ykgMh dk ckl] dkyk[kks] fc’kuiqjk] 'ksjflag 
jtokl] f'koflagiqjk] ';keiqjk] dYykokl] [kVok‘]fcuksjh] dksyhokMk] egkfj;k] Jhek] 
’kkgiqjk] xkaxY;kokl] [ksM yk [kqnZ] Mwaxjiqj] fcyksukdyka] dkywokl] fcPNk] lyseiqjk] 
futkeiqjk] laoklk] bUnkok] >waifM;k jktkorku] fcokbZ] cfM;kydyk] yksVokMk]] vjfu;k] 
iaqnjikMk] xksykMk] nsykMh] pkansjk] [ksMh] fgxksVk] jykork] /kukoM] HkaMkjh] VksjMk]  nqCch] 
ukanjh] fBdfj;k] djk sMh] ehuk lheyk] fiyksMh] ?kweuk] czkg~Ek.k cSjkMk] x.Mjkok] dksV] 
lakFkk] jlhniqj] [ksMykcqtqxZ] ikoVk] [kksgjkeqYyk] rkyfpMh]xguksyh½ "
146,PDF page 146,"146 
 
 mi Lok0 dsUnz%& 372 
 Vh-ch- fDyfud%& 1 
 'kgjh izk0 Lok0 dsUnz%& 4 lkseukFk pkSjkgk ,oa lSaFky eksM]] dqMh okyh <k.kh ykylksV] 
iVokj Hkou e.Mkojh 
 Tkurk fDyfud%& 8 jsYos LVs’ku nkSlk] dseyk dh <k.kh ykylksV] dksBh okyh <k.kh 
e.Mkojh] lsMq okyh <k.kh ykylksV] [kVhdku eksgYyk nkSlk] ckMh;ku eksgYyk] ckcyk 
dqvk]okMZ uEcj 2 
 vU;%& 
 lHkh fpfdRlk laLFkkuks ij vko';d y‚ftLVd] nokbZ;k ¡] cSaM] v‚Dlhtu flys.Mj] 
dalsUVªsVj] bR;kfn dh i;kZIr ek=k esa O;oLFkk lqfuf'pr djus ds funsZ'k çnku fd;s x;sA 
 ftys esa eq[;ea=h fu%'kqYd nok ;kstukUrxZr ftyk vLirky ij 950 lh,plh 732] 
ih,plh 528 ,oa lc lsUVj ij 50 çdkj dh nokbZ;k¡ fu%'kqYd çnku dh tkrh gSaA 
 11- ftys esa xr o""kZ 2024 esa ekSleh chekfj;ks dh fLFkfr fuEukuqlkj gS%& 
SN Seasonal Diseases Name  Year 2024 Total  
1 Maleria PV 2 
PF 0 
2 Dengue Case  566 
Death 0 
3 Chikunguniya  Case  13 
Death 0 
4 Scrub Typhus Case  198 
Death 0 
6 Swine Flu Case  30 
Death 0 
9- lkoZtfud fuekZ.k foHkkx vkikr fLFkfr esa dk;Z ;kstuk%& 
 vkink dh lwpuk feyus ij foHkkxk/;{k vius foHkkx ds lHkh vf/kdkfj;ksa o 
deZpkfj;ksa dks M;wVh ij cqyk;saxsA 
 lacaf/kr vf/k’kk""kh vfHk;Urk@lgk;d vfHk;Urk rRdky ?kVuk LFky ij igqapsaxs o 
vko’;d rduhdh lykg nsaxsA 
 ?kVuk LFky ls eyck vkfn mBkus ds fy, xkfM;ksa dk rqjUr bUrtke djukA 
 Bsdsnkjksa ls lEidZ  dj muds ikl miyC/k lalk/kuksa ¼ Hkkjh e’khujh½ dh lwfp;ka 
j[kuk o vko’;drkuqlkj mudh lgk;rk ysukA 
 vkink ds nkSjku VwVs lMd ekxksZs dh ejEer dh O;oLFkk djuk rkfd jkgr dk;Z lqpk: 
<ax ls gks ldssA 
 ?kVuk LFky ij cpko nyksa ds dk;kZs ds nkSjku vko’;drkuqlkj {kfr xzLr <kapksa dks 
<gkuk o lgkjk nsukA 
 {kfrxzLr Hkouksa esa cpko nyksa dks Hkou laca/kh vko’;d lykg nsukA 
 Ekkulwu iwoZ ljdkjh Hko uksa ¼fo’ks""kr;k Ldwyksa@dkWystksa½ dks vko’;d ns[kHkky djuk 
o {kfrxzLr gkssus dh gkykr esa mls vuqi;ksxh djkj nsrs gq, fxjkus dh dk;Zokgh 
djukA 
 
 "
147,PDF page 147,"147 
 
 [k.M dk;kZy;%&  
1- lkoZtfud fuekZ.k foHkkx [k.M&nkSlk 
2- lkoZtfud fuekZ.k foHkkx [k.M&fldUnjk 
3- lkoZtfud fuekZ.k foHkkx [k.M&ykylksV 
4- lkoZtfud fuekZ.k foHkkx [k.M&egok 
 lkoZtfud fuekZ.k foHkkx vkikr fLFkfr esa dk;Z;kstuk%&  
 ekulwu@vkink ds le; [k.M Lrj ij fu;a=.k d+{k dh LFkkiuk dh tkrh gSA tks dh 
vU; foHkkxksa ls leUo; LFkkfir dj vkink dk izca/ku djrh gSA 
 ?kVuk LFky ij cpko nyksa ds dk;kZs ds nkSjku vko’;drkuqlkj {kfrxzLr <kapksa dks <gkuk 
o lgkjk nsuk A 
 {kfrxzLr Hkouksa esa cpko nyksa dks Hkou laca/kh vko’;d lykg nsukA 
 Ekkulwu iwoZ ljdkjh Hkouksa ¼fo’ks""kr;k Ldwyksa@dkWystksa½ dks vko’;d ns[kHkky djuk o  
{kfrxzLr gkssus dh gkykr esa mls vuqi;ksxh djkj nsrs gq, fxjkus dh dk;Zokgh djuk vkfn 
dk;Z gsrq n{k rFkk izf’kf{kr bathfu;j miyC/k fd;s tk ldrs gSA 
 ?kVuk LFky ls eyck gVkus vkfn mBkus ds fy, xkfM;ksa dk rqjUr bUrtke vkink ds 
nkSjku VwVs lMd ekxksZs dh ejEer dh O;oLFkk djuk ;k oSdfYid ekxZ rS;kj djuk rkfd 
jkgr dk;Z lqpk: <ax ls gks ldss bl gsrq foHkkx ds v/khu laosndksa ;k vU; ls laidZ 
dj e’khujh o vU; lk/ku ¼Øsu@tslhch½ vkfn dh O;oLFkk dh tkrh gSA 
 lkFk gh vLFkk;h jkgr dSEi dk fuekZ.k fd;k tkrk gSA 
 vfro`f""V dh laHkkouk ds le; lSaM cSx dh O;oLFkk gj le; miyC/k jgrh gSA 
 uksMy vf/kdkfj;ksa dh lwph%& 
Ø-la- vf/kdkjh dk uke in o dk;kZy; dk uke eksckbZy ua- 
1- Jh eqjkjh yky ehuk v/kh{k.k vfHk;Urk] lk-fu-fo- o`r&nkSlk 9414369995 
2- Jh vjeku [k+ku lgk;d vfHk;Urk]¼vfr - pktZ½ lk-fu-fo- 
[k.M&nkSlk 
9773684096 
3- Jh jkts’k dqekj ehuk vf/k’kk""kh vfHk;Urk] lk -fu-fo- 
[k.M&fldUnjk 
8432493009 
4- Jh ckyk cD’k ehuk vf/k’kk""kh vfHk;Urk] lk -fu-fo- 
[k.M&ykylksV 
9414335286 
5 Jh c`teksgu ehuk vf/k’kk""kh vfHk;Urk] ]¼vfr - pktZ½ lk -fu-
fo- [k.M&egok 
9414207959 
 
 foHkkx }kjk vkink ds le; miyC/k fd;s tk ldus okys okgu@midj.kksa dk fooj.k%& 
midj.k dk 
uke 
ekfyd@foHkkx dk uke ,oa 
eksckbZy ua- 
MªkbZoj dk 
uke ,oa eksckbZy 
ua- 
ljdkjh@ 
futh 
midj.kksa 
dh 
la[;k 
tslhch eqds'k dqekj lSuh lk -fu- 
fo- laosnd]  9928610107 
lqjtu cSjok] 
87949707415 
futh 1 
tslhch lhrkjke tSeu] lk -fu- fo- 
laosnd]  9414211117 
lhrkjke tSeu] 
9414211117 
futh 1 
tslhch izeksn dqekj Lokeh] lk -fu- dkyw jke ehuk] futh 2 "
148,PDF page 148,"148 
 
fo- laosnd]  9929155738 9983805179 
tslhch nsoizdk'k xqIrk] lk-fu- fo- 
laosnd]  9413379414 
NksVw iafMr] 
9119127065 
futh 1 
tslhch ?ku’;ke tksjoky] lk -fu- 
fo- laosnd]  9462474787 
vdcj] 
9983554717 
futh 1 
tslhch }kjdk nkl vxzoky] lk-fu- 
fo- laosnd]  7339783116 
izrki flag] 
9664044119 
futh 1 
tslhch MqMh ,.M d0] lk -fu- fo- 
laosnd]  9414324614 
fnyhi] 
8949940710 
futh 1 
tslhch dslhlh bUQzk -fy-] lk -fu- 
fo- laosnd]  7850803788 
jkts'k xqtZj] 
8239048025 
futh 1 
tslhch 'kadj yky lSuh] lk-fu- fo- 
laosnd]  9887762957 
'kadj yky lSuh] 
9887762957 
futh 1 
Øsu ;kno Øsu lfoZl] 
9414372989 
lqfuy ;kno] 
9414372989 
futh 1 
ikuh dk 
Vsadj 
nsoizdk'k xqIrk] lk -fu- fo- 
laosnd]  9413379414 
ohds'k] 
9057108590 
futh 1 
ikuh dk 
Vsadj 
jkeorkj] 9829364427 izHkq ehuk] 
8094039038 
futh 1 
ikuh dk 
Vsadj 
dslhlh bUQzk -fy-] lk -fu- 
fo- laosnd]  7850803788 
dkywjke ehuk] 
807435080 
futh 1 
ikuh dk 
Vsadj 
MqMh ,.M d0] lk -fu- fo- 
laosnd]  9414324614 
jken;ky] 
9783390849 
futh 1 
VªsDVj Vªkyh vkjrh d -d- lk-fu- fo- 
laosnd]  8058046841 
jkefd'kksj ehuk]  
8058046841 
futh 1 
VªsDVj Vªkyh lSuh d -d- lk-fu- fo- 
laosnd]  9928145452 
ukFkw yky lSuh  
9928145452 
futh 1 
10- tu LokF; vfHk;kaf=dh foHkkx dh vkikr fLFkfr esa dk;Z ;kstuk%& 
 tu Lok- vfHk- foHkkx }kjk ftyk Lrjh; xzh""e _rq es lapkfyr dUVªksy :e fnukad 15 -
06- 2025 ls vkink fu;a=.k dUVªksy :e ds :i esa LFkkfir dj fn;k tkosxkA ftlds 
uksMy vfèkdkjh Jh ch-,y- ehuk vfèk'kk""kh vfHk;ark ¼eksus -½ tu Lok - vfHk- foHkkx o`r 
nkSlk ¼ekså 9414 253857½ rFkk Jh txjke ehuk lgk;d vfHk;Urk eksuså o`r&nkSlk 
fu;=.k d{k ds lgçHkkjh ¼ekså 9799751297½ gksxsaA 
 o""kkZ _rq ls iwoZ ty L=ksrks ¼tyk'k;ks½ dh lQkÃ dk dk;Z iw.kZ dj fy;k tkosxkA 
ftlds fy, v|ksgLrk{kjdrkZ }kjk çR;sd [k.M dks vkns'k tkjh dj fn;s x;s gSA 
 o""kkZ _rq dks ns[krs gq, çR;sd [k.M dk;kZy;ksa dks CyhÇpx ikmMj dk mfpr Hk.Mkj.k 
j[kus gsrq funsZ'k tkjh dj fn;s x;s gSA 
 ck< çHkkfor {ks=ksa ds iEigkmlksa es ikuh Hkjus dh fLFkfr es ikuh fudklh gsrq Dewatering 
iEi j[kus ds funsZ'k fn;s x;s gSA 
 Hkkjh o""kkZ @ ck< dh fLFkfr es is;ty O;oLFkk dks lqpk: cuk;s j[kus gsrq çR;sd 
[k.Mokj ty ifjogu gsrq laosndks dks vkns'k fn;s gq, gS] ftlls fd vko';drkuqlkj 
is;ty dh lqpk: O;oLFkk dh tk ldsaA "
149,PDF page 149,"149 
 
 cgko {ks= okys bykdks es ikÃi ykÃu ds j[k j[ lw[ks gsrq dfu""B vfHk;ark @ lgk;d 
vfHk;ark dks funsZ'k fn;s tk pqds gS] rFkk ikÃiykÃu ejEer dk;Z @ yhdst vkfn dh 
fufonk [k.M Lrj ls dh tk pqdh gSA ftlls vko';drkuqlkj {kfrxzLr ikÃi ykÃu dh 
ejEer djokÃ xbZ gSA  
 blds vfrfjä vfr o""kkZ@ ck< vkfn dh fLFkfr ls fuiVus ds fy, foHkkx dh Vhe  rFkk 
laosnd e; e'khujh ds iw.kZ :i ls rS;kj jgus ds funsZ'k Hkh tkjh fd;s tk pqds gS 
 
11- fo|qr foHkkx dh vkikr fLFkfr esa dk;Z ;kstuk%& 
 
 vkikrdkyhu ifjfLFkfr;ksa ;Fkk vkink izca/ku ,oa ck< fu;a=.k esa nkSlk ftys esa 
fo|qr O;oLFkk lqpk: j[kus gsrq fuEu O;oLFkk;sa jgsxh%&  
 
 fo|qr vkiwfrZ O;OkLFkk%&  
nkSlk o`r esa fo|qr lIykbZ gsrq jktLFkku jkT; fo|qr izlkj.k fuxe ds 04 uEcj 220 dsoh fxzM 
lc LVs’kuksa ;Fkk nkSlk] ykylksV] fldjk; ,oa e.Mkoj rFkk 08 UkEcj 132 dsoh fxzM lc 
LVs’kuksa ;Fkk ckanhdqbZ] f<xkfj;k Hkhe] egok] [kksgjkZeqYyk] fugkyiqjk] cxMh] Ukkaxy I;kjhokl ,oa 
pksjMh LFkkfir gS] ftuls 33 dsoh dh ykbZuksa }kjk fofHkUu LFkkukas ij LFkkfir 134 uEcj 
33@11 dsoh lc LVs’kuksa dks fo|qr vkiwfrZ dh tk rh gSA bu 33@11 dsoh lc LVs’kuksa ij 24 
?k.Vs rhu ikfj;ksa esa lc&LVs’ku vVs.MsUV M~;wVh ij rSukr jgrk gSA 
 
 dUVªksy :e dh O;oLFkk%&  
nkSlk o`r dh fo|qr lIykbZ gsrq t;iqj fMLdkWe }kjk ,d dsUnzh ; dkWy lsUVj ¼18001806507½ 
fMLdkWe Lrj ij 24 ?k.Vs dk;Z’khy gS A nkSlk o`r esa Hkh ,d o`r Lrjh; dkWy lsUVj 
01427&231123] 01427&294541 ,oa 9413391203 LFkkfir fd;k x;k gS] lkFk gh vf/k’kk""kh 
vfHk;ark dk;kZy; Lrj ij Hkh dkWy lsUVj LFkkfir fd;s x;s gSA tgka dksbZ Hkh O;fDr 
vkikrdkyhu vFkok lkekU; f’kdk;r ntZ djok ldrk gSA  dsUnzh; dkWy LksUVj 
¼18001806507½ }kjk cukbZ xbZ 20 uEcj QkWYV jsfDVfQds’ku Vhe ds ikl deZpkjh] vko’;d 
lkeku ,oa okgu dh O;oLFkk 24 ?k.Vs miyC/k jgrh gSA vkikrdkyhu fLFkfr esa vf/k’kk""kh 
vfHk;ark Loa; bu fu;a=.k d{kksa ds lEidZ esa jgsxsa rFkk vius {ks=ks d h fo|qr O;oLFkk lqpk: 
cuk;s j[kus dh iw.kZ O;oLFkk djsxsaA vf/k’kk""kh vfHk;ark dk muds {ks= esa fo|qr O;oLFkk l qpk: 
j[kus dk iw.kZ nkf;Ro jgsxkA 
 
 fo|qr ra= esa O;o/kku gksus ij dh tkus okyh O;oLFkk%&  
vkikrdkyhu ifjfLFkfr;ksa esa ;fn fdlh lgk;d vfHk;ark ds   v/khuLFk {ks= esa fo|qr ra= esa 
O;o/kku tSls fd] iksy fxj tkuk] <hys rkj] dscy esa QkYV gksuk] VªkalQkeZj esa [kjkch gksuk  
bR;kfn fdlh Hkh rduhdh [kjkch dh ifjfLFkfr;ksa  esa vf/k’kk""kh vfHk;ark ,oa ml {ks= ds 
lgk;d vfHk;ark miyC/k vkikrdkyhu ikVhZ ,oa lk /kuksa ls fo|qr ra= esa vkbZ [kjkch dks rqjar 
O;ofLFkr dj fo|qr lIykbZ lqpk: djk;sxsaA vR;f/kd cjlkr] pØokr] ck<+ dh ifjfLFkfr;ksa esa 
fLFkfr dk vkdyu dj vf/k’kk""kh vfHk;ark@lgk;d vfHk;ark vius&vius {ks= dh fo|qr 
ykbZuks dh lIykbZ vko’;drkuqlkj can djok;sx sa rkfd rkj VwVus] ykbZu fxjus] iksy Vs<s ;k 
fxjus ls dksbZ ?kkrd ;k v?kkrd nq?kZVuk u gksA  bu ykbZuks dh iw.kZ isVªksfyax djok dj ,oa 
Bhd djokdj gh fo|qr lIykbZ pkyw djsxsaA 
 
 
 "
150,PDF page 150,"150 
 
 ykbZu isVªksfyax%&  
izR;sd mi[k.M esa ,d dfu""B vfHk;ark e; nks gsYijksa ds la/;kdky esa muds {ks=kas dh ykbZu ksa 
dh isVªksfyax djsxsa rFkk tgka Hkh [kjkch dh tkudkjh gksxh rqjar eksckbZy Qksu ls vf/k’kk ""kh 
vfHk;ark ds fu;a=.k d{k dks lwfpr djsxsaA vpkud mRiUu izkd`frd vkink r wQku o""kkZ va/kM 
o ck<+ ds le; fo|qr midj.kksa ykbZukas ,oa fo|qr ra= esa [kjkch dh lEHkkouk,a gks tkrh gS A 
vr% ykbZuks dh isVªksfyax ,oa midsUnzksa dk iwoZ esa gh fujh{k.k dj O;oLFkk, dh tk jgh gSA 
lHkh 33 dsoh ,oa 11 dsoh ykbZukas ds rkj Å¡ps djuss dk dk ;Z tkjh gS tks fd 'kh?kz gh iw.kZ dj 
fn;k tk;sxk rFkk fMLVªhC;w’ku VªkalQkWeZjksa dks Ik;kZIr Å¡pkbZ ij j[k fn;k x;k gSA 
 eksckbZy Qksu dh O;oLFkk%& 
nkSlk o`r esa leLr 33@11 dsoh lc LV s’kuksa] ,Q-vkj-Vh- Vhe rFkk lHkh vf/kdkfj;ksa ds ikl 
eksckbZy Qksu miyC/ k gSA leLr vf/k’kk""kh vfHk;ark ;g lqfuf’pr djsxsa fd muds lHkh 
fu;a=.k dsUnzkas] 33@11 dsoh lc LVs’kuks] mi[k.M ,oa muds v/khu vfHk;arkvksa ds eksckbZy 
Qksu dk;Z’khy gksaA isVªksfyax ikVhZ }kjk leLr lwpuk;sa eksckbZy Qksu }kjk rqjUr vf/kdkfj;ksa dks 
nsxsa rkfd fo|qr ra= esa vk;h [kjkch dks vfr’kh?kz Bhd fd;k tk ldssaA 
 ykbZu eSVsfj;y dh O;oLFkk%& 
nkSlk o`r ds v/khu lapkfyr lgk;d Hk.M+kj fu;a=d dh Hk.M+kj 'kk[kk esa leqfpr ek=k esa 
ykbZu eSVSfj;y ;Fkk fofHkUu izdkj ds dUM+DVj] dscy] fo|qr iksy] bUlwysVj] fofHkUu {kerk ds 
VªkalQkWeZj bR;kfn vko’;d lkeku i;kZIr ek=k esa miyC/k gSa]  ftUgsa le;&le; ij 
vko’;drkuqlkj mi[k.M+ dk;kZy;ksa dks vkoafVr dj miyC/k djk fn;k tkrk gSA  orZeku esa 
fnukad   01-04-2025 ls 27-05-2025 rd vka/kh rwQku ds dkj.k dqy 217 iksy {kfrxzLr gq,s Fks] 
,oa blh vof/k ds nkSjku dqy 13 VªkalQkeZj vka/kh rwQku ls uhps fxjs] ftUgsa rqjUr gh lgh dj 
fn;k x;k gS@cny fn;k x;k gSA  
 
 leLr O;oLFkkvksa ds fu;a=.k ,oa ekWfuVfjax vf/kdkjh%&  
nkSlk o`r ds leLr vf/kdkjh ftuls fdlh Hkh vkirdkyhu ifjfLFkfr;ksa esa fuEufyf[kr 
eksckbZy uEcjksa ij lEidZ fd;k tk ldrk gS%& 
 
S. No. Name of Officer Designation/Office Contact No. 
1 Sh. M. L. Meena SE (O&M) Dausa 9413390633 
2 Tech. Staff Circle Control Room Dausa 01427-231123 
3 Sh. R.K. Parewa, AEN As XEN (O&M) Dausa 9413390636 
Control Room  01427-230050/ 
9521867967 
4 Sh. K.K. Meena AEN (HTM) Dausa 9413331214 
5 Sh. R.K. Parewa AEN (A-I) Dausa 9413390641 
6 Sh. Harshit Verma AEN (A-II) Dausa 9414037053 
7 Sh. Laxman Meena, JEN As AEN (O&M) Sainthal 9414016228 
8 Sh. O.P Meena AEN (O&M) Nangal Rajawtan 9414029374 
9 Sh. B.D. Meena  XEN (O&M) Lalsot 9414022937 
10 Sh. Rinkesh Meena AEN (HTM) Lalsot 9413390643 
11 Sh. Ramnaresh Meena  AEN (A-I) Lalsot 9414041983 
12 Sh. R.S. Meena AEN (A-II) Lalsot 9413390643 
13 Sh. Kuldeep Meena AEN (O&M) Ramgarh Pachwara 9413389679 
14 Sh. SherSingh Meena XEN (O&M) Bandikui 9413390638 
15 Sh. J.L Meena  AEN (HTM) Bandikui 9413133478 
16 Sh. D.P. Badaya AEN (O&M) Baswa 9413390645 
17 Sh. K. R Baswal AEN (O&M) Baijupada 9413390645 
18 Sh. Chote lal Saini AEN (O&M) Bandikui (U) 9413390644 
19 Sh. R.N Saini AEN (O&M) Bandikui (R) 9414029385 "
151,PDF page 151,"151 
 
20 Sh. Tej Singh Bhoj XEN (O&M) Sikrai 9413389640 
21 Sh. Gulab Prasad AEN (O&M) Sikandra  9414029376 
22 Sh. Vinod Bairwa AEN (O&M) Sikrai 9413390646 
23 Sh. M.K. Verma AEN (O&M) Geejgarh 9413383416 
24 Sh. U S Mahwawar XEN (O&M) Mahwa 9413383272 
27 Sh. Mahaveer Singh AEN (HTM) Mahwa 9413390647 
28 Sh. Hariom Meena AEN (O&M) Mahwa 9413390647 
29 Sh. Mahesh Chand Gupta AEN (O&M) Mandawar 9413383266 
30 Sh. Ravi Prakash Meena AEN (O&M) Khohramulla 9413379533 
 fo|qr O;oLFkk lqpk: j[kus gsrq tkjh fn'kk funsZ'k%& 
 bl o`r ds lHkh vf/k’kk""kh vfHk;Urk ¼iol½ Lrj ij 24 ?k.Vs dk;Zjr fu;a=.k d{k ij ;g 
lqfuf’pr djsaxs dh fu;a=.k d{k esa mifLFkr deZpkjh nwjHkk""k ij vkus okyh lHkh f’kdk;rks a 
dks fuf’pr :i ls ntZ dj rRijrk ls muds lek/kku gsrq iz;kl djsaA 
 [k.M+ ,oa mi[k.M+ Lrj ij fu;a=.k d{k ksa esa Hkh vkikrdkyhu fLFkfr esa vko’;drkuqlkj 
deZpkfj;ksa] Vh,.M+ih] vko’;d lkeku ,oa ,d okgu dh O;oLFkk 24 ?k.Vs miyC/k jgsxkA 
 vkikrdkyhu fLFkfr esa vf/k’kk""kh vfHk;Urk Lo;a bu fu;a=.k d{kksa esa miyC/k jgsaxs rFkk  
vius {ks=ksa dh fo|qr O;oLFkk lqpk: j[kus dh iw.kZ O;oLFkk djsaxsA vf/k’kk""kh vfHk;Urk vius 
{ks= esa fo|qr O;oLFkk lqpk: j[kus ds fy, iw.kZ ftEesnkj gksaxsA vius&vius {ks= dh iw.k Z 
fjiksVZ eq[; fu;a=.k d{k nkSlk o`r ¼v/kh{k.k vfHk;Urk fu;a=.k d{k½ ij izR;sd ?k.Vs esa nsus 
rFkk ra= esa vk;s O;o/kku dks nq:Lr dj fo|qr lIykbZ lqpk: djus dh lwpuk Hkh nsaxsA 
 vkWojgSM ykbZu] ,p -Vh-@,y-Vh- ykbZu dk losZ{k.k v/kh{k.k vfHk;Urk ¼okf.kT;½ t;iqj 
fMLdkWe] t;iqj ds i=kad 2548 fnukad 08 -12-2022 ds vuqlkj dj] tgk¡ LVs ok;j esa LVs 
balqysVj ugha yxs gSa] ogk¡ mPp izkFkfedrk ls yxok;sa tk jgs gSaA 
 losZ{k.k esa fo|qr ra= lqj{kk ds mik; rFkk <+hys rkjksa dks nq:Lr djus] Vs<s@VwVs iksyk sa dks 
lh/kk djus@cnyus] cgko@dVko {ks= esa vk jgs fo|qr iksyksa dh lqj{kk gsrq feÍh Hkjs dÍs 
yxkus tehu@uhph txg j[ksa VªkalQkWeZj dks Å¡ps lqjf{kr LFkku ij j[kus] fo|qr fiyj 
ckWDlksa dks cUn j[kus] ty Hkjko {ks= esa vkus okys fiyj ckWDlksa dks Å¡pk djus vkfn dk ;ksZa 
dks n`f""Vxr j[krs gq, dk;Z fd;k tk jgk gSA 
 lHkh 33 dsoh@11 dsoh QhM+jksa ds izksVsD’ku flLVe dh ,e,.M+ih foax ls tk¡p djokbZ tkos 
o nks""k ik;s tkus ij mldk fujkdj.k fd;k tkuk] ftlls QhM+j QkWYV gksus ij rqjUr 
fo|qr vkiwfrZ cUn gks tkos o lEHkkfor nq?kZVuk ls cpk tk ldsA 
 lHkh vf/k’kk""kh vfHk;Urk vius&vius {ks=ksa esa fo|qr nq?kZVuk laHkkfor {ks=ksa dk 
lgk;d@dfu""B vfHk;Urk e; ykbZu ikVhZ ds losZ{k.k djds rqjUr izH lw[ks ls lq/kkj dk;Z 
izkjEHk djsaxs ,oa vfr&laosnu’khy {ks=ksa esa lq/kkj dk;ksZa dks izkFkfedrk nh tkosxhA  
 fo|qr fiyj ckWDlksa dh ty Hkjko ls lqj{kk  ,oa VwVs@xk;c <+Dduksa dh rqjUr izH lw[ks ls 
ejEer@u;k <+Ddu yxokdj fiyjksa dks cUn djokus gsrq lHkh [k.M esa ,d ny dk xBu 
fd;k x;k gSA 
 ,y-Vh- fiyj ckWDlksa esa mfpr jsfVax dh ,e -lh-ch- yxkuk] ftlls ,y -Vh- ykbZu@dscy 
nks""k gksus ij rqjUr fo|qr vkiwfrZ cUn gks lds ,oa laHkkfor nq?kZVuk ls cpk tk ldsA 
 tyok;q ifjorZu ds nkS jku vkus okys vk¡/kh&rwQku esa lkoZtfud LFkkuksa ¼xfy;ksa] lM+dksa½ 
ij LFkkfir fo|qr midj.k ;Fkk fo|qr iksy] LVs ok;j] Mhih LVªDpj] VªkalQkWeZj] fiyj 
ckWDl] dscy vkfn ls ;FkklaHko nwjh j[kus ,oa Li’kZ ugha djus] i'kq/ku dks ugha ck¡/kus rFkk 
vkl&ikl dpjk ugha Mkyus ds fy, vketu  dks izsfjr djrs gq, lwpuk,¡ izl kfjr dh tk 
jgh gSA  
 LFkkuh; fudk;@vU; foHkkx ds Hkh nks""kiw.kZ fiyj ckWDl] dVh gqbZ dscy vkfn ik;s tkus 
ij rqjUr nwjHkk""k ,oa fyf[kr esa lEcfU/kr foHkkx ds l{ke vf/kdkjh rFkk Jheku ftyk "
152,PDF page 152,"152 
 
dyDVj] ftyk nkSlk dks voxr djok;k tkuk] ftlls vU; foHkkx ds fo|qr ra= esa nks""k 
ds dkj.k fo|qr ?kkr dh nq?kZVuk ls cpko gks ldsA 
 lEcfU/kr vf/kdkjh cjlkr vkus ls fofHkUu dkj.kksa ls tynk;@is;ty O;oLFkk ds fy, 
vko’;d fo|qr vkiwfrZ ij yxkrkj fuxjkuh j[ksaxsa rFkk lqfuf’pr dj sxsa fd lEcfU/kr 
vf/kdkjh f’kdk;rksa ds lkFk fo|qr O;oLFkk dks vfr’kh?kz lkekU; djk;sA 
 iqfyl fu;a=.k d{k@vkink izca/ku izdks""B vFkok vketu ds ek/;e ls rkj VwVus vFkok 
fo|qr ?kkr dh lwpuk feyus ij lEcfU/kr {ks= dh fo|qr vkiwfrZ rqjUr cUn dj sa ,oa lq/kkj 
dk;Z@nks""k fuokj.k gsrq ykbZu ikVhZ dks rqjUr jokuk fd;k tkukA 
 ck<+ dh fLFkfr gksus ij fo|qr O;oLFkk dks lqpk: j[kus ds fy, vko’;d midj.k iksy 
daMDVj vkfn dh O;oLFkk gSA 
 tyok;q ifjorZu dh fLFkfr esa lHkh vf/k’kk""kh@lgk;d vfHk;Urk izHkkfor {ks=ksa esa igq¡pd j 
viuh ns[kjs[k esa 'kh?kzkfr’kh?kz fo|qr ra= dks nq:Lr djsaxsA 
 blds lkFk gh nkSlk o`r {ks= esa fctyh ds fiyj ckWDl] fMLVªhC;q’ku ckWDl ,oa VªkalQkWeZj  
vkfn ds utnhd dqN nqdkunkj viuk lkeku j[k ysrs gSa rFkk dqN LFkkuksa ij rks QqVdj 
nqdkunkj viuh iwjh nqdku gh fo|qr ra= ds uhps ;k buds lgkjs LFkkfir dj ysrs gSa] ,sls 
O;fDr;ksa }kjk fd;k x;k ;g dk;Z dsUnzh; fo|qr vf/kfu;e ¼ CEA½ ds lqj{kk ekin.M+ksa dk 
lh/ks rkSj ij mYya?ku gSA ckfj’k ds ekSle esa fo|qr ra= ls yhdst djUV dh laHkkouk 
jgrh gS] ftldh otg ls {kf.kd rkSj ij fo|qr dk vR;f/kd izokg gksrk gS] ftlls nq?kZVuk 
dh vk’kadk jgrh gS] ftlls bu nqdkunkjksa ds tku&eky ds [krjs dh laHkkouk cuh jgrh 
gSA bl o`r ds v/khu lHkh mi[k.M+ vf/kdkjh vius dk;Z{ks= esa ,sls LFkkuksa dks fpfàr dj 
fo|qr ra= ls lqjf{kr nwjh ij vU;= LFkkfir djus gsrq LFkkuh; fuokfl;ksa dks izsfjr djuk 
,oa le>kbZ’k ds i'pkr~ Hkh vfrØeh ugha ekurs gS] rks ,sls vfrØfe;ksa dks fpfàr dj uxj 
ifj""kn@uxj ikfydk@xzke iapk;r dh lgk;rk ls budks fo|qr ra= ls nwj LFkkfir 
djok;k tkukA 
 
12- d`f""k foHkkx dh vkikr fLFkfr esa dk;Z ;kstuk%& 
 o""kkZ dh fo""ke ifjfLFkfr;ksa ,oa de o""kkZ ds e/;utj lEHkkO; d`f""k dk;Z ;kstuk 
nkSlk ftyk 10 vizSy 1992 esa vfLrRo esa vk;kA blesa 11  iapk;r lfefr;ka nkSlk] ykylksV] 
ckanhdqbZ] egok] fldjk;] ukaxy jktkorku] yok.k] jkex<+ ipokjk] fldanjk] clok] cStwikMk 
rFkk 18 rglhys nkSlk] ykylksV] clok] egok] jkex< ipokjk] yok.k] ukaxy jktkorku] 
fldjk;] HkkaMkjst] lSaFky] dq.My] ikiMnk] cgjko.Mk] ckanhdqbZ] cStwikMk] e.Mkoj] fu>Zjuk  o 
jkgqokl lfEefyr gSA ;g ftyk tyok;q dh n`f""V ls v}Z’kq""d eSnkuh Hkkx [k.M 3, rFkk ck< 
lEHkkfor {ks= [k.M 3ch ¼egok rglhy½ ds vUrxZ r vkrk gSA ftys esa o""kkZ dky tw u ds 
vfUre lIrkg ls flrEcj ds e/; lIrkg rd jgrk gSA ftys dh vkSlr o""kkZ 620 ,e -,e- gSA 
ftys dk vkSlr vf/kdre ,oa U;wure rkieku Øe’k 40 fMxzh o 9 fMxzh gSA ftys esa 
eq[;r;k% ckyqbZ nkseV feêh ik;h tkrh gSA 
ftys dk dqy Hkk Sxksfyd {ks=Qy 3-40 yk[k gSDV s;j gSA ftys ds dqy cqokbZ {ks=Qy 2 -52 
yk[k gSDVs;j gSA ftys dk dqy flafpr {ks=Qy 1-58 yk[k gSDVs;j gSA "
153,PDF page 153,"153 
 
 lkekU; le; ij ¼tqykbZ ds izFke i[kokMs rd½ o ""kkZ izkjEHk gksus ij viukbZ tkus 
okyh izeq[k d`f""k fØ;k,sa %& 
 o""kkZ ’kq: gksus ds lkFk gh fofHkUu [kjhQ Qlyksa tSlss cktjk] Tokj] eDdk] ewaxQyh] lks;kc hu] 
pWoyk] eksB] fry o Xokj dh cqokbZ djs rFkk flQkfj’k ds vuqlkj cht nj o vU; 'k""; fØ;k,W 
viuk,saA 
 cktjs ds lkFk ewax] Xokj o pkSyk vkfn nyguh Qlyksa dh vUrj 'kL; (Inter Cropping) ysA 
 mUur fdLeksa dh cqokbZ dks izksRlkgu nsaA vYikof/k dh fdLeksa dks izksRlkgu nsuk pkfg,A 
 vflafpr voLFkk esa u=tu dh ek=k 40% rd de nsuh pkfg, vkSj nh tkus okyh iwjh ek=k 
cqokbZ iwoZ Åj dj nsuh pkfg,A vukt okyh o frygu Qlyksa ;Fkk ew¡xQyh] fry] vjaMh] 
lwjteq[kh vkfn esa u=tuh; moZjdksa dh vk/kh ek=k o QkLQksjl ;qDr moZjdks dh iwjh ek=k 
cqokbZ ls iwoZ nsA ’ks""k vk/kh ek=k Hkwfe esa ueh dh fLFkfr dks ns[krs gq, [kMh Qly esa c qokbZ ds 
rhu pkj lIrkg ckn djsA iksVk’k;qDr moZjdks ,oa e`nk lq/kkjdksa dk iz;ksx vko’;drkuqlkj 
feêh ijh{k.k ds vk/kkj ij djsA 
 Qlyksa esa QkLQksjl o iksVk’k ;qDr moZjd dh iwjh ek=k cqokbZ ls iwoZ nsA blls Qly esa ueh  
dh deh dks lgu djus dh {kerk c<rh gSA 
 dhV O;kf/k;ksa ls Qly dh j{kk ds fy, leqfpr ikS/k laj{k.k mik; viuk;sA RFkk cht dk 
mipkj dj cqokbZ djsA 
 Hkkjh o""kkZ vFkok vf/kd le; rd yxkrkj o""kkZ gksus ds dkj.k ikuh Hkjko dh fLFkfr es [ksr l s 
vfrfjDr ikuh ds fudkl ds fy, <yku ds foijhr ukfy;k cukdj O;oLFkk bl izdkj djs fd 
feV~Vh cgdj ckgj ugh tkosA 
 foyEc ls o""kkZ ’kq: gksus ij ¼15 tqykbZ ds ckn½ dh tkus okyh d`f""k fØ;k,¡ %& 
 ;fn o""kkZ tqykbZ ds nwljs i[kokMs esa ¼25 tqykbZ rd½ ’kq: gks rks cktjk ,p,pch&67 ,EizwoM] 
vkj,pch&121] vkbZlh,e,p&356½ ,oa Tokj ¼lh,l,p&9] lh,l,p&13] lh,l,p&16½ dh 
de vof/k esa idus okyh fdLeksa dh cqokbZ djsaA 25 tqykbZ ds ckn o""kkZ gksus ij vukt ij 
nyguh ¼ewax] eksaB] pkSyk½ o frygu ¼fry½ dh tYnh idus okyh fdLeksa dh cqokbZ djsA 
 cqokbZ ds le; ds fy, dh xbZ flQkfj’k ds vuqlkj moZjd cqokbZ ls iwoZ Åjdj nsosaA 
 ueh laj{k.k ,oa e`nk vkoj.k cukus rFkk [kjirokj fu;a=.k gsrq fujkbZ&xqMkbZ djsaA Hkkjh nk seV 
Hkwfe esa cD[kj dk iz;ksx ueh laj{k.k esa ykHkdkjh jgrk gSA 
 o""kkZ nsj ls izkjEHk gks fdUrq flrEcj rd pys vkSj [kjhQ esa cqokbZ laHko u gks rks ,slh i dM 
Hkwfe esa ueh laj{k.k dh fof/k viukdj rksfj;k] rkjkehjk] puk] tkS] vylh vkSj ljlksa vkfn de 
ikuh pkgus okyh Qlyksa dh cqokbZ djsaA 
 nsj ls o""kkZ gksus dh fLFkfr e sa pkj s ds fy, eDdk] Tokj] cktjk] Xokj rFkk yksfc;k dh 
fo’kq}@feyok cqokbZ djsaA 
 tqykbZ ds vafre o vxLr ds izFke lIrkg esa o""kkZ gksus ds fLFkfr esa pkjs okyh rFkk nyguh 
Qlysa ;Fkk poyk ¼vkj lh&19½ ekSB ¼vkj,evks&40] vkj,evks&435 ½ o Xokj ¼vkjthlh&936½ 
dh cqokbZ djsaA 
 ;fn vxLr ds izFke@f}rh; lIrkg rd o""kkZ u gks rks ,slh ifjfLFkrh esa fdlh Hkh Qly dh 
cqokbZ u dj rFkk jch Qlyksa dh cqokbZ ds fy, ueh laj{k.k ds mik; djsaA "
154,PDF page 154,"154 
 
 nyguh o fryguh Qlyksa esa 15&20 izfr’kr vf/kd cht nj dk iz;ksx  djsA cktjs dh tYnh 
idus okyh fdLeksa ds lkFk eawx] eksB] pkSyk o Xokj dh fefJr Qly ysaA 
 cqokbZ ds ckn yxkrkj o""kkZ ds dkj.k dbZ ckj Qly dk vadqj.k vPNk ugha gksus ij iqu% cqokbZ  
djuh gksrh gSA iqu% cqokbZ djus dh fLFkfr esa cht dh ek=k 10&20 izfr’kr vf/kd  j[kuh 
pkfg,A 
 izekf.kr cht miyC/k u gksus dh fLFkfr esa d`""kdks ds ikl miyC/k cht dks dke esa ys ldrs 
gS] ijUrq blds fy, vadqj.k {kerk dk ijh{k.k dj ysuk ykHkdkjh jgrk gSA 
 nks o""kkZ ds chp esa yECks le; rd lw[ks dh fLFkfr %& 
 lkekU; le; ij cqo kbZ ds 10&15 fnu ckn gh lw[ks dh fLFkfr gksus ij cksbZ xbZ Qlyksa ds 
cht vadqfjr ugh gksus vFkok vadqj.k mijkUr lw[k tkus ij o""kkZ iqu% izkIr gks tkrh gS rks 
oSdfYid Qlyksa@vYikof/k fdLeksa dh 15&20 izfr’kr vf/kd cht nj j[kdj cqokbZ dh tkuh 
pkfg;sA 
 ;fn lw[ks dh fLFkfr 30&45 fnu ckn vkrh gS rks miyC/k ueh dks /;ku esa j[krs gq, mfpr 
ikS/k& la[;k cuk, j[kus gsrq Qly dh Na VkbZ djsA vukt rFkk nyguh@fryguh Qlyksa dh 
vUrj Qlyksa (Inter Cropping)  esa ls vukt okyh Qly ds ikS/kksa dh la[;k de dj nsaA vf/kd 
lw[ks dh fLFkfr esa blds ikS/kksa dks m[kkMdj pkjs ds :i esa dke esa ysaA 
 ;fn Qly yEcs vUrjky ij o""kkZ ugh gksus ls 15 vxLr rd lw[k tkrh gS vkSj blds ckn 
o""kkZ gksus ij ueh laj{k.k mik; viukosa rF kk rksfj;k] ljlksa] vlyh] /kfu;k o puk Qlyksa dh 
cqokbZ ds fy, [ksr [kkyh j[ksaA 
 flapkbZ dh lqfo/kk miyC/k gksus dh fLFkfr esa lkef;d thou j{kd flapkbZ (Life Saving Irrigation  
djsaA 
 lw[ks ds dkj.k Qly [kjkc gks tkus ij bldk pkjs ds :i esa mi;ksx djsA 
 lrg vkoj.k ¼efYpax½ }kjk ueh laj{k.k djsA ikS/kks dh drkjks ds chp efYpax djus ls ueh 
dk gkl de gksrk gSA blds fy, [kjirokjksa dks fudkydj drkjksa  ds chp esa gh Mky nsa 
vFkok ikWyhfFku ’khV~l vkfn MkysaA 
 ;Fkk laHko fujkbZ&xqMkbZ ckj&ckj djsaA blls [kjirokj u""V gksrs gS vkSj feV~Vh dh ueh 
vf/kd le; rd cuh jgrh gSA 
 o""kkZ tYnh lekIr gksus ij viukbZ tkus okyh d`f""k fØ;k,¡ ¼15&20 vxLr½ 
 [ksr ls [kjirokj fudkysa vkSj m[kkMs gq, [kjirokjks ds ikS/ks Qlyksa dh drkjksa ds chp lr g 
vkoj.k ds :i esa fcNkosa] rkfd Hkwfe dh lrg ls ok""ihdj.k de gksA 
 feyok Qlyksa esa ls laosnu’khy Qly ftlds u""V gks tkus dh vk’kadk gks m[kkM nsA m[kkMh 
gqbZ Qly dks pkjs ds :i esa bLrseky fd;k tk ldrk gSA 
 ;fn Qly ds iw.kZr% u""V gks tkus dh vk’kadk gks rks Qly dks gjs pkjs ds :i esa dke esa ysaa 
 ;fn [kMhu ;k [ksr esa fdlh dq.M esa o""kkZ dk ty ,df=r fd;k gks vFkok flapkbZ ty  ds 
vU; L=ksr gks rks bl ikuh ls Qlyksa esa cht cuus dh izkjfEHkd voLFkk ij thou j{kd 
flapkbZ djsA 
 dhV ,oa O;kf/k;ksa ls Qly dh lqj{kk ds fy, ikS/k laj{k.k jlk;uksa dk ikuh esa feykdj 
fNMdko djsaA blls dhV O;kf/k;ksa dh jksdFkke ds lkFk ikuh dh Hkh iwfrZ gksrh gSA  "
155,PDF page 155,"155 
 
 [kMh Qly esa ueh laj{k.k gsrq drkjksa ds chp cD[kj pyk dj e`nk vkoj.k djsaA 
 eDdk dh Qly ls gjs HkqV~Vs rksM ys rFkk Qly dks pkjs ds :i esa mi;ksx djsA 
 cktjk Qly esa Moisture Stress  dks de djus ds fy, Qy vkus ls iwoZ ,oa Qwy vkus dh 
voLFkk ij Fkk;ks;wfj;k 0-1 izfr’kr dk fNMdko flQkfj’k vuqlkj fd;k tkosaA 
 lw[ks dh fLFkfr esa [kMh Qly esa u=tu moZjd ugh MkyasA 
 jch ds nkSjku [kMhuksa esa xsgw¡ o tkS ;k pus dh vxsrh cqokbZ djsaA 
 yEcs lw[ks ds ckn ekulwu ds var esa Hkkjh o""kkZ gksus dh fLFkfr esa d`f""k 
fØ;k,¡@Qly ;kstuk %& 
bl fLFkfr es a Hkwfe esa ueh laj{k.k dh fØ;k,sa viukbZ tkuh pkfg;s rkfd o""kkZ ls izkIr ty dks 
vf/kd ls vf/kd [ksr esa jksdk tk lds vkSj jch ds ekSle esa Qlyksa dh lQy [ksrh laHko gks lds ] 
ikuh@ueh laj{k.k gsrq lkekU;r% of.kZr d`f""k fØ;k,sa  dkjxj ikbZ xbZ gS %& 
 [ksrksa dh esMks dks etcwr djs rkfd ikuh [ksr ls ckgj u tk ldsA 
 lkef;d Hkwifj""dj.k ¼tqrkbZ rFkk ikVk yxkuk½ }kjk ueh laj{k.kA 
 [kkyh [ksrksa esa i’kqvksa dh fu;af=r pjkbZA 
 [kMh Qly esa [kjirokj m[kkMdj efYpax djukA 
 [kjirokj fu;a=.kA 
 [kMhu@[ksr rykbZ@fupys LFkkuksa es ty dk ,d=hdj.kA 
 vYi vof/k rFkk vf/kd mRiknu nsus okyh jch Qlyks dh foHkkxh; vuq’kalk vuqlkj cqokbZA 
 Hkkjh o""kkZ o ck< dh fLFkfr esa viukbZ tkus ;ksX; d`f""k fØ;k,as%& 
 [ksr esa vfrfjDr ikuh ds fudkl dh O;oLFkk djsA 
 ;fn Hkkjh o""kkZ o ck< ds izdksi l Qlyasa iw .kZ :i ls u""V gks xbZ gks ijUrq  ckn esa ck< dh 
fLFkfr lq/kj xbZ gks rks ¼v½ 15 vxLr ds igys nyguh@fryguh vYikof/k Qlyksa dh fdLeksa 
dh 15&20 izfr’kr vf/kd cht nj j[kdj cqokbZ djsaA ¼c½ vxLr ds nwljs i[kokMsa esa pkjs ds 
fy, Tokj] cktjk o Xokj cks,sa ;k jch dh dh Qlyksa ds fy, [ksr [kkyh j[ksaA 
 ;fn cksbZ xbZ vukt o frygu Qlyksa dh c<okj de fn[kkbZ ns rks [kMh Qly esa u=tuh; 
moZjd nsA 
 dhVksa o chekfj;ksa dk Hkkjh izdksi gksus dh fLFkfr esa flQkfj’kkuqlkj leqfpr ikS/k laj{k .k mik; 
viukosaA 
 ck< lEHkkfor fupys Hkkjh feV~Vh okys {ks=ksa esa /kku dh cqokbZ djsaA 
 de o""kkZ@lw[ks dh fLFkfr esa lrgh rFkk Hkwty dk lgh <ax ls mi;ksx%& 
o de o""kkZ vFkok lw[ks dh fLFkfr esa Hkwty dk iquHkZj.k ugh gks ikrk gS blls fuEu izHkko iMrs gS  
 flapkbZ ds fy, Hkwty dh dehA 
 e`nk rFkk Hkwty esa yo.kksa dh lkanzrk esa o`f)A 
 ty esa fo’ks""k vk;uksa ;Fkk ¶ywvksjkbM~l] ukbVªsV~l dh lkanzrk esa o`f)S 
 i’kqvksa dks ihus ds ikuh ds izkd`frd L=ksrks ;Fkk rkykcksa] >hyksa vkfn dh dehA 
 
 "
156,PDF page 156,"156 
 
o ,slh fLFkfr esa miyC/k ty ds dq’kyre mi;ksx gsrq fuEu mik; fd;s tk;s& 
 flapkbZ ds fy, fo’ks""k :i ls okf.kfT;d ,oa m|kfudh Qlyksa ds fy, cwan&cwan QOokjk 
flapkbZ i)fr dk iz;ksxA 
 ftu {ks=ksa esa fuEu xq.kork dk ikuh miyC/k gks ogk ,dkUrj flapkbZ vFkok vPNs ikuhs ds 
lkFk lhfer ek=k esa feykdj flapkbZ dh tk ldrh gSA 
 ;fn miyC/k tu esa vo’ks""k lksfM;e dkCkkZsusV ¼Residual Sodium Carbonate ½ dh ek=k vf/kd 
gks rks ftIle dk iz;ksx djsaA 
 yo.kh; e`nk oky {ks=ksa esa o""kkZ de gks [kjhQ esa [ksr [kkyh jg tk;s rks ekg flrEcj esa gYdk 
iysok djds rksfj;k dh cqokbZ djuh pkfg,A 
 lw[kk lEHkkfor {ks=ksa ds fy, fo’ks""k dk;Z ;kstuk%& 
Ø-la- Qly fdLesa 15&31 
tqykbZ 
1&10 
vxLr 
10&20 
vxLr 
1 cktjk + paoyk 
¼pkjs ds fy,½ 
vFkok 
 
jkt 171 
,e,p 169+  lh 152 
vkj,l & 19 
jkt 171] ,e,p 169 
,j,evks&40 
gk¡ 
 
 
gk¡ gk¡ 
2 eksB vkj,evks&40 
vkj,evks & 257 
gk¡ gk¡ vkj,evks&40 
3 Xokj vkjthlh&936 gk¡ gk¡ gk¡ 
uksV%& mDr Qlyksa dh cqokbZ ds fy, 10 izfr’kr cht dh ek=k vf/kd ysosA 
 i’kqvksa ds fy, xq.kork ;qDr pkjs dh O;oLFkk %& 
detksj ekulwu@lw[ks dh fLFkfr eas mit de gksus ls Qlyh vo’ks""kksa ds :i esa pkjs dh deh 
jgrh gS rks gjs pkjs dh miyC/krk Hkh de gks tkrh gSA 
o ,slh fLFkfr esa fuEu mik; ykHkdkjh jgrs gS%& 
 gYdh o""kkZ dh fLFkfr es eDdk vFkok cktjs ds lkFk paaoyk dh cqokbZ dh tk ldrh gSA 
 isMksa dh ifRr;k¡ ,oa Qyh@Qy vkfn dks pkjs ds :i esa dke esa ysuk pkgh;ssA foyk;rh 
ccwy dh Qfy;ksa esa yxHkx 13 izfr’kr izksVhu vkSj 25&30 izfr’kr lqdzkst gksrk gSA 
 lfCt;ksa vkSj Qyksa ds vo’ks""kksa dks ,df=r dj i’kqvksa dks f[kykus ds dke esa fy;k tk 
ldrk gSA 
 lajf{kr ugh vFkok gYdh flapkbZ nsdj flrEcj ekg esa ljlksa vFkok eDdk dh cqokbZ dj 
uoEcj esa pkjs ds :i esa dVkbZ dj vU; Qly dh jch esa cqokbZ dj ldrs gSA 
 flafpr voLFkk esa tYnh gjk pkjk izkIr djus ds fy, flrach cjlhe dh cqokbZ djsa rFkk 
de ikuh dh voLFkk esa fjatdk dh cqokbZ djsaA "
157,PDF page 157,"157 
 
v/;k; % 20 
 
ftys dh rglhyksa dh dk;Z ;kstuk 
1- rglhy nkSlk vkink çcUèku ;kstuk  
 rglhy dk uke vkSj ifjp;%& 
rglhy nkSlk] eq[;ky; ij fLFkr gS rFkk jktLFkku dh jktèkkuh t;iqj ls 55 fdeh nwjh 
26 fMxzh 22 feuV ls 27 fMxzh 50 feuV mÙkjh v{kka'k o 76 fMxzh 55 feuV ls 78 fMxzh 
16 feuV iwoÊ ns'kkUrj ij fLFkr gSA nkSlk rglhy esa èkkÆed LFky pkjksa fn'kkvksa esa pkj 
f'ko eafnj gS o igkM+h ij fLFkr uhyd.B egknso th o if'pe dh rjQ xqIrsÜoj th] 
iwoZ dh rjQ lkseukFkth] nf{k.k esa oStukFk egknso o lgtukFk egknso ds eafnj gSaA 
nkSlk nsouxjh ds uke ls çfl) gSA nkSlk dk uke nsofxjh igkM+h ds uke ij iM+k gSA 
nkSlk esa 2 fdeh nf{k.k dh rjQ xsVksyko èkke ij lUr nknwn;ky dk èkkÆed LFky gSA 
rFkk ,u ,p 21 ij fxjkZt èkj.k ,oa xksfoUn nso th ds eafnj fLFkr gSa rFkk ykylksV 
jksM+ ij 'kkg teky ckck dh njxkg fLFkr gSA rglhy dk dqy {ks=Qy 22867 gS - gSA 
;gk¡ dk vkSlru rkieku 19 fMxzh lsfYl;l ls 32 fMxzh lsfYl;l rd gSA rglhy dh 
vkSlr okÆ""kd o""kkZ 550 feeh - gSA rglhy nkSLkk dh lhek,a rglhy teokjkex<] cLlh] 
lSaFky] dq.My] yok.k] ukaxy jktkorku] HkkaMkjst] clok vkfn ls feyrh gSaA 
 rglhy esa laHkkfor [krjk%& 
 vfro`f""V ls ck<] lw[kk] vfXudk.M] jktuSfrd miæo] lkekftd >xM+s] xwtZj vkj{k.k 
vkanksyu] pquko vkfn ds le; laHkkfor >xM+k ,oa lM+d nq?kZVuk ,oa jsYos nq?kZVukA 
 ;krk;kr O;oLFkk & chdkusj vkSj t;iqj&vkxjk tksM+us okyk NH&21 ,oa 11 A ,oa 
,Dlçsl os  rglhy eq[;ky ; ls xqtjrk gS]  blds vykok ftyk eq[;ky; ij gksus 
ds dkj.k lHkh rglhyksa ,oa iM+kslh ftyksa ds fy, lM+d ekxZ ,oa jsy ekxZ 
mÙkjh&if'pe czkMxst t;iqj ls nsgyh ekxZ ls tqM+k gqvk gSA  
 rglhy esa ewyHkwr lalkèku%&  
 fMLisaljh@vLirky& fMLisaljh ,oa i'kq fMLisaljh%& 
1- Jh jkedj.k tks'kh jktdh; ftyk fpfdRlky; nkSlkA 
2- jktdh; vk;qosZfnd ftyk fpfdRlky; nkSlkA  
3- jktdh; i'kq fpfdRlky; nkSlkA 
4- 'kgjh çkFkfed LokLF; dsUæ lkseukFk uxj nkSlkA  
5- 'kgjh çkFkfed LokLF; dsUæ lSaFky eksM nkSlk 
 futh fpfdRlky;%& 
1- —"".kk g‚LihVy nkSlk      
2- jk; uÉlx gkse nkSlk 
3- 'kkjnk g‚LihVy nkSlk 
4- gsek esVjfuVh gkse nkSlk 
5- jktèkkuh g‚LihVy nkSlk 
6- thou g‚LihVy nkSlk 
7- xhrk tujy g‚LihVy nkSlk 
8- xqIrk nUr fpfdRlky;  
9- 'kekZ nUr fpfdRlky; 
10- fouk;d nUr fpfdRlky; "
158,PDF page 158,"158 
 
11- frokM+h g‚LihVy nkSlk 
12- çdk'k g‚LihVy nkSlk 
13- nqxkZ uÉlx gkse nkSLkk 
14- ds'kjnsoh vLirky nkSlk 
15- dkS'ky esVjfuVh gkse nkSlk 
16- fdj.k uÉlx gkse nkSlk  
 rglhy {ks= esa miyCèk vfXu'keu dh lqfoèkk%& 
         uxj ifj""kn~ nkSlk esa vfXu'keu okgu miyCèk gSaA 
 rglhy esa fctyh O;oLFkk%& 
ikoj fxzM LVs'ku rglhy e q[;ky; ij fLFkr gS] ftlls ?kjsyw  O;olkf;d ,oa 
vkS|ksfxd dusD'ku t;iqj fo|qr forj.k fuxe }kjk forfjr fd;s x;s gSaA 
 is;ty O;oLFkk%& 
'kgj esa uy ;kstuk lapkfyr gS rFkk txg&txg vko';drkuqlkj gS.MiEi yxs gq, 
gSaA vkikr fLFkfr esa VSadjks }kjk is;ty vkiwÆr 'kgjh ,oa xzkeh.k {ks=ksa esa dh tkrh 
gSA 
 rglhy esa xzkeksa dh la[;k%& 59 
 rglhy esa Hkw- v- fu- {ks=%& 5 
 rglhy esa iVokj e.My%& 19 
 rglhy esa ck< laHkkfor xzkeksa dh la[;k%& 11 
1- fcgkjhiqjk 2- >sjk 3- pkanjkuk 4- ekyiqjk 5- nkSlk dyka 6- nkSlk [kqnZ 7- ukeksyko  
8- fe=iqjk 9- chpyokl 10- [ksMyh 11- ikykokl 
 rglhy dh tula[;k%& 149010  
 unh%& rglhy {ks= ds vkaf'kd Hkkx esa ck.k xaxk unh  o""kkZ ds le; o vU; o""kkZrh 
ukys cgrs gSaA 
 ckaèk%& 
egsljk dyka ckaèk egsljk [kqnZ ckaèk ukeksyko ckaèk gfjiqjk ckaèk 
pkanjkuk ckaèk Hkkadjh ckaèk xsVksyko ckaèk lwjtiqjk ckaèk  
 lapkj ds lkèku%& fjyk;al] vkÃfM;k] oksMkQksu] ,s;jlsy] ,s;jVsy Vkoj yxs gq, gSa 
rFkk çèkku Mkd?kj o dysDVªsV nkSlk esa Mkd?kj dh O;oLFkk gSA 
 Ldwy@d‚yst¼çkbosV@ljdkjh½@èkeZ'kkyk@lkeqnkf;d dsUæ dh lwph%&  
jkt-lh-lS-fo|ky; pkanjkuk jkt- LukrdksÙkj egkfo|ky; nkSlk 
jkt-m-çk-fo|ky; fcgkjhiqjk jkt-lh-lS-Ldwy jkedj.k fo|ky; nkSlk 
jkt-m-çk-fo|ky; >sjk egkRek xkaèkh jktdh; vxzsth ekè;e 
fo|ky; nkSlk 
jkt-m-çk-fo|ky; ekyiqjk dsUæh; fo|ky; nkSlk 
ia- uoy fd'kksj 'kekZ esfMdy  dk¡yst ] 
fe=iqjk 
 
 èkeZ'kkyk%& tSu èkeZ'kkyk] pkSèkjh èkeZ'kkyk 
 "
159,PDF page 159,"159 
 
 Lo;a lsoh laLFkkuksa dh lwph%& 
1- Hkkjr fodkl ifj""kn~ nkSlkA 
2- yk;Ul Dyc nkSlkA 
3- Vªd ;wfu;u nkSlkA 
 rglhy esa miyCèk jktdh; vfèkdkjh@dkÆedksa ds uke o nwjHkk""k uEcj& 
Øa-la- uke dkfeZd in orZeku 
inLFkkiu LFkku 
eksckbZy uEcj fo-fo- 
1 Jh yksdsUæ ehuk   rglhynkj rglhynkj  
nkSlk 
8764005199  
2 Jh guqekulgk; 'kekZ  uk;c 
rglhynkj 
rglhy nkSlk 9828216906      
3 Jh jkds'k iky XkksBoky Hkw-v-fujh{kd ukaxy cSjlh 9829240733 çfrfu;qfä Ã- 
Jh jkds'k 
dqekj 'kekZ 
4 Jherh chuk ehuk Hkw-v-fujh{kd tlksrk 9468928364  
5 Jh jkds'k dqekj 'kekZ Hkw-v-fujh{kd nkSlk 9829240733  
6 Jh Jo.k dqekj XkqtZj Hkw-v-fujh{kd Hkkadjh 9530312383  
7 Jherh XqkM~Mh ehuk Hkw-v-fujh{kd lwjtiqjk 9660767403  
8 Jh fl;kjke ehuk iVokjh uk¡xy cSjlh 9413323020  
9 Jh fgrs'k dqekj 'kekZ iVokjh pko.MsMk 9530312390  
10 Jh fodkl dqekj ehuk  iVokjh pkanjkuk 7014861766  
11 Jh fujatu 'kekZ iVokjh [kSjoky 9530312464  
12 Jh mTToy fot; iVokjh nkSlk [kqnZ 9782690338  
13 Jh jktsUæ dqekj ehuk iVokjh nkSlk dyka 8290016809  
14 Jh yksds'k dqekj ;ksxh  iVokjh ftjksrk [kqnZ  8118831896  
15 Jh fXjkZt izlkn 'kekZ iVokjh HkaMkuk 9694884208  
16 Jh dey ehuk  iVokjh tlksrk 7792850260  
17 Jh ÃÜoj yky ekyh  iVokjh  egsljk dyka  9509317017  
18 nhika'kq lSuh iVokjh egs'ojk [kqnZ 9887357127  
19 fjä iVokjh [kqjh [kqnZ 9929627393 Ã- Jh 
jktdqekj 
ehuk 
20 Jh jktdqekj ehuk iVokjh [kqjh dyka 9929627393  
21 Jh foØe Çlg [kVk.kk iVokjh Hkkadjh 7976161286  
21 Jherh Hkkouk ehuk  iVokjh ikykokl 7976241203  
22 çfrfu;qfä  iVokjh tkSikMk 9887357127 Ã- Jh 
nhika'kq lSuh 
 isVªksy iEi%& 
vuqKkèkkjd dk uke isVªksy iEi dk uke 
Jh jktsUæ dqekj iq= Jh I;kjsyky  eS0 fe=iqjk ch-ih-lh- fQÇyx LVs'ku Hkk.Mkjst 
eksM vkxjk jksM nkSlk 
Jherh ehuk oekZ iRuh Jh ;ksxs'k eS0 iap'khy isVªksy iEi [kSjoky jksM Hk.Mkuk  
Jh y{e.k Lo:i iq= Jh f=os.kh ';ke  eS0 y{e.k Lo:i ,.M dEiuh ykylksV jksM "
160,PDF page 160,"160 
 
nkSlk 
Jh rkjkpUn iq= Jh Hkqjhyky] Jh jktsUæ 
çlkn iq= Jh yYywçlkn tSu 
eSa0 yYywçlkn tSu vkxjk jksM nkSlk 
Jh jkeksorkj pkSèkjh iq= Jh lR;ukjk;.k 
egktu 
eSa0 pkSèkjh fQÇyx LVs'ku nkSlk 
 xSl ,tsUlh%& 
vuqKkèkkjd dk uke xSal ,tsUlh dk uke 
Jh jkeukFk iq= Jh xksihjke [kVhd fu0 
nkSlk 
eS0 vfer xSl ,tsUlh ykylksV jksM nkSlk  
Jh lqjsUæ eh.kk iq= Jh ckypUn ehuk fu0 
t;iqj 
çks0 lnkf'ko Hkkjr xSl ,tsUlh xsVksyko 
jksM nkSlk 
Jherh pUndqekjh iRuh lhrkjke tk;loky 
fu0 t;iqj 
egs'k xSl ,tsUlh nkSlk  
Jh tloar csuhoky iq= eyqdkjke csuhoky Jh fl)h fouk;d xSl ,tsUlh nkSlk  
Jh jktsUæ dqekj iq= dUgS;kyky iwÆo;k 
fu0 Hkk.Mkjst 
eS0 'khyk bUMsu xzkeh.k forjd Hkk.Mkjst  
 vkJ; LFky%& 
1- jsu clsjk dksrokyh ds ikl nkSlk 
2- pkSèkjh èkeZ'kkyk nkSlk 
3- tSu èkeZ'kkyk nkSlk 
 jsLVksjsUV%& 
1- tksèkiqj fe""BkUu Hk.Mkj nkSlk 
2- MksoBk okyk fe""BkUu Hk.Mkj nkSlk 
3- [k.Msyoky fe""BkUu Hk.Mkj nkSlk 
4- —"".kk fe""BkUu Hk.Mkj nkSlk ¼dksdk½ 
5- Çidh gksVy nkSlk 
 gyokÃ%& 
1- txnh'k çlkn 'kekZ fcgkjhiqjk 
2- jkeLo:i 'kekZ fcgkjhiqjk 
 Hkkjh e'khujh ls laca fèkr yksxksa dh lwph& ts -lh-ch]VªSDVj Vªkyh] MEij] xSarh 
QkoMh%& 
1- eSa& xCcw ,aM dULV- da & 637884580                        
2- Jh eqds'k ehuk lwjtiqjk& 9413196251                    
3- Jh çgykn ehuk lwjtiqjk& 6375999108              
4- Jh lhrkjke pkSèkjh& 9828370418                       
 
 
  "
161,PDF page 161,"161 
 
2- Rkglhy jkex< ipokjk vkink izcU/ku ;kstuk 
 rglhy o Rkglhynkj dk uke o ifjp;%& 
rglhy jkex<+ ipokjk dk l`tu ekg 04@2013 ls gqvk gS tks ftyk eq[;ky; ls 45 
fdyksehVj nwj fLFkr gS tks fd fMMokuk ls rqxk¡ jksM ij fLFkr gSaA rglhynkj        
Jh vfers’k dqekj ehuk o uk;crglhynkj Jh jksfgr ehuk gSA 
 rglhy esa lEHkkfor [krjk %& 
rglhy jkex<+ ipokjk esa ekSjsy unh ls [krjk gS fuEu xzkeksa esa ekSjsy unh dk cgko {ks= 
gS ftlesa d¡ojiqjk] lqYrkuiqjk]  jk.kksyh] chydk] ekykokl] fcnj[kk] cklMk mQZ fcnj[kk 
xzke vkrs gSA 
 ;krk;kr O;oLFkk%& 
nkSlk ls fMMokuk gksrs jkex<+ ipokjk o rqxk¡ ls jkex<+ ipokjk ykylksV ls jkex<+ 
ipokjk jksM ekxZ gSaA 
 rglhy ewyHkwr lalk/ku %& 
 fMLisaljh&jkex<+ ipokjk esa miftyk fpfdRlky; o lksuM esa lkeqnkf;d LokLF; 
dsUnz o xkaxY;kokl] chNk] futkeiqjk esa izkFkfed LokLF; dsUnz gSA Rkglhy esa 
Ik’kqfpfdRlky; dsUnz jkex<+ ipokjk esa o lksuM] xkaxyokl] fcnj[kk ,o gseY;kokyk 
es ai'kq miLokF; dsUnz gSaA 
 vfXu'keu O;oLFkk&vfXu’eu dsUnz ugh gS ysfdu ykylksV uxjikfydk esa gS tks 
rglhy eq[;ky; jkex<+ ipokjk ls yxHkx 13 fdyksehVj nqj gSaA 
 rglhy esa fctyh dh O;oLFkk&utnhdh fMMokuk QhMj ls tqMk gSaA 
 ihus ds ikuh dh O;oLFkk&vkojgSMVasd] cksjosy o dq, miyC/k gSaA 
 rglhy esa uxjikfydk@xzkeiapk;rks dh la[;k%& 
rglhyjkex<+ ipokjk esa 01 uxj  fudk; ¼uol`ftr uxjikfydk½ ,oa 10 xzke iapk;r 
gSaa] ftudh lwph layXu gSaA 
 rglhy dh tula[;k%& 
tux.kuk 2011 ds vuqlkj rglhy dh dqy tula[;k 56747 gSaA 
 n{k yksxksa dk fooj.k%& 
rglhy jkex<+ ipokjk esa MkWDVj@dEikamMj@oS|@vk;qosZn dEikamMj fpfdRlk {ks= ls 
tqMs yksx gSaA rSjkd@xksrk[kksj@ukopkyd yksx ugha gSaA 
 unh@cka/k@rkykc@ukyksa dh fLFkfr%& 
rglhy jkex<+ ipokjk esa eq[; :i ls ekSjsy unh dk cgko gSaA 
 lapkj ds lk/ku%& 
,;jVsy] ohvkbZ] ch,l,u,y] ft;ks vkfn ds Vkoj o dusDVhfoVh gSaaA iksLVvkWfQl dh 
lqfo/kk gSaA 
 Ldwy@dkWyst@/keZ’kkyk@lkeqnkf;d dsUnz%& 
rglhy eq[;ky; ij nks futh egkfo|ky;&dapu nsoh egkfo|ky;] vkfnR; egkfo|ky; 
,oa ,d jktdh; efgyk egkfo|ky; gSA ih,e Jh jk -m-ek-fo-jkex<+ ipokjk gSaA egkRek 
xka/kh -ek-fo jkex<+ ipokjk fLFkr gSaA /keZ’kkyk@lkeqnkf;d dsUnz gSaA 
 rglhy esa miyC/k cpko midj.kksa dh lwph%& 
rglhy jkex<+ ipokjk esa lgdkjh {ks= esa dksbZ lalk/ku miyC/k ugh gSaA f uth Lrj ij 
miyC/k gks ldrs gSaA "
162,PDF page 162,"162 
 
 rglhy esa miyC/k jktdh; vf/kdkfj;ksa@dkfeZdks ds uke o nwjHkk""k%& 
Ø-
la-  
vf/kdkjh dk uke foHkkx inuke Ekks-ua- 
1- Jh cnzh ukjk;.k 
ehuk 
jktLo mi[k.M vf/kdkjh jkex< ipokjk 9828961850 
2- Jh ;ksxs’k dqekj 
ehuk 
iapk;rhjkt fodkl vf/kdkjh 7665272787 
3- Jh cPpq flag xqtZj Iakpk;rhjkt vfrfjDr fodkl vf/kdkjh 9829961544 
4- Jh enuyky ehuk jktLo rglhynkj jkex< ipokjk 9462328565 
4- Jh egs’k pUnz 'kekZ jktLo  Rkglhynkj jkgwokl 9829375666 
5- Jh fnyhi ehuk iqfyl o`Ùkkf/kdkjh ykylksV 9875075024 
6- lqJh pk:y xqIrk iqfyl o`Ùkkf/kdkjh ukaxy jktkorku 6376490075 
7- Jh ;ksxs’k dqekj 
ehuk 
uxjikfydk vf/k’kk""kh vf/kdkjh jkex<+ ipokjk 7665272787 
8- Jh jke’kj.k xqtZj Ikqfyl Fkkukf/kdkjh jkex<+ ipokjk 9413345547 
9- Jh jtr [khaph Ikqfyl Fkkukf/kdkjh jkgwokl 9694939197 
10- Jh jkeLo:Ik ehuk jktLo Ukk;c rglhynkj jkgwokl 9929870623 
11- Jh galjkt ehuk jktLo Ukk;c rglhynkj jkex<+ ipokjk 9414646499 
12- Jh jk/ks’;ke ehuk  fo|qr Lkgk;d vfHk;ark] jkgwokl ts-oh-
oh-,u-,y 
9694772852 
13- Jh jktdqekj ehuk  Lkk-fu-fo- Lkgk;d vfHk;ark] PWD 9782963573 
14- Jh vfuy ehuk PHED Lkgk;d vfHk;ark] PHED 9636814981 
15- Jh iou tSu fpfdRlk CykWd fpfdRlk vf/kdkjh jkex<+ 
ipokjk 
8769422984 
16- Jh jkekorkj ehuk f’k{kk dk;Zokgd CykWd eq[; f’k{kk 
vf/kdkjh 
9928524466 
17- Jh lq[kiky ehuk Lkkaf[;dh CykWd lkaf[;dh vf/kdkjh 9460382707 
18- Jh nsosUnz flag Lkkekftd  CykWd lkekftd lqj{kk vf/kdkjh 8209966785 
19- Jh txnh’k dqekj d`f""k Lkgk;d d`f""k vf/kdkjh 9653744621 
20- MkW- eLrjke egar fpfdRlk vk;qosZn vf/kdkjh 9414462965 
21- Jh ujs’k ehuk Ekfgyk ,oa 
cky fodkl 
Ekfgyk ,oa cky fodkl vf/kdkjh 
jkex<+ ipokjk 
9680452817 
22- Jh izgykn ehuk jln izorZu fujh{kd] jkex<+ ipokjk 9602370450 
23- Jh lhrkjke ehuk Ik’kq 
fpfdRlk 
Ik’kq fpfdRlk izHkkjh] jkex<+ 
ipokjk 
8290437919 
24-  Jh dqynhi ehuk fo|qr Tks-oh-oh-,u-,y- jkex<+ ipokjk 7239937739 
25- Jh QSyhjke ehuk  Ikapk;rhjkt Lkgk;d fodkl vf/kdkjh 9782540762 
                                     
  uxjikfydk miyC/k gks rks mldk uke%& 
rglhy jkex<+ ipokjk esa xzke iapk;r jkex< ipokjk dk uxjikfydk jkex< ipokjk 
ds :Ik esa uol`tu fd;k x;k gSA 
 "
163,PDF page 163,"163 
 
 rglhy {kS= vkS|ksfxd bdkbZ;k%& 
rglhy ds xzke ckeugsMh esa fu th {ks= dh dyj isUV fuekZ.k dh ,d vkS|ksfxd bdkbZ 
gSaA 
 miyC/k esfMdy  nqdkuksa@ljdkjh@izkbZosV vLirkyksa o fMLisaljh dk uke] 
foLrjksa dh  {kerk@MkWDVj@uflZxLVkQ dh la[;k@isVªksyiEi@xSl ,tsUlh@ 
xSl xksnke%& 
 jktdh; miftyk fpfdRlky; jkex<+ ipokjk& 22 MkWDVj o 39uflZxLVkQ 
 ,d vkS""k/kky; ftlesa 1 oS| o 1 dEikamMj dk;Zjr gSaA 
 iSVªksyiEi@ xSal ,stsUlh dh miyC/krk& 
vuqKk /kkjd dk uke iSVªksy iEi dk uke 
Jh fojsUnz iq= jktdqekj eh.kk eSa0 ipokjk fQfyax LVs’ku jkex< ipokjk 
Lkhrkjke ehuk iq= gjpUnk ehuk eSa0 lhrkjke fQfyax LVs’ku lksuM] jkex< 
ipokjk 
 Hkkjh e’khujh ls lEcfU/kr yksxksa dh lwph%& 
rglhy {ks= esa ugh gSaA 
 rglhy jkex< ipokjk {ks= ds iVokj e.My%& 
  
Ø-la- iVokj gYdk xzkedkuke iVokjh dk uke eksckbyua- 
1 iVokj gYdk fcjn[kk Jh fd’kuyky ;kno 7619775351 
2 iVokj gYdk jkeuxjjsoMh Jh tkfyejke ehuk 9079621728 
3 iVokj gYdk chNk Jh rstizdk’k ehuk 8619488473 
4 iVokj gYdk futkeiqjk Jh vejflag ldjoky 9261616225 
4 iVokj gYdk jkex<+ ipokjk Jh Jo.kdqekj ehuk 9602380844 
5 iVokj gYdk vejkckn Jh Jo.kdqekj ehuk 9602380844 
6 iVokj gYdk xkaxY;kokl Jh uohu dqekj 'kekZ 8955733438 
7 iVokj gYdk uksjaxiqjk       Jh fl;kjke ehuk    7691879747 
9 iVokj gYdk gsEkY;kokyk Jherh fiz;rk lksÅ 9588985802 
10 iVokj gYdk lksuM+ Jh larks""k dqekj ehuk 9414148714 
 Hkw&vfHkys[k fujh{kdks ds uke o in ,oa eksckbZy ua-%& 
Ø-la- uke HkwvfHkys[k 
fujh{kdo`Ÿkdkuke 
eksckbZyua- 
1 Jh jkegsr ehuk jkex<+ ipokjk 6378803099 
2- Jh nhid y[ksjk lksuM] futkeiqjk 9929070431 "
164,PDF page 164,"164 
 
3- rglhy cStwikMk vkink izca/ku ;kstuk 
 rglhy o rglhynkj dk uke o ifjp;%& 
rglhynkj Jh izdk’k pUn ehuk gSA cStwikMk rglhy dk dqy HkkSxksfyd {ks=Qy 12800 
gsDVs;j gS rFkk ;gka dh tula[;k 2011 ds eqrkfcd 59423 gSA cStwikMk ftyk eq[;ky; 
ls mRRkj iwoZ dh vksj 52 fdeh - nwjh ij fLFkr gSSA bl {ks= es vuqlwfpr tutkfr 
¼ehuk½rFkk vuqlwfpr tkfr¼cSjok½]ekyh ckgqY; {ks= gSA ;g {ks= T;knkrj eSnkuh gS 
rglhy {ks= dh eq[; unh lkaok unh gS tks rglhy {ks= dks yXkHkx nks Hkkxks es ckaVrh gS 
rFkk nwljh unh ck.kk unh gS tks rglhy {ks= dh nf{k.k lhek cukrh gSaA mRrjh lhek ij 
,d NksVh unh iMklu unh xqtjrh gSA izk;% rglhy {ks= fd lHkh ufn;k lky Hkj lw[kh 
jgrh gSA unh ds nksuks rjQ p kjkxkg ,oa mcM+ &[kkcM Hkwfe gS rFkk ,sls {ks=ks ds ikl 
[kkrsnkjh Hkwfe Hkh gS ck< dh fLFkfr ls fuiVus gsrq cMh ifj;kstukvks izLrkfor dj ikuk  
laHko ugh gS fQj Hkh ck< dh fLFkfr es vkink izcU/ku ds mik; o dk;Z ;kstuk fuEu 
izdkj gSA  
 rglhy es laHkkfor [krjk ,oa ty Hkjko okys LkaHkkfor {ks=%& 
rglhy {ks= cStwikMk es vHkh rd ck< tSlh laHkkouk ugh gqbZ gSA fQj Hkh laHkkfor [krjs 
ls fuiVus ds fy, rglhy eq[;ky; ij ck< fu;a=.k d{k LFkkfir dj fn;k tk,xkA 
 ty Hkjko okys dqN LkaEHkkfor {ks=%& 
Ø-
la- 
Ukke xzke iapk;r Ckka< LkaEHkkfor {ks= o 
xzke 
dkj.k 
1 fugkyiqjk fugkyiqjk o""kkZ ds ikuh dh fudklh ugh gksuk 
2 cStwikMk dksBhu o""kkZ ds ikuh dh fudklh ugh gksuk 
3 ckoMh[ksMk [kkjh dh >ksiMh o""kkZ ds ikuh dh fudklh ugh gksuk 
4 fgaxksVk dqvka dk ckl o""kkZ ds ikuh dh fudklh ugh gksuk 
5 iwUnjikMk nqykok o""kkZ ds ikuh dh fudklh ugh gksuk 
 ;krk;kr O;oLFkk%& 
rglhy eq[;ky; cStwikMk ls 3 fd-eh- nwj mRrj fn’kk ls LVsV gkbZos 79 xqtjrk gS rFkk 
nf{k.k fn’kk es yxHkx 7 fd -eh- nwjh ls t;iqj& vkxjk us’kuy gkbZos 921 xqtjrk gS 
ftlls fBdfj;k pkSjk;k ls xzkeh.k lMd ls rglhy eq[;ky; tqMk gqvk gSA 
 rglhy ewyHkwr lalk/ku@lqfo/kk,¡%& 
 rglhy eq[;ky; cStwikMk ij iqfyl Fkkuk fLFkr gSA  
 fMLisaljh%& cStwikMk rglhy eq[;ky; ij lkeqnkf;d LokLF; dsUnz fLFkr gSA lkFk 
gh xksykMk]yksVokMk]iwUnjikMk es izkFkfed LokLF; dsUnz gSA lwph%& 
Ø-la- fpfdRlk dk uke bZdkbZ
  
in eksckbZy uEcj 
1 CHC cStwikMk MkW0 jktdqekj ’kekZ 9636013414 
2 CHC cStwikMk MkW0 ds’ko 9887919141 
3 PHC xksykMk MkW0 n;kjke xwtZj 9929538541 
4 PHC yksVokMk MkW0 Hkjryky 9887425440 
5 PHC iwUnjikMk MkW0 Hkjryky 9887425440 
6 vk;qosZn oS/k fgaxksVk MkW0 enueksgu tkVo 9587410782 
7 vk;qosZn oS/k ckykgsMk MkW0 vfurk ’kekZ 9828866544 "
165,PDF page 165,"165 
 
8 vk;qosZn oS/k cStwikMk MkW0 vkses’k ehuk 9414458052 
9 vk;qosZn oS/k yksVokMk MkW0 jkds’k ukxjoky 9636156310 
10 Ik’kq fpfdRld vfyiqj MkW0 lrh’k pUn cSjok 9485553834 
11 Ik’kq fpfdRld cStwikMk MkW0 mes’k pUn ehuk 9828475028 
 vfXu’keu O;oLFkk%& 
rglhy cStwikMk es vfXu’keu dsUnz ugh gS ftldk fdlh Hkh vkink es gksuk t#jh gS 
tks fd rglhy cStwikMk ls 24 fd -eh- nwj uxjikfydk ckanhdqbZ rglhy ckanhdqbZ  es 
fLFkr gSA  
 vU; lqfo/kk,W%& 
 ihus ds ikuh dh O;oLFkk%& rglhy cStwikMk es izk;% ikuh dh fdYyr jgrh gSA ihus 
ds ikuh ds fy, yksx Bsdsnkj ds }kjk lIykbZ VSadjks o futh cksfjax ij fuHkZj gSA 
 fctyh%& cStwikMk rglhy es f<xkfj;k diwj es 33 dsoh QhMj gSA ftlls lEiw.kZ 
rglhy {ks= es fo|qr dh lIykbZ gksrh gSA ;gh ij fo|qr foHkkx dk JEN @AEN dk 
dk;kZy; Hkh fLFkr gSA 
 rglhy es uxjikfydk xkze o xzke iapk;rks dh la[;k%& 
rglhy cStwikMk es uxjikfydk ugh gS rFkk 13 xzke iapk;r] 47 jktLo xzke gSA 
dqy tula[;k 59423 
 n{k yksxks dk fooj.k%& 
rglhy cStwikMk es MkWDVj@dEikamMj@oS?k@vk;qosZn dEikamMj fpfdRlk {kS= ls tqMs 
yksx gSA rglhy cStwikMk es n{k@izf’k{kd dksbZ rSjkd ugh gSA 
 unh cka/k rykcks dh fLFkfr%& 
orZeku budh fLFkfr lkekU; gS tks ikuh ds vH lw[ks es lw[ks iMs gSSA rglhy {ks= es dksbZ 
cMk cka/k ugh gSA 
 lapkj ds lk/ku%& 
rglhy cStwikMk es vU; ,stsafl ;k¡ ch-,l-,u-,y- ],;jVsy]fjykbZUl vkfn ds Vkoj yxs 
gq, gSA ikWLV vkWfQl dh lqfo/kk Mkd gsrq miyC/k gSA 
 /kEkZ’kkyk@dkWyst@Ldwyks dk fooj.k%& 
dk;kZy; eq[; CykWd f’k{kk vf/kdkjh cStwikMk }kjk miyC/k lwph ihbZbZvks lacaf/kr fo|ky; dk 
uke o eksckbZy ua0 fuEu gS] ;fn ck<+ tSlh fLFkfr mRiUUk gksrh gS rks mijksDr fo|ky;ks es ck<+ 
jkgr gsrq yksxks dks Bgjk;k tk ldrk gSA 
 
Ø-
la- 
fo|ky; dk uke dk;Zjr ihbZbZvks dk 
uke 
ihbZbZvks dk 
eks0 ua0 
1 jk0m0 ek0 fo|ky;] vfyiqj Jh foJke ehuk 9001560941 
2 jk0m0 ek0 fo|ky;] cStwikMk Jh Hkjryky ehuk 9660423436 
3 jk0m0 ek0 fo|ky;] ckykgsMk Jh ’;keflag jktiwr 9460167025 
4 jk0m0 ek0 fo|ky;]vfy;kikMk Jherh txuh ehuk 8209410639 
5 jk0m0 ek0 fo|ky;]f<xkfj;k Hkhe Jh t;flag ehuk 9587713766 
6 jk0m0 ek0 fo|ky;] xksykMk  Jh ekaxhyky egkoj 9784403134 
7 jk0m0 ek0 fo|ky;] fgaxksVk Jh dtksM ey ehuk 9460136996 
8 jk0m0 ek0 fo|ky;]egqdyka Jh ekrknhu x<oky 9636072804 
9 jk0m0 ek0 fo|ky;]yksVokMk Jh egsUnz flag xqtZj 9928139699 "
166,PDF page 166,"166 
 
10 jk0m0 ek0 fo|ky;]iwUnjikMk Jh ukFkwjke ehuk 9887697266 
11 jk0m0 ek0 fo|ky;] fugkyiqjk  Jh fnus’k pUn ehuk 7976430064 
12 jk0m0 ek0 fo|ky;] ckoMh[ksMk Jh toku flag 9887353777 
 rglhy {kS= es cpko midj.k%& 
rglhy {ks = cStwikMk  es cpko midj.k ugh gSA  vko’;drk iMus ij fdjk;s ij 
miyC/k djok, tk ldrs gSA 
 rglhy dk;kZy; cStwikMk es miyC/k jktdh; deZpkjh%& 
dza-
la- 
dkfeZdks dk uke in eksckbZy uEcj 
1- Jh izdk’k pUn ehuk rglhynkj 9079093752 
2 Jh iIiwyky ehuk - vkWfQl dkuwuxks 6375600344 
3 Jh egs’k pUn ehuk vfr- vkWfQl dkuwuxks 9414892492 
3 Jh Vw.Mkjke ehuk Hkw-v-fu-xksykMk 9414985373 
4 Jh iIiwjke ehuk Hkw-v-fu-cStwikMk 9414761914 
5 Jh jkds’k dqekj ehuk iVokjh fugkyiqjk] cStwikMk 9414594562 
6 Jh lksejkt ehuk iVokjh yksVokMk ]ckykgsMk 8955820955 
7 Jh vkjke flag iVokjh iwUnjikMk ]egq[kwnZ 8619147505 
8 Jh xksihjke ehuk iVokjh xksykMk ]ckoMh[ksMk 8387838937 
9 Jh nhun;ky ehuk Hkw-v-fu vkjihth cStwikMk 7232849684 
10 Jherh fcUrk ckbZ ehuk iVokjh f<xkfj;k Hkhe 9352158767 
11 Jh fouksn dqekj ehuk iVokjh ,y-vkj-lh- 9414790511 
 rglhy cStwikMk es fLFkr vU; dk;kZy;%& 
lh-ch-bZ-vks-]ch-lh-,p-,e-vks- iapk;r lfefr]13 xzke iapk;r eq[;ky; gSA 
 rglhy {ks= vkS|ksfxd  bZdkb;k¡%& 
rglhy cStwikMk {kS= es vkS|ksfxd  bZdkb;k¡  LFkkfir ugh gSA 
 miyC/k esfMdy  nqdkus@ljdkjh@izkbZosV fMLisa’kjh dk fooj.k%& 
rglhy {kS= cStwikMk es 03 esfMdy  dh nqdkus gSA ljdkjh vLirky dh la[;k 03]  
gSA cStwikMk lh-,p-lh- es 02 MkWDVj] 03 uflZax LVkQ  gSA  
 isVªkWy iEi dh lwph%&  
dza-
la- 
uke isVªkWy iEi xzke dk uke 
1 ,pih fQfyax LVs’ku  xksykMk 
2 Ukk;jk fQfyax LVs’ku  f<xkfj;k Hkhe 
3 ,pih fQfyax LVs’ku yksVokMk 
4 ,pih fQfyax LVs’ku fgaxksVk 
5 Ukk;jk fQfyax LVs’ku vyhiqj 
 rglhy {kS= es xSl xksnke dh lwpuk%& 
cStwikMk rglhy eq[;ky; 06 fdeh nwj fugkyiqjk es vtqZu Hkkjr xSal ,stsalh gSA  blds 
ekfyd dk uke&Jh d`"".k Lo:Ik eks0u0&9413340856 
 rglhy {kS= es Hkkjh e’khujh dh lwpuk%& 
 'kwU; 
  "
167,PDF page 167,"167 
 
4- तहसील  भाांडारेज आपदा  प्रबन्धन योजना  
 पररचय:-  
द ौसा जिले क ी त हसील भाांडारेि क ा कुल क्षेत्रफल 12832.52 gsDVs;j है तथा यहााँ की 
िनसांख्या 2011 के म ुत ाबिक  50299 है ,भाांडारेि जिला म ुख्यालय से पूर्व क ी त रफ 12 km की 
द ूरी पर जथथत  है इस क्षेत्र म ें गुिवर एर्ां म ीना सम ुद ाय के लोग है ,शेष अनुसूचित  िातत  र् 
अन्य िातत  के लोग है भाांडारेि क्षेत्र अचिक त र सम त ल र् ख ेत ी योग्य भूमम  है िाढ़ क ी जथथतत  
में आपदा प्रिन्िन के उपाय र् कायव योिना तनम्न प्रकार है  
 त हसील  में सांभावित खतरा :– 
क्र.स. नाम ग्राम 
पांिायत  
िाढ़ सांभावर्त क्षेत्र र् ग्राम  कारण  
1 कालाखो  कालाखो  कलाखो िाांि का िरार् क्षेत्र होना  
 पररिहन: - 
त हसील भाांडारेि ियपुर आगरा NH 21 से 2 km अन्दर भाांडारेि लालसर रोड पर जथथत है  
यातायात के सािनों में रािथथान राज्य पथ पररर्हन तनगम की िसे र् तनिी िसे र् लोगो के 
पास अपने तनिी  पररर्हन के सािन मौ िूद  है  
 त हसील  के मूल भूत  सुविध ाए:-   
क्र.स. चिककत्सा की नाम इकाई  सांथथा प्रिान का नाम  मोिाइल नांिर  
1 CHC भाांडारेि  अांिना भागवर्  9414321802 
2 UPHC  कालाखो  अल्का मीना   9414539933 
3 UPHC नाांगल िापा  लीलता िैरर्ा  9782008983 
4 प्राथममक थर्ाथ्य क ें द्र खारांडी डा.अतनल िडगोत्या  7732919281 
5 उप थर्ाथ्य क ें द्र भगलाई डा. सपना शमाव 7425940869 
6 CHC िाणे का िरखेडा  डा. अशोक मीना  9828746942 
 अन् य:- 
तहसील भाांडारेि में अचग्रम शामन क ें द्र नही है जिसका ककसी भी आपदा में होना िरुरी है िो 
क ी त हसील म ुख्यालय से क रीि 12 km द ूरी पर द ौसा जिला म ुख्यालय म ें है | बििली व्यर्थथा 
है |पीने के पानी के मलए लोगो के पास तनिी कुए र् िोररांग म ौिूद  है | 
 त हसील  में ग्राम/ग्राम पांचायत ो क ी सांख्या:-  
त हसील भाांडारेि म ें कुल  6  ग्राम पांिायत ,,d uxjikfydk र् 33  ग्राम  है कुल िनसांख्या 50299 
त था कुल भौगोमलक क्षेत्रफल 13149  हेक्टेयर है | जिनका वर्र्रण तनम्न प्रकार है | 
क्र.स. नाम ग्राम 
पांिायत  
नाम ग्राम  क्षेत्रफल  िनसांख्या  तहसील 
म ुख्यालय 
से द ूरी  
वर्.वर्. 
1 भाांडारेि  भाांडारेि 3113.51 16819 0 km  "
168,PDF page 168,"168 
 
2  अट्टा बििोरी  213.18 1180 6 km  
3  भीकली  404.81 1059 4 km  
4  नाांगल िापा  458.83 1284 8 km  
5  िीरासना  509.64 883 5 km  
6  खारांडी  497.12 939 10 km  
7.  म ुन््तिथय  364.12 985 12  
8  िैना का िास  211.09 918 10 km  
8  िैरार्ास  137.62 357 8 km   
10  कालाखो  789.17 3950 10 km  
11  सराय  127.21 941 8 km  
12  िालककशन का 
िास  
133.55 762 15 km  
13  काांदोली  244.35 898 8 km   
14  गोठडा  1024.22 2922 8  km  
15  आमटेडा  498.04 1793 9 km  
16  रुडमल का िास  485.00 1944 14 km  
17  देर्नर्ाडा 139.75 662 22 km  
18  ब्राह्मणों का िास  74.14 408 10 km  
19  िाणे का िरखेडा  537.42 2062 13 km  
20  आछीर्ास  227.39 721 14 km  
21  लोह्सरी  242.51 661 14 km  
22  िैरार्ास  316.18 1016 8 km  
23  खीिार्ास  213.23 800 12 km  
24  रलार्ता  261.81 765 8 km  
25  राम पुरा क ला  272.31 718 6 km  
26  राम मसांहपुरा 141.79 120 15 km  
27  भगलाई 520.99 1705 4 km  
28  िुिाडडयो क ा िास  11.17 383 6 km  
29  गाांगल्यार्ास 375.74 1236 11 km  
30  रािर्ास  342.19 867 8 km  
31  रानीर्ास  143.34 178 9 km  
32  रू गनाथपुरा  125.22 164 8 km  
33  म ूांडतिथया  364.12 1184 11 km  
 
 "
169,PDF page 169,"169 
 
 तहसील भाांडारेज की 2011 क ी जनगणना के अनुसार क ुल  जनसांख्या 50,299   
है | 
 एपीएल/बीपीएल/अन्य: - 
तहसील क्षेत्र भाांडारेि में  2615 BPL एर्ां  9817 गैर BPL पररर्ार है | 
 दक्ष लोगो का वििरण: - 
तहसील भाांडारेि में कोई भी तैराक नही है आर्श्यकता पड़ने पर मशीनरी र्हाां िालक वर््युत  
कमी ,र्ेल्डर गेस कटर आदद एर्ां तैराक ककराये पर दौसा से उपलब्ि कराये िा सकते है | 
 नदी बाांध /तालाब / नालो की स्थितत: -नदी/ बाांध/तालाब / ि नालो की स्थितत: – 
र्त वम ान म ें इनक ी जथथतत  साम ान्य है िो पानी के अभार् म ें सूख े पड़े हुए है | 
 सांचार के साधन:- 
तहसील क्षेत्र में BSNL र् अन्य एिेंमसयों िैसे एयरटेल,ररलायांस इत्यादद के  टार्र लगे है पोथट 
ऑकफस क ी सुवर्िा डाक  हेत ु उपलब्ि है | 
 महाविद्याल य /थक ूल/ आदद का वििरण :- 
त हसील भाांडारेि म ें एक   तनिी क ॉलेि र् म ुख्यालय पर द ो रािक ीय उच्ि म ाध्यमम क  
वर््यालय र् सभी पांिायत  म ुख्यालय रािक ीय उच्ि म ा.वर्. है |  
 त हसील  में उपल ब्ध  ब चाि उपक रण:- 
तहसील भाांडारेि में ििार् उपकरण नही है लेककन आर्श्यकता पड़ने पर ककराये पर उपलब्ि 
करर्ाये िा सकते है  
 त हसील  भाांडारेज में उपल ब्ध  राजक ीय क ममचारी:- 
क्र.स. नाम अचिकारी /कमविारी                      
पद  
         
मोिाइल नांिर  
1 श्री सुनील क ार्ांत  भू.अ.तन. भाांडारेि  7976156536 
2 श्रीमती अनीता मीना  भू.अ.तन. कालाखो  9468790191 
3 श्रीमती मनीषा  ehuk  iVokjh dkyk[kksa  8078644021 
4 श्री वर्म ल कुम ार  म ीना  पटर्ारी भाांडारेि  8290016809 
5 श्री महेंद्र  दातोतनया   पटर्ारी नाांगल िापा 9571070472 
6  श्री रािे श्याम  गुिवर  पटर्ारी गोठडा  9462664105 
7 श्री योगेन्द्र गुिवर  पटर्ारी िाणे का 
िरखेडा  
8650039166 
8 श्री रािे श्याम  गुिवर  पटर्ारी रलार्ता  9462664105 
9 श्रीमती मनीषा ehuk पटर्ारी गाांग्ल्यार्ास 8078644021 
10  श्री कान्त शमाव  र्ररष्ठ सहायक  8005932850 
11 श्री गिानांद  गुप्त ा  र्ररष्ठ सहायक 8094608272 
12  श्री सोमराि मीना   अतत  ऑकफस 7727804951 "
170,PDF page 170,"170 
 
क ानूनगो भाांडारेि  
13 श्री क ृपाशांक र िैरर्ा  पटर्ारी RPG 9887601392 
14 श्री रामककश न िैरर्ा ऑकफस क ानूनगो 
भाांडारेि 
9929600839 
15 श्री नेमीिांद िैरर्ा LRC ILR 9680286280 
 तहसील भाांडारेज  में नगर पालल क ा है |  
 त हसील  भाांडारेज में स्थित  अन्य अधध क ाररयो क ी सूची:- 
क्रसां   अचिकारी का नाम  वर्भाग  पदनाम  मोिाइल नांिर  
1 आशा गुप्त ा  मशक्षा वर्भाग  CBEO 9414323378 
2 सांतरा मीना  JEN PWD JEN 9929126215 
3 ददनेश मीना  मदहला एर्ां िाल 
वर्कास  
CDPO 9166323021 
4 अांिना भागवर्  चिककत्सा एर्ां थर्ाथ्य 
वर्भाग  
डॉक्टर  9414321802 
5 िनर्ारीलाल मीना  नगरपामलका भाांडारेि  सेनेटरी 
इांथपेक्टर  
8963042984 
 त हसील  भाांडारेज में ओद्योधगक  इक ाई:– 
शून् य 
 उपलब्ध मेडडकल  द ुक ानों/सरक ारी/प्राइिेट अथपत ाल ों ि डडथपेंसरी क ा वििरण:- 
तहसील क्षेत्र भाांडारेि में मेडडकल  क ी द ुक ाने है सरकारी असपता ल र् डडथपेंसरी क ी सूिना बिन् द ु 
सांख्या 04 में दिव है डाक्टर नमसिंग थटाफ की सांख्या चिककत्सा वर्भाग से मलया िाना उचित है 
पेट्रोल पम्पो की सूिी:- 
क्र.स. नाम पेट्रोल पांप  ग्राम का नाम  
1 ममठ्ठनलाल इांडडयन कफमलांग थटेशन  भाांडारेि  
2 ESSAR गिानांद कफमलांग थटेशन   भाांडारेि  
3 कीमा कफमलांग थटेशन  भाांडारेि  
  गैस गोद ामों क ी सूची:- 
क्र.स. गैस गोदाम वर्तरक  सांिालक का नाम  मोिाइल नांिर  
1  शीला इांडडयन गैस एिेंसी  रािेंद्र पूवर्वया 9887563938 
 आश्रय थिल  के रू प में उपयोग में ल ाया जा सक त ा है:-  
1.Hknzkorh iSysl Hkk.Mkjst 2.d`"".kk vkbZVhvkbZ dkyst  
 हल िाई क ी सूची:- 
1. म हेश कुम ार सैनी  2. रमेश सैनी    3. प्रलाद सैनी  4. कैलाश सैनी  
 
  "
171,PDF page 171,"171 
 
5- rglhy egok vkink izca/ku ;kstuk 
 ifjp;%& 
nkSlk ftys dh egok  rglhy dk dqy {ks=Qy  37247 gsDVs;j gS] rFkk ;gk¡ dh 
tula[;k 2011 ds eqrkfcd 201574 gSAegok ftyk eq[;ky; ls mÙkj  iwoZ fn'kk esa 
62fdyksehVj nwjh ij fLFkrgSA bl {ks= esa eh.kk o xqtZj leqnk; ds yksxks dh vfèkdrk 
gS] 'ks""k vuqlwfpr tkfr o vU; tkfr;ksa ds O;fä  Hkh ;gk¡ fuokl  djrs gSaA ;g {ks= 
jktuhfrd ,oa  ç'kklfud –f""Vdks.k ls vR;ar  laosnu'khy gSAegok ds ioZrh; {ks= 
eq[;r% rkyfpM+h]  vkSaMehuk ]ukghM+k]  ikyh] lkfyeiqj]  BsdM+k] èkUrwjh] [kksdyk] cgM 
[kksapiqjh gSaAioZr o igkM+ksa ds iklikuh dk Hkjko {ks= [kkanj  gSArFkk ,sls {ks=ksa ds ikl 
[kkrsnkj Hkwfe gksus ds dkj.k ck<+ vkfn dh fLFkfr ls fuiVus gsrq cM+h ifj;kstukvksa dks 
çLrkfor dj ikuk laHko ugÈ gSAfQj Hkh ck<+ dh fLFkfr esa vkink çcaèku ds mik; o 
dk;Z ;kstuk fuEuçdkj gSaA  
 rglhy esa ty Hkjko ,oa [krjk lEHkkfor {ks=%& 
Ø-l Ukke 
xzkeiapk;r 
Ckk<+ lEHkkfor {ks= 
o xzke 
dkj.k 
1 [kkSpijh ] [kkspiqjh ]I;kjk dk 
uaxyk 
o""kkZ dk ikuh ,df=r gksuk 
2 iykugsM+k iykugsM+k o""kkZ dk ikuh ,df=r gksuk 
3 lkaFkk lkaFkk o""kkZ dk ikuh ,df=r gksuk 
4 BsdM+k u;kxkao o""kkZ dk ikuh  ,df=r o ,fudV  esa ty 
Hkjko 
5 leysVh leysVh ,u ,p 21 mapk  gksus ls ikuh dk fudkl 
ugh gksuk 
6 gqMyk Xokjdh gqMyk cka/k dk Hkjko {ks= gksus ls 
7 jlhniqj jlhniqj vR;f/kd o""kkZ gksus ij cka.kxaxk unh esa 
mQku vkuk 
8 Ikkyh Ikkyh o""kkZ dk ikuh ,df=r gksus rFkk ukys dk 
ikuh vo:n~/k gksus ds dkj.k 
9 VqfM;kuk VqfM;kuk vR;f/kd o""kkZ gksus ij cka.kxaगा  unh esa 
mQku vkuk 
10 jkex< jkex< o""kkZ dk ikuh ,df=r gksus rFkk vfrdze.k 
ls ukyk vo:n~/k gksus ls 
11 BsdM+k BsdM+k ,u ,p 21 ds v.Mjikl esa ty Hkjko ls 
12 egok egok o""kkZ dk ikuh  ,df=r gksus] ukyk ,o  
dkWyksनियों ds ikuh ds fudkl dh leqfpr  
O;oLFkk  u gksus ls 
 ;krk;kr O;oLFkk%& 
Rkglhy egok ,u ,p 21 ij fLFkr gS tgk¡ ij ;krk;kr ds lk/kuksa esa jktLFkku jkT; 
iFk ifjogu fuxe dh cls] yksd ifjogu cls] yksxksa ds ikl vius futh ifjogu ds 
lk/ku ekStwn gS A  
 
 "
172,PDF page 172,"172 
 
 
 rglhy dh ewyHkwr lqfo/kk;sa ,oa lk/ku%& 
Ø-l fpfdRlk  bdkbZ dk uke  laLFkkiz/kku dk 
uke  
eks-uEcj 
01 ftyk vLirky egok MkW- राममसांह मीना 9166102940 
02 lh,plh ckykgsMh MkW- हरगोवर्न्द 
मीना                                                                
  
8209193620 
03 lh,plh cM+kxkao  डा.प्रशान्त मसांह 9983912111 
04 ih,plh [kksgjkeqYyk MkW- vfadrtSu 9649884545 
05 ih,plh lkaFkk MkW- nhid 'kekZ 8386829683 
06 ih,plh rkyfpM+h MkW मोहन िैरर्ा  7732834350 
07 ih,plh [ksM+ykcqtqxZ MkW- xksiky flag 
xqtZj 
9694410639 
08 ih,plh ikoVk MkW- egsUnz flag 
xqtZj 
7891510378 
09 ih,plh jlhniqj MkW- gfjeksgueh.kk 9414313414 
10 lh,plh हुडला डााँ.ििरांग यादर् 9602754227 
11 ih,plh गहनौली डाां.रािेश नट 6350091338 
12 tSu pkbZYM vLirky डा.अशोक िैन  9414407564 
13 गोयल नमसिंग होम डा.िगमोहन 
गोयल 
9828572016 
14 osnak’k gksfLiVy डा.पांक ि गुप्त ा 9351371349 
 i’kq fMLisaljh%& rglhy eq[;ky; egok ij ekStwn gSA 
 vfXu 'keudsaæ%& rglhy egok ds 'kgniqj xzke esa fLFkr gSA 
 tslhch e'khu%& uxjikfydk egok esa gSA 
 fctyh ¼fo|qr½%& O;oLFkk ekStwngSA 
 ihus ds ikuh gsrq futh dq,sa ,oe~ cksÇjx dh O;oLFkk gSA 
 rglhy esa xzke iapk;r@xzkeks dh la[;k%& 
rglhy egok es adqy 34 xzkeiapk;r ]1 uxjikfydk ,oe~ dqy  124 xzke gSAdqy 
tula[;k 2011 ds vuqlkj 201574 rFkk dqy {ks=Qy 37247 gS0 gSA 
 chih,y @,sih,y@vU; dh fLFkfr %& 
rglhy {ks= egokes a5202 chih,y 22815xSjchih,y ifjokj yxHkx gSaaA 
 
 "
173,PDF page 173,"173 
 
 rSjkdh esa n{k O;fä;ksa dk fooj.k%& 
rglhy {ks= egok es an{k nks rSjkd gSaA 
 Jh iwj.k iq= Jh jkethyky dgkj fu- egokA 
 Jh èkkjk Çlg iq= Jh jkelgk; dgkj fu- egokA 
 unh@ckaèk@rkykc@ukyksa dh fLFkfr%& 
orZeku es abudh fLFkfr lkekU; gSAtks fd ikuh ds vHlw[ks esa lw[ks iM+s gSaA 
 lapkj ds lkèku%& 
rglhy {ks= esa ch-,l-,u-,y- o vU; ,tsfUl;ksa tSls ,;jVsy ] ft;ks] vkfn ds eksckÃy 
V‚oj yxsgq, gSaAiksLVv‚fQl dh lqfoèkk Mkd gsr qmiyCèkgSA 
 rglhy egok esa miyCèk cpko ds lkèku%& 
rglhy egok es acpko gsrq lgk;rk midj.k ekStwn ugÈ gSAfdUrq vko';drk iM+us 
ij fdjk;s ij miyCèk djk;s tk ldrs gSaA 
 rglhy dk;kZy; esa dk;Zjr eq[; jktLo vfèkdkjh@deZpkjh%& 
Ø- la-     uke vfèkdkjh@deZpkjh in eks- ua- 
1 Jh पृ्र्ीराि म ीना rglhynkj 9414994783 
2 Jh रामखखलाडी  ehuk uk;c rglhynkj 
महर्ा 
8209804139 
3 श्री म ुकेश म ीना uk;c rglhynkj 
िालाहेडी  
9460950531 
4 श्री अिीत िैन uk;c rglhynkj 
ख ेडलािुिुगव 
8619432566 
5 श्रीमती अन्नपूणाव शम ाव आकफस क ानूनगो 
महर्ा 
9530312270 
6 Jh fo"".kqdqekj 'kekZ Vh- vkj- ,-     6375114252 
7 Jh पुरू षोत्तम  गगव ,-vks-ds- egok 9413881263 
8 Jh fot;Çlg eh.kk सहा.प्रशासतनक 
अचिकारी  
9460913622 
9 श्री बििेन्द्र मसांह प्रशासतनक 
अचिकारी  
6377562220 
10 श्री सन्तोष मसांिल कतनष्ठ लेखाकार  8952010027 
11 श्री दशरथ मीना र्ररष्ठ lgk;d 9414486276 
 rglhy egok esa vkSèkksfxd {ks=%& 'kwU;  
 
 
 "
174,PDF page 174,"174 
 
 xSl xksnke dh lwph%& 
Ø- la xSl xksnke forjd lapkyd dk uke    eks- ua- 
1 [ksM+yk cqtqxZ xzkeh.k b.Msu Jh lanhi xqIrk 9413628231 
2 lkaFkk xzkeh.k b.Msu Jh NksVwyky eh.kk 9828114304 
3 xq# —ik ,p - ih- xzkeh.k forjd 
ikoVk 
Jh xksfoUn Çlg 
xqtZj 
9785948005 
4 gfM+;kxzkeh.kb.Msuforjd JhrkjkÇlg 8829051460 
5 jlhniqjxzkeh.kb.Msuforjd JhfugkyÇlg 7062007288 
6 Jh —"".kkxzkeh.kb.Msuforjd ';kexkSM 7791904171 
 iSVªksyiaiksa dh lwph%& 
Ø- la- uke iSVªksyiai xzke dk uke 
1- cæhçlknlw;Zçdk'k gfM+;k 
2 fouk;diSVªksyiai vykiqj 
3 usgyjktbafM;uv‚;y ukSxk¡o 
4 dkjfxyfQÇyxLVs'ku [ksM+ykcqtqxZ 
5 jes'kv‚VksiSVªksfy;e ikVksyh 
6 ealwjhiSVªksyiai 'kgniqj 
7 calyiSVªksyiai 'kgniqj 
8 fjykbUliSVªksyiai ihiy[ksM+k 
9 Mh- ch- iSVªksyiai ihiy[ksM+k 
10 nsodj.kfQfyaxLVs'ku ihiy[ksM+k 
11 bafM;uvk;y ekstiqj 
12 egokfQfyaxLVs'ku xguksyh 
13 xq#d`ikiVªksyiai xguksyh 
14 [kVkukiVªksyiai xguksyh 
 vkJ; LFky%& 
rglhy eq[;ky; ij fuEu dks vkJ; LFky ds :i esa mi;ksx esa yk;k tk ldrkgS 
1 x.kxkSj feMos egok 8 feMos egok 
2 eaxye eSfjt gkse 9 egok iSysl 
3 Hkxorh eSfjt gkse 10 vxzoky /keZ'kkyk 
4 jktLFkku feMos 11 vo/k iSysl 
5 fgrs'k  eSfjt gkse 12 jk/ksjkuh eSfjt gkse 
6 'kkafr eSfjt gkse 13 [k.Msyoky gksVy 
7 j?kqoa'ke eSfjt gkse   
 Ldwy vkfn dk fooj.k%& 
lwph ihbZbZvks lEcaf/kr fo|ky; dk uke o eksckby u fuEu  gSA dk;kZy; eq[; Cyk Wd 
f'k{kk vf/kdkjh lexz f'k{kk vfHk;ku egok ihbZbZvks dh lwph 
Ø l xzkeiapk;r dk 
uke 
ç/kkukpk;Z dk uke fo|ky; ds ç/kkukpk;Z dk uke ,oa  eksckby 
uacj 
1 egok Jh सतीशिन्द राmekofo egok 9024421169 
2 BsdMk Jh NksVsyky ehuk राmekofo BsdMk  9461151039 "
175,PDF page 175,"175 
 
 
3 [kksapiqjh Jh Hkxorçlkn jkmekofo [kksapiqjh 9887957630 
4 xkthiqj Jherh jf'e vxzoky राmekofo xkthiqj  9460739916 
5 'kgniqj Jh jkefuokl ehuk jkmekofo 'kgniqj 9414919721 
6 leysVh Jhfot; flag ehuk राmekofo leysVh 9929809880 
7 lkaFkk Jh iadtdqekj tks'kh राmekofo lkaFkk  9414334800 
8 xguksyh Jhjkejruehuk राmekofo xguksyh  9587838872 
9 iykugsMk Jh jkefd'kksj ehuk राmekofo ikyugsMk  8890274176 
10 ikyh Jherh dYiuk 'kekZ Jkmekofo ikyh 9587447222 
11 gfM;k श्रीमती रिना 
क ुम ारी 
राmekofo gfM;k  6350198564 
12 [ksMykxnkyh Jh jkeckcw /kkdM+ राmekofo flUnqdh 9602791044 
13 lkfyeiqj Jh txeksgu राkmekofo lkfyeiqj 9413150913 
14 ds'kjk Jh egsaæ flag ehuk राmekofo ds'kjk  9680802563 
15 ckM+kcqtqxZ Jh करण मीना  राmekofo [kksgjkeqYyk 9784156600 
16 [ksMykcqtqxZ Jh प्रमम ला गुप्त ा राmekofo dksa.Myk  9461238929 
17 cMkxkao Jh fo'kEHkjn;ky xqIrk राmekofo cMkxkao[ksMyk  6376873037 
18 lyseiqjFkkuk श्री भरत मसांह गूिवर राmekofo lyseiqjFkkuk 9982293760 
19 नादहडा  Jh foJkejke ehuk राmekofo नादहडा   9001560541 
20 vksaMehuk Jh [ksepan ehuk jkmekofovksaMehuk 6350483946 
21 तालचिडी  श्री म ुरारीलाल म ीना jkmekoforkyphMh 9269916788 
22 <.M श्री सूरिम ल गुप्त ा राmekofo <.M 9414845708 
23 jlhniqj Jheksrhykyehuk राmekofo jlhniqj 9530152914 
24 jkex< Jhjk/ks';keehuk  राmekofo jkex<    9414355570 
25 gqMyk Jht;flagehuk  राmekofo gqMyk 8949335509 
26 xxokuk Jhvfuydqekjehuk Jkmekofoihiy[ksMk 9414372979 
27 ikVksyh Jhcuokjhykyehuk राmekofo ikVksyh  9414626788 
28 ckykgsMh JhjkeLo:iehuk राmekofo ckykgsMh  9636663741 
29 ukSjaxokMk Jhlqferçdk'ktSu राmekofo fo'kkyk 9799920243 
30 VqMh;kuk Jhpsrjkeehuk राmekofo VqMh;kuk  9001481154 
31 dekyiqjk Jh म ुकेश क ुम ार राmekofo dekyiqjk  96363459598 
32 ikoVk JhnqYgkjke राmekofo ikoVk 9772244178 
 "
176,PDF page 176,"176 
 
 
6- rglhy lSaFky vkink izca/ku ;kstuk 
 rglhy o rglhynkj dk uke o ifjp;%& 
rglhynkj lSaFky ds in ij Jh jkds’k tSu dk;Zjr gSA rglhy lSaFky dk dqy {ks=Qy 
9375 gS0 gSA rFkk ;gka dh tula[;k 2011 dh tux.kuk ds eqrkfcd 35817 gSA rglhy 
lSaFky ftyk eq[;ky; ls mRrj dh vksj 20 fdyksehVj nwj fLFkr gSA bl {ks= esa xqtZj] 
ehuk] czkg~e.k] ekyh] vkfn tkfr;ksa dk ckgqY; {ks= g SSA ;g {ks= T;knkrj eSnkuh gSA 
rhrjokMk esa ioZr rFkk igkM+h {ks= gSA ckih vkS|ksfxd {ks= vUrxZr gSA ck<+ dh fLFkfr ls 
fuiVus gsrq cM+h ifj;kstuk izLrkfor dj ikuk laHko ugh gSA fQj Hkh ck<+ dh fLFkfr 
vkink izca/ku ds mik; o dk;Z ;kstuk fuEu izdkj gSA  
 rglhy esa laHkkfor [krjk%& 
rglhy lSaFky esa vHkh rd ck<+ tSlh laHkkouk ugh gqbZ gSA fQj Hkh laHkkfor [krjs ls 
fuiVus ds fy;s rglhy eq[;ky; ij ck<+ fu;a=.k d{k LFkkfir dj fn;k tkosxkA 
 ;krk;kr O;oLFkk%& 
rglhy lSaFky ls jkT; jktekxZ ,e -Mh-vkj-&48 nkSlk ls ckanhdqbZ xqtj jgk gS  o nkSlk 
ls cklM+h ckbZikl rks jkT; jktekxZ fLFkr gSA  
 rglhy {ks= esa ewyHkqr lalk/ku@lqfo/kk,%& 
 rglhy lSaFky esa jsYos dusfDVfoVh ugha gS rFkk ljdkjh cl LVS.M gSA  
 fMLisa’kjh%&rglhy lSaFky esa lh,plh dsUnz gSA  
 vfXu 'keu O;oLFkk%&rglhy lSaFky esa vfXu'keu dsUnz ugh gSA ;gka ls 20 
fdyksehVj nwj nkSlk esa fLFkr gSA         
 vU; lqfo/kk,a%&ihus ds ikuh dh O;oLFkk%&rglhy lSaFky es ikuh ihus  ds fy;s 
i;kZIr ugh gSA xzh""e dky esa Vsadjks ls lIykbZ dh tkrh gSA  
 fctyh%&rglhy lSaFky esa xzke pkSjM+h] ckih  esa 11000  dsoh, QhVj gSA                             
 rglhy esa uxjikfydk o xzke iapk;rksa dh la[;k%& 
rglhy esa dksbZ uxj fudk; ugh gSA dqy 8 xzke iapk;r gS o 36 xzke gSA  
 rglhy dh tula[;k%& 
rglhy lSaFky dh 2011 ds tux.kuk ds vuqlkj dqy tula[;k%&35817 gSA  
 n{k yksxksa dk fooj.k%& 
rglhy lSaFky esa MkWDVj@dEikm.Mj@oS|@vk;qosZn dEikm.Mj fpfdRlk {ks= ls tqMs 
yksx gSA rglhy lSaFky esa n{k@izf’k{kd dksbZ rSjkd ugh gSA 
 unh cka/k rkykcks dh fLFkfr%& 
orZeku esa budh fLFkfr lkekU; gSA tks ikuh ds vHlw[ks esa lw[ks iM+s gSA 
 /keZ’kkyk@dkWyst@Ldwyksa dk fooj.k%& 
jktdh; mPp ek/;fed fo|ky; lSaFky fLFkr gSA ,oa ,d jktdh; dU;k egkfo|ky; 
lSaFky esa vofLFkr gSa rFkk xksfoUn /keZ Hkou lSaFky esa fLFkr gSA   "
177,PDF page 177,"177 
 
 Rkglhy {ks= esa cpko midj.k%& 
rglhy {ks= lSaFky esa cpko midj.k ugh gSA 
 rglhy dk;kZy; lSaFky esa miyC/k jktdh; deZpkjh;ksa dk fooj.kA     
dza-la- uke inuke eksckbZy uEcj 
1 Jh jkds’k tSu Rkglhynkj ¼pktZ½ 9414079372 
2 Jh /keZflag ehuk  Ukk;c rglhynkj 9414627632 
3 Jh txjke ehuk  Lgk;d iz’kklfud vf/kdkjh 8209729844 
4 श्री  papy ‘’kekZ Ofj""B lgk;d  7605443318 
5 Jh dqynhi ‘’kekZ Okfj""B lgk;d 8949488529 
6 Jh Hkkjr ‘’kekZ ofj""B lgk;d 9782155152 
7 Jh dqtfcgkjh ehuk Dfu""B lgk;d 9413160945 
8 Jh js[kk xqtZj dfu""B ys[kkdkj 8949400352 
9 Jh mn;jke ehuk vkWfQl dkuwuxks 9784251297 
10 Jh eqds’k lkgjk vfr0vkWfQl dkuwuxks 9530312399 
11 Jh pUnziky ehuk Hkw vfHkys[k fujh{kd  9783232058 
12 श्री PkUnz’ks[kj ‘’kekZ  Hkw0v0fu0 9414820153 
13 Jh jktsUnz izlkn 
iztkifr 
iVokjh lSaFky 7891916159 
14 Jh yksds’k oekZ iVokjh  7627043306 
15 Jh iadt ehuk iVokjh 9660002060 
16 Jh iou dqekj ’kekZ iVokjh  9887232393 
17 Jh v’kksd dqekj ‘’kekZ iVokjh  9929569916 
18 Jh lhrkjke ehuk  iVokjh 7568671444 
19 Jh dsnkj xqtZj iVokjh 8107650079 
20 Jh iwtk ’kekZ iVokjh 8963873017 
21 Jh ckcwyky jksykfu;ka iVokjh 9785256263 
 rglhy lSaFky esa fLFkr vU; dk;kZy;%& 
i'kq fpfdRlky;] iksLVvkWfQl] xzke lsok lgdkjh lfefr ,oa 8 xzke iapk;r eq[;ky; 
gSA 
 rglhy {ks= es vkS|ksfxd@[kuu {ks=%& 
rglhy lSaFky esa ckih vkS|ksfxd {ks= gS rFkk rhrjokMk dyk [kuu {ks= gSA  "
178,PDF page 178,"178 
 
 esfMdy nqdkus%& 
rglhy {ks= esa dbZ  esfMdy nqdkus gSA  
 isVªksy iai%& 
rglhy lSaFky vUrxZr 4 isVªksy iEi lapkfyr gS tks ,d ckih] nks lS aFky rFkk ,d 
>k>jokyk xzke esa gSA  
 xSl ,stsUlh%& 
rglhy {ks= lSaFky esa ,d ,pih xSl ,stsUlht gSA 
 rglhy {ks= esa Hkkjh e’khujh dh lwpuk%& 
rglhy {ks= esa ugh gSA 
  "
179,PDF page 179,"179 
 
7- rglhy dq.My vkink izca/ku ;kstuk 
 rglhy o rglhynkj dk uke o ifjp;%& 
rglhynkj dk in fjDr gSA lSaFky rglhynkj Jh jkds’k tSu ds ikl vfr0 pktZ gSA 
rglhy dq.My dk dqy {ks=Qy 7775 -06 gS0 gSA rFkk ;gka dh tula[;k 2011 dh 
tux.kuk ds eqrkfcd 30632 gSA rglhy dq.My ftyk eq[;ky; ls mRrj dh vksj 15 
fdyksehVj nwj fLFkr gSA bl {ks= esa xqtZj] ehuk] czkg~e.k] ekyh] vkfn tkfr;ksa dk ckgqY; 
{ks= gSSA ;g {ks= T;knkrj eSnkuh gSA HksM+ksyh] dkyksrk] [kksgjkZ dyk esa ioZr rFkk igkM+h 
{ks= gSA ftuds ikl vkcknh o [kkrsnkjh Hkwfe fLFkr gSA ck<+ dh fLFkfr ls fuiVus gsrq 
cM+h ifj;kstuk izLrkfor dj ik uk laHko ugh gSA fQj Hkh ck<+ dh fLFkfr vkink izca/ku 
ds mik; o dk;Z ;kstuk fuEu izdkj gSA  
 rglhy esa laHkkfor [krjk%& 
rglhy dq.My esa vHkh rd ck<+ tSlh laHkkouk ugh gqb Z gSA fQj Hkh laHkkfor [krjs ls 
fuiVus ds fy;s rglhy eq[;ky; ij ck<+ fu;a=.k d{k LFkkfir dj fn;k tkosxkA 
 ;krk;kr O;oLFkk%& 
rglhy dq.My ls jkT; jktekxZ ,e -Mh-vkj-&48 nkSlk ls ckanhdqbZ xqtj jgk gSA o 
fnYyh eqEcbZ ,Dlizsl gkbZ&os dk fyad gkbZ&os ,u-bZ-&4lh xqtj jgk gSA  
 rglhy {ks= esa ewyHkqr lalk/ku@lqfo/kk,%& 
 rglhy dq.My esa jsyos@ljdkjh cl LVS.M ugh gSA  
 fMLisa’kjh%&rglhy dq.My esa lh,plh dsUnz gSA  
 vfXu 'keu O;oLFkk%& rglhy dq.My esa vfXuh 'keu dsUnz ugh gSA ;gka ls 15 
fdyksehVj nwj nkSlk esa fLFkr gSA         
 vU; lqfo/kk,a%& ihus ds ikuh dh O;oLFkk%&rglhy dq.My es ikuh ihus  ds fy;s 
i;kZIr ugh gSA xzh""e dky esa Vsadjkss ls lIykbZ dh tkrh gSA 
 fctyh%& rglhy dq.My esa xzke dkyksrk o iqjksfgrk dk ckl esa 11000 
   dsoh, QhVj gSA     
 rglhy esa uxjikfydk o xzke iapk;rksa dh la[;k%& 
rglhy esa dksbZ uxj fudk; ugh gSA dqy 6 xzke iapk;r gS o 17 xzke gSA  
 rglhy dh tula[;k%& 
rglhy dq.My dh 2011 ds tux.kuk ds vuqlkj dqy tula[;k%&30632 gSA  
 n{k yksxksa dk fooj.k%& 
rglhy dq.My esa MkWDVj@dEikm.Mj@oS|@vk;qosZn dEikm.Mj fpfdRlk {ks= ls tqMs 
yksx gSA rglhy dq.My esa n{k@izf’k{kd dksbZ rSjkd ugh gSA 
 unh cka/k rkykcks dh fLFkfr%& 
orZeku esa budh fLFkfr lkekU; gSA tks ikuh ds vHkko esa lw[ks iM+s gSA 
 /keZ’kkyk@dkWyst@Ldwyksa dk fooj.k%& 
jktdh; mPp ek/;fed fo|ky; dq.My fLFkr gSA dksbZ /keZ’kkyk@dkWyst ugh gSA 
 Rkglhy {ks= esa cpko midj.k%& 
rglhy {ks= dq.My esa cpko midj.k ugh gSA 
 
 "
180,PDF page 180,"180 
 
 rglhy dk;kZy; dq.My esa miyC/k jktdh; deZpkjh;ksa dk fooj.kA     
dza-la- uke inuke eksckbZy uEcj 
1 Jh jkds’k tSu Rkglhynkj ¼vfr - 
pktZ½ 
9414079372 
2 Jh gfjds’k fejksBk Ukk;c rglhynkj 9530008684 
3 Jh gQsUnz flag jktLo ys[kkdkj 8130892955 
4 Jh dkfrZd 'kekZ dfu- ys[kkdkj 7222819231 
5 Jh lwjt ukjk;.k lSu Lkk-iz’kk-vf/kdkjh 
¼jhMj½ 
9785470425 
6 Jh lrh’k pUnz 'kekZ ofj""B lgk;d 6376888786 
7 Jh jksfgr tksuoky ofj""B lgk;d 9953983289 
8 Jh ek/kksizlkn psph dfu""B lgk;d 9680882011 
9 Jh lrh’k pUnz 'kekZ ofj""B lgk;d 6376888786 
10 Jh lqfuy dqekj 
[k.Msyoky 
vfr0vkWfQl dkuwuxks 9414035987 
11 Jh jkds’k ehuk Hkw vfHkys[k fujh{kd 
dq.My 
8290201755 
12 Jherh jktUrh xqtZj iVokjh dkyksrk 9079160129 
13 Jh ftrsUnz nkrkSafu;k iVokjh fl.Mksyh 
vfr0 dq.My 
9785265172 
14 Jherh ;ksfxrk lkaefj;k iVokjh cM+ksyh 7742098920 
15 Jh gsejkt vVksfy;k vkj-ih-th- iVokjh   8239643939 
 rglhy dq.My esa fLFkr vU; dk;kZy;%& 
i'kq fpfdRlky;] iksLVvkWfQl] xzke lsok lgdkjh lfefr ,oa 6 xzke iapk;r eq[;ky; 
gSA 
 rglhy {ks= es vkS|ksfxd@[kuu {ks=%& 
rglhy dq.My esa dkyksrk] HksM+ksyh] [kksgjkZ dyk [kuu {ks= gSA  
 esfMdy nqdkus%& 
rglhy {ks= esa 10 esfMdy nqdkus gSA  
 isVªksy iai%&  
 uk;jk isVªksy iai dq.My eksckbZy ua-  9929721141  
 Hkkjr isVªksy iai [kksgjkZ dyk eksckbZy ua- 8769752303 
 xSl ,stsUlh%& 
 rglhy {ks= dq.My esa ,p-ih o ch-ih xSl ,stsUlht gSA 
  "
181,PDF page 181,"181 
 
8- rglhy नाांगल राजाितान  vkink izca/ku ;kstuk& 2025 
 rglhy o rglhynkj dk uke o ifjp;%& 
rglhynkj dk in fjDr gSA नायि rglhynkj Jh श्रीराम मीना ds ikl vfr0 pktZ 
gSA rglhy नाांगल रािार्तान  dk dqy {ks=Qy 11712 -0219 gS0 gSA rFkk ;gk a dh 
tula[;k 2011 dh tux.kuk ds eqrkfcd 55522 gSA rglhy नाांगल रािार्तान ftyk 
eq[;ky; ls 20 fdyksehVj nwj fLFkr gSA bl {ks= esa रािपूत  ] ehuk] czkg~e.k] अनुसूचित  
िातत एर्ां िनिातत  dk ckgqY; {ks= gSSA ;g {ks= T; knkrj eSnkuh gSA पर्वतीय क्षेत्र 
म ुख्यत ःथूम डी म ें है ऐसे क्षेत्र के पास [kkrsnkjh Hkwfe fLFkr gSA ck<+ dh fLFkfr ls fuiVus 
gsrq cM+h ifj;kstuk izLrkfor dj ikuk laHko ugh gSA fQj Hkh ck<+ dh fLFkfr vkink 
izca/ku ds mik; o dk;Z ;kstuk fuEu izdkj gSA 
 rglhy esa laHkkfor [krjk%& 
rglhy नाांगल रािार्तान esa vHkh rd ck<+ tSlh laHkkouk ugh gqbZ gSA fQj Hkh 
laHkkfor [krjs ls fuiVus ds fy;s rglhy eq[;ky; ij ck<+ fu;a=.k d{k LFkkfir dj 
fn;k tkosxkA 
 ;krk;kr O;oLFkk%& 
rglhy नाांगल रािार्तान से द ौसा लालसोट राष्ट्रीय रािम ागव गुिर रहा है एर्ां त हसील 
नाांगल रािार्त ान से द ौसा से सर्ाई म ािोपुर रेलर्े लाइन गुिरत ी है | 
 rglhy {ks= esa ewyHkqr lalk/ku@lqfo/kk,%& 
 rglhy नाांगल रािार्तान esa jsyos@ljdkjh cl LVS.M gSA 
 fMLisa’kjh%& rglhy नाांगल रािार्तान esa lh,plh dsUnz gS साथ ही छारेडा 
म ें भी alh,plh dsUnz gSA 
 vfXu 'keuO;oLFkk%& rglhy नाांगल रािार्तान esa vfXu 'keu dsUnz ugh gSA 
;gka ls 20 fdyksehVj nwj nkSlk esa fLFkr gSA 
 vU; lqfo/kk,a%& ihus ds ikuh dh O;oLFkk%&rglhy नाांगल रािार्तान es पीने 
के पानी कक ककल्लत रहती gSA xzh""edky esa Vsadjks ls lIykbZ dh tkrh gSA 
 fctyh%& rglhy नाांगल रािार्तान म ें द ौसा से 33 केर्ी फीडर है A 
 rglhy esa uxjikfydk o xzke iapk;rksa dh la[;k%& 
rglhy esa dksbZ uxj fudk; ugh gSA त हसील म ें 1 पांिायत  समम तत  12 ग्राम  पांिायत  
एर्ां क ुल 56 रािथर् ग्राांम  है | 
 rglhy dh tula[;k%& 
rglhy नाांगल रािार्तान dh 2011 ds tux.kuk ds vuqlkj dqy tula[;k%&55522 gSA 
 n{k yksxksa dk fooj.k%&  
rglhy नाांगल रािार्तान esa MkWDVj@dEikm.Mj@oS|@vk;qosZn dEikm.Mj fpfdRlk {ks= 
ls tqMs yksx gSA rglhy नाांगल रािार्तान esa n{k@izf’k{kd dksbZ rSjkd ugh gSA 
 unh cka/k rkykcks dh fLFkfr%& 
orZeku esa budh fLFkfr lkekU; gSA tks ikuh ds vHlw[ks esa lw[ks iM+s gSA "
182,PDF page 182,"182 
 
 /keZ’kkyk@dkWyst@Ldwyksa dk fooj.k%& 
jktdh; mPp ek/;fed fo|ky; नाांगल रािार्तान fLFkr gSA रािकीय महा वर््यालय 
नागल रािार्तान है|  dksbZ /keZ’kkyk ugh gSA 
 Rkglhy {ks= esa cpko midj.k%& 
rglhy {ks= नाांगल रािार्तान esa cpko midj.k ugh gSA 
 rglhy dk;kZy; नाांगल राजाितान esa miyC/k jktdh; deZpkjh;ksa dk fooj.kA 
dza-la- uke inuke eksckbZyuEcj 
1 श्री श्रीराम मीना  Ukk;c rglhynkj 9799703869 
2 अनुश्री म ीना  कतन. ys[kkdkj 7562431998 
3 श्री रोशन लाल मीना jktLo ys[kkdkj 9166935654 
4 श्री िािूलाल म ाली vkWfQl dkuwuxks 9929161151 
5 श्री राि कमल िैमन  ofj""B lgk;d 9414792969 
6 श्री सुनील क ुम ार शम ाव ofj""B lgk;d 7976566784 
7 श्री प्रीतम सैनी सूिना सहायक  9057521578 
8 श्री वपांटू शम ाव dfu""B lgk;d 9784545714 
9 श्री हरदेश मीना सहा. कमव.  9521482909 
 rglhy नाांगल राजाितान esa fLFkr vU; dk;kZy;%& 
i'kq fpfdRlky;] iksLV vkWfQl] 1 पांिायत lfefr ,oa 12 xzke iapk;r eq[;ky; gSA 
 rglhy {ks= es vkS|ksfxd@[kuu {ks=%& 
rglhy नाांगल रािार्तान esa vkS|ksfxd@[kuu {ks=  ugh  gSA 
 esfMdy nqdkus%& 
rglhy {ks= esa 10 esfMdy nqdkus gSA 
 isVªksyiai%& 
 भाभड्या फीमलांग थटेशन िडागाांर्  
 िागड़ी फीमलांग थटेशन िडागाांर् 
 xSl ,stsUlh%& 
rglhy {ks= नाांगल रािार्तान  गैस एिेंसी नहीां है A 
 rglhy {ks= esa Hkkjh e’khujh dh lwpuk%& 
rglhy {ks= esa ugh gSA 
  "
183,PDF page 183,"183 
 
9- rglhy clok vkink izca/ku ;kstuk  
 rglhy o rglhynkj dk uke o ifjp;%& 
rglhynkj Jherh vUuq 'kekZ gSA clok rglhy es ,d mirglhy xq<kdVyk gS]ftles 
mirglhynkj Jh ckcwyky ehuk inLFkkfir gSA clok rglhy dk dqy {ks=Qy 22663 
gSDV;j gS rFkk ;gka dh tula[;k 2011 ds eqrkfcd 92725 gS clok ftyk eq[;ky; ls 
mRRkj dh vksj 42 fdeh - gS bl {kS= es xqtZj]ekyh o czkgE.k ,oa vuqlwfpr tkfr rFkk 
vuqlwfpr tutkfr ckgqY; {kS= gSA ;g {kS= T;knkrj eSnkuh gS ioZrh; {kS= eq[;r% 
jsgfM;k ]pkansjk]>k>hjkeiqjk],sapsMh]lcMkoyh gS rFkk ioZr ,oa igkMh {kS= gS rFkk ,sls  {kS=ks 
ds ikl [kkrsnkjh Hkwfe Hkh gS ck< dh fLFkfr ls fuiVus  gsrq cMh ifj;kstukvks izLrkfor 
dj ikuk laHko ugh gS fQj Hkh ck< dh fLFkfr es vkink izcU/ku ds mik; o dk;Z ;kstuk 
fuEu izdkj gSA   
 rglhy es laHkkfor [krjk%& 
rglhy clok es vHkh rd ck< tSlh laHkkouk ugh gqbZZ gSA fQj Hkh laHkkfor [krjs ls 
fuiVus ds fy, rglhy eq[;ky; ck< fu;a=.k d{k LFkkfir dj fn;k tk,xkA 
 ;krk;kr O;oLFkk%& 
rglhy clok ls t;iqj ls fnYyh jsyos ykbu xqtjrh gS rFkk rglhy clok ls jktekxZ 
vyoj ls xaxkiqj xqtj jgk gSA 
 rglhy ewyHkwr lalk/ku@ lqfo/kk,W %& 
 rglhy clok es jsyos LVs’ku]cl LVs.M fLFkr gSA 
 fMLisaljh%& clok rglhy es lkeqnkf;d LokLF; dsUnz gSA lkFk gh mirglhy 
xq<kdVyk es lkeqnkf;d LokLF; dsUnz gSA 
 vfXu’keu O;oLFkk%& rglhy clok es vfXu’keu dsUnz ugh gS ftldk fdlh 
Hkh vkink es gksuk t#jh gS tks fd rglhy clok ls 15 fd -eh- nwj rglhy 
ckanhdqbZ es fLFkr gSA  
 vU; lqfo/kk,W%& ihus ds ikuh dh O;oLFkk%&rglhy clok es izk;% ikuh dh 
fdYyr jgrh gSA ihus ds ikuh ds fy, yksx Bsdsnkj ds }kjk lIykbZ VSadjks o 
futh cksfjax ij fuHkZj gSA 
 fctyh%& clok rglhy es clok]xqYykuk]xq<kdVyk]pkansjk ¼fuekZ.kk/khu½ es 33  
dsoh QhMj gSA 
 rglhy es uxjikfydk xkze o xzke iapk;rks dh la[;k%& 
rglhy clok es 01 uxj fudk; ¼uol`ftr uxjikfydk½]18 xzke iapk;r] 81 xzke gSA 
 rglhy dh tula[;k%& 
rglhy clok dh 2011 dh tux.kuk ds vuqlkj dqy tula[;k 92725 gS A  
 n{k yksxks dk fooj.k%& 
rglhy clok es MkWDVj@dEikamMj@oS?k@vk;qosZn dEikamMj fpfdRlk {kS= ls tqMs yksx 
gSA rglhy clok es n{k@izf’k{kd dksbZ rSjkd ugh gSA 
 unh cka/k rykcks dh fLFkfr%& 
orZeku budh fLFkfr lkekU; gS tks ikuh ds vHlw[ks es lw[ks iMs gSSA 
 lapkj ds lk/ku%& 
rglhy clok es vU; ,stsafl;k¡ ch-,l-,u-,y- ],;jVsy]fjykbZUl vkfn ds Vkoj yxs gq, 
gSA ikWLV vkWfQl dh lqfo/kk Mkd gsrq miyC/k gSA 
 "
184,PDF page 184,"184 
 
 /kEkZ’kkyk@dkWyst@Ldwyks dk fooj.k%& 
jk-m-ek-fo- clok] jktdh; egkfo|ky; clok ]ftyk izf’k{k.k ,oa MkbZV laLFkku gSA  
 rglhy {kS= es cpko midj.k%& 
rglhy {kS= clok es cpko midj.k ugh a gSA vko’;drk iMus ij fdjk;s ij miyC/k 
djok, tk ldrs gSA 
 rglhy clok es miyC/k jktdh; deZpkjh%& 
dza-la- dkfeZdks dk uke in eksckbZy uEcj 
1- Jherh  vUuq 'kekZ rglhynkj  8851895495 
2 Jh fnus’kpUn lSuh  vfr- iz’kklfud vf/kdkjh 9462226121 
3- Jh NksVsyky xqtZj vkWfQl dkuwuxks clok 9079041972 
3 Jh ik#y /kkdM lgk-iz’kk-vf/kdkjh 9782326270 
4 Jh jkts’k lSuh ofj-lgk;d 9785840708 
5 Jherh  dfork 'kekZ Hkw-v-fu- 9530312438 
6 Jh jekdkUr 'kekZ vfr-vkWfQl dkuwuxks 9314406626 
7 Jh fiz;adk ;kno ,y-vkj- iVokjh 9462579036 
9 Jherh  fueZyk dqekjh 
ehuk 
,y-vkj-lh iVokjh 7726860952 
10 Jh iz’kkUr 'kekZ Vh-vkj-,- 9680475566 
11 Jh;ksxsUnzthr dq.Mkjk lwpuk lgk;d  8058260952 
12 lquhrk ehuk lgk;d deZpkjh 9950349508 
13 Jh deyflag xqtZj lgk;d deZpkjh 9784446424 
 rglhy clok es fLFkr vU; dk;kZy;%& 
uxjikfydk]lh-ch-bZ-vks-]ch-lh-,p-,e-vks- iapk;r lfefr]18 xzke iapk;r eq[;ky; gSA 
 rglhy {ks= vkS|ksfxd  bZdkb;k¡%& 
rglhy clok {kS= es vkS|ksfxd  bZdkb;k¡ jhdks ,fj;k dkSykuk es LFkkfir gSA 
 miyC/k esfMdy nqdkus@ljdkjh@izkbZosV fMLisa’kjh dk fooj.k%& 
rglhy {ks= clok es 08 esfMdy dh nqdkus gSA ljdkjh vLirky dh la[;k 02] o 
futh fMaLisa’kjh 03 gSA clok lh-,p-lh- es 05 MkWDVj] 07 uflaZx  LVkQ  gSA xq<kdVyk 
lh-,p-lh- es 04 MkWDVj 05 uflaZx LVkQ  gSA  
 isVªkWy iEi dh lwph%& 
dza-
la- 
uke isVªkWy iEi xzke dk uke 
1 vxzoky fQfyax LVs’ku clok clok 
2 nso d`ik fQfyax LVs’ku clok clok 
3 lkaofj;k fQfyax LVs’ku clok djukoj 
4 Hkkjr isVªksfy;e fQfyax LVs’ku  xq<kdVyk 
5 bf.M;u vkW;y fQfyax LVs’ku  xq<kdVyk 
 rglhy {kS= es xSl xksnke dh lwpuk%& 
clok rglhy eq[;ky; ij b.Msu xSal ,stsalh gSA 
 rglhy {kS= es Hkkjh e’khujh dh lwpuk%& 
rglhy {kS= es ugh gSA "
185,PDF page 185,"185 
 
10- rglhy cgjko.M+k vkink izca/ku ;kstuk  
 rglhy o rglhynkj dk uke o ifjp;%& 
rglhynkj श्री धममस िंह gSA बहरावण्डा rglhy dk dqy {ks=Qy 16009.05 gsDVs;j gS 
rFkk ;gka dh tula[;k 2011 ds eqrkfcd 71823 gSA बहरावण्डा ftyk eq[;ky; ls पूवम 
dh vksj 35 fdeh - gSA bl {ks = es xqtZj]ekyh o czkgE.k ,oa vuqlwfpr tkfr  rFkk 
vuqlwfpr tutkfr ckgqY; {ks = gSA बहरावण्डा तह ील पवमतीय क्षेत्र मुख्यत: 
बहरावण्डा,लािंका, मोरोली,रानोली ,कालाखो ,गडोरा ,मोहलाई एविं गेरोजी है तथा पवमत व 
पहाड़ो के पा  पानी का भराव क्षेत्र खादर है! तथा पा  esa  खातेदारी भूमम होने के कारण 
बाढ आदद की मथथमत  े मनपटने हेतु बड़ी पररयोजनाओ प्रथतामवत कर पाना  िंभव नहीं हैA 
दिर भी बाढ की थथमत में आपदा प्रबिंधन के उपाय व कायम योजना मनम्न प्रकार है:- 
 rglhy es laHkkfor [krjk%& 
क्र. . नाम ग्राम 
पिंचायत  
बाढ़  िंभामवत 
क्षेत्र व ग्राम          
कारण  
1. रानोली  मोरोली  वषाम का पानी एकत्र होने  े (मोरोली बािंध के कारण 
) 
2. कालाखो  कालाखो व  
जगरामपुरा पट्टी  
वषाम का पानी एकत्र होने  े  (माधो  ागर बािंध के 
कारण ) 
3. िरामशपुरा  गैरोजी  वषाम का पानी एकत्र होने  े (माधो  ागर बािंध के 
कारण ) 
 
 ;krk;kr O;oLFkk%& 
  rglhy बहरावण्डा जहााँ पर यातायात के  ाधनों में राजथथान राज्य पथ पररवहन मनगम 
की ब े व लोगो के पा  अपने मनजी कार ब े व अन्य पररवहन के  ाधन मौजूद है A 
 rglhy ewyHkwr lalk/ku@ lqfo/kk,¡ %& 
 rglhy बहरावण्डा es cl LVS.M fLFkr gSA 
 मचदकत् ा %& बहरावण्डा rglhy के ग्राम बहरावण्डा व ग्राम गढ़ es lkeqnkf;d 
LokLF; dsUnz gSA lkFk gh ग्राम टोरडा व ग्राम गिंडरावा es प्राथममक  LokLF; dsUnz gSA 
 vfXu’keu O;oLFkk%&rglhy बहरावण्डा es vfXu’keu dsUnz ugh gS ftldk fdlh 
Hkh vkink es gksuk t#jh gS tks fd rglhy बहरावण्डा ls 35 fd-eh- nwj नगर 
पामलका दौ ा es fLFkr gSA  
 vU; lqfo/kk,W%& ihus ds ikuh dh O;oLFkk%&rglhy बहरावण्डा es कुछ ग्रामो को 
छोड़ कर izk;% ikuh dh fdYyr jgrh gSA ihus ds ikuh ds fy, yksx Bsdsnkj ds 
}kjk lIykbZ VSadjks o futh cksfjax ij fuHkZj gSA 
 fctyh%& rglhy बहरावण्डा es बहरावण्डा ]गढ़, गुमानपुरा ,टोरडा,गिंडरावा, 
जोध्या में   33 dsoh QhMj gSA 
 rglhy es xzke iapk;rks dh la[;k%& 
rglhy बहरावण्डा es 15 xzke iapk;r] 40 xzke gSA 
 "
186,PDF page 186,"186 
 
 rglhy dh tula[;k%& 
rglhy बहरावण्डा dh 2011 dh tux.kuk ds vuqlkj dqy tula[;k 71823 gS A  
 n{k yksxks dk fooj.k%& 
rglhy बहरावण्डा es MkWDVj@dEikamMj@oS|@vk;qosZn dEikamMj fpfdRlk {ks= ls tqMs 
yksx gSA rglhy बहरावण्डा es n{k@izf’k{kd dksbZ rSjkd ugh gSA 
 unh cka/k rykcks dh fLFkfr%& 
orZeku budh fLFkfr lkekU; gS tks ikuh ds vHlw[ks es lw[ks iMs gSSA 
 lapkj ds lk/ku%& 
rglhy बहरावण्डा es vU; ,stsafl;ka ch-,l-,u-,y- ],;jVsy]fjykbZUl vkfn ds Vkoj yxs 
gq, gSA iksLV vkWfQl dh lqfo/kk Mkd gsrq miyC/k gSA 
 /kEkZ’kkyk@dkWyst@Ldwyks dk fooj.k%& 
jk-m-ek-fo- बहरावण्डा ]jktdh; कृमष egkfo|ky; बहरावण्डा ]एविं  भी ग्राम पिंचायतो पर 
jk-m-ek-fo-मथथत  gSA  
 rglhy {kS= es cpko midj.k%& 
rglhy {kS= बहरावण्डा es cpko midj.k ugh gSA vko’;drk iMus ij fdjk;s ij 
miyC/k djok, tk ldrs gSA 
 rglhy बहरािण्डा es miyC/k jktdh; deZpkjh%& 
dza-
la- 
dkfeZdks dk uke in eksckbZy uEcj 
1 श्री धममस िंह  rglhynkj  9079716460 
2  रथवती मीना  नायब तह ीलदार  9057531794 
3 श्री लक्ष्मण प्र ाद मीना  vkWfQl dkuwuxks 9785490416 
4 श्री रामबल मीना  अमत .vkWfQl dkuwuxks 9079160129 
5 Jh रामिूल मीना  vfr- iz’kklfud vf/kdkjh 9799643843 
6 श्री चन्र प्रकाश शमाम  lgk-iz’kk-vf/kdkjh 8619829265 
7 श्री मािंगीलाल   lgk-iz’kk-vf/kdkjh 9950245581 
8 श्री महेंर कुमार गुजमर   व. हायक  9667237176 
9 श्री नरेश कुमार बैरवा  ,y-vkj-lh iVokjh 9413871111 
10 श्री नर ी मीना  ,y-vkj- iVokjh 8949003893 
11  िंतरा मीना  कमनष्ठ लेखाकार  9461627614 
12 श्रीमती बाबुडी देवी  lgk;d deZpkjh  
 
 rglhy बहरािण्डा es fLFkr vU; dk;kZy;%&  
ग्राम पिंचायत मुख्यालय gSA 
 rglhy {kS= vkS/kksfxd bdkb;ka%& 
rglhy बहरावण्डा {kS= es कोई vkS/kksfxd bdkb;ka LFkkfir नहीं gSA 
 
 "
187,PDF page 187,"187 
 
 miyC/k esfMdy nqdkus@ljdkjh@izkbZosV fMLisa’kjh dk fooj.k%&  
rglhy {ks= बहरावण्डा es 10 esfMdy dh nqdkus gSA o fMaLisa’kjh 02 gSA lh-,p-lh- es 
02 मथथत है  
 isVªkWy iEi dh lwph%& 
dza-
la- 
uke isVªkWy iEi xzke dk 
uke मामलक का नाम व मो.न.  
1 भगवनदा   दिसलिंग थटेशन गढ़   गढ़  शेरस िंह गुजमर   7891181673 
2  ूयाम दिसलिंग थटेशन गढ़ गढ़  बाबूलाल शमाम  6378937349 
3 राठोड दिसलिंग थटेशन गढ़ गढ़ दुगेश राजपूत   9799668104 
4  हरी प्रभात दिसलिंग थटेशन 
बहरावण्डा 
 बहरावण्डा हररमोहन  ैनी  9414227754 
 rglhy {kS= es xSl xksnke dh lwpuk%& 
    उदयभान भारत गै  ग्रामीण मवतरण टोरडा इनके मामलक कैलाशी बाई देवी गुजमर 
9928994757 gSA 
 rglhy {kS= es Hkkjh e’khujh dh lwpuk%& 
rglhy {kS= es  िंवेदक श्री हीरालाल  ैनी मोबाईल नम्बर 8824574682 के पा  उपलब्ध 
 ामानो का मववरण :-1 जे. ी.बी 2,  टेक्टर ट्रोली 4,  
  "
188,PDF page 188,"188 
 
11- rglhy fu>Zjuk vkink izca/ku ;kstuk  
 rglhy o rglhynkj dk uke o ifjp;%& 
rglhy fu>Zjuk dk l`tu ekg 08@2022 esa gqvk gS tks ftyk eq[;ky; ls 45 fdyks 
ehVj nwj fLFkr gS tks fd dksFkqu&nkSlk ckbZikl jksM ij fLFkr gSA rglhynkj Jherh 
lhek ?kq.kkor o uk;o rglhynkj Jh lqfuy dqekj ehuk gSA 
 rglhy esa lEHkkfor [krjk%& 
rglhy fu>Zjuk esa ekSjsy unh ls [krjk gS fuEu xzkeksa esa ekSjsy unh dk cgko {ks= gS 
ftlesa lesay :iiqjk] >kink] xqtjgsMk] fot;iqjk] yksjokMk xzke vkrs gSA 
 ;krk;kr O;oLFkk%& 
nkSlk ls fMMokuk ckbZikl gksrs fu>Zjuk o ykylksV ls fu>Zjuk] dksFkqu ls fu>Zjuk jksM 
ekxZ gSA 
 Rkglhy ewyHkwr lalk/ku%& 
 fMLizsaljh& nkSyriqjk esa lkeqnkf;d LokLF; dsUnz ,oa “;keiqjk dyk o f 'koflagiqjk 
]laoklk esa izkFkfed LokLF; dsUnz gSA rglhy esa gksnk;yh] fu>Zjuk] “;keiqjk dyk] 
nkSyriqjk esa i'kq miLokF; dsUnz gSA 
 vfXu “keuO;oLFkk& vfXu'eu dsUnz ugha gS ysfdu ykylksV uxj ikfydk esa gS tks 
rglhy eq[;ky; fu>Zjuk ls yxHkx 08 fdyks ehVj nwj gSA 
 rglhy esa fctyh dh O;oLFkk&utnhdh fMMokuk QhMj ls tqMk gSA 
 ihus ds ikuh dh O;oLFkk&vkoj gSM Vsad] cksjosy o dq,sa miyC/k gSA 
 Rkglhy esa uxjikfydk@xzke iapk;rks dh la[;k%&  
rglhy fu>Zjuk esa 10 xzke iapk;r gS] ftudh lwph layXu gSA 
 Rkglhy dh tula[;k%& 
tux.kuk 2011 ds vuqlkj rglhy dh dqy tula[;k 48725 gSA 
 n{k yksxksa dh fooj.k%&  
rglhy fu>Zjuk esa MkWDVj@dEikamMj@oS|@vk;qosZn dEikamMj fpfdRlk {ks=k sa ls tqMs 
yksx gSA rSjkd@xksrk[kksj@uko pkyd yksx ugha gSA 
 unh@cka/k@rkykc@ukyksa dh fLFkfr%& 
rglhy fu>Zjuk esa eq[; :Ik ls ekSjsy unh dk cgko {ks= gSA 
 lapkj ds lk/ku%& 
,;jVsy] ohvkbZ] ch,l,u,y] ft;ks vkfn ds Vkoj o dusDVhfoVh gSA 
 Ldwy@dkWyst@/keZ'kkyk@lkeqnkf;d dsUnz%&  
rglhy eq[;ky; ij jk0m0ek0fo0  fu>Zjuk gSA xzke egkjktiqjk esa Jh d`"" .k feL=h 
laLd`r egkfo|ky; gSA /keZ'kkyk@lkeqnkf;d dsUnz ugh gSA 
 Rkglhy esa miyC/k cpko midj.kksa dh lwph%& 
rglhy fu>Zjuk esa ljdkjh {ks= esa dksbZ lalk/ku miyC/k ugh gSA futh Lrj ij miyC/k 
gks ldrs gSA 
 rglhy {kS= vkS|ksfxd bdkbZ;k%&  
vkS|ksfxd bdkbZ;k ugh gSA 
 fpfdRlk lqfo/kk%& 
nkSyriqjk esa lkeqnkf;d LokLF; dsUnz ,oa “;keiqjk dyka o f'koflagiqjk] laoklk esa 
izkFkfed LokLF; dsUnz gSA 
 "
189,PDF page 189,"189 
 
 iSVªksy iEi@xSal ,tsUlh dh miyC/rk%& 
 
Ø0
la0 
vuq+Kk/kkjd dk uke iSVªksy iEi dk uke 
01 Jh gfjizlkn ehuk eSa0 vkse Jh lkabZ jke fQfyax LVs'ku] f'koflagiqjk 
02 Jh /khjt ukxj eSa0 Jh jk/kkd`"".k fQfyax LVs'ku] f'koflagiqjk 
03 Jh fojsUnz ehuk] 
foey flag] jktsUnz 
flag 
eS0 t; ctjax fdlku lsok dsUnz] “;keiqjk dyka 
04 Jh jkefd'kksj ehuk eSa0 [kq'kh fQfyax LVs'ku] laoklk 
 rglhy fu>Zjuk dkfeZdks dh lwpuk%& 
Ø0
la0 
uke 
vf/kdkjh@deZpkjh 
in eksckbZy uacj 
01 Jherh lhek ?kq.kkor rglhynkj 8690331330 
02 Jh lqfuy dqekj ehuk Ukk;c rglhynkj 9636472441 
03 Jh jkts'k “kekZ vkWfQl dkuwuxks 9588295884 
04 Jh :iflag ehuk Hkw0v0fu0 RPG 9549866186 
05 Jh feJhyky ehuk Hkw0v0fu0 “;keiqjk dyka o fu>Zjuk 
f'koflagiqjk 
9982185882 
06 Jh fxjkZt tkV iVokjh i0e0 fu>Zjuk o pkSf.M;kokl 9887758110 
07 Jh ujsUnz Qqyokfj;k iVokjh i0e0 laoklk o ukykokl 6375607073 
08 Jh vfHk’ksd “kekZ iVokjh i0e0 nkSyriqjk o f'koflagiqjk 8000113660 
09 Jh cuokjh yky 
Qqyokfj;k 
iVokjh i0e0 “;keiqjk dyka o jruiqjk 9001316862 
10 Jh c`teksgu cSjok iVokjh i0e0 gksnk;yh o egkjktiqjk 7891773727 
11 Jherh dfork ehuk iVokjh i0e0 >kaink 7742748562 
 xzke iapk;r@'kgjh fudk; dh l¡wph 
Ø0
la0 
mi[k.M dk 
uke 
Rkglhy dk 
uke 
iapk;r lfefr 
dk uke 
xzke iapk;r dk 
uke 
uxj fudk; 
01 ykylksV fu>Zjuk ykylksV fUk>Zjuk & 
02 ykylksV fu>Zjuk ykylksV pkSf.M;kokl & 
03 ykylksV fu>Zjuk ykylksV Lkaoklk & 
04 ykylksV fu>Zjuk ykylksV f'koflagiqjk & 
05 ykylksV fu>Zjuk ykylksV “;keiqjk dyka & 
06 ykylksV fu>Zjuk ykylksV gksnk;yh & 
07 ykylksV fu>Zjuk ykylksV >kaink & 
08 ykylksV fu>Zjuk ykylksV nkSyriqjk & 
09 ykylksV fu>Zjuk ykylksV Ekgkjktiqjk & 
10 ykylksV fu>Zjuk ykylksV jruiqjk & 
 Hkkjh e'khujh %& 
ljdkjh {ks= esa ugha gS + Lrj ij  ts0lh0ch0 miyC/k gSA 
 "
190,PDF page 190,"190 
 
12- rglhy ikiM+nk vkink izca/ku ;kstuk  
 rglhy o rglhynkj dk uke o ifjp;%& 
rglhynkj dk in fjDr gSA नायब rglhynkj Jh अजय मधुकर  ds ikl vfr0 pktZ gSA 
rglhy पापड़दा dk dqy {ks=Qy 11224-6000 gS0 gSA rFkk ;gka dh tula[;k 2011 dh 
tux.kuk ds eqrkfcd 41874 gSA rglhy पापड़दा  ftyk eq[;ky; ls 20 fdyksehVj nwj 
fLFkr gSA bl {ks= esa राजपूत ] ehuk] czkg~e.k] अनु ूमचत जामत एविं जनजामत dk ckgqY; 
{ks= gSSA ;g {ks= T;knkrj eSnkuh gSA पवमतीय क्षेत्र मुख्यतः  र,बा ना और खवारावजी  में है 
ऐ े क्षेत्र के पा  [kkrsnkjh Hkwfe fLFkr gSA ck<+ dh fLFkfr ls fuiVus gsrq cM+h ifj;kstuk 
izLrkfor dj ikuk laHko ugh gSA fQj Hkh ck<+ dh fLFkfr vkink izca/ku ds mik; o 
dk;Z ;kstuk fuEu izdkj gSA 
 rglhy esa laHkkfor [krjk%& 
rglhy पापड़दा esa vHkh rd ck<+ tSlh laHkkouk ugh gqbZ gSA fQj Hkh laHkkfor [krjs 
ls fuiVus ds fy;s rglhy eq[;ky; ij ck<+ fu;a=.k d{k LFkkfir dj fn;k tkosxkA 
 ;krk;kr O;oLFkk%& 
rglhy पापड़दा   े दौ ा लाल ोट राष्ट्रीय राजमागम लगभग 15 दकलोमीटर गुजर रहा है एविं तह ील 
पापड़दा  े कोई  रेलवे लाइन नहीं  गुजरती है | 
 rglhy {ks= esa ewyHkwr lalk/ku@lqfo/kk,%& 
 rglhy पापड़दा esa कोई ljdkjh cl LVS.M नहीं  gSA 
 fMLisa’kjh%&rglhy पापड़दा esa lh,plh dsUnz gS ,2 पीए  ी केंर खवारावजी 
vkSj आलूदा में है तथा 3 उपथवाथ्य केंर मथथत है I 
 vfXu 'keuO;oLFkk%&rglhy पापड़दा esa vfXu 'keu dsUnz ugh gSA ;gka ls 20 
fdyksehVj nwj nkSlk esa fLFkr gSA     
 vU; lqfo/kk,a%&ihus ds ikuh dh O;oLFkk%&rglhy पापड़दा es पीने के पानी dh 
दकल्लत रहती gSA xzh""edky esa Vsadjkss ls lIykbZ dh tkrh हैI                                                              
 fctyh%&rglhy पापड़दा  में आलूदा   े 33 केवी िीडर है A 
 rglhy esa uxjikfydk o xzke iapk;rksa dh la[;k%& 
rglhy esa dksbZ uxj fudk; ugh gSA तह ील में 1 पिंचायत  मममत 06  ग्राम पिंचायत एविं 
कुल 20 राजथव ग्रािंम है | 
 rglhy dh tula[;k%& 
rglhy पापड़दा  dh 2011 ds tux.kuk ds vuqlkj dqy tula[;k%&41874  gSA 
 n{k yksxksa dk fooj.k%& 
rglhy पापड़दा  esa MkWDVj@dEikm.Mj@oS|@vk;qosZn dEikm.Mj fpfdRlk {ks= ls tqMs 
yksx gSA rglhy पापड़दा  esa n{k@izf’k{kd dksbZ rSjkd ugh gSA 
 unh cka/k rkykcks dh fLFkfr%& 
orZeku esa budh fLFkfr lkekU; gSA tks ikuh ds vHlw[ks esa lw[ks iM+s gSA 
 /keZ’kkyk@dkWyst@Ldwyksa dk fooj.k%& 
jktdh; mPp ek/;fed fo|ky; पापड़दा fLFkr gSA | dksbZ /keZ’kkyk ugh gSA 
 Rkglhy {ks= esa cpko midj.k%& 
rglhy {ks= पापड़दा esa cpko midj.k ugh gSA "
191,PDF page 191,"191 
 
 rglhy dk;kZy; पापड़दा  esa miyC/k jktdh; deZpkjh;ksa dk fooj.kA 
dza-la- uke inuke eksckbZyuEcj 
1 श्री अजय मधुकर  Rkglhynkj ¼vfr- pktZ½ 
Ukk;c rglhynkj 
8000805547 
2  ुश्री मप्रयिंका मीना  कमन .ys[kkdkj 9079834191 
3 श्री  ुनील कुमार गुजमर  jktLo ys[kkdkj 9015482307 
4 श्रीमती   ुनीता मीना  vkWfQl dkuwuxks 6377103728 
5 श्री काडूराम मीना   अमत.  vkWfQl dkuwuxks 7850035949 
6 श्री  िंदीप स िंह  आर.पी.जी. 6377222860 
7 श्री नेहरु कुमार दक्ष  वररष्ठ  हायक 7600189940 
8 श्री राकेश कुमार मीना  वररष्ठ  हायक 9784545714 
9 श्री  ुमेर मीना  dfu""B lgk;d 9166722303 
10. श्रीमती  ुमन मीना  dfu""B lgk;d 8302231069 
 rglhy पापड़दा  esa fLFkr vU; dk;kZy;%& 
i'kqfpfdRlky;] iksLVvkWfQl] 1 पिंचायत lfefr ,oa 06  xzke iapk;r eq[;ky; gSA 
 rglhy {ks= es vkS|ksfxd@[kuu {ks=%& 
rglhy पापड़दा esa vkS|ksfxd@[kuu {ks=  ugh  gSA 
 esfMdy nqdkus%& 
rglhy {ks= esa 10  े अमधक esfMdy nqdkus gSA 
 isVªksyiai%& 
  ैनी िीसलिंग थटेशन आलूदा  (मुरारीलाल  ैनी 8058384768) 
 आर.डी. िीसलिंग थटेशन आलूदा (रामधन बैरवा 9818148677) 
 xSl ,stsUlh%& 
अममत एचपी गैं  एजें ी मोबाईल न. 9079916972 
  "
192,PDF page 192,"192 
 
13- तहसील  लालसोट  आपदा  प्रबांधन योजना  
 तहसील का पररचयः - 
तहसील लालसोट जिला मुख्यालय से दजिण में 40 जिमी. िी द ू री पर स्थित है। तहसील लालसोट पपलाि माता, 
ब्याई माता, जिनौरी िालािी, जििासणी माता खुराा , जििंद   िावडी ग्राम टोडा ठ े िला धाजमाि िल स्थित है। 
तहसील में औसत वर्ाा 900 एम.एम. होती है एविं ि ु ल भौगोजलि िेत्रफल  43801 है0 है।  
 तहसील में सांभावित खतराः-  
अजतवृजि ि े  िाढ़ व सूखा  व अजििाण्ड रािनैजति अपवहन खुराा माता ि े  मेले ि े  दौरान अपवहन िी सिंभावना  
 यातायात व्यिथिाः - 
तहसील िायाालय एन.एच. िायाालय से 1 00  मीटर द ू र स्थित है एविं चारो और से सडि मागा से िुडा हुआ है। िहािं 
सरिारी िसे एविं जनजि वाहन चलते है। एविं नई दौसा गिंगापुर रेल्वे लाइन लालसोट िेत्र में होिर lqpk# #i ls pkyw  
है।  
 तहसील में नगर पररषद  नगरपाललका और ग्राम पांचायतों की सांख्या:- 
तहसील लालसोट में 1 नगर पररर्द लालसोट,  नगरपाजलिा मिंडावरी तथा 27 ग्राम पिंचायतें हैl  तहसील िेत्र में 
रीिो िेत्र डीडवाना है  
 त हसील  के मूल  भूत  सांसाध न:-  
 तहसील में पशु जडस्पेंसरी, जडस्पेंसरी, अस्पताल तहसील मुख्यालय पर स्थित है।  
क्र.सिं.  सरिारी व जनजि अस्पताल  डॉक्टरो 
िी 
सिंख्या  
नसा/ 
िम्पाउण्डरो 
िी सिंख्या  
ि ु ल 
शासन 
िैड 
आपातिा
लीन 
सिंसाधन  
आपातिालीन 
सिंपूणा सुत्र  
1 जिला जचजित्सालय लालसोट       
2 आयुवेजदि और्धालय  1 1 - - 9414752888 
3 नविीवन जचजित्सालय 5 12 32 - 9414078016 
4 आनन्द जचजित्सालय 4 10 25 - 8238068060 
5 जवनायि जचजित्सालय 1 3 10 - 9462221665 
 तहसील में नगर पररर्द िो अजि शमन िी व्यविा उपलब्ध है। िो तहसील मुख्यालय से 2 जिमी. द ू र है। 
 तहसील में जििली िी व्यविााः- पावर ग्रीड़, घरेलू  एविं व्यवसाजयि िनेक्शन स्थित िो पावर ग्रीड व फीडर  
से िुडे है। 
 पीने िी पानी िी व्यविााः-  हैण्डपम्प, िलदाय जवभाग द्वारा नल व्यविा एविं पानी ि े  टेंिर, िोरवेल व ि ुिं ए 
इत्यादी से पीने ि े  पानी िी व्यविा होती है। 
 तहसील में ग्रामों एिां पांचायतो के नाम ि क्षेत्रफल ि जनसांख्या का वििरण तनम्न प्रकार है- 
क्र.सां.  पटिार 
मांडल का 
नाम  
ग्राम का नाम   क्षेत्रफल 
(बबघा में) 
जनसांख्या   बाढ़ प्रभावित 
(हाां / नहीां) 
1 fMMokuk fMMokuk 7644.08 13342 हाां 
2 [kVqEcj [kVqEcj 5255.16 1965 नहीां 
3  Xkksy 3830.05 2185 हाां 
4  dqVD;k 1136.12 735 नहीां 
5  /kkS.ka 1610.04 576 नहीां 
6  ?kkVk 4138.07 1051 नहीां 
7  j.kgksa 497.18 474 हाां 
8 fMxks fMxks 15557.05 4706 हाां 
9  [kkjhokM+k 1680.1 640 हाां 
10 e.Mkojh e.Mkojh 4709.07 10798 नहीां "
193,PDF page 193,"193 
 
11 egkfj;k egkfj;k 3360.16 3662 नहीां 
12  nkSlkMk 979.17 646 हाां 
13 fd'kksjiqjk fd'kksjiqjk 2984.16 2258 नहीां 
14  [kqjkZ 2178.05 1954 नहीां 
15 [ksMyk [kqnZ [ksMyk [kqnZ 1224 2011 नहीां 
16  Ckkl y{ehiqjk 562.01 674 नहीां 
17  Nkok 978.18 612 हाां 
18  jkelj 324.08 1152 हाां 
19  fMokpyh [kqnZ 715.13 555 नहीां 
20  [kkuiqj 884.15 774 नहीां 
21  fMokpyhdyka 1986.13 1097 नहीां 
22 fcykSuk [kqnZ fcykSuk [kqnZ 1641 941 नहीां 
23  ckMk 955.12 600 नहीां 
24  Ckk<ckMk 510.06 202 नहीां 
25  jk;iqjk 1372.1 690 नहीां 
26  vpyiqjk 785.03 934 हाां 
27  ck<vpyiqjk 218.18 40 हाां 
28  vyhiqjk 1184.11 225 नहीां 
29 nsoyh nsoyh 5064.19 3340 हाां 
30  Jhjkeiqjk 1583.13 1730 हाां 
31  Ukkjk;.kiqjk 1237.01 619 हाां 
32  eksgCcriqjk 311.01 364 हाां 
33  Jhj?kqukFkiqjkpd 1 110.19 9 नहीां 
34  Jhj?kqukFkiqjkpd 2 182.04 198 नहीां 
35  Jhj?kqukFkiqjkpd 3 94.14 112 नहीां 
36 fetkZiqjk fetkZiqjk 1614.03 1897 नहीां 
37  [ksMyh 1669.16 1453 नहीां 
38  fdjkMh 2117.06 979 हाां 
39  izgykniqjk 955.06 967 नहीां 
40  UkakxymQZvHk;iqjk 860.13 1275 नहीां 
41 yk[kuiqj yk[kuiqj 871.09 1354 हाां 
42  mxfj;kokl 881.19 820 नहीां 
43  cMdkikMk 762.19 920 नहीां 
44 Jhek Jhek 3498.13 3850 हाां 
45  cjsMh 1918 1422 हाां 
46  ck<eqf.M;k 270.15 34 नहीां 
47  ck<Jhek 132.17 105 नहीां 
48  eqf.M;k 1898.06 1045 हाां 
49 rykoxk¡o rykoxk¡o 1177.03 2219 नहीां 
50  fpeuiqjk 1027.19 704 नहीां 
51  iêhfpeuiqjk 503 526 नहीां 
52  JhxksfoUniqjk 478.14 520 नहीां 
53  pdfot;iqjk 156.05 81 नहीां "
194,PDF page 194,"194 
 
54  [kkjthfot;iqjk 44.11 8 नहीां 
55  xqnfM;k 1401.1 1020 नहीां 
56  dj.kiqjkpd 1 561.07 632 नहीां 
57  dj.kiqjkpd 2 358.15 189 नहीां 
58  dj.kiqjkpd 3 121.18 121 नहीां 
59  dj.kiqjkpd 4 75.1 0 नहीां 
60 fcykSuk dyka fcykSukdyka 3597.09 5192 नहीां 
61  cMs[ku 1998.12 1779 हाां 
62 cxM+h cxM+h 5257.11 4886 नहीां 
63 [kVok [kVok 5784.1 5806 हाां 
64 dkadfj;k dkadfj;k 3191 1013 हाां 
65  lqUnjiqj 1993.01 1140 हाां 
66  nsoYnk 1580.09 744 हाां 
67  dY;k.kiqjk 964.03 1068 हाां 
68  Ckk<dY;k.kiqjk 964.03 505 नहीां 
69  dkuyksnk 602.07 462 नहीां 
70  Ckk<dkuyksnk 165 1 नहीां 
71 ykylksV ykylksV 6031.17 54025 हाां 
72 pkWnlsu pkWnlsu 1574.06 3374 नहीां 
73  Fkykst 2571.13 1782 नहीां 
74  pd pkWnlsu 17.19 0 नहीां 
75  ck<+ rkrkjflgapd 2 115.03 122 नहीां 
76  सीत ारामपुरा चक  नांब र 3    
77 ल ाडपुरा  ykMiqjk 1202.14 1010 हाां 
78  Pkd jksMk 35.15 0 नहीां 
79  ihrkEcj Hkkjrh 48.14 34 नहीां 
80  luD;k 115.12 6 नहीां 
81  Lkkyxjkeiqjkpd 1 322.18 474 नहीां 
82  Lkkyxjkeiqjkpd 2 162.07 195 नहीां 
83  Lkkyxjkeiqjkpd 3 42.19 13 नहीां 
84  Lkkyxjkeiqjkpd 4 36.08 21 नहीां 
85  Lkkyxjkeiqjkpd 5 36 79 नहीां 
86  Lkkyxjkeiqjkpd 6 60.1 293 नहीां 
87  Lkkyxjkeiqjkpd 7 72.18 88 नहीां 
88  Hkxoriqjk 673.13 765 नहीां 
89  ck<+ rkrkjflgapd 1 9.07 60 नहीां 
90  ck<+ rkrkjflgapd 3 18.09 10 नहीां 
91 jktkSyh jktkSyh 747.17 2265 नहीां 
92  pdjktkSyh 78.13 5 नहीां 
93  ';ksuUnk dh >wifM+;k 759.03 521 नहीां 
94  bZUnkok 2962.08 4078 हाां 
95  ';ksuUnk 791.16 1362 नहीां 
96  pdbZUnkok 121.15 39 नहीां "
195,PDF page 195,"195 
 
97 VksMkBsdyk VksMkBsdyk 3518.12 4029 हाां 
98  HkS:okl 1114.09 734 नहीां 
99  HkS:oklpd 5 3.11 0 नहीां 
100  fd'kuiqjk 564 1148 नहीां 
101  IkêhlqYrkuiqjk 329.18 210 नहीां 
102  VksMkxkaxkpd 1 90.02 76 नहीां 
103  VksMkxkaxkpd 2 o 3 16.07 0 नहीां 
104  HkS:oklpd 1 27.06 0 नहीां 
105  VksMkxkaxk 1693.01 1835 हाां 
106  HkS:oklpd 2 124.16 304 नहीां 
107  HkS:oklpd 3 114.17 0 नहीां 
108  HkS:oklpd 4 48.09 0 नहीां 
109 Ikêhfd’kksjiqjk Ikêhfd’kksjiqjk 357.04 1327 नहीां 
110  fcukSjh 3263.02 2292 हाां 
111  tkS.kik 419.18 350 नहीां 
112  Fkkuiqjk 973.18 463 नहीां 
113  egkjktiqjk 812.03 691 नहीां 
114  gehjiqjk 1590.05 1186 हाां 
115 lwjriqjk lwjriqjk 2460.19 5143 हाां 
116  ';keiqjk [kqnZ 1225.02 839 नहीां 
117 Ykkyiqjk Ykkyiqjk 1023.11 1123 नहीां 
118  fcgkjhiqjk 864.15 721 नहीां 
119  Jhlq[kpSuiqjk 497.14 529 नहीां 
120  jkeiqjk [kqnZ 566.01 429 नहीां 
121  Hkkewokl 715.1 507 हाां 
122  cyjkeiqjk 413.13 99 नहीां 
123  [ksekokl 667.13 1349 नहीां 
124  'kkgiqjk 693.02 855 हाां 
125  eqdqUniqjk 248.11 250 नहीां 
126  VksMk/kkekpd 1 52.15 94 नहीां 
127  VksMk/kkekpd 2 7.1 0 नहीां 
128  pdxaxkjkeokyk 14.01 16 नहीां 
129  pd [kkrhokyk 86.02 92 नहीां 
130  pdlysekckn 15.04 0 नहीां 
131  pd 'kkgiqjk 0.12 0 नहीां 
132  Lkysekckn 129 129 नहीां 
133  PkdeqdUniqjk okds 
uxfj;kokl 38.11 14 नहीां 
134  uxfj;kokl 945.04 579 नहीां 
135  eyokl 380.19 282 नहीां 
136  VksMk/kkek mQZ 
xksikyiqjk 769.14 758 नहीां 
137  PkdeqdUniqjk 5.01 0 नहीां 
138  VksMk/kkekeqLrjdk 494.14 258 नहीां "
196,PDF page 196,"196 
 
 
 
 तहसील की जनसांख्या एिां हाऊस होल्ड (घर/पररिार)  
ि ु ल पररवारो िी सिंख्या ि ु ल िनसिंख्या 
38867 185936 
 दक्ष लोगो का वििरण तनम्न प्रकार है-  
1 डॉ. रािि ु मार सेहरा  PMO 9460066686 
2 डॉ. पवन िैन  BCMO 9983760189 
3 डॉ. पी.सी. गुप्ता डॉक्टर 9460066686 
4 डॉ. उमाशिंिर मीना  डॉक्टर 9414443554 
5 डॉ. प्रमोद िैन डॉक्टर 9460758457 
6 डॉ. िाजमनी जसिंह  डॉक्टर 8560062738 
7 महमूद जिलानी  जफजियोथेरेजपस्ट 9928637551 
8 नरेन्द्र ि ु मार शमाा  िम्पाउण्डर 9928630921 
9 मदनलाल शमाा  िम्पाउण्डर 9414626756 
10 vafdr flag  िम्पाउण्डर  
11 उजमाला मीना  नसा 9784467563 
12 सुश्री सिंगीता शमाा  नसा 9166345070 
13 श्रीमती lfork pkS/kjh नसा  
14 Jh fo"".kq lksuh        dEikm.Mj         9414622086 
15 उमाशिंिर मीना  िम्पाउण्डर 9001345840 
16 श्री lqjs’k 'kekZ वैध 9414752888 
17 श्री jkejkt ehuk इन्िीजनयर 8005829844 
18 श्री egs’k dqekj ehuk  इन्िीजनयर 8209363279 
19 Jh ?ku’;ke  इन्िीजनयर 8058081636 
20 श्रीरामचरण मीना  फायरमैन  9950919193 
21 jkts’k ehuk फायरमैन  9680106157 
 
 नदी/बाांध/तालाब/ि नालो की स्थिततः -  
तहसील िेत्र में प्रमुख तीन िािंध है-1. मोरेल िािंध 2. जिनौरी िािंध 3.सूरतपुरा िािंध व तहसील िेत्र में दो प्रमुख नदीयािं 
है- 1. मोरेल नदी 2. धािंिजडया नदी 
 सांचार के साधन%-  
तहसील िेत्र लालसोट में BSNL, VI, VODAFONE, JIO  इत्याजद ि े  टावर है। व डाि व्यविा हेतु पोस्ट ऑजफस स्थित 
है। 
 
 
 
 
 
 
 
 
 "
197,PDF page 197,"197 
 
 थक wल/कॉलेज(सरकारी/प्रा इिेट)ध ममशाल ा/सामुद ातयक  केन्र %- 
क्र.सिं
. 
स्क ू ल/िॉलेि(सरिारी/प्राइवेट)धमाशाला/सामुदाजय
ि ि े न्द्र 
िान  जनयिंत्रण 
अजधिारी  
सम्पि ा 
1 श्री अशोि शमाा रा.उ.मा. जवद्यालय  लालसोट  प्राचाया 7976459909 
2 राििीय िन्या उ.मा. जवद्यालय  लालसोट  प्राचाया 9414844866 
3 रािेश पायलट महा जवद्यालय लालसोट  प्राचाया 9413677604 
4 धमा सनातन सिंस्क ृ त महाजवद्यालय  लालसोट  प्राचाया - 
5 िडाया धमाशाला  लालसोट  मेनेिर  - 
6 खण्डेलवाल धमाशाला लालसोट  मेनेिर  9414784648 
7 ब्राह्मण धमाशाला लालसोट  मैनेिर  - 
8 अग्रवाल धमाशाला लालसोट  मैनेिर  7891510319 
 त हसील  में उपल ब्ध  ब चाि के उपक रणों क ी सूचीः-  
तहसील में िचाव ि े  िोई सिंसाधन उपलब्ध नहीिं है। तहसील िेत्र में स्थित नगर पररर्द  लालसोट में आपदा से 
िचाव ि े  जनम्न उपिरण उपलब्ध है।  
टैक्ट र र 2, टेम्पू 11, दमिल 2, हैडपिंप 1, सफाई िमाचारी 56 व आपदा ि े  जलए अजतररक्त 10 मिद ू र है।  
 तहसील में उपलब्ध राजकीय  अधधकाररयों/क ालममक ो के नाम ि द ूरभाष नम्ब र ि क ायामल य क ा नाम तनम्न 
है- 
नगर पररर्द  - तहसील िेत्र में नगर पररर्द  स्थित है। जिसि े  प्रभारी अजधिारी िा नाम Jh uojRu 'kekZ है व उनि े  
द ू रभार् नम्बर 7014717995है। व नगर पररर्द में जनम्न सिंसाधन उपलब्ध हैाः- 
मिद ू र है।  
टैक्ट रर  2, टेम्पू 2, दमिल 1, मडपिंप 1, रस्से, फावडी, गैती, सफाई िमाचारी 44 व आपदा ि े  जलए अजतररक्त 10 
 त हसील  क्षेत्र में मुख्य औध ोधगक  इक ाई%& 
रीिो इण्डस्ट र ीयल ग्राम जडडवाना में स्थित है। जिसमें स्थित समस्त फ े स्थक्ट र योिं में िचाव ि े  उपिरण लगे हुए है। व 
इन औधोजगि इिाईयोिं से िोई खतरा भी नहीिं है। िो जनम्न प्रिार है- 
क्र.सिं. फमा िा नाम  सिंचालि िा नाम मो.निं. 
1 िमल इण्डस्ट र ीि िमलेश िडाया 9550742583 
2 मिंगल दाल एण्ड ऑयल मील गोजवन्द अग्रवाल 9829770158 
3 मदन मोहन ग्रेजडिंग मोहन लाल भीिंवाल 9414035535 
क्र.सिं. नाम अजधिारी/िमाचारी  पद िायाालय  मो.निं. 
1 श्री मवजेंर कुमार मीना  ए .डी.ओ.  9413964986 
2 Jh अममतेश कुमार मीना  तह ीलदार   9887330929 
3 Jh txnh’k ehuk नायब तह ीलदार  9351500236 
4 Jh बाबु लाल मीना  बी.डी.ओ.   9928717291 
5 Jh fnyhi ehuk पुमल  उपामधक्षक  9875075024 
6 Jh fd’ku ehuk ए .एच.ओ.  9829272259 
7 Jh jkeujs’k ehuk ए.ई.एन. जे.वी.वी.एन.एल.  
8 Jh बालबक्श मीना  ,Dl-bZ-,u P.W.D. 9414335286 
9 Jh uojRu 'kekZ vk;qDr  uxj ifj""kn 7014717995 
10 श्री jktdqekj ehuk ,- ई.एन. P.W.D.  
11 डॉ. iou tSu chlh,evks थवाथ्य मवभाग 8769422984 
12 श्री Nxuyky ehuk भू.अ.मन . राजथव 9636523330 
13 Jh jktdqekj lSuh भू.अ.मन . राजथव  9928922461 
14 श्री deys’k ehuk भू.अ.मन . राजथव  9602771351 "
198,PDF page 198,"198 
 
4 हरर ऑयल इण्डस्ट र ीि महेश शमाा  7220974557 
5 गुलिन्दी मािाल मुि े श िट्टा  9414036397 
6 जप्रन्स डेजनयम  गोजवन्द गोयल 9414852261 
7 गुलाि आईस फ े क्ट र ी अिुान माजलया  7014804329 
 
 मेडडकल  क ी द ुकाने %- 
क्र.सिं. दुिान िा नाम  सिंचालि  द ू रभार् निं. 
1 लक्ष्मी मेजडिल स्टोर  िगन्नाथ प्रसाद सैनी 9414626678 
2 सैनी मेजडिल स्टोर प्रहलाद सैनी 9414626556 
3 िनता मेजडिल स्टोर रामिीलाल सैनी  8946913064 
4 पायल मेजडिल स्टोर ित्तीलाल सैनी 9799609491 
5 आशीवााद मेजडिल स्टोर ओमप्रिाश सैनी 9351990260 
 सरकारी / प्राईिेट अथपताल%& 
क्र.सिं.  सरिारी व जनिी अस्पताल  डॉक्टरो 
िी 
सिंख्या  
नसा/िम्पाउ
ण्डरो िी 
सिंख्या  
ि ु ल 
शासन 
िैड 
आपातिा
लीन 
सिंसाधन  
आपातिालीन 
सिंपूणा सुत्र  
1 जिला जचजित्सालय लालसोट  9 8 50 2 9660049818 
2 आयुवेजदि और्धालय  1 1 - - 9414752888 
3 नविीवन जचजित्सालय 5 12 32 - 9414078016 
4 आनन्द जचजित्सालय 4 10 25 - 8238068060 
5 जवनायि जचजित्सालय 1 3 10 - 9462221665 
 पेट्रोल पम्प, गैस एजेन्सी/गोदाम तनम्न प्रकार हैः- 
क्र.सिं. पेट र ोल पम्प, गैस एिेन्सी/गोदाम सिंचालि  द ू रभार् निं. 
1 िोहरा जफजलिंग स्टेशन गिंगापुर रोड, 
लालसोट   
मिंगेश ि ु मार पुत्र प्रिाशचन् द िोहरा  9829236947 
2 पाटनी पेट र ोल पम्प सुजनल पाटनी  9414036100 
3 शमाा पेट र ोल पम्प उदयलाल िैन 9414626379 
4 िय भवानी गैस एिेन्सी रूपेश मीना  9829160080 
5
  
मै0 उदयलाल महावीर प्रसाद िैन पेट र ोल 
पम्प लालसोट  
महावीर  प्रसाद पुत्र उदयलाल िैन  9414622207 
6
  
मैं0 िपलावत पेट र ोल पम्प, मिंडावरी 
लालसोट   
जवमलेश ि ु मार मीणा पुत्र भरतलाल 
मीना   
 
7
  
िोहरा जफजलिंग स्टेशन गिंगापुर रोड, 
लालसोट   
मिंगेश ि ु मार पुत्र प्रिाशचन् द िोहरा   
8
  
मै0 अमरजसिंह जफजलिंग स् टेशन लाडपुरा, 
लालसोट   
ईश् वरलाल पुत्र रामपा ल मीणा    
9
  
मैं0 ररलायिंस पेटो माि े जटिंग प्रा.जल. 
जडडवाना, लालसोट   
सरावगी ि ु लभूर्ण पुत्र आर.डी. 
मेहरा   
 
10
  
मै0 मण् डावरी इण् डेन गैस जवतरि 
मिंडावरी  
सुनीता मीणा पजि रामोतार मीना    
11 जवमल एच.पी. गैस ग्रामीण जवतरि 
जिलौना िलािं, लालसोट 
रामस् वरूप पुत्र गैन् दीलाल मीणा    
12
  
मै0 सुजनता इन् डेन ग्रामीण गैस एिेन् सी 
मण् डावरी, लालसोट   
सुजनता पुत्री रामावतार मीणा    
 
 
 
 
 
 "
199,PDF page 199,"199 
 
 आश्रय थिल %& 
क्र.सिं. स् ि ूल/िॉलेि(सरिारी/प्राइवेट)धमाशा
ला/सामुदाजयि ि े न्द्र 
िान  जनयिंत्रण 
अजधिारी  
सम्पि ा 
1 श्री अशोि शमाा रा.उ.मा. जवद्यालय  लालसोट  प्राचाया  
2 राििीय िन्या उ.मा. जवद्यालय  लालसोट  प्राचाया 9414844866 
3 रािेश पायलट महा जवद्यालय लालसोट  प्राचाया 01431260423 
4 धमा सनातन सिंस्क ृ त महाजवद्यालय  लालसोट  प्राचाया - 
5 िडाया धमाशाला  लालसोट  मैनेिर  - 
6 खण्डेलवाल धमाशाला लालसोट  मैनेिर  9414784648 
7 ब्राह्मण धमाशाला लालसोट  मैनेिर  - 
8 अग्रवाल धमाशाला लालसोट  मैनेिर  7891510319 
 भारी मशीनरी से सम्ब ांधध त  सूचनाः-  
1. तहसील िेत्र लालसोट में मैं0 रामस् वरूप चौधरी ए श्रै णी सिंवेदि मोिाईल नम् िर 9829258658 ि े  पास  
2. िे.सी.िी. 2 
3. टैक्ट र र टॉली 2 
4.  डम् पर 2 
5.  गैंती 40,  
  "
200,PDF page 200,"200 
 
14- rglhy jkgwokl vkink izcU/ku ;kstuk 
 rglhy o rglhynkj dk uke ,oa rglhy dk ifjp;%& 
rglhynkj jkgwokl dk l`tu ekg 12@2019 ls gqvk gS tks ftyk eq[;ky; ls 26 fdyks 
ehVj nwj fLFkr gS tks fd nkSlk ls ykylksV jksM+ ij fLFkr gSA rglhynkj Jh egs'k pUn 
“kekZ ,oa uk;c rglhynkj Jh jkeLo:i ehuk gSA 
 rglhy esa laHkkfor [krjk%&  
 rglhy jkgwokl esa nkSlk xaxkiqj jsYos ykbZu esa cus vaMj ikl esa ckfj'k ds ikuh Hkjko dh 
leL;k gksus ds dkj.k vkokxeu o tu&Ik'kq gkfu gksus dk [krjk gSA vaMj ikl esa ckfj'k 
ds ikuh Hkjko dh leL;k ls fuEu xzke& dY;k.kiqjk] vj.;k dyka] txusj] jkykokl] 
thriqj] eksguiqjk izHkkfor gksrs gSA 
 rglhy jkgwokl {ks= esa dYYkkokl ls lksu<+ tkus okys ekxZ esa xzke eksgEeniqjk ds lehi 
xqtjus okyh eksjsy unh ds cgko {ks= ds dkj.k vkokxeu o tu&i 'kq gkfu gksus dk 
[krjk jgrk gSA 
 ;krk;kr O;oLFkk%& 
nkSlk ls ykylksV eq[; ekxZ ij gh fLFkr gSA 
 rglhy ewyHkwr lalk/ku%& 
 fMLisaljh%& jkgwokl] dYykokl ,oa dksyhokM+k esa lkeqnkf;d LokLF; dsUnz z gS o rglhy 
{ks= esa Ik'kq fpfdRlky; dsUnz jkgwokl esa fLFkr gSA 
 vfXu “keuO;oLFkk & vfXu 'eu dsUnz ugh gS ysfdu ykylksV uxj ikfydk esa gS tks 
rglhy eq[;ky; jkgqokl ls 20 fdyks ehVj nwj gSA 
 rglhy esa fctyh dh O;oLFkk & vU; QhMj ls tqM+k gSaA 
 ihus ds ikuh dh O;oLFkk & vkoj gSMVsd gS cksjosy o dq,sa miyC/k gSaA 
 rglhy esa xzkeksa@xzke iapk;rks dh la[;k%&  
rglhy jkgwokl esa 14 xzke iapk;r o 66 jktLo xzke gSA 
 rglhy dh tula[;k%& 
rglhy {ks= dh dqy 54157 ¼tux.kuk 2011 ds vuqlkj½ tula[;k gSA 
 n{k yksxks dk fooj.k%& 
rglhy jkgwokl esa MkWDVj@dEikamMj@oS/k@vk;qosZn dEikaMj fpfdRlk {ks= ls tqMs yksx gSA 
rSjkd@xksrk[kksj@uko pkyd yksx ugha gSA 
 unh@cka/k@rkykc@ukyksa dh fLFkfr%& 
rglhy jkgwokl esa eksjsy unh o jkgwokl cka/k fLFkr gSA 
 lapkj ds lka/ku%& 
,;jVsy@oh-vkbZ@thvks ds Vkoj o dusDVhfoVh gSA iksLV vkWfQl dh lqfo/kk gSA 
 Ldwy@dkWyst@/keZ'kkyk@lkeqnkf;d dsUnz%& 
dYykokl esa dU;k egkfo|ky; fLFkr gS ,oa iapk;r Lrj ij gkbZ Ldwy fLFkr gSA /keZ'kkyk 
o lkeqnkf;d dsUnz ugh gSA 
 rglhy esa miyC/k cpko midj.kksa dh lwph%& 
rglhy jkgwokl esa lgdkjh {ks= esa dksbZ lalk/ku miyC/k ugha gSA 
 rglhy {ks= esa vkS/kkSfxd bZdkbZ;k%& 
rglhy jkgwokl {ks= esa vkS|kSfxd bdkbZ fLFkr ugha gSA "
201,PDF page 201,"201 
 
 fpfdRlk lqfo/kk%&  
1- jktdh; lkeqnkf;d LokLF; dsUnz jkgwokl & 3 MkW DVj o 5 uflaZx LVkWQA 2 - ,d 
vkS""k|ky; ftlesa 01 MkWDVj o 1 dEikamMj dk;Zjr gSA  
 isVªksy iEi@xSal ,stsUlh dh miyC/krk%& 
vuqKk/kkjd dk uke iSVªksy iEi dk uke 
Jherh mfeZyk nsoh eh.kk 9928686986 vkse fQfyax LVs'ku dYykokl frckjk 
jkgwokl 
  Hkkjh e'khujh ls lacaf/kr yksxksa dh lwph %&  
rglhy {ks= esa ugha gSA 
 dk;kZy; rglhynkj jkgwokl] dkfeZdksa dh lwpuk%& 
Ø-la- uke vf/kdkjh@deZpkjh in eksckbZy uEcj 
1 Jh egs’kpUnz 'kekZ rglhynkj 9829375666 
2 Jh jkeLo:i ehuk uk;c rglhynkj 9929870623 
3 Jh fotsUnz ehuk vkWfQl dkuwuxksa @ 9413361261 
4 Jh lair jke ehuk vfr0 vkW0 dkuwuxksa 8955734899 
5 Jh lk;j flag ehuk Hkw vfHkys[k fujh{kd Mwaxjiqj  9782861905 
6 Jh lair jke ehuk Hkw vfHkys[k fujh{kd jkgwokl 
vfr- pktZ 8955734899 
7 Jh jkeeqjkjh ehuk Hkw-v- fujh{kd dYykokl 
vfr- pktZ 9414727040 
8 Jh jkeds’k ehuk iVokjh jkgwokl 8504907809 
9 Jh deys’k dqekj ehuk iVokjh <ksykokl vfr- pktZ 9664095956 
10 Jh deys’k dqekj ehuk iVokjh lyseiqjk  9664095956 
11 lqJh fdj.k pkS/kjh iVokjh Mwaxjiqj 8233738157 
12 Jh fl;kjke xqtZj iVokjh dksyhokM+k 9664052656 
13 Jh deys’k dqekj ehuk iVokjh Mksc vfr- pktZ 9664095956 
14 Jh jkeeqjkjh ehuk iVokjh dYykokl 9414727040 
15 Jh jkeeqjkjh ehuk iVokjh dkywokl vfr- pktZ 9414727040 
16 Jh jkeeqjkjh ehuk iVokjh xksikyiqjk vfr- pktZ 9414727040 
17 Jh eqds’k dqekj lSuh iVokjh u;kokl 9636769512 
18 Jh eqds’k dqekj lSuh iVokjh ikyqUnk vfr- pktZ 9636769512 
19 Jh txnh’k izlkn xqIrk rg0jkt0ys[kkdkj 9414321768 
20 Jh ujsUnz flag pkSgku lgk-iz’kk-vf/kdkjh 9414485514 
21 Jh ds’ko dqekj 'kekZ ofj""B lgk;d 7240597883 
22 Jherh jatuk iqjksfgr vkj-ih-th- 9636176165 
24 Jh jkeds’k ehuk ,y0vkj0lh0 iVokjh 8504907809 "
202,PDF page 202,"202 
 
15- rglhy yok.k vkink izcU/ku ;kstuk 
 तहसील ि तहसीलदार का नाम ि तहसील का पररचयः - 
त हसील  क ायामल य क ा सृजन माह- 07/2013 मे हुआ िा, जो स्जल ा मुख्याल य से 30 कक .मी. क ी द ूरी पर 
थटेट हाईिे द ौसा से चाक सू पर स्थित  है । त हसील द ार क ा पद  ररक्त  है । श्री निल  कक शोर शमाम 
त हसील द ार  (भू.अ.शाखा क ल क्ट्रेट, द ौसा) क ो चाजम दद या गया है । नायब  त हसील द ार के पद  पर श्री राजेश 
प्रसाद राय पदथिावपत है ।  
 तहसील मे सांभावित खतराः -  
त हसील  ल िाण मे अभी त क  ब ाढ जैसी सांभािना नही हुई है । कफर भी सांभावित  खत रे से तनपटने के लल ए 
त हसील  मुख्याल य ब ाढ तनयांत्रण क क्ष थिावपत  क र दद या जाएगा ।  
 यातायात व्यिथिाः -  
तहसील कायामलय लिाण से द ौसा एिां जयपुर हेत ु यात ायात  व्यिथिा उपल ब्ध  है । 
 त हसील  मूल भूत  सांसाध नः- 
 डडथपेन्सरी- त हसील  मुख्याल य पर सामुद ातयक  थिाथ्य केन्र  स्थित  है ि ग्राम- खानिास, 
ब तनयाना, खेडल ाखुदम, रजिास मे प्रािलमक थिाथ्य केन्र स्थित है । 
 अस्ननशमन व्यिथिाः- अस्ननशमन केन्र स्थित नही है । 
 बबजली व्यिथिाः- लिाण मे 33 केिी सब थटेशन स्थित है ।  
 पीने के पानी की व्यिथिा  - उपलब्ध है ।  
 तहसील मे नगर पाललका, ग्राम ि ग्राम पांचायतो की सांख्याः- 
त हसील  ल िाण मे 01 नगर तनक ाय (निसृस्जत  नगरपालल क ा), 11 ग्राम पांचायत , 58 ग्राम स्थित है ।  
 तहसील की जनसांख्याः- 
त हसील  क्षेत्र क ी जनसांख्या जनगणना 2011 के अनुसार- 61525 है । 
 पुलल स िानाः-  
त हसील  मुख्याल य पर पुलल स िाना सांचाललत है । 
 दक्ष लोगो का वििरणः -  
त हसील  ल िाण मे धचकक त्सक /क म्पाांउडर/िैध /आयुिेद  कम्पाांउडर धचकक त्सा क्षेत्र से जुड े ल ोग है । द क्ष/प्रलशक्षक 
कोई तैराक नही है ।  
 नदी/बाांध/तालाबो की स्थिततः - 
ितममान स्थितत सामान्य है । 
 सांचार के साधनः-  
त हसील  मुख्याल य ल िाण मे अन्य ऐजेंलसयों- बी .एस.एन.एल .,एयरटेल  आदद  के टािर ल गे हुए है 
।पोथ टऑकफस ि बैंक क ी सुविध ा उपल ब्ध  है । 
 ध ममशाल ा/क ॉल ेज/थक ूल ो क ा वििरणः-  
रा.उ.मा.वि. लिाण ि राजकीय कन्या महा विद्यालय लिाण स्थित है, धममशाला स्थित नही है । 
 तहसील क्षेत्र मे बचाि उपकरणः - 
तहसील क्षेत्र लिाण मे बचाि उपकरण नही है ।  
  "
203,PDF page 203,"203 
 
16- rglhy ckanhdqbZ vkink izca/ku ;kstuk 
 rglhy o rglhynkj dk uke o ifjp;%& 
rglhynkj Jherh jkts’k dqekj gSA ckanhdqbZ rglhy es rhu mirglhy cfM+;ky 
dyka]vkHkkusjh]nsykMh gS]ftles mirglhynkj loZJh Nhrjey ehuk]vaxnjke [kVhd]izHkwn;ky 
ehuk inLFkkfir gSA ckanhdqbZ rg lhy dk dqy {ks=Qy 27784 gSDV;j gS rFkk ;g ka dh 
tula[;k 2011 ds eqrkfcd 186482 gS ckanhdqbZ ftyk eq[;ky; ls mRRkj dh vksj 40 fdeh- 
gS bl {ks= es xqtZj]ekyh o czkgE.k ,oa vuqlwfpr tkfr rFkk vuqlw fpr tutkfr ckgqY; {kS= 
gSA ;g {ks= T;knkrj eSnkuh gS rFkk ioZr ,oa igkMh {kS= gS rFkk ,sls {ks=kas ds ikl [kkrsnkjh 
Hkwfe Hkh gS ck< dh fLFkfr ls fuiVus gsrq cMh ifj;kstukvks izLrkfor dj ikuk laHko ugh g S 
fQj Hkh ck< dh fLFkfr es vkink izcU/ku ds mik; o dk;Z ;kstuk fuEu izdkj gSA   
 rglhy es laHkkfor [krjk%& 
rglhy ckanhdqbZ es vHkh rd ck< tSlh laHkkouk  ugh gqbZ gSA fQj Hkh laHkkfor [krjs ls 
fuiVus ds fy, rglhy eq[;ky; ck< fu;a=.k d{k LFkkfir dj fn;k tk,xkA 
 ;krk;kr O;oLFkk%& 
rglhy ckanhdqbZ ls t;iqj ]fnYyh o vkxjk jsyos ykbu xqtjrh gS rFkk rglhy ckanhdqbZ ls 
jktekxZ fnYyh ok;k vyoj ,ao fnYyh&eqEcbZ ,Dlizsl os xqtj jgk gSA 
 rglhy ewyHkwr lalk/ku@lqfo/kk,sa %& 
 rglhy ckanhdqbZ es jsyos LVs’ku]cl LVs.M fLFkr gSA 
 fpfdRlk lqfo/kk %& ckanhdqbZ rglhy es jktdh; mi ftyk vLirky gSA lkFk gh 
mirglhy cfM+;ky dyka]nsykMh o vkHkkusjh  es lkeqnkf;d LokLF; dsUnz gSA 
 vfXu’keu O;oLFkk%& rglhy ckanhdqbZ es vfXu’keu dsUnz gSA 
 vU; lqfo/kk,W%& ihus ds ikuh dh O;oLFkk%&rglhy ckanhdqbZ es izk;% ikuh dh fdYyr 
jgrh gSA ihus ds ikuh ds fy, yksx Bsdsnkj ds }kjk lIykbZ VSadjks o futh cksfjax ij 
fuHkZj gSA 
 fctyh%& ckanhdqbZ rglhy es dhjriqjk] izrkiiqjk] HkkstokMk] uUnsjk] cfM;ky dyka] 
xq<fy;k] ihpwikMk [kqnZ]’;kykokl [kqnZ es 33@11 dsoh QhMj gSA 
 rglhy es uxjikfydk xkze o xzke iapk;rks dh la[;k%& 
rglhy ckanhdqbZ es 01 uxj fudk; ¼ uxjikfydk½]30 xzke iapk;r] 134 xzke gSA 
 rglhy dh tula[;k%& 
rglhy ckanhdqbZ dh 2011 dh tux.kuk ds vuqlkj dqy tula[;k 186482 gS A  
 n{k yksxks dk fooj.k%& 
rglhy ckanhdqbZ es MkWDVj@dEikamMj@oS|@vk;qosZn dEikamMj fpfdRlk {ks= ls tqMs yksx 
gSA rglhy ckanhdqbZ es n{k@izf’k{kd dksbZ rSjkd ugh gSA 
 unh cka/k rykcks dh fLFkfr%& 
orZeku budh fLFkfr lkekU; gS tks ikuh ds vHlw[ks es lw[ks iMs gSSA 
 lapkj ds lk/ku%& 
rglhy ckanhdqbZ es vU; ,stsafl;kW ch-,l-,u-,y-] ,;jVsy] fjykbZUl vkfn ds Vkoj yxs gq, 
gSA iksLV vkWfQl dh lqfo/kk Mkd gsrq miyC/k gSA 
 /kEkZ’kkyk@dkWyst@Ldwyks dk fooj.k%&  
jk-m-ek-fo- ckanhdqbZ ]jktdh; egkfo|ky; ,oa jktdh; dU;k egkegkfo|ky; ckanhdqbZ gSA  
 
 "
204,PDF page 204,"204 
 
 rglhy {ks= es cpko midj.k%& 
rglhy {ks=  ckanhdqbZ es cpko midj.k ugh gSA vko’;drk iMus ij fdjk;s ij miyC/k 
djok, tk ldrs gSA 
 rglhy ckanhdqbZ es miyC/k jktdh; deZpkjh%& 
dza-
la- 
dkfeZdks dk uke in eksckbZy uEcj 
1- Jherh  jkts’k dqekj rglhynkj  9887938209 
2 Jh f’kojke ehuk  Vh-vkj-, 9530312200 
3- Jh vejpan cSjok vkWfQl dkuwuxks ckanhdqbZ 8619047064 
4 Jh jes’k pan lSuh vfr-vkWfQl dkuwuxks 9829632638 
5 Jh vfHk""ksd O;kl lgk-iz’kk-vf/kdkjh 7014040641 
6 Jh v’kksd lSuh ofj-lgk;d 9252401029 
7 Jh lqHkk""k lSuh ofj-lgk;d 8529547946 
8 Jh /kesZUnz dqekj dfu- lgk;d 9414237002 
9 Jh jkgqy dqekj 'kekZ dfu-ys[kkdkj 9024213116 
10    
11 Jherh fouhrk lSuh ,y-vkj- iVokjh 8306547946 
12 Jherh  guqeku lgk; 
ehuk  
,y-vkj-lh iVokjh 9694603938 
13 Jherh xhrk ehuk lgk;d deZpkjh 9772372689 
 rglhy ckanhdqbZ es fLFkr vU; dk;kZy;%& 
uxjikfydk]lh-ch-bZ-vks-]ch-lh-,p-,e-vks- iapk;r lfefr]31 xzke iapk;r eq[;ky; gSA 
 rglhy {ks= vkS/kksfxd bdkb;ka%& 
rglhy ckanhdqbZ {ks= es vkS/kksfxd bdkb;ka jhdkss dk yWkftfLVd gc orZeku es izLrkfor gSA 
 miyC/k esfMdy nqdkus@ljdkjh@izkbZosV fMLisa’kjh dk fooj.k%& 
rglhy {ks= ckanhdqbZ es 20 esfMdy dh nqdkus gSA ljdkjh miftyk vLirky dh la[;k 01] 
o futh fMaLisa’kjh 05 gSA  
 isVªkWy iEi dh lwph%& 
dza-la- uke isVªkWy iEi xzke dk uke 
1 ukgj 'kfDr fQfyax LVs’ku  ihpwikMk dyka 
2 nso d`ik fQfyax LVs’ku ihpwikMk dyka 
3 Jh dY;k.k fQfyax LVs’ku  Hkk.MsMk 
4 jru lfoZl LVs’ku fldUnjk jksM ckanhdqbZ 
5 diwjpUn ,.M dEiuh fldUnjk jksM ckanhdqbZ 
6 dq’kky bf.M;u vkW;y clok jksM ckanhdqbZ 
 rglhy {ks= es xSl xksnke dh lwpuk%& 
ckanhdqbZ rglhy eq[;ky; ij Hkkjr xSl ,stsalh gSA 
 rglhy {ks= es Hkkjh e’khujh dh lwpuk%& 
rglhy {ks= es ugh gSA 
  "
205,PDF page 205,"205 
 
17- Rkglhynkj fldjk; vkink izcU/ku ;kstuk  
 
 ifjp;%& 
rglhy dk uke& fldjk;] v{kak’k 26%55^1^^ ns’kkUrj 76%41^23^^{ks=Qy 50374 gS0A  
lehiorhZ rglhy clok] nkSlk] egok]cgjko.Mk] Vks Mk&Hkhe] uknkSrh] ukaxyjktkorkuA 
rglhy esa xzkeksa dh la[;k 101 iapk;r lfefr 2 & fldUnjk o fldjk; gS ftuesa rglhy 
fldjk; dh dqy xzke iapk;rksa dh la[;k 36] rglhy {ks= esa uxj ifydk fldjk; gSA 
 rglhy ds lEHkkfor [krjk%& 
 vkbZvkslh,y ikbZi ykbZu  
 xSLk xksnke  
 isVªksy iEi  
 gkbZos lM+d 
 gkbZ VsU’ku ykbZu  
 ;krk;kr O;oLFkk%&  
 NH 21 t;iqj ls vkxjk  
 SH 26 vyoj ls xaxkiqj cl lqfo/kk 
 ewyHkwr lqfo/kk%& 
o fMLisU’kjh%&  
 CHC fldjk;] ekuiqj] fldUnjk] xhtx<+  
 PHC&Hk.Mkjh] ukanjh] nqCch 
 vfXu’keu O;oLFkk%&  
 nkSlk 40 fdeh 
 ckanhdqbZ 25 fdeh 
 ihus ds ikuh dh O;oLFkk%&  
uydwi 125] gS.M iEi 2215] mPPk tyk’k; 14] Hkwry tyk’k; 33 
 rglhy dh tula[;k o""kZ 2011 ds vuqlkj%& 
 
 
 n{k yksxks dk fooj.k%& 
daz0 la0 n{k O;fDr dqy la[;k fu;a=.k vf/kdkjh lEidZ 
1 lsuk ls 
lsokfuo`r 
03 ,lMh,e@ 
rglhynkj 
7891484016/ 
9868909494 
2 MkWDVj 03 
3 daikmaMj 05 
4 oSn;  03 
5 osYMj 25 
6 xSl dVj 25 
7 bysfDVªf’k;u 20 
dqy ifjokj iq#""k” Efgyk ;ksx 
50010 136682 123802 260484 "
206,PDF page 206,"206 
 
 
 unh] cka/k] rkykc%&  
cka/k 02] ,oa rglhy ds xzke jsVk nqCch]fldUnjk]ckouikMk]efj;kMk]fy[kyh] xkacMh] ekuiqj] 
djksMh] pkWnsjk] lwjSj] ls yxrs gq, ck.kxaxk unh fLFkr gSA 
  lapkj ds lk/ku%&  
ch,l,u,y@vU; ,tsUlh ds Vkoj 
 fo|ky; ,oa vkJ; LFkyksa dh lwph%& 
dz0 la0 Ukke laLFkk  fu;a=.k 
vf/kdkjh 
lEidZ 
1 jk- m- ek- fo- fldjk;  ,lMh,e@ 
rglhynkj 
 
7891484016/ 
9868909494 
 
2 ekWMy Ldwy fldjk; 
3 jk- egkfo|ky; fldjk; 
4 /keZ’kkyk ehuklheyk 
5 /keZ’kkyk mn;iqjk 
 vkS|ksfxd bdkb;ka%& 
rglhy {ks= esa vkS|ksfxd bZdkbZ;ksa esa fldUnjk esa iRFkj dk O;olk; gSA 
 
 
 
 
 
 
 
 
 
 
 
 
 
 
 
 
 
 
 
 
 
 
 
 
 
 
 "
207,PDF page 207,"207 
 
 rglhy {ks= esa esfMdy  nqdku ljdkjh izkbosV vLirkyksa dh lwph%& 
 
 rglhy esa vkikrdkyhu lalk/ku@e’khujh@cpko midj.k%& 
daz0 la0 Ckpko 
lalk/kku 
dqy 
la[;k 
vf/kd`r vf/kdkjh lEidZ 
1 Vªksyh 100 ,lMh,e@rglhynkj 7891484016/9868909494 
2 VªSDVj 100 ,lMh,e@rglhynkj 7891484016/9868909494 
3 Vªd 15 ,lMh,e@rglhynkj 7891484016/9868909494 
4 Tkslhch 15 ,lMh,e@rglhynkj 7891484016/9868909494 
5 dszu 10 ,lMh,e@rglhynkj 7891484016/9868909494 
6 xsrh 500 ,lMh,e@rglhynkj 7891484016/9868909494 
7 QkoM+s 500 ,lMh,e@rglhynkj 7891484016/9868909494 
8 lhMh 15 ,lMh,e@rglhynkj 7891484016/9868909494 
9 thi 30 ,lMh,e@rglhynkj 7891484016/9868909494 
 
 
 
daz0 
la0 
Lkjdkjh o futh vLirky MkWDVj iSjk 
LVkWQ 
dqy 
csM 
vkikrdkyhu 
lk/ku  
1 miftyk fpfdRlky;] fldjk; 27 55 30 ,Ecqysal 2 
2 jktdh; lkeqnkf;d LokLF; dsUnz] 
xhtx<+ 
4 4 30 ,Ecqyasl 2 
3 jktdh; lkeqnkf;d LokkLF; dsUn]z 
fldUnjk 
7 7 30 ,Ecqyasl 
4 jktdh; lkeqnkf;d LokLF; dsUnz] 
ekuiqj 
1 6 10 & 
5 jktdh; izkFkfed LokLF; dsUnz] 
Hk.Mkjh 
1 1 6  
6 jktdh; izkFkfed LokLF; dsUnz] 
ukanjh 
0 2 6  
7 jktdh; izkFkfed LokLF; dsUnz] 
nqCch 
1 1 6  
8  jktdh; izkFkfed LokLF; dsUnz 
djksMh 
1 2 6  
9 jktdh; izkFkfed LokLF; dsUnz 
Bhdfj;k  
1 2 6  
10 jktdh; izkFkfed LokLF; dsUnz 
ihyksMh  
1 2 6  
11 jktdh; izkFkfed LokLF; 
dsUnz ?kwe.kk 
0 2 6  
12 egUr fd’kksjiqjh vkS""k/kky;] ckykth 3 5 10  "
208,PDF page 208,"208 
 
 rglhy {ks= fldjk; es dk;Zjr dkfeZdks dh lwph%& 
dza-
la- 
uke dkfeZd in eksckbZy 
uEcj 
fo-fo- 
1 Jh gsesUnz dqekj 
ehuk 
rglhynkj 9868909494  
2 Jh d`"".k dqekj 
jktkor 
uk;c rglhynkj 9828265333  
3 Jh ekufalag ehuk vkWfQl dkuwuxks 9413114061  
4 Jh ekuflag cSjok vfr-vkWfQl dkuwuxks fldjk; 9929771403  
5 Jh cPpwflag ehuk ,yvkjlh Hkw-v-fujh{kd 9521475953  
6 Jherh vuhrk ehuk yho fjtoZ Hkw-v-fu-fldjk; 9530312306  
7 Jh iIiw yky lSuh Hkw-v-fu-o``Ùk fldjk; 9414610492  
8 Jh f’ko dqekj 'kekZ Hkw-v-fu-o``Ùk ekuiqj 9521834300  
9 Jh lqjs’k pUn 
ehuk 
Hkw-v-fu-o``Ùk ehuklheyk 9414625822  
10 fjDr Hkw-v-fu-o``Ùk ukWnjh 
uol`ftr foÙkh; Lohd`fÙk vizkIr 
9414625822 Jh lqjs’k pUn ehuk Hkw-v-fu-
ehuklheyk vfr-pktZ  
11 Jherh eatw ehuk i-e- fldjk; Hkw-v-fu-o``Ùk 
fldjk; 
8107627174 dk;Zjr Jh ykyflag 
pkWnksfy;k iVokjh ukeusj 
vfr-pktZ 
12 fjDr i-e- ghaxok 9829248159 dk;Zjr Jh foJke dqEHkdkj 
13 Jh ykyflag 
pkWnksfy;k 
i-e- ukeusj 8107627174  
14 Jh v’kksd dqekj 
xqtZj 
i-e- ekuiqj Hkw-v-fu-o``Ùk ekuiqj 9772453872  
15 fjDr i-e-ikWpksyh 9772453872 Jh v’kksd dqekj xqtZj 
vfr-pktZ 
16 Jh /;ku flag ehuk i-e- ihyksMh 9414303110  
17 aJh y[ku yky 
ehuk 
i-e- Bhdfj;k 9413360163  
18 Jh jkds’k ehuk i-e- ehuklheyk Hkw-v-fu-o``Ùk 
ehuklheyk 
9166098999  
19 fjDr i-e- djksMh 9413360163 Jh y[ku yky ehuk vfr-
pktZ 
20 Jh iou dqekj 
ehuk 
i-e- pkWnsjk 9887806455  
21 fjDr i-e- mn;iqjk 8107627174 Jh ykyflag pkWnksfy;k vfr-
pktZ 
22 fjDr i-e- ukWnjh  Hkw-v-fu-o``Ùk ukWnjh 
uol`ftr 
9829248159 Jh foJke dqEHkdkj  
vfr-pktZ 
23 fjDr i-e- dq.Msjk MwWxj 8302586604 Jh lhrkjke xqtZj vr-
pktZ 
24 Jh dksey dqekj 
yokfl;k 
i-e- ukgj[kksgjk 8955354031  
25 Jh ewyk jke lSuh ,yvkj iVokjh fldjk; 7976703743  
26 Jh fodze flag 
jkBkSM 
,yvkjlh iVokjh fldjk; 9256222099  
27 Jh eUuk yky 'kekZ lgk;d deZpkjh 9001924969 gky teknkj rglhy fldjk; 
28 Jh jkeizrki dqEgkj lgk;d deZpkjh 8239221224 izfrfu;qfDr ij ftyk dk;kZy; 
29 fjDr lgk;d deZpkjh   
30 fjDr lgk;d deZpkjh   "
209,PDF page 209,"209 
 
 
mi rglhy xhtx< 
1 Jh dY;k.k lgk; ehuk mirglhynkj 
xhtx< 
9782481021  
2 Jh xkSjo dqekj ehuk vfr-vkWfQl 
dkuwuxks 
9462819462 gky dk;Zjr rglhy 
fldjk; 
3 Jh fnus’k dqekj 
cSalyk 
Hkw-v-fu-o`Ùk xhtx< 9352138788  
4 fjDr Hkw-v-fu-o`Ùk 
vpyiqjk uol`ftr 
9352138788 Jh fnus’k dqekj cSalykHkw-v-
fu- xhtx< vfr-pktZ 
5 Jh cPpw jke ehuk Hkw-v-fu-o`Ùk ?kwe.kk 8824887970  
6 fjDr i-e- xhtx< , 9829248159 Hkw-v-fu-o`Ùk 
xhtx< 
Jh foJke dqEHkdkj dk;Zjr 
7 fjDr i-e- xhtx< ch 9829248159 Jh foJke dqEHkdkj dk;Zjr 
8 fjDr i-e-dkyoku 9887025730 Jh I;kjflag ehuk dk;Zjr 
9 fjDr i-e-ikVu uol`ftr 9667394501 Jh vrs’k dqekj ehuk 
iVokjh t;flagiqjk vfr-
pktZ 
10 fjDr i-e-?kwe.kk 8107856135 Hkw-v-fu-o`Ùk 
?kwe.kk 
dk;Zjr Jherh eatw 
ehuk 
11 fjDr i-e- t;flagiqjk 9667394501 Jh vrs’k dqekj ehuk 
dk;Zjr 
12 Jherh jek ckbZ ehuk i-e-MS.Mk 7627067712  
13 Jh lhrkjke xqTkZj i-e- vpyiqjk 8302586604 Hkw-v-fu-o`Ùk 
vpyiqjk 
uol`ftr 
 
14 fjDr  i-e-jkex< 
uol`ftr 
8302586604 Jh lhrkjke xqTkZj iVokjh 
fldUnjk vfr-pktZ 
15 fjDr i-e-l:.Myk 
uol`ftr 
8302586604 Jh lhrkjke xqTkZj iVokjh 
fldUnjk vfr-pktZ 
mirglhy fldUnjk 
1 fjDr mirglhynkj 
fldUnjk 
9868909494  vfr- pktZ Jh gsesUnz 
dqekj ehuk 
rglhynkj fldjk; 
2 Jh jk/ks’;ke cSjok  
vodk'k ij 
vfr-vkWfQl 
dkuwuxks fldUnjk 
8619025213  Jh iou flag xqtZj iVokjh 
czk-cSjkMk 
3 Jh vt; xqIrk Hkw-v-fu-o`Ùk 
fldUnjk 
6375305745   
4 Jh v’kksd dqekj 
ehuk 
Hkw-v-fu-o`Ùk 
NksdjokMk 
8058416540   
5 Jh txthoujke  i-e- fldUnjk 6376195875 Hkw-v-fu-o`Ùk 
fldUnjk 
 
6 Jherh js[kk xqtZj i-e- ckouikMk 6375834820  
7 Jh t;ukjk;.k ehuk i-e- efj;kMk 8239734493  
8 fjDr i-e- ihiydh 8239734493  Jh t;ukjk;.k ehuk 
iVokjh vfr-pktZ 
9 Jherh euh""kk xqtZj i-e- dSykbZ 8302518817  
10 fjDr i-e- NksdjokMk 6375834820 Hkw-v-fu-o`Ùk 
NksdjokMk 
Jherh js[kk xqtZj iVokjh 
ckouikMk vfr-pktZ 
11 Jh iouflag xqtZj i-e- czkg~e.k cSjkMk 9414670524  
12 Jherh vuhrk ukxj i-e- Mksfydk 8302518817 Jherh euh""kk xqtZj iVokjh 
dSykbZ vfr-pktZ 
13 Jherh fiz;adk xqtZj i-e- fugkyiqjk 9664339542  
14 Jh fodze flag jkBkSM i-e- nqCch 9256222099  "
210,PDF page 210,"210 
 
18- तहसील मांडािर आपदा प्रबन् धन योजना  
 पररचय:- 
दौ ा मजले की तह ील मिंडावर का कुल क्षेत्रिल 11482 हैक् .है तथा यहा की जन िंख्या 2011 
के मुतामबक 63187 है मिंडावर मजला मुख्यालय  े उत्तर पूवम की तरि 82  K.M. .दूरी पर 
मथथत है। इ  क्षेत्र में गुजमर व मीना  मुदाय के लोग है शेष अनु ूमचत जामत व अन्य जामत के 
लोग है यह क्षेत्र अत्यन्त  िंवेदन शील है। मिंडावर के पवमतीय क्षेत्र मुख्यत: जटवाडा ,बनाबड ,
मण्डावर .रींदली ,हल्दैना ,कोट ,व  ायपुर पाखर है तथा पवमत व पहाडो के पा  पानी का 
भराव क्षेत्र खादर है तथा ऐ े क्षेत्रो के पा  खातेदारी भूमम होने के कारण बाढ आदद की मथथमत  े 
मनपटने हेतु बढी  पररयोजनाओ  को प्रथतामवत कर पाना  िंभव नही हैं दिर  भी बाढ की मथथमत 
में आपदा प्रबन्धन के उपाय व कायम योजना मनम्न प्रकार हैं। 
 त हसील  में सम्भावित   खतरा: - 
क्र.  नाम  ग्राम 
पिंचायत बाढ   
 िंभामवत क्षेत्र व ग्राम कारण  
1 जटवाडा नािंगल मीना , जटवाडा ,
 रावली  
वषाम का पानी एकत्र होना 
2 बनाबड एदलपुर  ,बनावड ,हाड़ोली वषाम का पानी एकत्र होना 
3 मण्डावर  मण्डावर वषाम का पानी एकत्र होना 
4 रींदली रींदली ,भण्डपुरा वषाम का पानी एकत्र होना 
5 हल्दैना हल्दैना , कोट बााँध का भराव क्षेत्र के 
पा  होने 
6 कोट कोट कोट बााँध का भराव क्षेत्र होने  
7  ायपुर पाखर  ायपुर पाखर वषाम का पानी एकत्र होना 
8 टीकरी 
दकलानोत 
टीकरी दकलानोत, खेडली कला 
,खेडली खुदम ,हररपुरा  
वषाम का पानी एकत्र होना 
9 गढ़ महम्मत स िंह  गढ़ महम्मत स िंह वषाम का पानी एकत्र होना 
10 पाखर -1 पाखर -1 वषाम का पानी एकत्र होना 
 यातायात व्यिथिा :- 
तह ील मिंडावर  े आगरा  े जयपुर रेलवे लाइन गुजरती है तथा तह ील में  अलवर महवा NH 
35 हाईवे  पर मथथत है जहााँ पर यातायात के  ाधनों में राजथथान राज्य पथ पररवहन मनगम की 
ब े ,लोक  ेवा पररवहन ब े ,व लोगो के पा  अपने मनजी पररवहन के  ाधन मौजूद है। 
तह ील मिंडावर में रेलवे थटेशन मथथत है  "
211,PDF page 211,"211 
 
क्र. . कार्ममको का नाम पद  मोबाईल  निं.  कायामलय का नाम  
1 श्री रामगोपाल मीना    थटेशन माथटर  9001036922 रेलवे थटेशन मिंडावर   
 त हसील  के मूल भूत  सुविध ाए:-  
क्र. . मचदकत् ा का नाम ईकाई 
 िंथथा प्रधान का 
नाम  मोबाईल नम्बर  
1 CHC मण्डावर  Mk- ujlh jke 9828985842 
2 PHC कोट  डॉ शामलनी जेठानी 8530877321 
3 रोमहत हॉमथपटल मिंडावर  डा .रोमहत गुप्ता  9784117242 
4 आयुवेद वैध कोट  
Jh  त्यनारायण 
शमाम  9050317543 
5 आयुवेद वैध मिंडावर  Jh वेद प्रकाश मीना  9414727706 
6 आयुवेद वैध गढ़ महम्मत स िंह  Jh मनोज गुप्ता  8078663230 
7 आयुवेद वैध पाखर प्रथम  
Jh जीतेश कुमार 
शमाम  90797192189 
8 आयुवेद वैध उकरून्द Jh राजकुमार मीना  9413895004 
9 पशु मचदकत् क मिंडावर  Jh कमल मीना  9829348838 
 अस्ननशमन केन्र :- 
तह ील मिंडावर में अमिशमन केन्र नही है मज का दक ी भी आपदा मे होना जरूरी है जो की 
तह ील मुख्यालय  े करीब 20 दक.मी  .दूरी पर महवा में हैं। 
 त हसील  में ग्राम/ग्राम पांचायतो की सांख् या:- 
तह ील मिंडावर मे कुल 10 ग्राम पिंचायत व 45 ग्राम हैं कुल जन िंख्या 63187 तथा कुल 
भौगोमलक क्षेत्रिल 11482  हैक्ट .हैं। मजनका मववरण मनम्न प्रकार हैं। 
 तहसील की जनसांख् या:- 
तह ील मिंडावर की 2011 की जनगणना के अनु ार कुल जन िंख् या 63187 है।  
 दक्ष लोगों का वििरण:- 
तह ील मिंडावर में कोई भी तैराक नही है आवश्यकता पड़ने पर मशीनरी वहािं चालक मवद्युत 
कमी ,वेल्डर गे  कटर आदद एविं तैराक दकराये पर महवा  े उपलब्ध कराये जा  कते हैं। जो 
मनम्न है  
श्री पूरण पुत्र रामजीलाल कहार मनवा ी महवा 
श्री धारास िंह पुत्र राम हाय कहार मनवा ी महवा  
 "
212,PDF page 212,"212 
 
 
 
 नदी बाांध / तालाब / नालों की स्थितत:- 
नदी / बााँध / तालाब / व नालो की मथथमत – वतममान मे इनकी मथथमत  ामान्य है जो पानी के 
अभाव मे  ूखे पडे हुए हैं। 
 सांचार के साधन:- 
तह ील क्षेत्र मे BSNL व अन्य ऐजेमन् यााँ जै े एयरटेल ,ररलायांस,मजओ,  इत्यादद के टावर लगे है 
पोथट आदि   की  ुमवधा डाक हेतु उपलब्ध हैं। 
 थकूल  आदद  क ा वििरण :–  
क्र. . मवद्यालय का नाम   िंथथा प्रधान का नाम मोबाईल  निं. 
1 रा.उ.मा .मवद्यालय उकरूाँद श्री ददनेश कुमार मीना  8750681843 
2 रा.उ.मा .मवद्यालय जटवाडा  श्री  राकेश कुमार मीना  7014659648 
3 रा.उ.मा .मवद्यालय पाखर   श्री  राजकुमार मीना  9785476535 
4 रा.उ.मा .मवद्यालय धौलखेडा श्री भगवान  हाय मीना  9610107892 
5 रा.उ.मा .मवद्यालय मण्डावर श्री लोकेश जैन  9001085689 
6 रा.वा.उ.मा .मवद्यालय मण्डावर श्रीमती प्रवीणलता मीना  7976281348 
7 रा.उ.मा .मवद्यालय कोट श्री श्याम ुिंदर खिंडेलवाल  9414629646 
8 रा.उ.मा .मवद्यालय बनावड श्री रमवदत्त शमाम  9887562904 
9 रा.उ.मा .मवद्यालय हल्दैना श्री गोमवन्द प्र ाद मीना  9783667690 
10 रा.उ.मा .मवद्यालय रींदली श्री बबली राममीना  9799154587 
11 रा.उ.मा .मवद्यालय रायपुर  श्रीमती मुकेश मीना   9829868763 
12 रा.उ.मा .मवद्यालय गढमहम्मतस िंह श्री लक्ष्मण मीना  9460071980 
13 रा.उ.मा .मवद्यालय  ायपुर पाखर श्रीमती कौ ल्या देवी  9887297782 
14  िंथकृत मवद्यालय मिंडावर  श्री ददनेश शमाम  6350406229 
15 मााँ के र देवी महामवद्यालय मिंडावर 
  16 कौ ल्या देवी महामवद्यालय मिंडावर 
  17 नेहरु महामवद्यालय मिंडावर  
  18 आकाश टीसचिंग  ेण्टर मिंडावर 
  19 रुक्ममण देवी महामवद्यालय मिंडावर 
  20 दीपक ITI मिंडावर  
  21 गुरुदीक्षा ITI मिंडावर 
  22 ममत्तल ITI मिंडावर 
   "
213,PDF page 213,"213 
 
 
 त हसील  में उपल ब् ध  बचाि उपकरण :- 
तह ील मिंडावर में बचाव उपकरण नही है लेदकन आवश्यकता पडने पर दकराये पर उपलब्ध 
करवाये जा  कते हैाँ। 
 तहसील मांडािर में उपल ब्ध  राजक ीय क ममचारी  :-  
क्र. . नाम  अमधकारी / कममचारी  पद  मोबाईल  निं. 
1 Jh धीरेन्र कदमम  तह ीलदार  9649247444 
2 श्री महेंर कुमार मीना  नायब तह ीलदार  7703899919 
3 श्री रमेश चिंद मीना  O.K 9784824022 
4 श्री अमनरुद्धस िंह  A.O.K 7976545680 
5 श्री अजय कुमार जाटव RPG    ILR 9351162720 
6 श्री मुकेश कुमार मीना  RPG  पटवारी  9782324058 
7 श्री राहुल कुमार यादव  वररष्ट   हायक 9887076418 
8 श्री कमलेश कुमार मीना  वररष्ट   हायक 7891579959 
9 श्री ररिंकू मीना  कमनष् ठ  हायक 9887335899 
10 श्री  ुशील कछावा  T.R.A 6377410922 
11 श्रीमती पूजा छाबड़ी  जूमनयर अकाउन्टेंट 8949920757 
 तहसील मांडािर में स्थित  अन्य क ायामल य  
क्र. . कार्ममको का नाम पद  मोबाईल  निं.  कायामलय का नाम  
1 Jh प्रवीन कुमार  SHO 8290292220 थाना मिंडावर 
2 Jh महेश गुप्ता   हायक अमभयिंता  9413383266 मबजली मवभाग  
3 Jh हरेन्र कुमार जाटव  कमनष्ठ अमभयिंता 9414079284 मबजली मवभाग  
4 श्री चिंद प्रकाश मीना   हायक अमभयिंता 8875052650 PWD 
5 Jh भूपेंर  Aen 8011493799 PHED 
6 श्री   ुनील मीना  BDO 7742304525 पिंचायत राज  
7 श्री मोहन मुरारी शमाम   मचव  9990338069 कृमष उपज मिंडी 
8 Jh प्रकाश मीना eo 9414793740 नगरपामलका  
9 Jh डॉ नर ी राम मीना  मचदकत् ा प्रभारी  9828985842 CHC मिंडावर  
10 Jh डॉ कमल स िंह मीना  पशु मचदकत् क 9829348838 पशु मचदकत् ालय मिंडावर  
11 Jh भीम स िंह मीना  AAO 7619721425 कृषी मवभाग  
12 Jh जगराम मीना  BSO 6375946039 साांजख्यकी मवभाग  "
214,PDF page 214,"214 
 
 
 तहसील मांडािर मे औद्घोधगक ईकाई :-  
शून् य 
 धचककत्सा सुविध ा:- 
तह ील क्षेत्र मिंडावर में मेंमडकल की  दुकाने है  रकारी अथपताल व मडथपेन् री की  ूचना मबन्दु 
 िंख्या 4  में दजम है डाक्टर नर् िंग थटाि की  िंख्या मचदकत् ा मवभाग  े मलया जाना उमचत है 
 पैट्रोल  पम्पो क ी सूची :-    
क्र. .  नाम  पेट्रोल पम्प ग्राम का नाम  
1 जैन पेट्रोल पम्प पालोदा  
2 हूडला पेट्रोल पम्प उकरूाँद 
3  रदार स िंह दिसलिंग थटेशन  रावली  
4 ररलायन्   पेट्रोल पम्प  रावली  
5  ेट्टी इमण्डयन ऑयल मण्डावर  
6 जैन पेट्रोल पम्प  इमण्डयन ऑयल मण्डावर  
7 दीपक दक ान  ेवा केन्र गढमहम्मतस िंह 
 गैंस गोद ाम क ी सूची  :-    
 आश्रम थिल :-   
तह ील मुख्यालय पर मनम्न को आश्रम थथल के रूप मे उपयोग मे लाया जा  कता है। 
(1) बालाजी मैररज ह   (2 ) अवमन्तका मैररज हो    (3) श्रीराम मैररज होम  
(4 ) खण्डेलवाल धममशाला           (5)    अनु पैराडाइ    
 हल िाई क ी सूची :-   
श्री पिंकज हलवाई       श्री श्यामा हलवाई      श्री मदन हलवाई         श्री  ाहू ममष्ठान 
 भारी मशीनरी से सम् बस्न्ध त  ल ोगों क ी सूची  :-   
 रमेश मीना बनावड  MO-9929995129 
 अमरचिंद मीना बनावड  MO-9928262438 
 इशाक खान कोट  MO-9772971634 
 दाउद खान कोट  MO-9929758599 
  
क्र. .  गै  गोदाम मवतरक    िंचालक का नाम  मोबाईल  नम्बर  
1 श्री कृष्णा ग्रामीण इण्डेन मवतरक श्याम गौड 7791904171 "
215,PDF page 215,"215 
 
v/;k; % 21  
ty lalk/ku foHkkx] nkSlk dh dk;Z ;kstuk 
 
vf/k'kk""kh vfHk;ark] ty lalk/ku [k.M] nkSlk dk eq[;ky; nkSlk gS bl [k.M 
ds vUrxZr lEiw.kZ nkSlk ftyk ,oa dksV [kkonk rglhy dk [kkjyh cka/k vkrk gSSA 
bl [k.M ds v/khu pkj lgk;d vfHk;ark ty laalk/ku mi[k.Mksa esa dk;Zjr gS 
ftudk fooj.k fuEu izdkj gSa %& 
Jh ekaxh yky ehuk] vf/k'kk""kh vfHk;ark] ty lalk/ku [k.M] nkSlk ¼eks - 
7611911025 Qksu & 01427&223410½ ,oa laxhrk ehuk ¼lgk - vfHk- ,oa rdfudh 
lgk;d½ izHkkjh vf/kdkjh ck< fu;a=.k d{k nkSlk ¼eks- 9549446625½ 
 "
216,PDF page 216,"216 
 
uke mi[k.M eq[;ky; lgk;d 
vfHk;ark dk 
uke 
mi[k.M esa dk;Zjr 
d-vfHk;ark 
rglhy cka/kks 
dh 
la[;k 
dqy Hkjko 
{kerk fe- 
?ku ehVj 
esa 
CCA 
gSDVj 
esa 
ICA 
gSDVj esa 
300 gSDVj 
ls de 
{kerk ds 
cka/kksa dh 
la[;k 
ty lalk/ku 
mi[k.M nkSlk 
nkSlk Jherh js[kk 
dqekjh ehuk 
eks- 9587514788 
Jh euh""k xqtZj 
eks- 6377976059 
Jherh ehuk{kh esgjk 
9672257630 
uka- 
jktkorku 
lSaFky 
nkSlk 
2 
  7 
 
3 
16-70 
   9-36 
 
9-54 
3267 
 1604 
 
1800 
1961 
 1070-12 
 
987-48 
 
6 
 
 
2 
ty lalk/ku 
mi[k.M ckanhdqbZ 
ckanhdqbZ Jh fo'kky lSuh 
eks- 9649317069 
 
Jh uhjpan cSjok 
eks- 7891667577  
Jherh esok nsoh ehuk 
eks- 9785278455 
Jh jkds'k dqekj ehuk 
eks- 9414616208 
clok 
 
egok  
e.Mkoj 
fldjk; 
cSjko.Mk 
6 
 
9 
1 
2 
1 
7-91 
 
14-40 
2-59 
23-84 
4-56 
1671 
 
2364 
605 
3495 
1135 
763 
 
746 
352 
2382 
695 
5 
 
7 
 
1 
ty lalk/ku 
mi[k.M ykylksV 
ykylksV Jh psrjke ehuk 
eks- 9414338187 
Jh vafdr dqekj ehuk 
eks- 7597205980 
Jh vej flag ehuk 
eks- 9057701077 
ykylksV 
 
jkgqokl 
dksV[kkonk 
4 
 
1 
1 
86-52 
 
5-35 
3-97 
 
21944 
 
850 
811 
14112 
 
618 
466 
0 
 
0 
0 
RWSRP 
mi[k.M] nkSlk 
nkSlk Jh Jhfd'ku 
ehuk  
eks- 9414517268 
Jh larks""k dqekj 
jsokMh;k 
eks- 9588237148 
nkSlk 2 
 
18-20 4405 
 
2750 
 
0 
   
 
 
 
 18 202-9 43951 27004-6 
 "
217,PDF page 217,"217 
 
 
 ty lalk/ku [k.M] nkSlk ds ikl 39 cka/k gS]  ftues 21 cka/k 300 gSDVs;j ls 
de {kerk ds gS ftUgsa jkT; ljdkj ds vkns'kkuqlkj o""kZ 2025&26 esa 
iapk;rhjkt ls iqu% ty lalk/ku foHkkx dks gLrkukUrfjr fd;k x;k gSA mDr 
21 cka/kksa esa ek= 8 cka/kksa esa dqN ugjh ra= fodflr gS] tksfd foxr dbZ o""kksZa ls 
ns[k js[k ds vH lw[ks esa {kfrxzLr@vfrØfer gks pqds gSA ftudh dqy Hkjko 
{kerk 23-60 Mcum gS rFkk budk lh-lh-,- o vkbZ-lh-,- Øe'k% 3569 gSDV- o 
531-60 gSDV- gSA mDr 21 cka/kks esa ls 12 cka/k isVk dk'r gS] ftuesa ugjh ra= 
fodflr ugha gSA 
 iwoZ ls yxkrkj foHkkx ds v/khu 18 cka/k ¼300 gSDVs;j ls vf/kd {kerk ds½ ,sl s 
gS ftuesa iw.kZ ugjh ra= fodfl r gS] ftudh dqy Hkjko {kerk 182 -17 Mcum 
gS ijUrq bu cka/kks dk nkSlk ftys esa lhlh, o vkbZlh, Øe'k% 22657 gSDV - o 
15938 gSDV- gSA mDr cka/kksa esa ls ,d eksjsy o`gn ¼estj½ flapkbZ ifj;kstuk gS 
,oa rhu Øe'k% ek/kkslkxj] lSaFky lkxj ,oa dkyk[kksa e/;e flapkbZ ifj;kstuk;sa  
gS] 'ks""k 14 y?kq flapkbZ ifj;kstuk,sa gSA 
 nkSlk ftyk ;equk unh ds csflu esa iM+rk gSA  
 nkSlk ftys esa eq[;r% nks ufn;ka gSA 
¼1½ ck.kxaxk unh  ¼2½ eksjsy unh 
 ck.kxaxk unh%& 
;g unh t;iqj ds utnhd fojkV uxj dLcs dh igkfM;ksa ls fudyrh gS vkSj 
pkanjkuk xkao ds ikl nkSlk ftys esa izos'k djrh gSA rRi'pkr if'pe ls iwoZ 
dh rjQ c<+rh gqbZ fldjk; vkSj egok  rglhy esa cgrh gqbZ ftyk Hkjriqj esa 
izos'k djrs gq, mRrjizns'k esa ;equk unh esa fey tkrh gSA egok  e.Mkoj jksM 
ij viLVªhe esa ck.kxaxk unh ij ,d xSt lkbZV ij o""kkZdky esa yxkrkj unh 
esa ikuh dh vkod ds vkadMs fy, tkrs gSA bl unh ij nkSlk ftys esa eq[; 
:i ls pkanjkuk cka/k fLFkr gSA b lds vfrfjDr nkSlk ftys esa bldh lgk;d 
ufn;ksa ij lSaFky lkxj] fl.Mksyh] xsVksyko] jsfM;k] HkaMkjh] ek/kkslkxj] dksV  ,oa 
txjkeiqjk cka/k] ikoVk cka/k] jkSFk cka/k] cus gq, gSaA lSaFky lkxj cka/k ds Mwc esa 
t;iqj ftys dh vkSj jsfM;k cka/k ds Mwc esa vyoj fty s dh Hkwfe vkrh gSA 
jsfM;k cka/k ck.k xaxk dh lgk;d lkok unh ij xkao jsfM;k ds ikl fLFkr gSA 
ck.k xaxk unh dh nkSlk ftys esa dqy yEckbZ 92-50 fd-eh- gSA 
 eksjsy unh%& 
eksjsy unh t;iqj ds ikl vkesaj vkSj ukgjx< dh igkMh ls fudyrh gS vkSj 
t;iqj ftys esa cgrh gqbZ nkSlk ftys dh ykylksV rglhy esa izos'k djrh gS 
rFkk fQj lokbZek/kksiqj ftys esa cgrh gqbZ cukl unh esa fey dj vUrr% pEcy 
unh esa fey tkrh gSA bl unh ij ,d o`gn eksjsy cka/k cuk gqvk gS tks fd 
nkSlk ftys esa fLFkr gS ijUrq blls lokbZek/kksiqj ,oa nkSlk ftys esa flapkbZ gksrh 
gSA bl cka/k dks vfrlaosnu'khy ekuk x;k gS D;ksfda bl cka/k dk ty xzg.k "
218,PDF page 218,"218 
 
{ks= 3345 oxZ fd-eh- gSA eksjsy cka/k ds viLVªhe esa eksjsy unh ij dksFkwu jksM 
ds ikl ,d xSt lkbZV ij o""kkZdky esa yxkrkj unh esa ikuh dh vkod ds 
vkadMs fy, tkrs gSA ;fn eksjsy unh esa ikuh dh vkod vuqeku ls vf/kd gks 
jgh gS] rks rqjUr lwpuk nsdj vko';d dk;Zokgh dh tkrh gSA foHkkx }kjk izfr 
o""kZ bl cka/k ij fuxjkuh gsrq pkSchl ?k.Vs pkSdhnkj j[ks tkrs gS rFkk cka/k ds 
Åij o""kkZ dkyhu le; esa 15 twu ls flrEcj ds vUr rd ,d ok;jysl lSV 
yxk;k tkrk gSA fdlh Hkh vkikrdkyhu fLFkfr ls fuiVus ds fy, rqjUr gh 
Rofjr xfr ls dk;Zokgh dh tkrh gSA ,sls gh ykylksV mi[k.M esa ik¡p vU; 
y?kq flapkbZ ifj;kstuk jkgqokl cka/k] fcuksjh lkxj nf{k.k lkxj] flaFkkSyh cka/k] 
[kkjyh ck¡/k ,oa nhokapyh cka/k Hkh gS ftudk ikuh vUrr% eksjsy unh esa feyrk 
gSA bu cka/kksa dh ns[k js[k o fuxjkuh ty lalk/ku mi[k.M ykylksV }kjk dh 
tkrh gSA eksjsy unh dh nkSlk ftys esa dqy yEckbZ 50-00 fd-eh- gSA 
 dUVªksy :e%& 
jkT; Lrjh; ¶yM dUVªksy :e t;iqj esa vUos""k .k :ikadu ,oa lalk/ku bdkbZ 
tokgj yky usg: ekxZ ds dk;kZy; esa LFkkfir fd;k tkrk gSA blds izHkkjh 
funs'kd ty foKku gS vkSj ;g dk;kZy; ok;jySl o VsyhQksu nksuks ls gh 
tqMk jgrk gS blds vfrfjDr t;iqj eq[;ky; ij o`Ùk  Lrj dk ck< fu;U=.k 
d{k LFkkfir fd;k tkrk gS] ftldk VsyhQksu ua- 0141&2702480] 2700452 ,oa 
bZ&esy floodcell.wr@gmail.com gSA nkSlk eq[;ky; ij Hkh 15 twu ls 30 
flrEcj rd ck< fu;a=.k d{k ty lalk/ku [k.M] nkSlk ds dk;kZy; esa 
LFkkfir fd;k tkrk gSA ftl ij pkSchl ?k.Vs ck< ,oa o""kkZ laca/kh lwpukvksa dk  
vknku iznku tkjh j[kk tkrk gSA bl [k.M ds fu;a=.k d{k dk VsyhQksu ua - 
01427&223410 gSA  
 flapkbZ foHkkx ds dk;ksZ ds j[k j[lw[ks ,oa fuxjkuh ds laca/k esa%& 
o""kkZ ds vkjEHk dh frfFk 15 twu ekudj ty lalk/ku foHkkx ds lHkh cka/kks dh 
vko';d ejEer dh tkrh gS rFkk lHkh xsVksa dh vkbfyax&xzhflax o xst 
isfUVx dj nh xbZ gS] blds vfrfjDr lHkh cka/k ij fuxjkuh j[kus gsrq vLFkkbZ 
pkSdhnkj yxk;s tkrs gSA vf/kdka’k cka/k vR;f/kd iqjkus gS o j[k&j[ lw[ks en 
esa mfpr ctV vkoaVu gksus dh fLFkfr esa cka/kks dh ejEer gsrq vf r vko’;d 
dk;Z lEikfnr djk;s x;s gS o lkekU; ifjfLFkfr;ks esa cka/k lqjf{kr gSA fdUrq 
iapk;rhjkt ls gky gh esa gLrkukUrfjr 21 cka/kksa esa ls dqN cka/kksa ij fo'ks ""k 
ejEer dh vko';drk gS] ftlds fy, ctV m iyC/k gksrs gh ejEer djok nh 
tkosxhA lHkh cka/k esa fe V~Vh dh dPph iky gksus ds dkj.k o""kkZdky esa budh 
fujUrj ns[kjs[k o fuxjkuh dh vko’;drk gksrh gSA foHkkxh; Jfed miyC/k 
ugh gksus ds dkj.k dqN Jfedks dh vkiwfrZ fufonk ds ek/;e ls U;wure 
vko’;drk ds vk/kkj ij dh tkosxh] fdUrq cka/kks dh fujUrj fuxjkuh gsrq 
Jfed vi;kZIr gSA fdlh Hkh vkikrdkyhu fLFkfr dh lwpuk rqjUr utnhdh 
¶yM dUVªksy :e dks ns nh tkrh gSA ;g Hkh mYys[kuh; gS fd vko';drk 
iMus ij ftyk iz'kklu }kjk le;&le; ij lg;ksx fy;k tkosxkA "
219,PDF page 219,"219 
 
 miyC/k lkexzh %  
ekulwu l= esa fuEukuqlkj LFkkuksa ij [kkyh ,oa feV~Vh ls Hkjs gq, dV~Vs j[ks tkrs gSA 
Ø- la- LFkku [kkyh dV~Vs feV~Vh ls Hkjs dV~Vs 
1 clok&ckanhdqbZ 3000 500 
2 egok &e.Mkoj 3000 1300 
3 fldjk;&fldanjk 2500 500 
4 ykylksV 1050 750 
5 jkex<+ ipokjk 1000 800 
6 dkyk[kks cka/k 500 400 
7 pkanjkuk cka/k 600 500 
8 lSaFky lkxj fluksyh lkxj 3500 800 
9 nkSlk eq[;ky; 10000 400 
10 jkeiqjk] gjhiqjk] egs'ojk] 
Hkkadjh 
600 600 
11 ikiM+nk] pwM+h;kokl 450 450 
12 f>yfeyh 5000 800 
13 ukgj[kksgjk] /kikou] mijsM+k 
cM+h;ky] fot; lkxj] xq<+k 
eqagh 
1400 1020 
14 gqM+yk] f'k'kokM+k] leliqj] 
fldanjiqj] cM+kxkao] jkSar] 
ikoVk 
1400 1400 
15 eksjsy cka/k 2000 900 
 कु ल 
36000 11120 
 ty lalk/ku [k.M nkSlk eq[;ky; ij 10000 o mi[k.M eq[;ky;ksa ij Øe'k% 
10000 nkSlk mi[k.M] 10850 ckanhdqbZ] 2050 ykylksV] 1100 
vkjMCY;w,lvkjih mi[k.M] rFkk 2000 eksjsy cka/k ij [kkyh dV~Vs j[ks tk;xsaA 
ftUgsa vko';drk iM+us ij cka/k LFky ij fHktok;k tk ldsxkA  
 ty lalk/ku mi[k.M eq[;ky;ksa ckanhdqbZ o ykylksV ij 10850&2050 [kkyh 
dV~Vs j[ks tkosxsaA ftUgsa vko';drkuqlkj cka/kksa ij forfjr fd;k tk;sxkA eq[; 
cka/kksa tSls eksjsy cka/k ij 2000 ,oa lSaFky lkxj o fluksyh lkxj cka/k ij 
3500] jsfM;k cka/k] ek/kkslkxj cka/k o dkyk[kks cka/k izR;sd ij 600&500 [kkyh 
dV~Vs j[ks tkosxsaA ck< jkgr ds fy, vko';d Vh -,.M ih- ,oa vU; lkeku 
t:jr ds eqrkfcd miyC/k j[kus gsrq lHkh lgk;d vfHk;arkvksa dks ikcUn dj 
fn;k x;k gSA ftyk iz'kklu ls vuqjks/k gS] fd f=iky&Nksynkfj;ks] cYyh] 
dV~Vs vkfn izpwj ek=k esa rglhy eq[;ky; ij j[ks tkosaA rkfd vkikrdkyhu 
fLFkfr esa bUgsa dke esa fy;k tk ldsA 
 "
220,PDF page 220,"220 
 
 vkink dh fLFkfr esa mi;ksx gsrq [k.M dk;kZy; ij vkjf{kr lkexzh dh lwph%& 
Ø-la- lkexzh dk uke ux 
1 cMs ckal 20* 20 
2 NksVs ckal 10* 20 
3 cYyh 10* 10 
4 jLlk eksVk 100* ¼tks VªSDVj dks [khap 
lds½ 
4 
5 jLlk iryk 100* ¼tks vkneh dks [khap 
lds½ 
4 
6 VkspZ ¼4 lsyokyh½ 6 
7 frjiky 2 
8 rxkjh 14 
9 QkoMs 10 
10 xSarh 2 
11 lCcy ¼NksVs½ 5 
12 Nkrs 4 
13 lCcy cMh 3 
14 jsu dksV 2 
15 lwryh 10 caMy 
 ukosa%&  
orZeku esa foHkkx ds ikl dksbZ uko miyC/k ugha gSA eRL; foHkkx }kjk miyC/k 
ukoksa dk fooj.k ifjf'k""V&9 esa layXu gSA  
 iEi lsV%&  
orZeku esa foHkkx ds ikl 03 eM iEi lsV miyC/k gS] ,oa vU; iEi lsV tu 
LokLF; vfHk;af=dh foHkkx] uxj ifj""kn nkSlk rFkk vU; uxj ikfydkvksa }kjk 
mudh vko';drkuqlkj vkjf{kr j[ksa tkosaxsA 
 laosnu'khy ck/kksa dh lwph%& 
Ø-la- cka/k dk uke Ø-la- cka/k dk uke 
1 eksjsy cka/k 11 gqMyk 
2 pkanjkuk cka/k 12 fldUnjiqj cka/k 
3 jkgqokl cka/k 13 txjkeiqjk 
4 jsfM;k cka/k 14 jksaFk 
5 ek/kkslkxj cka/k 15 leliqj 
6 lSaFky lkxj 16 [ksMyk 
7 f>yfeyh cka/k 17 ikiMnk 
8 dkyk[kks 18 nf{k.k lkxj fcuksjh lkxj 
9 ikoVk cka/k 19 lhlokMk 
10 dksV cka/k 20 lwjtiqjk 
 "
221,PDF page 221,"221 
 
 Ok""kkZ dky esa laHkkfor leL;k,asa o vU; egRoiw.kZ fcUnq%&       
 'kgjh {ks=ksa ess vusd ckj ty fudklh dk ekxZ vo:} gks tkrk gsS vFkok 
ty fudklh gsrq fufeZr ukys vkfn mfpr lQkbZ ugh gksus ds dkj.k 'kgjh 
{ks=ksa esa ty Hkjko gksrk gSA vusd ckj laxzfgr ty fdlh u;s jkLrs ls 
cgus yxrk gS] ftlls tu&/ku dh gkfu gksus dh laHkkouk cuh jgrh gSA 
vr% ;g vko’;d gS fd 'kgjh {ks=ksa esa LFkkuh; fudk;@uxj 
ikfydk@uxj fodkl U;kl vkfn vius Lrj ij Hkh i`Fkd ls ¶yM 
dUVhtSUlh Iyku rS;kj djsa o o""kkZdky esa ty fudklh gsrq ekxZ dks iwoZ es 
gh lqfuf’pr dj ysosA 
 xzke iapk;r@iapk;r lfefr ds v/khu dPps cka/kks] ,uhd V] rkykcksa o 
rykbZ;ksa dh Hkh mfpr ns[k&js[k o""kkZdky ls iwoZ lqfuf’pr dj ys o 
o""kkZdky es mDr lajpukvksa dh l?ku fuxjkuh lqfuf’pr dh tkosA cak/kks es 
ikuh dh vko’;drk dks ftyk ifj""kn ds Lrj ij nSfud lwpuk izkIr fd;k 
tkuk vko’;d gSA 
 feV~Vh ds dPps cka/kks  esa ikbZfiax vfr egRoiw.kZ fcUnq gS ftldk vfoyEc 
irk yxk;k tkuk vfr vko’;d gS rkfd ikbZfiax cUn djus gsrq ejEer 
dk;Z rRdky izkjEHk fd;s tk lds ,oa fdlh czhp dh fLFkfr dks mRiUu gksus 
ij jksdk tk ldsA bl ckcr LFkkuh; xzkeokfl;ksa dh tkx:drk Hkh 
egRoiw.kZ gS] pwafd ;fn ikbZfiax dks le; jgrs n`f""Vxr dj fy;k tkos o 
bldk mipkj fd;k tkos rks fdlh lEHkkfor gkfu ls cpk tk ldrk gSA 
bl foHkkx ds lHkh rduhdh vf/kdkjh muds dk;Z{ks= es fLFkr ty lalk/ku 
foHkkx ds cka/kks dk fu;fer fujh{k.k lqfuf’pr djsxsA 
 o""kkZdky esas vusd ckj NksVs {ks=ksa es ty Hkjko dh leL;k mRiUUk gks tkrh 
gS tgka ikuh dh fudklh gsrq ekxZ ugh gksrk gS ,slh fLFkfr es a ty fudklh 
gsrq eksVj iEi yxk;k tkuk gh ,d ek= fodYi gS bl ckcr iEiksa dh 
miyC/krk iwoZ esa gh lqfuf’pr dh tkuh vko’;d gSA bl laca/k es a leLr 
xzke iapk;rks }kjk U;wure nks iEi e; lSD’ku ikbZi o fMyhojh ds fpfUgr 
fd;s tkus mfpr gksaxsA blh izdkj izR;sd xzke iapk;r Lrj ij 2 VªSDVj 
Vªksfy;ksa dk Hkh fpUghdj.k fd;k tkuk mfpr gksxk ftUgss ck< dh fLFkfr es 
iz;ksx es fy;k tk ldsA 
 fujh{k.k okgu dh vko’;drk%& orZeku es bl foHkkx ds v/khu dksbZ 
jktdh; okgu miyC/k ugha gS A vf ro`f""V o ck< dh fLFkfr esa eksfc fyVh 
vfregRoiw.kZ gksrh gS o rRijRkk es dh xbZ dk;Zokgh ls tu&/ku dh gkfu 
dks de fd;k tk ldrk gSA vr% ftyk iwy ls o""kkZdk y esa 2 thi bl 
foHkkx dks miyC/k djk;k tkuk vko’;d gsSA 
 
ifjf'k""V&1 "
222,PDF page 222,"222 
 
Ø- 
la- 
mi[k.M 
dk uke 
mi[k.M esaa dk;Zjr 
d- vfHk;ark cka/k dk uke rglhy 
ck/kksa dh 
iw.kZ Hkjko 
{kerk Mcft 
lh-lh-,- 
gSDVj esa 
vkbZ-lh-,- 
gSDVj esa 
1 
  
  
nkSlk Jherh ehuk{kh 
esgjk 
lSaFkylkxj] fluksyh laSFky 
1012.014 6671 4018.60 
eks- 9672257630 jkeiqjk] Hkkadjh] 
gfjiqjk] 
egs'ojk 
 
Jh euh""k xqtZj xsVksyko] >hyfeyh nkSlk 
eks- 6377976059  lqjtiqjk] ikiM+nk] 
ukeksyko] pwM+kl 
uka- 
jktkorku 
2 
  
  
ckanhdqbZ 
  
Jh uhjpUn cSjok 
eks- 7891667577 
jsfM;k 
cfM+;ky] fot; 
lkxj] /kikou] 
mijsM+k] xq<+k eqgh 
clok 
1883.39 
 
9270.00 
 
4938.00 
 
2 
  
  
  
  
  
ckanhdqbZ 
  
  
Jh jkds'k dqekj 
ehuk ek/kkslkxj] Hk.Mkjh fldjk;] 
cgjko.Mk 
eks- 9414616208 ukgj[kksgjk 
  
 fldjk; 
Jherh esok nsoh 
ehuk 
eks- 9785278455 
Jh lqHkk""k ehuk 
eks- 9785919181 
txjkeiqjk egok  
Jherh esok nsoh 
ehuk 
eks- 9785278455 
Jh lqHkk""k ehuk 
eks- 9785919181 
  
dksV e.Mkoj 
dks.Mªk egok  
jkSFk] leliqj] 
fllokM+k] 
fldUnjiqj] cM+kxkao 
[ksM+yk] ikoVk] gqM+yk 
 egok  
5 ykylksV 
Jh vafdr dqekj 
ehuk 
eks- 7597205980 
eksjsy 
 
ykylksV 
 
2707.00 
 
19393.0
0 
 
11963.0
0 
 "
223,PDF page 223,"223 
 
  
Jh vej flag ehuk 
eks- 9694178497  jkgqokl 
 [kkjyh 
   jkgqokl 
 dksV 
[kkonk 
189.00 
140.00 
850.00 
811.00 
  618.00 
  486.00 
   flaaFkkSyh ykylksV 90.05 528.00 316.00 
   
  fcukSjh ,oa 
nf{k.k lkxj 
ykylksV  220.00 1660.00 1570.00 
     nhokapyh ykylksV 38.50 363.00 243.00 
6 RWSRP Jh larks""k dqekj 
jsoM+h;k pkanjkuk nkSlk 174.00 1012.00 710.00 
   eks- 9588237148 dkyk[kks nkSlk 469.00 3400.00 1853.00 
 "
224,PDF page 224,"224 
 
 fiNys chl o""kksZ esa rglhyokj Hkjs cka/kks dh la[;k%& 
ifjf'k""V&2 
Ø-
la- 
rglhy dk uke 
cka/kks 
dh 
la[;k 
 o""kZ Hkj Hkjs x;s cka/kks dh la[;k 
2005 2006 2007 200
8 
2009 2010 2011 2012 2013 2014 2015 2016 2017 2018 2019 2020 2021 2022 2023  
2024 
1 nkSlk@lSaFky 11 3 & & 1 & 5 3 6 3 &   3 & & 2 & & & & 4 
2 Cklok 6 1 & & 1 & 1 & & & & & 1 & & & & & & & 1 
3 fldjk;@cgjko.Mk 3 1 & & & & & & & & & & & & & & & & & & & 
4 Ekgqok 9 & & & & & 4 & & & & & & & & & & & & & & 
5 ykylksV] dksV [kkonk 5 & & & & & 2 & & & 2 & 1 & & 1 & & & & 1 
6 yok.k & & & & & & & & & & & & & & & & & & & & & 
7 ukaxy jktkorku 3 & & & & & & & & & & & & & & & & & & & 2 
8 jkex< ipokjk & & & & & & & & & & & & & & & & & & & & & 
9 jkgqokl 1 & & & & & & & & & & & 1 & & & & & & & & 
10 e.Mkoj 1 & & & & & & & & & & & & & & & & & & & & 
 ;ksx 39 5 & & 2 & 12 3 6 3 2 & 6 &- &- 3- &- &- &- & 8 
 "
225,PDF page 225,"225 
 
  fiNys chl o""kksZ esa iw.kZ Hkjs ck/kksa dh lwpuk 
                ifjf'k""V&3 
Ø-
la- c/kksa dk uke 2005 2006 2007 2008 2009 2010 2011 2012 2013 2014 2015 2016 2017 2018 2019 2020 2021 2022 
 
2023 
2024 
1 dkyk[kks  x x x x x x x x x x x x x x x x x x  
2 f>yfeyh  x x x x x x x x x x x x x x x x x x  
3 ikiM+nk x x x x x x x x x x x x x x x x x x x x 
4 nf{k.k lkxj 
fcuksjh lkxj x x x x x x x x x x x x x x x x x x x 
x 
5 pkanjkuk x x x x x x x x x x x x x x x x x x x x 
6 lSaFky lkxj  x x x x x x x x x x x x x x x x x x x 
7 eksjsy x x x x x x x x x x x x x x  x x x x  
8 Hk.Mkjh  x x x x x x x x x x x x x x x x x x x 
9 jkgqokl x x x x x x x x x x x  x x x x x x x x 
10 egs'ojk x x x x x x   x x x  x x x x x x x x 
11 jksaFk x x x x x x x x x x x x x x x x x x x x 
12 ukeksyko x x x x x x x   x x x x x x x x x x x "
226,PDF page 226,"226 
 
13 gfjiqjk x x x x x x x  x x x  x x x x x x x x 
14 xsVksyko x x x x x x x x x x x x x x x x x x x  
15 dksV x x x x x x x x x x x x x x x x x x x x 
16 leliqjk x x x x x x x x x x x x x x x x x x x x 
17 jsfM;k  x x   x x x x x x  x x x x x x x  
18 fldUnjiqj x x x x x x x x x x x x x x x x x x x x 
19 ikoVk x x x x x x x x x x x x x x x x x x x x 
20 gqMyk x x x x x x x x x x x x x x x x x x x  
21 lhlokMk x x x x x x x x x x x x x x x x x x x x 
Ø-
la- c/kksa dk uke 2005 2006 2007 2008 2009 2010 2011 2012 2013 2014 2015 2016 2017 2018 2019 2020 2021 2022 
 
2023 
2024 
22 txjkeiqjk x x x x x x x x x x x x x x x x x x x x 
23 fot;lkxj x x x x x x x x x x x x x x x x x x x x 
24 cMkxk¡o [ksMyk x x x x x x x x x x x x x x x x x x x x 
25 jkeiqjk x x x x x x x  x x x x x x  x x x x x 
26 flaMksyh x x x x x x x x x x x x x x x x x x x x 
27 pqMkl x x x x x x x x x x x x x x x x x x x x "
227,PDF page 227,"227 
 
28 ukgj[kksjkZ x x x x x x x x x x x x x x x x x x x x 
29 mijsMk x x x x x x x x x x x x x x x x x x x x 
30 xq<keqbZ x x x x x x x x x x x x x x x x x x x x 
31 cf<;ky x x x x x x x x x x x x x x x x x x x x 
32 /kikou x x x x x x x x x x x x x x x x x x x x 
33 ek/kkslkxj x x x x x x x x x x x x x x x x x x x x 
34 [kkjyh x x x x x x x x x x x x x x x x x x x x 
35 flaFkksyh  x x x x x x x x  x  x x x x x x x x 
36 dkW.Mªk - - x x x x x x x x x x x x x x x x x x 
37 lqjtiqjk - - - - x     x x  x x  X X X X 
38 fnokapyh - - - - - - - - -  x x x x x x x x x x 
39 Hkkadjh - - - - - -    x x x x x x x x x x 
  ;ksx 8 0 0 1 0 1 3 6 3 2 0 5 0 0 3 0 0 0 0 8 
 "
228,PDF page 228,"228 
 
nkSlk ftys esa ck<+ ls izHkkfor xk¡okas  dh lwph ¼laosnu'khy cka/kks ls½ 
ifjf'k""V&4 
Ø- 
la- 
cka/k 
dk uke 
rglhy 
cka/k ds Hkjko {ks= esa F.T.L. 
ls Åij ikuh vkus ij 
izHkkfor gksus okys xkao 
cka/k ds Mkmu LVªhe es 
izHkkfor gksus okys xk¡o 
egRoiw.kZ O;fDr;ksa ds uke 
fo'ks""k fooj.k 
1 txjkeiqjk egok  dq.M dk uaxyk] gjhiqjk <k.kh u;kxk¡o] leliqjk] cYywiqjk] jkSaFk dh <k.kh] 
[ksMyk xnkyh ykyiqjk 
Jh :iflag lSuh  
ljiap xguksyh 
9414278779 ty lalk/ku 
2 dksV egok  & jksuhtk dk ckl] eksukiqjk ckl] /kksljkuk] 
jsYosykbZu dksyjk <k.kh jhanyh] xzke <k.kh 
QhYM 
Jh deys'k vk;Z 8058964950 ty lalk/ku 
3 gqM+yk egok  ohjiqj] X;kjdh jkex< leysVh] gqjyk] dekyiqjk] egok Jherh fiz;adk ehuk 9887188999 300 gSDVs;j ls de 
4 jksaFk egok  & u;kxk¡o] leliqjk] cYywiqjk] jkSaFk dh <k.kh] 
[ksMyk xnkyh ykyiqjk 
jksaFk ljiap  300 gSDVs;j ls de 
5 fldUnjiqj egok  & fldUnjiqj] leliqj <k.kh] cSjokvksa dh <k.kh Jh vthr flag 
iwoZ ftyk izeq[k nkSlk 
9414035791 300 gSDVs;j ls de 
6 leliqj egok  & /kkywiqjk] leliqj o <k.kh Jh vthr flag 
iwoZ ftyk izeq[k nkSlk 
9414035791 300 gSDVs;j ls de 
7 lhlokMk egok  lhlokMk Hkh[kh dk iqjk Jh vthr flag 9414035791 300 gSDVs;j ls de "
229,PDF page 229,"229 
 
iwoZ ftyk izeq[k nkSlk 
8 ikoVk egok  & ikoVk] ykaxjhiqjk ikoVk ljiap  300 gSDVs;j ls de 
9 c-xk-[ksMyk egok  [ksMyk] egok  fg.Mksu jksM jruiqjk] lqYrkuiqjk] lykyiqjk Jh vthr flag 
iwoZ ftyk izeq[k nkSlk 
9414035791 300 gSDVs;j ls de 
10 ek/kkslkxj fldjk; xSjksyh dk ckl ?kweuk] ehukiV~Vh Jh n;kjke ehuk 9982265736 ty lalk/ku 
11 jkgqokl jkgqokl <k.kh jkgqokl dh jkeflagiqjk] eyokl] fd'kksjiqjk jksM iqfy;k] 
lgkliqjk o csMksyh dh <kf.k;ka fd'kuiqjk 
V;fM;k 
Jh eksrhyky ehuk 
jkgqokl ljiap  
9929076855 ty lalk/ku 
12 eksjsy ykylksV eVykuk] jktiqjk] chtkiqjk] :xyh 
cjsjh] QyokfM;k dh <k.kh]Mksok] 
eq.M;ks] cxM+h] [ksjyh] [kVok] cM+s[k.k] 
lqUnjiqj] dkadfj;k 
tksuiqjh] dq.My] ihiynk] lq[kkuiqjk] lkapksyh] 
tLVkuk] /kksjkyk] dkuyksnk] dY;k.kiqjk] 
uheksn] djsy] QyokMk] csgrsM 
Jh ehBk yky ehuk 
Jh uanyky ehuk 
9928283086 
9829669215 
ty lalk/ku 
13 jsfM;k clok xqtZjksa dk Xokjk jsfM;k Jh ekuflag xqtZj 
Jh dY;k.k ehuk 
9928272782 
9680666717 
 
ty lalk/ku 
14 nf{k.k 
lkxj 
fcukSjh 
lkxj 
ykylksV & fcuksjh ckykth iV~Vh fd'kksjiqj ljiap 
dkath yky ehuk lqjriqjk 
ljiap 
9983947712 
9929143635 
ty lalk/ku 
15 dkyk[kks nkSlk & dkanksyh [ksyoky dh <k.kh] chp dh <k.kh] 
dksyh dh <k.kh] fcuksjh <k.kh] ckyfd'ku dk 
Jh txnh'k xqtZj 8952871024 ty lalk/ku "
230,PDF page 230,"230 
 
okl eksrh dk okl 
16 f>yfeyh ukaxy 
jktkorku 
cMkxk¡o] nsykjh [ksjoky dh <k.kh] cykbZ dh <k.kh] Hkksrksyh 
<k.kh] djuiqjk dh <k.kh 
Jh jktsUnz izlkn 'kekZ 
Jh iwju yky 
9413236288 
9983301254 
ty lalk/ku 
17 lSFky 
lkxj 
nkSlk cksjksnk dh <k.kh] [ksjksa dh <k.kh] dhjksa  
dh <k.kh] jk;iqjk 
cksjksnk] chukokyk dh <k.kh] jkeiqjk mQZ 
egkjktiqjk 
Jh ukFkwyky ehuk 9829264963 ty lalk/ku 
18 pkanjkuk nkSlk ikbiqjk & Jh gtkjhyky 9602853354 ty lalk/ku 
19 ikiMnk ukaxy 
jktkorku 
  xksM;k dh <k.kh Jh xksiky ehuk ljiap 9414275689 300 gSDVs;j ls de 
 "
231,PDF page 231,"231 
 
ifjf'k""V&5 
rglhyokj ck<+ dh fLFkfr esa cpko gsrq vkJ; LFky % 
 Ø-la-  vkJ; LFky dk uke 
1- rglhy clok%&  
1- pkansjk Ldwy Hkou 
2- xq<k dVyk Ldwy Hkou ,oa iapk;r Hkou 
3-  vjfu;ka Ldwy Hkou ,oa iapk;r Hkou 
4-  izrkiiqjk Ldwy Hkou ,oa iapk;r Hkou 
5- cfM;ky dyka ,oa jykork Ldwy Hkou ,oa iapk;r Hkou 
6-  clok lhfu;j Ldwy Hkou] iapk;r Hkou ,oa rglhy Hkou 
7- vxzoky /keZ'kkyk] ckanhdqbZ 
8- iapk;r /keZ'kkyk] ckanhdqbZ 
9- [k.Msyoky /keZ'kkyk] ckanhdqbZ 
10- tSu /keZ'kkyk] ckanhdqbZ 
11- czkã.k /keZ'kkyk] ckanhdqbZ 
12- tSu /keZ'kkyk] clok 
13- pkS/kjh /keZ'kkyk] clok 
14- [k.Msyoky /keZ'kkyk] clok 
15- vxzoky /keZ'kkyk] clok 
2- rglhy nkSlk%& 
1- Jh jkedj.k tks'kh lh-lS- Ldwy Hkou] nkSlk 
2- jktdh; egkfo|ky; Hkou] nkSlk 
3- jk-lh-lS-Ldwy Hkou] Hkk.Mkjst 
4- tSu /keZ'kkyk] nkSlk 
5- pkS/kjh /keZ'kkyk] nkSlk 
6- ca'khoky /keZ'kkyk] nkSlk 
7- jsuclsjk] nkSlk 
8- vxzoky /keZ'kkyk] nkSlk 
9- [k.Msyoky /keZ'kkyk] nkSlk 
3- rglhy lSaFky%& 
1- jk-lh-lSd.Mjh Hkou] lSaFky 
2- jk-m-izk-fo|ky; Hkou] ckih 
4- rglhy ukaxy jktkorku%& 
1- jk-m-izk- fo|ky; Hkou] cMkxk¡o 
2- Ldwy Hkou] ekuiqjk 
3- Ldwy Hkou] I;kjhokl 
4- Ldwy Hkou] NkjsMk 
5- rglhy ykylksV%& 
1- jsLV gkÅl] dkadfj;k 
2- m-izk-'kkyk Hkou] cxMh 
3- izk-'kkyk Hkou] lesy 
4- rglhy Hkou] ykylksV 
5- cMk;k /keZ'kkyk ykylksV 
6- [k.Msyoky /keZ'kkyk] ykylksV 
7- m-izk- 'kkyk Hkou] Jhek 
8- iapk;r Hkou] Jhek "
232,PDF page 232,"232 
 
6- rglhy jkex< ipokjk%& 
1- m-izk-fo|ky; Hkou] fcnj[kk 
2- iapk;r Hkou fcnj[kk 
3- lh-lS- Ldwy Hkou] jkex< ipokjk 
4- fxjnkoj Hkou] jkex< ipokjk 
7- rglhy fldjk;%&  
1- lh-m-ek- fo|ky; Hkou] fldjk; 
2- lh-m-ek- fo|ky; Hkou] ekuiqj 
3- m-izk- fo|ky; Hkou] ?kwe.kk 
4- ek- fo|ky; Hkou] dkyk[kks 
5- lh- ek- fo|ky; Hkou] fldUnjk 
6- lh- ek- fo|ky; Hkou] xhtx< 
8- rglhy cgjko.Mk%& 
1- ek- fo|ky; Hkou] xqekuiqjk 
2- ek- fo|ky; Hkou] cgjko.Mk 
9- rglhy egok%& 
1- lh-lS- Ldwy] egok 
2- iapk;r Hkou] egok 
3- jk-m-izk- fo|ky; Hkou] dekyiqj 
4- jk-m-izk - fo|ky; Hkou] jlhniqj 
5- jk-m-izk- fo|ky; Hkou] ckykgssMh gqMyk 
6- iapk;r Hkou] vks.M ehuk 
7- iapk;r Hkou] gfM;ka 
8- jk-m-izk- fo|ky; Hkou] jkSr 
9- iapk;r Hkou] [ksMyk xnkyh 
10- jk-lh-lS- Ldwy Hkou] ikoVk 
11- iapk;r Hkou] [ksMyk 
12- jk-m-izk- fo|ky; Hkou] leysVh gqMyk 
13- jk-m-izk- fo|ky; Hkou] xkthiqj 
14- jk-m-izk- fo|ky; Hkou] lkfyeiqj 
15- iapk;r Hkou jkfgMk 
16- jk-m-izk- fo|ky; Hkou] 'kh'kokMk 
17- jk-m-izk- fo|ky; Hkou] BsdMk txjkeiqjk 
18- jk-m-izk- fo|ky; Hkou] jkex< 
10- rglhy e.Mkoj%& 
1- jk-lh-ek- fo|ky; Hkou] e.Mkoj 
2- jk-izk- fo|ky; Hkou] x<+fgEerflag 
3- jk-ek- fo|ky; Hkou] dksV 
4- jk-m-izk- fo|ky; Hkou] /kkSy[ksMk 
 
 iquokZl O;oLFkk ck<+ dh fLFkfr esa%& 
T;knkrj cka/kks dh fLFkfr bl izdkj ls gS fd {kfrxzLr gksus ij cka/k dk ikuh 
T;knkrj [ksrks esa gksrk gqvk ukys ds ek/;e ls ikl gks tkrk gS ijUrq gqMyk cka/k 
dk ikuh egok  dLcs esa vkrk gS o vR;f/kd Hkjko gksus ij blds Mwc {ks= esa 
fLFkr xkao ohjiqj o Xokjdh dks [krjk mRiUu gks tkrk gSA ,slh fLFkfr esa ;gka ds "
233,PDF page 233,"233 
 
fuokfl;ks dks jktdh; mPp izkFkfed fo|ky;] ckykgsM+h ,oa leysVh esa vLFkk;h 
iquokZl dh O;oLFkk dh tk ldrh gSA blh rjg T;knk ikuh vkus ij fldUnjiqj 
xzkeokfl;ksa dks iapk;r Hkou] ukfgM+k esa vLFkkbZ iquok Zl dh O;oLFkk dh tk 
ldrh gSA rglhyokj ck< dh fLFkfr esa cpko gsrq vkJ; LFky dh lwph 
¼ifjf'k""V&5½ layXu gS ftuesa vko';drkuqlkj yksxks dh vLFkkbZ iquokZl O;oLFkk 
dh tk ldrh gSA 
 
cka/kksa dh iw.kZ Hkjko dh lwph 
     ifjf'k""V&6 
S.No. Name of Dam Tehsil 
Tank Gauge  
at F.T.L. (In 
Feet) 
Tank Capacity  
at F.T.L. (In 
Mcft) 
Remark 
1 Sainthal Sagar Sainthal 29.00 484.98 ty lalk/ku 
2 Sinoli Sainthal 15.00 104.77 ty lalk/ku 
3 Chandrana Dausa 14.00 174.00 ty lalk/ku 
4 Kalakho Dausa 17.60 469.00 ty lalk/ku 
5 Gatolav Dausa 8.00 198.00 ty lalk/ku 
6 Jhilmili Nangal Rajawatan 15.00 243.70 ty lalk/ku 
7 Surajpura Dausa 13.00 36.08 300 gSDVs;j ls de  
8 Haripura Dausa 10.00 17.74 300 gSDVs;j ls de  
9 Bhankari Dausa 6.00 11.00 300 gSDVs;j ls de  
10 Rampura Dausa 6.00 11.00 300 gSDVs;j ls de  
11 Churas Nangal Rajawatan 24.00 Silted 300 gSDVs;j ls de  
12 Maheshwra Dausa 9.70 46.00 300 gSDVs;j ls de  
13 Paparda Nangal Rajawatan 12.00 11.47 300 gSDVs;j ls de  
14 Namolav Dausa 8.00 10.78 300 gSDVs;j ls de  
15 Reria Baswa 15.00 187.00 ty lalk/ku 
16 Badiyal Baswa 7.00 10.23 300 gSDVs;j ls de  
17 Vijay Sagar Baswa 8.00 36.00 300 gSDVs;j ls de  "
234,PDF page 234,"234 
 
18 Dhapawan Baswa 5.00 5.85 300 gSDVs;j ls de  
19 Upreda Baswa 8.00 24.00 300 gSDVs;j ls de  
20 Gudamui Baswa 5.00 16.00 300 gSDVs;j ls de  
21 Madho Sagar Sikrai 35.00 798.00 ty lalk/ku 
22 Bhandari Sikrai 15.00 161.00 ty lalk/ku 
23 Nahar Khora Sikrai 8.00 43.00 300 gSDVs;j ls de  
24 Jagrampura Mahwa 7.00 135.40 ty lalk/ku 
25 Kot Mahwa 10.00 91.50 ty lalk/ku 
26 Kondra Mahwa 4.00 20.32 ty lalk/ku 
27 Ronth Mahwa 7.00 34.70 300 gSDVs;j ls de  
28 Siswara Mahwa 11.60 96.20 300 gSDVs;j ls de  
29 Samaspur Mahwa 12.00 31.00 300 gSDVs;j ls de  
30 Bada gaov Kheral Mahwa 8.00 78.00 300 gSDVs;j ls de  
31 Sikandrapur Mahwa 7.50 43.00 300 gSDVs;j ls de  
32 Pawata Mahwa 3.50 28.00 300 gSDVs;j ls de  
33 Hurla Mahwa 6.00 42.00 300 gSDVs;j ls de  
34 Morel Lalsot 30.50 2707.00 ty lalk/ku 
35 Daxin Sagar Binori 
Sagar Lalsot 15.00 220.00 ty lalk/ku 
36 Kharli Kot Khawda 
(Jaipur) 16.00 140.00 ty lalk/ku 
37 Rahuwas Rahuwas 15.00 189.00 ty lalk/ku 
38 Sintholi Lalsot 17.00 90.05 ty lalk/ku 
39 Diwanchali Lalsot 12.00 38.50 ty lalk/ku 
 
  "
235,PDF page 235,"235 
 
ifjf'k""V&7 
 orZeku esa ftys esa fLFkr jsuxst LVs'kuksa dh lwph %& 
1- jsfM;k cka/k 
2- ckanhdqbZ ty lalk/ku mi[k.M dk;kZy; 
3- egok  ty lalk/ku  
4- ykylksV ty lalk/ku mi[k.M dk;kZy; 
5- eksjsy cka/k fujh{k.k x`g 
6- lSaFky lkxj 
7- dk;kZy; ty lalk/ku [k.M] nkSlk  
8- clok rglhy dk;kZy; 
9- nkSlk rglhy dk;kZy; 
10- egok rglhy dk;kZy; 
11- ykylksV rglhy dk;kZy; 
12- fldjk; rglhy dk;kZy; 
13- jkex< ipokjk rglhy dk;kZy; 
14- yok.k rglhy dk;kZy; 
15- ukaxy jktkorku rglhy dk;kZy; 
16- e.Mkoj rglhy dk;kZy; 
17- jkgqokl rglhy dk;kZy; 
18- cgjko.Mk rglhy dk;kZy; 
19- cStqikM+k rglhy dk;kZy; 
20- lSaFky rglhy dk;kZy; 
21- ckanhdqbZ rglhy dk;kZy; 
22- HkkaMkjst rglhy dk;kZy; 
23- dq.My rglhy dk;kZy; 
24- fuj>Zuk rglhy dk;kZy; 
 
 
 "
236,PDF page 236,"236 
 
ifjf'k""V&8 
 ftys esa izpkj izlkj gsrq dscy usVodZ ,oa i=dkjksa ds eksckbZy uEcj 
1- mifuns'kd lwpuk -tulEidZ vf/kdkjh  foHkkx] nkSlk& Jh lksguyky ehuk
 7891075222 
 lwpuk - tulEidZ foHkkx] nkSlk   01427&223435 
2- News First India Jh y{ehdkUr th 9414030935 
3- nkSlk gypy   Jh vk'kh""k iVsy 9462605629 
4- nkSlk if=dk    Jh jks'ku tks'kh 9413058545] 01427&221133               
5- nkSlk HkkLdj    Jh lrhs'k th 9414359115 
6- usV odZ 18     Jh vk'kh""k iVsy 9462605629 
 
ifjf'k""V&9 
 ftys esa fLFkr ukoksa lwph %& 
Ø-la- cka/k ukoksa dh la[;k ekfyd uke ,oa eks- ua- 
1 eksjsy 8 Jh dsnkj izlkn ehuk 
8003530021 
 
 
    "
237,PDF page 237,"237 
 
            ty lalk/ku [k.M] nkSlk ds vUrxZr fLFkr jst xst LVs'kuksa dk xr nl o""kkZs dk fooj.k 
ifjf'k""V&10 
 
Ø- 
la- 
jsu xst 
LVs'ku 
jsu xst 
LVs'ku LFky 
o""kZ 
2015 
o""kZ 
2016 
o""kZ 
2017 
o""kZ 
2018 
o""kZ 
2019 
o""kZ 
2020 
o""kZ 
2021 
o""kZ 
2022 
o""kZ 
2023 
o""kZ 
2024 
1 jsfM;k jsfM;k cka/k ij 366 700 413 476 698 506 433 728 490 1029 
2 ckanhdqbZ jsLV gkÅl] ckanhdqbZ 446 654 413 696 399 401 574 738 447 1172 
3 clok rglhy dk;kZy;] clok 238 922 343 643 480 348 738 672 463 1059 
4 fldjk; foJke pkSdh] fldjk; 203 751 470 542 626 378 643 763 741 930 
5 egok foJke pkSdh] egok 421 654 302 647 501 451 665 779 557 1848 
6 eksjsy jsLV gkÅl] eksjsy cka/k 400 850 217 587 776 555 589 966 429 1198 
7 jkgqokl jkgqokl cka/k 299 1033 255 545 721 348 532 705 492 954 
8 ykylksV jsLV gkÅl] ykylksV 450 1015 294 802 747 449 746 795 870 1495.50 
9 nkSlk [k.M dk;kZy;] nkSlk - - - - - 409 595 880 380 1392 
10 lSaFky lkxj lSaFky lkxj cka/k 294 433 255 413 490 473 452 499 352 795 
11 nkSlk rglhy dk;kZy;] nkSlk 193 640 291 437 928 569 845 954 461 1848 
12 egok rglhy dk;kZy; 473 674 292 677 590 660 824 851 525 1712 "
238,PDF page 238,"238 
 
13 ykylksV rglhy dk;kZy; 447 934 221 652 702 390 591 708 740 1324 
14 fldjk; rglhy dk;kZy; 219 770 456 588 684 416 628 852 898 1079 
15 jkex< ipokjk rglhy dk;kZy; 237 832 452 777 868 543 666 1033 639 1677 
16 yok.k rglhy dk;kZy; 314 1232 260 453 662 363 356 612 452 1278 
17 ukaxy jktkorku rglhy dk;kZy; 186 933 186 577 666 485 557 684 486 1310 
18 jkgqokl rglhy dk;kZy; - - - - - - - 689 544 1195 
19 e.Mkoj rglhy dk;kZy; - - - - - - - 629 620 1172 
20 cgjko.Mk rglhy dk;kZy; - - - - - - - 737 459 779 
21 cStqikM+k rglhy dk;kZy; - - - - - - - 620 509 1282 
22 lSaFky rglhy dk;kZy; - - - - - - - 395 350 854 
23 ckanhdqbZ rglhy dk;kZy; - - - - - - - - 405 1042 
24 Hkk.Mkjst rglhy dk;kZy; - - - - - - - - 292 1323 
25 dq.My rglhy dk;kZy; - - - - - - - - 298 82 
26 fuj>Zuk rglhy dk;kZy; - - - - - - - - 636 1509 
  dqy 5186.00 13027 5189 9512 11277 7744 10434 16289 13535 31338.5 
  vkSlr o""kkZ 324.13 814.19 324.31 594.50 663.35 455.53 613.76 740.41 520.58 1205.33 
  
 "
239,PDF page 239,"239 
 
 
 
 [k.M ds v/khu xr nl o""kksZ esa ck/kksa ds xst dk fooj.k%& 
ifjf'k""V&10-B 
Ø- 
la- 
  
cka/k dk uke 
  
rglhy 
  
Hkjko 
{kerk 
  
dsihlhVh 
(FTL) 
in MCFT 
  
30 flrEcj ds o""kZokj cka/kks ds xst ds vkadMs fo'ks""k 
fooj.k 
  2015 2016 2017 2018 2019 2019 2020 2021 2022 2023 2024 
1 lSaFky lkxj nkSlk 29 484.87 4'11'' 4'2'' Nil 10'3'' 17'9'' 14'9'' 14'9'' 5'6'' 2'9'' Nil 13'11""   
2 lhuksyh nkSlk 15 104.88 3'2'' 6'5'' 3'3'' 6'11'' 6'6'' 5'6'' 5'6'' 6'9'' 5'3'' Nil 7'6""   
3 f>yfeyh uk- jktkorku 13.5 223.54 3'0'' 10'4'' Nil 5'5'' 7'6'' 3'9'' 3'9'' 6'6'' 5'4'' 4'0'' 15'6""   
4 xsVksyko nkSlk 8 198.11 1'0'' 6'11'' Nil Nil 5'6'' 3'0'' 3'0'' 4'3'' 4'2'' 1'3'' 8'1""    
5 pkanjkuk nkSlk 14 173.75 Nil 2'6'' Nil Nil 10'6'' 14'0'' 14'0'' 4'9'' Nil Nil 6'3""   
6 dkyk[kksa nkSlk 17.6 468.98 Nil 6'11'' Nil Nil Nil Nil Nil 5'8"" Nil Nil 17'3""   
7 [kkjyh ykylksV 16 139.85 Nil Nil Nil Nil Nil Nil Nil Nil Nil Nil 4'05""   
8 eksjsy ykylksV 30 2707.2 12'6'' 26'8'' Nil 14'2"" 30'9'' 17'6'' 17'6"" 19'6'' 25'0'' 24'5'' 31'11""   
9 nf{k.klkxj 
fcuksjhlkxj ykylksV 15 220 Nil 17'11'' Nil Nil Nil Nil Nil Nil Nil Nil 7'09""   
10 jkgqokl jkex< ipokjk 12 188.93 Nil 15'3'' Nil Nil Nil Nil Nil Nil 4'2'' Nil Nil   "
240,PDF page 240,"240 
 
11 flaFkksyh ykylksV 17 90.05 6'6'' 17'1'' 3'0'' 7'11'' 5'8'' 4'6'' 6'6'' 7'4'' 7'0'' 14'9'' 16'06""   
12 fnokapyh ykylksV 12 38.49 Nil 8'0'' Nil Nil Nil Nil Nil 2'0"" 2'9"" 2'0"" 10'05""   
13 Hk.Mkjh fldjk; 15 161.05 Nil 2'9'' Nil Nil Nil Nil Nil Nil Nil Nil Nil   
14 ek/kkslkxj fldjk; 35 798.81 6'0'' 14'8'' Nil 8'6'' 7'0'' 8'10'' 8'10'' 8'6'' 8'6'' Nil 20'0""   
15 jsfM;k fldjk; 15 187.16 0'6'' 15'2'' Nil Nil 4'0'' Nil ' Nil Nil Nil Nil 15'0""   
16 txjkeiqjk egok  7 135.25 Nil 4'8'' Nil 5'8'' 1'6'' 1'0'' 1'0' 2'6'' 2'10'' 1'10'' 6'10""   
17 dksV egok  10 91.46 Nil 3'7'' Nil 3'6'' 2'6'' 1'10'' 1'10'' 4'6'' Nil Nil 6'06""   
18 dks.Mªk egok  10.3 20.83 Nil 1'0'' Nil Nil Nil Nil Nil Nil Nil Nil 1'0""   
 
  "
241,PDF page 241,"241 
 
 
 ekulwu l= ds nkSjku LFkkfir ck<+ fu;a=.k d{k%& 
 
Ø- la- fu;a=.k d{k nwjHkk""k uaEcj 
1 jktLFkku vkink izca/ku ,oa lgk;rk 0141&2227390] 2227084 
2 ,uMhvkj,Q Vhe] ukjkSyh] vtesj 6005204020 
3 ,lMhvkjQ jkT; Lrjh; fu;a=.k d{k 0141&2759903]  
4 ftyk Lrjh; ck<+ gsYiykbZu nkSlk 1077@01427&224903 
5 ty lalk/ku foHkkx fu;a=.k d{k] nkSlk 01427&223410 
6 iqfyl foHkkx fu;a=.k d{k] nkSlk 01427&230333@220333 
7 fo|qr foHkkx fu;a=.k d{k] nkSlk 01427&231123 
8 fpfdRlk foHkkx fu;a=.k d{k] nkSlk 9680412396 
9 tuLokLF; vfHk;kaf=dh foHkkx fu;a=.k d{k] nkSlk 01427&294100 
10 lkoZtfud fuekZ.k foHkkx fu;a=.k d{k] nkSlk 01427&223025 
11 i'kqikyu foHkkx fu;a=.k d{k] nkSlk 01427&230923 
  
 
 "
242,PDF page 242,"242 
 
                                                              ifjf'k""V&11 
  vf/kdkjh ,oa deZpkfj;ksa ds nwwjHkk""k dh lwph 
Ø-la- vf/kdkjh dk uke in uke dk;kZy;  vkokl@eksckbZy 
1 izeq[; 'kklu lfpo ty lalk/ku foHkkx] t;iqj 0141-2227568 - 
2 'kklu lfpo lgk;rk foHkkx] t;iqj 0141-2227390 0141-2354937 
3 Jh Hkqou HkkLdj vxzoky eq[; vfHk;ark] ty lalk/ku foHkkx jkt-] t;iqj   0141-2227042 
9413364545 
 
4 Jh nsohflag csuhoky vfr- eq[; vfHk- ty lalk/ku lEHkkx  t;iqj 0141-2702353 9414340978 
5 Jh jkek'kadj 'kekZ  v/kh{k.k vfHk;ark] ty laalk/ku o`r] t;iqj 0141-2702355 9929977703 
6 mifuns'kd gkbZMªksyksth] t;iqj 
0141-2702480 
0141-2700452 
9351537898 
7 ftyk dysDVj] nkSlk   01427-224666 
 
01427-221888 
9717180139 
8 iqfyl v/kh{kd] nkSlk   01427-223002 01427-223002 
 
9 vfr- ftyk dysDVj ¼iz'kklu½] nkSlk 01427-223884 9772887700 
10 eq[; dk;Zdkjh vf/kdkjh] ftyk ifj""kn] nkSlk 01427-223532 9983859777 
11 vf/k'kk""kh vfHk;ark  ty llk/ku [k.M] nkSlk 01427-223410 7611911025 
12 mi[k.M vf/kdkjh] nkSlk   01427-223600 01427-221000 
9460081140 
13 mi[k.M vf/kdkjh] ykylksV   01431-261259 9413964986 
14 mi[k.M vf/kdkjh] ckanhdqbZ   01420-228487 01420-222488 
9588902064 
15 mi[k.M vf/kdkjh] fldjk;   01420-275495 01420-275011 
7891484016 
16 mi[k.M vf/kdkjh] egok    07461-240521 9511314563 
17 mi[k.M vf/kdkjh] ukaxy jktkorku 01427-282483 9289708887 
18 mi[k.M vf/kdkjh] yok.k  7065497844 
19 mi[k.M vf/kdkjh] e.Mkoj  8058514269 "
243,PDF page 243,"243 
 
20 mi[k.M vf/kdkjh] jkex< ipokjk 01427-282483 9828961850 
21 mi[k.M vf/kdkjh] lSaFky  9460081140 
22 mi[k.M vf/kdkjh] clok  8510880385 
23 Jherh js[kk dqekjh ehuk lgk;d vfHk;ark ty lalk/ku- mi[k.M nkSlk   9587514788 
24 Jh Jhfd'ku ehuk  lgk;d vfHk;ark vkj-MCyw-,l-vkj-ih- nkSlk   9414517268 
25 Jh fo'kky lSuh lgk;d vfHk;ark ty lalk- mi[k.M] ckanhdqbZ   9649317069 
26 Jh psrjke ehuk lgk;d vfHk;ark ty lalk- mi[k.M] ykylksV   9414338187 
27 Jh vjfoUn ehuk dfu""B vfHk;ark ty lalk- vuqHkkx] nkSlk   9414323540 
28 Jh euh""k xqtZj dfu""B vfHk;ark ty lalk- vuqHkkx] nkSlk 
 
6377976059 
 Jherh ehuk{kh esgjk dfu""B vfHk;ark ty lalk- vuqHkkx] nkSlk  9672257630 
29 Jh uhjpan cSjok dfu""B vfHk;ark ty lalk- vuqHkkx] ckanhdqbZ   7891667577 
30 Jh jkds'k dqekj ehuk dfu""B vfHk;ark ty lalk- vuqHkkx] fldjk; 
 
9414616208 
31 Jherh esok nsoh ehuk dfu""B vfHk;ark ty lalk- vuqHkkx] egok    9785278455 
 Jh lqHkk""k ehuk dfu""B vfHk;ark ty lalk- vuqHkkx] egok   9785919181 
32 Jh vafdr dqekj ehuk dfu""B vfHk;ark ykylksV] eksjsy] vuqHkkx 
 
7597205980 
33 Jh vej flag ehuk dfu""B vfHk;ark ykylksV] jkgwokl] vuqHkkx  9694178497 
34 Jh larks""k dqekj jsokM+h;k dfu""B vfHk;Urk] vkj-MCY;w-,l-vkj-ih- nkSlk   9588237148 
 
 
 
  "
244,PDF page 244,"244 
 
 nkSlk ftys ds tu izfrfuf/kx.k%& 
 
uke o in uke nwjHkk""k@dk;kZy; nwjHkk""k fuokl eksckbZy uEcj 
laln lnL;  
nkSlk & Jh eqjkjhyky ehuk 
                           
  9414010095 
fo/kkulHkk lnL;  
ckanhdqbZ & Jh HkkxpUn VkadM+k & chtsih  
¼85½       97 ds] xksyk dk ckl ¼VkadM+k   
          dh <k.kh] iapeq[kh½ iafMriqjk]   
          rglhy clok] ftyk nkSlk 
  9414304736 
egok &   Jh jktsUnz ehuk& chtsih 
¼86½      xzke [kksgjk eqYyk] rglhy egok 
         ftyk nkSlk 
  9982600008 
fldjk; & Jh foØe ca'khoky & chtsih 
¼87½       ca'khoky QkeZ] dq.Msjk] fldjk;   
          jksM+] fldjk;] ftyk nkSlk 
  9929100003 
nkSlk &   Jh nhun;ky cSjok & dkaxzsl 
¼88½              nkSlk 
  9352742851 
9785666555 
ykylksV &Jh jkefoykl ehuk &chtsih 
¼89½      ,e-,y-,- dh <k.kh] xzke iksLV   
         Mwaxjiwj rglhy jkgqokl ftyk    
         nkSlk 
  9001454648 
ftyk izeq[k  
Jh ghjkyky lSuh 01427-223818 0141-2500122 9414321647 
mi ftyk izeq[k 
Jh eku/kkrk eh.kk 01427-224906  9950957755 "
245,PDF page 245,"245 
 
iapk;r lfefr iz/kku  
nkSlk &  Jh izgykn ukjk;.k ehuk 01427-220043  9414389443 
Ukkaxy jktkorku & Jh fnus'k dqekj ehuk   9928579818 
yok.k & Jherh chuk   9352742851 
ckanhdqbZ & Jherh lquhrk 01420-228032  9414048899 
clok & Jh lhrkjke ehuk   8209331782 
fldjk; & Jherh deyk ehuk 01420-275204  9414304728 
fldUnjk & Jh lqYrku cSjok   9829500626 
ykylksV & Jh ukFkwyky ehuk 01431-260023  9414626848 
jkex< ipokjk & Jherh dkS'kY;k ehuk   9001220909 
egok & Jherh xhrk xqtZj 07461-233227  9828607760 
cStqikMk & Jherh ljkst nsoh   9166095065 
uxjifj""kn@uxjikfydk v/;{k  
nkSlk & Jherh dYiuk tSeu  01427-220054 01427- 9414438555 
ckanhdqbZ & Jherh bfUnjk cSjok 01420-228052  9982035401 
ykylksV & Jherh j{kk feJk 01431-260012 01431- 9314280350 
egok  & Jh fctsUnz lksuh 07461-284005  8114468001 
clok & Jherh  izse nsoh   9929880470 
fldjk; & bUnz ckbZ ehuk   9928362698 
 
  "
246,PDF page 246,"246 
 
S.No Name Designation Place Phone No. Email 
1 Sh. Devendra Kumar (IAS) DISTRICT COLLECTOR Collectorate, Dausa   dm-dau-rj@nic.in 
2 SHRI SAGAR (IPS) SUPERINTENDENT OF POLICE 
(DISTT. HQ.) SP Office,   sp-dau-rj@nic.in 
3 SHRI AJIT UCHOI  (IFS) DISTRICT FOREST OFFICER District Forest Office 9410992675 dcf.dausa.forest@rajasthan.gov.in 
4 Mr. Manmohan Meena 
(RAS) 
ADDITIONAL DISTRICT 
MAGISTRATE Lalsot 9413303813   
5 SHRI RAMSWAROOP 
CHAUHAN (RAS) 
ADDITIONAL DISTRICT 
MAGISTRATE Collectorate, Dausa 9772887700 adm-dau-rj@nic.in 
6 SHRI NARENDRA KUMAR 
MEENA (RAS) 
CHIEF EXECUTIVE OFFICER, ZILA 
PARISHAD Zila Parishad, Dausa 9983859777 pd-dau-rj@nic.in 
7 Mr. Manmohan Meena 
(RAS) (Add. Charge) ASSISTANT DIRECTOR Public Services, 
Collectorate, Dausa 9413303813 arddausa123@gmail.com 
8 Mr. Gurusharan Agarwal ADDL. S.P. OF POLICE SP Office, Dausa   sp-dau-rj@nic.in 
9 Mr. Gurusharan Agarwal ADDL. S.P. OF POLICE SIUCAW, Dausa 8239699755 sp-dau-rj@nic.in 
10 Mr. Dinesh kumar Agarwal ADDL. S.P. OF POLICE Lalsot 9828123005   "
247,PDF page 247,"247 
 
11 Mr. Rajesh Kumar Meena ADDITIONAL CHIEF EXECUTIVE 
OFFICER,ZILA PARISHAD Zila Parishad, Dausa 9001760296 aceo.dau@rajasthan.gov.in 
12 Mr. MOOL CHAND 
LOONIYA (RAS) 
SUB DIVISIONAL MAGISTRATE 
(SDM) Dausa 9460081140 sdo-dau-rj@nic.in 
13 MS MANISHA KUMARI 
MEENA (RAS) 
SUB DIVISIONAL MAGISTRATE 
(SDM) Mahwa 9511314563 sdo-mah-dau-rj@nic.in 
14 SHRI YASHWANT MEENA 
(RAS) 
SUB DIVISIONAL MAGISTRATE 
(SDM) Nangal Rajawatan 9289708887 sdo.nagal.dau.rev@rajasthan.gov.in 
15 Mr. Ravi Kant Singh (RAS) SUB DIVISIONAL MAGISTRATE 
(SDM) Lawan 7065497844 sdo.law.dau.rev@rajasthan.gov.in 
16 SHRI BADRI NARAIN 
MEENA (RAS) 
SUB DIVISIONAL MAGISTRATE 
(SDM) Ramgarh Pachwara 9828961850 sdo.ram.dau.rev@rajasthan.gov.in 
17 MR. AMIT KUMAR VERMA SUB DIVISIONAL MAGISTRATE 
(SDM) Mandawar 8058514269 sdm.mandawar@rajasthan.gov.in 
18 Mrs. Rekha Meena (RAS) SUB DIVISIONAL MAGISTRATE 
(SDM) Baswa 8510880385 sdo.baswa.dau.rj@gmail.com 
19 Mr. MOOL CHAND 
LOONIYA (RAS) 
SUB DIVISIONAL MAGISTRATE 
(SDM) Sainthal 9460081140 sdo.sainthal@rajasthan.gov.in 
20 DR. NAVNEET KUMAR-I 
(RAS) 
SUB DIVISIONAL MAGISTRATE 
(SDM) Sikrai 7891484016 sdo-sik-dau-rj@nic.in 
21 Mr. Vijendra Kumar 
Meena (RAS) 
SUB DIVISIONAL MAGISTRATE 
(SDM) Lalsot 9413964986 sdo-lal-dau-rj@nic.in "
248,PDF page 248,"248 
 
22 Mr. Ram Singh Rajawat 
(RAS) 
SUB DIVISIONAL MAGISTRATE 
(SDM) Bandikui 9588902064 sdo-ban-dau-rj@nic.in 
23 MS NEETU KAROL Assistant Collector   9462567698 acemban.dau.rj@rajasthan.gov.in 
24 Mr. Vijendra Kumar 
meena Assistant Collector   9413964986 acem.lalsot.rev@rajasthan.gov.in 
25 
Mr. MOOL CHAND 
LOONIYA ( RAS) (Addl. 
Charge) 
Assistant Collector   9460081140 acem.dausa@rajasthan.gov.in 
26 Mr. Lokendra Meena 
(Addl. Charge) Sub Registrar Sub Registrar, Dausa 8764005199 srodausa@gmail.com 
27 Mr. Prithvi Raj Meena TEHSILDAR Tehsil, Mahwa 9414994783 tdr-mah-dau-rj@nic.in 
28 Mr. Dhirendra Kardam TEHSILDAR Tehsil, Mandawar 9649247444 tdr.man.dau.rev@rajasthan.gov.in 
29 Mr. Mahesh Chand 
Sharma (Add. Charge) TEHSILDAR Tehsil, Nangal Rajawatan 9829375666 tdr.nagal.dau.rev@rajasthan.gov.in 
30 Mr. Mahesh Chand 
Sharma TEHSILDAR Tehsil, Rahuwas 9829375666 tehsilrahuwas@gmail.com 
31 Mr. Rakesh Jain TEHSILDAR Tehsil, Sainthal 9414079372 tdr.sain.dau@rajasthan.gov.in 
32 Mr. Prakash Chand Meena 
(Add. Charge) TEHSILDAR Tehsil, Baijupada 8005631864 tdrbaijupara@gmail.com 
33 Mr. Dharm Singh TEHSILDAR   9079716460 tdr-bhar-dau-rj@gov.in "
249,PDF page 249,"249 
 
34 Mr. Rajesh Kumar Saini 
(Charge) TEHSILDAR Tehsil, Bandikui 9887938209 tdr-bandikui-dau-rj@gov.in 
35 Mr. Amitesh Kumar 
Meena TEHSILDAR Tehsil, Lalsot 9887330929 tdr-lal-dau-rj@nic.in 
36 Mr. Madanlal Meena TEHSILDAR Tehsil, Ramgarh 
Pacchwara 9462328565 tdr.ram.dau.rev@rajasthan.gov.in 
37 Smt. Seema Ghunawat TEHSILDAR Tehsil, Nirjharna 8690331330 tdrnirjharna@rajasthan.gov.in 
38 Mrs. Anu Sharma TEHSILDAR Tehsil, Baswa 8851895495 tdr-ban-dau-rj@nic.in 
39 Mr. Rakesh Jain (Charge) TEHSILDAR Tehsil, Lawan 9414079372 tdr.law.dau.rev@rajasthan.gov.in 
40 Mr. Lokendra Meena TEHSILDAR Tehsil, Dausa 8764005199 tdr-dau-rj@nic.in 
41 Mr. Hemendra Kumar 
Meena TEHSILDAR Tehsil, Sikrai 9868909494 tdr-sik-dau-rj@nic.in 
42 Mr. Surendra Singh Arya 
(Charge) TEHSILDAR Tehsil, Bhandarej 9414640689 tdr.bhanderej86@rajasthan.gov.in 
43 Mr. Rakesh Jain (Add. 
Charge) TEHSILDAR Tehsil, Kundal 9414079372 tdr.kundal@rajasthan.gov.in 
44 Mr. Naval Kishor Sharma TEHSILDAR Tehsildar, Land Record 9414626019 oiclr.dausa@rajasthan.gov.in 
45 Mr. Ajay Kumar Madhukar 
(Charge) TEHSILDAR Tehsil, Paparda 8000805547 tdr.paprada.dausa@rajasthan.gov.in "
250,PDF page 250,"250 
 
 nkSlk ftys ds iqfyl vf/kdkfj;ksa ds nwjHkk""k uacj%& 
ftyk nkSlk esa inLFkkfir iqfyl vf/kdkfj;ksa ds VsfyQksau uEcjksa dh lwph fnukad 28-04-2025  
dz-l iqfyl vf/kdkjh dk uke in uke vf/kdkjh  dk;kZ0 VsyhQksu fuokl  eksckbZy uEcj lh-;w-th-uEcj 
1 Jh vt;iky ykEck egkfujh{kd iqfyl t;iqj jsat]  0141&2281824  94143&53156 8764868726 
2 Jh nsosanz dqekj ftyk dyDVj] nkSlk 224666]F-223666 221888 97171&80139 9530312177 
3 Jh lkxj iqfyl v/kh{kd] nkSlk 01427&223002 230002 83959&06152 8764529201 
4 Jh izseflag  futh lgk;d iqfyl v/kh{kd 01427&223002  77348&05376  
5 Jh xq:’kj.k jko vfr-iqfyl v/kh{kd]nkSlk ¼pktZ½ 01427&223003 230004 82396&99755 8764529301 
6 Jh fnus’k vxzoky vfr-iqfyl v/kh{kd]ykylksV   98281&23005  
7 Jh xq:’kj.k jko vfr-iqfyl v/kh{kd SIUCAW   82396&99755  
8 Jh v’kksd cqVksfy;k vfr-iqfyl v/kh{kd Rofjr 
vuqla/kku lSy  
  88903&24029  
9 Jh jfo izdk’k 'kekZ o`Rrkf/kdkjh o`r] nkSlk 01427&224504 230005 98871&79892 8764529401 
10 Jh lq/khj mik/;k; iq-fu- Fkkukf/kdkjh dksrokyh   01427&230006  94136&70781 8764529501 
11 Jh jfoUnz flag m-fu- Fkkukf/kdkjh lnj 01427&223700  94608&00443 8764529502 
12 Jh lqjsUnzflag m-fu- Fkkukf/kdkjh lSFky 01427&284434  93146&33400 8764529503 
13 Jh jksfgrk’k nsoUnk o`Rrkf/kdkjh o`r] ckanhdqbZ 01420&228090 229213 95498&36171 8764529402 
14 Jh tghj vCckl iq-fu- Fkkukf/kdkjh ckanhdqbZ 01420&228053  98286&05476 8764529504 
15 Jh lfpu dqekj m-fu Fkkukf/kdkjh clok 01420&241309  90012&05665 8764529505 
16 Jh vt; flag m-fu- Fkkukf/kdkjh dksyok 01420&276050  98295&28844 8764529506 
17 Jh tuestkjke m-fu- Fkkukf/kdkjh cStwikMk   94601&63794  
18 Jh fnyhi eh.kk o`Rrkf/kdkjh o`r] ykylksV 01431&260270 260360 98750&75024 8764529403 
19 Jh Jhfd’kuyky iq-fu- Fkkukf/kdkjh] ykylksV 01431&260040  98292&72259 8764529507 
20 Jh jke’kj.k m-fu- Fkkukf/kdkjh]jkex< ipokjk 01431&265600  94133&45547 8764529511 
21 Jh ?kklhjke  m-fu- Fkkukf/kdkjh] e.Mkojh   99298&64474 8764529509 
22 Jh lqfuy Vkad m-fu- Fkkukf/kdkjh >akink   80057&92603  
23 lqJh pk#y xqIrk o`Rrkf/kdkjh ukaxy jktkorku   63764&90075  
24 Jh gqlSu vfy iq-fu- Fkkukf/kdkjh ]ukWxy jktkorku 01427&282240  94685&95786 8764529510 
25 Jh jkedaokj m-fu- Fkkukf/kdkjh yok.k 01427&285678  99297&45762 8764529508 
26 Jh larpj.k m-fu- Fkkukf/kdkjh]ikiMnk   94139&10830  
27 Jh jtr [khaph m-fu Fkkukf/kdkjh jkgqokl   96949&39197  
28 Jh jes’k frokMh o`Rrkf/kdkjh o`r] egok 07461&283298 283419 97841&11888 8764529404 
29 Jh jktsUnz dqekj iq-fu- Fkkukf/kdkjh egok 07461&283261  99280&82648 8764529512 
30 Jh izoh.k m-fu Fkkukf/kdkjh e.Mkoj 07461&260260  82902&92220 8764529513 
31 Jh gjsUnz dqekj m-fu- Fkkukf/kdkjh lyseiqj 07461&262100  97822&17364 8764529514 
32 Jh Hkxoku lgk; m-fu Fkkukf/kdkjh ckykgsMh   94609&72620  
33 Jh nhid dqekj eh.kk o`Rrkf/kdkjh o`r] ekuiqj 01420&275200  94142&51187 8764529405 
34 Jh lrh’k dqekj iq-fu- Fkkukf/kdkjh ekuiqj 01420&245100  94605&82000 8764529515 
35 Jh xkSjo iz/kku m-fu- Fkkukf/kdkjh esgUnhiqj ckykth 01420&247945  98877&30730 8764529516 
36 Jh v’kksd pkS/kjh iq-fu- Fkkukf/kdkjh fldUnjk 01420&240006  99291&07580 8764529517 
37 Jh euksgj yky eh.kk iq-m-v-,llh@,lVhlSy nkSlk  223944 94133&10838 8764529406 
38 Jh iszePkUn iq-fu- Fkkukf/kdkjh efgyk Fkkuk nkSlk 01427&230811  94142&75793 8764529518 
39 Jh c`ts’k dqekj eh.kk iq-m- v-lkbZcj dzkbZe Fkkuk  01427&294590  99831&00786  "
251,PDF page 251,"251 
 
40 Jh lat; iwfu;k iq-fu- Fkkukf/kdkjh lkbZcj Fkkuk 01427&294590  88902&52271  
41 Jh lqjs’k dqekj iq-fu- vijk/k lgk;d   87690&88889  
42 Jh jktsUnz flag m-fu- jhMj iqfyl v/kh{kd   94138&35995 9700099991 
43 Jh f’kopj.k gSM dkfu- izHkkjh ,e-vks-ch- ’kk[kk   70145&28248  
44 Jh ftrsUnz dqekj m-fu- izHkkjh ftyk fo'ks""k 'kk[kk 01427&223831  98874&78282  
45 Jh nhid l]m-fu- izHkkjh ,-,p-Vh-;w- 01427&223996  94142&49703  
46 Jh ekyhjke m-fu- izHkkjh ifjokn 'kk[kk   95093&12600 8764869855 
47 Jh gsejkt iq-fu- lafpr fujh{kd iqfyl ykbZu 01427&203429  94148&19528 9530429969   
48 Jh Hkheflag l-m-fu-           ,y0vks0 iqfyl ykbZu 01427&203429  98286&42145 9530429974 
49 Jh xksiky 'kekZ m-fu izHkkjh ;krk;kr nkSlk   63773&44707 9530429952 
50  ,e-Vh-vks- nkSlk    9530429971 
51 Jh cPpw flag l-m-fu- izHkkjh dUVªksy:e nkSlk 01427&230333 100 94139&68483 9530429933 
sp.dausa@rajpolice.gov.in   sp-dau-rj@nic.in     confidential.spo.dausa@rajpolice.gov.in 
 
 
 
 
 
 
 
 
 
 
 
 
 
 
 
 
"
252,PDF page 252,"252 
 
 
 nkSlk ftys ds ftyk Lrjh; vf/kdkfj;ksa ds nwjHkk""k uacj%& 
Ø- 
la- 
inuke vf/kdkjh uke vf/kdkjh LFkku Qksu uEcj 
1 श्री आर  .एस.  cSjok मसथटम एनामलथट  
(सयुांक्त  तनदेशक ) 
डीओआईटी एांड सी, 
कलक्ट्रेट, दौसा  
1427224335 
2 श्री रामिरण मीना  कोषाचिकारी  कोषालय , कलक्ट्रेट, दौसा  9414036490 
3 श्री मोहन लाल देर् जिला रसद अचिकारी  कायावलय रसद अचिकारी , 
कलक्ट्रेट, दौसा  
9783284228 
4 श्री िलदेर् गुिवर  जिला पररयोिना 
प्रिांिक 
रािथथान ग्रामीण 
आिीवर्का वर्कास पररषद , 
दौसा  
9649795496 
5 श्री इांद्रेश गगव आयकर अचिकारी  आयकर भर्न , दौसा  9530400076 
6 श्री क म लेश क ुम ार 
मीना  
आयुक्त  नगर पररषद  नगर पररषद , दौसा  9414370356 
7 डॉ .सीताराम मीना  म ुख्य चिकक त्सा एर्ां 
थर्ाथ्य अचिकारी  
दौसा  9928740368 
8 डॉ  .रामखखलाड़ी मीना  प्रम ुख  चिकक त्सा 
अचिकारी  
रािकीय जिला अथपताल , 
दौसा  
9414441289 
9 श्री सोहन लाल यादर् उप तनदेशक  सूिना एर्ां िनसांपक व 
वर्भाग, दौसा  
7891075222 
10 श्री हेमराि मीना  सहायक तनदेशक  उ्यान वर्भाग, दौसा  9928458744 
11 श्री वर्श्र्देर् पाण्डेय सहायक तनदेशक  समेककत िाल सांरक्षण 
योिना  
8005926900 
12 श्री रिनीश िौिरी सहायक तनदेशक  राज्य िीमा एर्ां प्रार्िायी 
तनचि वर्भाग, खान  भाांकरी 
रोड , दौसा  
9413470338 
13 श्री रामराि मीना  सहायक तनदेशक  सामाजिक न्याय एर्ां 
अचिकाररता वर्भाग , 
कलक्ट्रेट, दौसा  
9887449996 
14 श्री वर्िय क ुम ार शम ाव सहायक तनदेशक  आचथवक एर्ां साांजख्यकी 
वर्भाग, कलक्ट्रेट, दौसा  
9694983943 
15 श्री युगल कक शोर म ीना सहायक तनदेशक  मदहला अचिकाररता वर्भाग , 
दौसा  
9468695553 
16 श्री भगर्ांत यादर् सहायक तनदेशक  अमभयोिन , दौसा  7015105523 
17 श्री लक्ष्मी िांद मीना सहायक अमभयांता खनन वर्भाग , दौसा  7240338959 
18 श्रीम त ी इांदद रा गुप्त ा म ुख्य जिला मशक्षा 
अचिकारी  
सीडीईओ कायावलय , दौसा  9413330597 
19 श्री रामककशन अिीक्षक सीिीएसटी , दौसा  9782158925 "
253,PDF page 253,"253 
 
20 श्री देर् कसाना प्रिांिक सककवट हाउस  9414148841 
21 श्रीम त ी पूनम  क ुम ारी समन्र्यक समन्र्यक, नेहरू  युर्ा केंद्र, 
दौसा  
8003885411 
22 श्री प्रदीप मसांह कमाांडडांग ऑकफसर थकाउट , दौसा  8209179908 
23 श्रीमती कवर्ता सैनी  म ुख्य योिना अचिक ारी जिला पररषद , दौसा  9462960312 
24 श्री पुख राि  र्ाखणज्य कर अचिकारी  दौसा  9680781623 
25 श्री सूक़ियान जिला समन्र्यक आरएसएलडीसी , दौसा  7742233353 
26 श्री रामराि मीना  सांयुक्त  तनदेशक  क ृवष वर्भाग, दौसा  9887335496 
27 डॉ .ओम प्रक ाश ित ुर्ेद ी  उप तनदेशक  आयुर्ेद , दौसा  9928144577 
28 श्री तेिप्रकाश 
अजग्नहोत्री 
उप तनदेशक  आईसीडीएस , दौसा  9413205326 
29 श्री अमन रुथतगी डडप्टी कमाांडेंट होमगाडव , दौसा  9596743380 
30 श्री श्याम लाल शमाव जिला रोिगार 
अचिकारी  
कलक्ट्रेट, दौसा  9784661147 
31 श्री ियक ृत  मसांह राठौर  जिला आिकारी 
अचिकारी  
दौसा  9829966658 
32 श्री  v'kksd  जिला मशक्षा अचिकारी  प्राथममक , दौसा  +91 94143 34705 
+91 95300 35835 
33 श्री f'kopj.k जिला मशक्षा अचिकारी  माध्यममक , दौसा   +91 95115 93274 
+91 87642 11482 
34 श्री vkse th डीईटी (िीएसएनएल)  दौसा  +91 94606 27124 
35 श्री र्ेद प्रक ाश गुप्त ा डीआईओ और एसटीडी 
एनआईसी 
कलक्ट्रेट, दौसा  9950588008 
36 श्री िृिेश क ुम ार (िािव)  जिला मत्थय अचिकारी  दौसा  8764377270 
37 श्री गिेन्द्र मसांह जिला खेल अचिकारी  दौसा  9950318175 
38 श्री राम थर्रू प मसांिु उप पांिीयक सहकाररता 
वर्भाग 
दौसा  9414261768 
39 श्री सांिीर् भार्र्ाि जिला पररर्हन 
अचिकारी  
दौसा  9460074418 
40 डॉ रवर्शांकर जिला क्षय रोग 
अचिकारी  
दौसा  8010032613 
41 श्री गिानन्द िसर्ाल प्रम ुख  जिला प्रिांिक  यूक ो िैंक , दौसा  9928206834 
42 श्री सुरेश िांद  उप प्रिांिक आरएफसी , दौसा  8003661705 
43 श्री रोदहत मसांह प्रिांि तनदेशक क ें द्रीय सहकारी िैंक, दौसा  7073237011 
44 श्री मेिराि मीना 
(प्रभार)  
महा प्रिांिक जिला उ्योग क ें द्र दौसा 9694760257 
45 श्री राकेश क ुम ार म ीना श्रम कल्याण अचिकारी दौसा  8949809742 
46 डॉ  .सुमम त ा िैन  प्रिानािायव मेडडकल  कॉलेि , दौसा  9829014543 "
254,PDF page 254,"254 
 
47 श्रीमती ररांकी आयाव अल्पसांख्यक कल्याण 
अचिकारी  
दौसा  8619510817 
48 श्री नर्ल ककशोर मीना पररयोिना तनदेशक  आत्मा, दौसा  8949446410 
49 श्री हररशांकर शमाव डाकपाल  डाकिर , दौसा  9829401678 
50 डॉ  .सीताराम मीना  प्रिनन एर्ां मशशु 
थर्ाथ्य अचिकारी  
दौसा  9928740368 
51 श्री िलर्ीर यादर् पररयोिना तनदेशक  एनएिएआई, दौसा  8130006151 
52 डॉ .प्रहलाद मसांह उप तनदेशक   9414334664 
53 श्री नरेश िातनया मैनेिर  (नागररक  आपूतत व )
आरएसएफसीएससी , दौसा  
8764428537 
54 श्री तारािांद भट्ट क्षेत्रीय प्रिांिक रीको , दौसा  9414041834 
55 श्री वर्श्राम मीना मैनेिर  आरएसआरटीसी (रोडर्ेि) , 
दौसा  
9549653257 
56 श्री िगदीश अमरार्त  क्षेत्रीय पररर्हन 
अचिकारी  
दौसा  6375103784 
57 श्री ममट्ठन लाल अिीक्षण अमभयांता िेर्ीर्ीएनएल (ओ एांड एम) , 
दौसा  
9950996114 
58 श्री रमेश िांद मीना अिीक्षण अमभयांता पीएिईडी , दौसा  6367944887 
59 श्री िांदन मसांह मीना अिीक्षण अमभयांता पीडब्ल्यूडी, दौसा  9414369995 
60 श्री आयुष शम ाव अिीक्षक आईटीआई, दौसा  9413334057 
61 श्री उपेंद्र मसांह उप तनदेशक  पयवटन, दौसा  9414152862 
62 श्री माांगीलाल मीना अचिशाषी अांमभयन्ता िल सांसािन, दौसा  7611911025 
63 श्री िगदीश प्रसाद 
मीना  
उप तनदेशक  उ्यान वर्भाग, दौसा  9414340161 
64 श्री प्रदीप िौिरी (अतत. 
प्रभार)  
सहायक महाप्रिांिक नािाडव, दौसा  7073660033 
65 डॉ  .रािक ुम ार सेहरा  प्रम ुख  चिकक त्सा 
अचिकारी  
लालसोट 9460066686 
66 श्री रािीर् शमाव जिला साक्षरता एर्ां 
सतत मशक्षा अचिकारी  
 9460760930 
67 डॉ .राममसांह मीना प्रम ुख  चिकक त्सा 
अचिकारी  
महर्ा  9166102940 
 
 "
255,PDF page 255,"255 
 
 
 
 
 
 
 
 
 
"
256,PDF page 256,"256 
 
 
 
 
 
 
 
 
 "
257,PDF page 257,"257 
 
 
 
 
 
 
 
 
 
 
"
258,PDF page 258,"258 
 
 
 
 
 
 
 
 
 
 
 
"
259,PDF page 259,"259 
 
 
 
 
 
 
 
 
 
 
"
260,PDF page 260,"260 
 
 
 
 
 
 
"
