source_id,source_sha256,page,table,row,column,value_original,reference,verification_status
S027,217d731bacf8971f6d53204b7903227b632c869ba27bbe2e5b37e1874d3beb36,,1,1,1,Country,HTML table 1; row 1; column 1,review_required
S027,217d731bacf8971f6d53204b7903227b632c869ba27bbe2e5b37e1874d3beb36,,1,1,2,Project Name,HTML table 1; row 1; column 2,review_required
S027,217d731bacf8971f6d53204b7903227b632c869ba27bbe2e5b37e1874d3beb36,,1,1,3,Scheme,HTML table 1; row 1; column 3,review_required
S027,217d731bacf8971f6d53204b7903227b632c869ba27bbe2e5b37e1874d3beb36,,1,1,4,Applied Guideline,HTML table 1; row 1; column 4,review_required
S027,217d731bacf8971f6d53204b7903227b632c869ba27bbe2e5b37e1874d3beb36,,1,1,5,Category,HTML table 1; row 1; column 5,review_required
S027,217d731bacf8971f6d53204b7903227b632c869ba27bbe2e5b37e1874d3beb36,,1,1,6,Report,HTML table 1; row 1; column 6,review_required
S027,217d731bacf8971f6d53204b7903227b632c869ba27bbe2e5b37e1874d3beb36,,1,1,7,"EIA, EPC, RAP, IPP",HTML table 1; row 1; column 7,review_required
S027,217d731bacf8971f6d53204b7903227b632c869ba27bbe2e5b37e1874d3beb36,,1,1,8,Result of Review,HTML table 1; row 1; column 8,review_required
S027,217d731bacf8971f6d53204b7903227b632c869ba27bbe2e5b37e1874d3beb36,,1,1,9,Latest Result of Monitoring,HTML table 1; row 1; column 9,review_required
S027,217d731bacf8971f6d53204b7903227b632c869ba27bbe2e5b37e1874d3beb36,,1,2,1,Afghanistan,HTML table 1; row 2; column 1,review_required
S027,217d731bacf8971f6d53204b7903227b632c869ba27bbe2e5b37e1874d3beb36,,1,2,2,"The Project for Capacity Development and Institutional Strengthening of Ministry of Agriculture, Irrigation and Livestock(MAIL)",HTML table 1; row 2; column 2,review_required
S027,217d731bacf8971f6d53204b7903227b632c869ba27bbe2e5b37e1874d3beb36,,1,2,3,TCP,HTML table 1; row 2; column 3,review_required
S027,217d731bacf8971f6d53204b7903227b632c869ba27bbe2e5b37e1874d3beb36,,1,2,4,2010,HTML table 1; row 2; column 4,review_required
S027,217d731bacf8971f6d53204b7903227b632c869ba27bbe2e5b37e1874d3beb36,,1,2,5,B,HTML table 1; row 2; column 5,review_required
S027,217d731bacf8971f6d53204b7903227b632c869ba27bbe2e5b37e1874d3beb36,,1,2,6,-,HTML table 1; row 2; column 6,review_required
S027,217d731bacf8971f6d53204b7903227b632c869ba27bbe2e5b37e1874d3beb36,,1,2,7,-,HTML table 1; row 2; column 7,review_required
S027,217d731bacf8971f6d53204b7903227b632c869ba27bbe2e5b37e1874d3beb36,,1,2,8,-,HTML table 1; row 2; column 8,review_required
S027,217d731bacf8971f6d53204b7903227b632c869ba27bbe2e5b37e1874d3beb36,,1,2,9,-,HTML table 1; row 2; column 9,review_required
S027,217d731bacf8971f6d53204b7903227b632c869ba27bbe2e5b37e1874d3beb36,,1,3,1,Afghanistan,HTML table 1; row 3; column 1,review_required
S027,217d731bacf8971f6d53204b7903227b632c869ba27bbe2e5b37e1874d3beb36,,1,3,2,The Project for Development of Water Supply Facilities in Dehsabz South Area,HTML table 1; row 3; column 2,review_required
S027,217d731bacf8971f6d53204b7903227b632c869ba27bbe2e5b37e1874d3beb36,,1,3,3,GA,HTML table 1; row 3; column 3,review_required
S027,217d731bacf8971f6d53204b7903227b632c869ba27bbe2e5b37e1874d3beb36,,1,3,4,2010,HTML table 1; row 3; column 4,review_required
S027,217d731bacf8971f6d53204b7903227b632c869ba27bbe2e5b37e1874d3beb36,,1,3,5,B,HTML table 1; row 3; column 5,review_required
S027,217d731bacf8971f6d53204b7903227b632c869ba27bbe2e5b37e1874d3beb36,,1,3,6,·Outline Desing Report Volume1 ·Volume2,HTML table 1; row 3; column 6,review_required
S027,217d731bacf8971f6d53204b7903227b632c869ba27bbe2e5b37e1874d3beb36,,1,3,7,-,HTML table 1; row 3; column 7,review_required
S027,217d731bacf8971f6d53204b7903227b632c869ba27bbe2e5b37e1874d3beb36,,1,3,8,·Environmental Review (In Japanese)（PDF/220.8KB),HTML table 1; row 3; column 8,review_required
S027,217d731bacf8971f6d53204b7903227b632c869ba27bbe2e5b37e1874d3beb36,,1,3,9,-,HTML table 1; row 3; column 9,review_required
S027,217d731bacf8971f6d53204b7903227b632c869ba27bbe2e5b37e1874d3beb36,,1,4,1,Afghanistan,HTML table 1; row 4; column 1,review_required
S027,217d731bacf8971f6d53204b7903227b632c869ba27bbe2e5b37e1874d3beb36,,1,4,2,The Project for Improvement of existing Bamyan Airport,HTML table 1; row 4; column 2,review_required
S027,217d731bacf8971f6d53204b7903227b632c869ba27bbe2e5b37e1874d3beb36,,1,4,3,GA,HTML table 1; row 4; column 3,review_required
S027,217d731bacf8971f6d53204b7903227b632c869ba27bbe2e5b37e1874d3beb36,,1,4,4,2010,HTML table 1; row 4; column 4,review_required
S027,217d731bacf8971f6d53204b7903227b632c869ba27bbe2e5b37e1874d3beb36,,1,4,5,B,HTML table 1; row 4; column 5,review_required
S027,217d731bacf8971f6d53204b7903227b632c869ba27bbe2e5b37e1874d3beb36,,1,4,6,·Preparatory survey report on the project for improvement of Bamyan Airport in the Islamic Republic of Afghanistan,HTML table 1; row 4; column 6,review_required
S027,217d731bacf8971f6d53204b7903227b632c869ba27bbe2e5b37e1874d3beb36,,1,4,7,-,HTML table 1; row 4; column 7,review_required
S027,217d731bacf8971f6d53204b7903227b632c869ba27bbe2e5b37e1874d3beb36,,1,4,8,-,HTML table 1; row 4; column 8,review_required
S027,217d731bacf8971f6d53204b7903227b632c869ba27bbe2e5b37e1874d3beb36,,1,4,9,·Monitoring Result (Apr 2018) (PDF/2.19MB),HTML table 1; row 4; column 9,review_required
S027,217d731bacf8971f6d53204b7903227b632c869ba27bbe2e5b37e1874d3beb36,,1,5,1,Afghanistan,HTML table 1; row 5; column 1,review_required
S027,217d731bacf8971f6d53204b7903227b632c869ba27bbe2e5b37e1874d3beb36,,1,5,2,The Project for Rehabilitation and Expansion of Aircraft Parking Aprons at Kabul International Airport,HTML table 1; row 5; column 2,review_required
S027,217d731bacf8971f6d53204b7903227b632c869ba27bbe2e5b37e1874d3beb36,,1,5,3,GA,HTML table 1; row 5; column 3,review_required
S027,217d731bacf8971f6d53204b7903227b632c869ba27bbe2e5b37e1874d3beb36,,1,5,4,2010,HTML table 1; row 5; column 4,review_required
S027,217d731bacf8971f6d53204b7903227b632c869ba27bbe2e5b37e1874d3beb36,,1,5,5,B,HTML table 1; row 5; column 5,review_required
S027,217d731bacf8971f6d53204b7903227b632c869ba27bbe2e5b37e1874d3beb36,,1,5,6,·Preparatory survey on the project for rehabilitation and expansion of aircfraft parking aprons at Kabul International Airport in the Islamic Republic of Afghanistan,HTML table 1; row 5; column 6,review_required
S027,217d731bacf8971f6d53204b7903227b632c869ba27bbe2e5b37e1874d3beb36,,1,5,7,-,HTML table 1; row 5; column 7,review_required
S027,217d731bacf8971f6d53204b7903227b632c869ba27bbe2e5b37e1874d3beb36,,1,5,8,-,HTML table 1; row 5; column 8,review_required
S027,217d731bacf8971f6d53204b7903227b632c869ba27bbe2e5b37e1874d3beb36,,1,5,9,·Monitoring Result (Apr 2018) (PDF/1.68MB),HTML table 1; row 5; column 9,review_required
S027,217d731bacf8971f6d53204b7903227b632c869ba27bbe2e5b37e1874d3beb36,,1,6,1,Afghanistan,HTML table 1; row 6; column 1,review_required
S027,217d731bacf8971f6d53204b7903227b632c869ba27bbe2e5b37e1874d3beb36,,1,6,2,The Project for Rehabilitation and Expansion of Aircraft Parking Aprons at Kabul International Airport (Phase2),HTML table 1; row 6; column 2,review_required
S027,217d731bacf8971f6d53204b7903227b632c869ba27bbe2e5b37e1874d3beb36,,1,6,3,GA,HTML table 1; row 6; column 3,review_required
S027,217d731bacf8971f6d53204b7903227b632c869ba27bbe2e5b37e1874d3beb36,,1,6,4,2010,HTML table 1; row 6; column 4,review_required
S027,217d731bacf8971f6d53204b7903227b632c869ba27bbe2e5b37e1874d3beb36,,1,6,5,B,HTML table 1; row 6; column 5,review_required
S027,217d731bacf8971f6d53204b7903227b632c869ba27bbe2e5b37e1874d3beb36,,1,6,6,·Preparatory survey report on the project for rehabilitation and expansion of aircraft parking aprons at Kabul international airport (phase 2) in Islamic Republic of Afghanistan,HTML table 1; row 6; column 6,review_required
S027,217d731bacf8971f6d53204b7903227b632c869ba27bbe2e5b37e1874d3beb36,,1,6,7,-,HTML table 1; row 6; column 7,review_required
S027,217d731bacf8971f6d53204b7903227b632c869ba27bbe2e5b37e1874d3beb36,,1,6,8,-,HTML table 1; row 6; column 8,review_required
S027,217d731bacf8971f6d53204b7903227b632c869ba27bbe2e5b37e1874d3beb36,,1,6,9,·Monitoring Report (Apr 2018) (PDF/1.68MB),HTML table 1; row 6; column 9,review_required
S027,217d731bacf8971f6d53204b7903227b632c869ba27bbe2e5b37e1874d3beb36,,1,7,1,Afghanistan,HTML table 1; row 7; column 1,review_required
S027,217d731bacf8971f6d53204b7903227b632c869ba27bbe2e5b37e1874d3beb36,,1,7,2,The Project for Rehabilitation of Community Infrastructure in Nangarhar,HTML table 1; row 7; column 2,review_required
S027,217d731bacf8971f6d53204b7903227b632c869ba27bbe2e5b37e1874d3beb36,,1,7,3,GA,HTML table 1; row 7; column 3,review_required
S027,217d731bacf8971f6d53204b7903227b632c869ba27bbe2e5b37e1874d3beb36,,1,7,4,2010,HTML table 1; row 7; column 4,review_required
S027,217d731bacf8971f6d53204b7903227b632c869ba27bbe2e5b37e1874d3beb36,,1,7,5,B,HTML table 1; row 7; column 5,review_required
S027,217d731bacf8971f6d53204b7903227b632c869ba27bbe2e5b37e1874d3beb36,,1,7,6,-,HTML table 1; row 7; column 6,review_required
S027,217d731bacf8971f6d53204b7903227b632c869ba27bbe2e5b37e1874d3beb36,,1,7,7,-,HTML table 1; row 7; column 7,review_required
S027,217d731bacf8971f6d53204b7903227b632c869ba27bbe2e5b37e1874d3beb36,,1,7,8,-,HTML table 1; row 7; column 8,review_required
S027,217d731bacf8971f6d53204b7903227b632c869ba27bbe2e5b37e1874d3beb36,,1,7,9,-,HTML table 1; row 7; column 9,review_required
S027,217d731bacf8971f6d53204b7903227b632c869ba27bbe2e5b37e1874d3beb36,,1,8,1,Afghanistan,HTML table 1; row 8; column 1,review_required
S027,217d731bacf8971f6d53204b7903227b632c869ba27bbe2e5b37e1874d3beb36,,1,8,2,"The Project for Rehabilitation of Small Irrigation Facilities and Village Accessibility in Dehsabz Area, Kabul Province",HTML table 1; row 8; column 2,review_required
S027,217d731bacf8971f6d53204b7903227b632c869ba27bbe2e5b37e1874d3beb36,,1,8,3,GA,HTML table 1; row 8; column 3,review_required
S027,217d731bacf8971f6d53204b7903227b632c869ba27bbe2e5b37e1874d3beb36,,1,8,4,2010,HTML table 1; row 8; column 4,review_required
S027,217d731bacf8971f6d53204b7903227b632c869ba27bbe2e5b37e1874d3beb36,,1,8,5,B,HTML table 1; row 8; column 5,review_required
S027,217d731bacf8971f6d53204b7903227b632c869ba27bbe2e5b37e1874d3beb36,,1,8,6,-,HTML table 1; row 8; column 6,review_required
S027,217d731bacf8971f6d53204b7903227b632c869ba27bbe2e5b37e1874d3beb36,,1,8,7,-,HTML table 1; row 8; column 7,review_required
S027,217d731bacf8971f6d53204b7903227b632c869ba27bbe2e5b37e1874d3beb36,,1,8,8,-,HTML table 1; row 8; column 8,review_required
S027,217d731bacf8971f6d53204b7903227b632c869ba27bbe2e5b37e1874d3beb36,,1,8,9,-,HTML table 1; row 8; column 9,review_required
S027,217d731bacf8971f6d53204b7903227b632c869ba27bbe2e5b37e1874d3beb36,,1,9,1,Afghanistan,HTML table 1; row 9; column 1,review_required
S027,217d731bacf8971f6d53204b7903227b632c869ba27bbe2e5b37e1874d3beb36,,1,9,2,The Project for Strengthening Security in Kabul International Airport,HTML table 1; row 9; column 2,review_required
S027,217d731bacf8971f6d53204b7903227b632c869ba27bbe2e5b37e1874d3beb36,,1,9,3,GA,HTML table 1; row 9; column 3,review_required
S027,217d731bacf8971f6d53204b7903227b632c869ba27bbe2e5b37e1874d3beb36,,1,9,4,2010,HTML table 1; row 9; column 4,review_required
S027,217d731bacf8971f6d53204b7903227b632c869ba27bbe2e5b37e1874d3beb36,,1,9,5,B,HTML table 1; row 9; column 5,review_required
S027,217d731bacf8971f6d53204b7903227b632c869ba27bbe2e5b37e1874d3beb36,,1,9,6,·Preparatory survey report on the project for strengthening security at Kabul international airport in the Islamic Republic of Agfhanistan,HTML table 1; row 9; column 6,review_required
S027,217d731bacf8971f6d53204b7903227b632c869ba27bbe2e5b37e1874d3beb36,,1,9,7,-,HTML table 1; row 9; column 7,review_required
S027,217d731bacf8971f6d53204b7903227b632c869ba27bbe2e5b37e1874d3beb36,,1,9,8,-,HTML table 1; row 9; column 8,review_required
S027,217d731bacf8971f6d53204b7903227b632c869ba27bbe2e5b37e1874d3beb36,,1,9,9,-,HTML table 1; row 9; column 9,review_required
S027,217d731bacf8971f6d53204b7903227b632c869ba27bbe2e5b37e1874d3beb36,,1,10,1,Bangladesh,HTML table 1; row 10; column 1,review_required
S027,217d731bacf8971f6d53204b7903227b632c869ba27bbe2e5b37e1874d3beb36,,1,10,2,Construction of Dual Gauge Double Line Between Joydebpur-Ishurdi Section Project,HTML table 1; row 10; column 2,review_required
S027,217d731bacf8971f6d53204b7903227b632c869ba27bbe2e5b37e1874d3beb36,,1,10,3,L,HTML table 1; row 10; column 3,review_required
S027,217d731bacf8971f6d53204b7903227b632c869ba27bbe2e5b37e1874d3beb36,,1,10,4,2010,HTML table 1; row 10; column 4,review_required
S027,217d731bacf8971f6d53204b7903227b632c869ba27bbe2e5b37e1874d3beb36,,1,10,5,A,HTML table 1; row 10; column 5,review_required
S027,217d731bacf8971f6d53204b7903227b632c869ba27bbe2e5b37e1874d3beb36,,1,10,6,-,HTML table 1; row 10; column 6,review_required
S027,217d731bacf8971f6d53204b7903227b632c869ba27bbe2e5b37e1874d3beb36,,1,10,7,"·EIA(Jan.16,2024) (PDF/112.2MB) ·ECC 2020-2021 (December.25_2024) (PDF/1.4MB) ·Renewal of ECC 2023-2024 (December.25_2024) (PDF/272KB) ·Renewal of ECC 2024-2025 (December.25_2024) (PDF/315KB) ·RAP (December.25_2024) (PDF/13.7MB) ·RAP Appendix (December.25_2024) (PDF/7.6MB)",HTML table 1; row 10; column 7,review_required
S027,217d731bacf8971f6d53204b7903227b632c869ba27bbe2e5b37e1874d3beb36,,1,10,8,·Environmental Review (English) (PDF/193KB) ·Environmental Review (Japanese) (PDF/412KB),HTML table 1; row 10; column 8,review_required
S027,217d731bacf8971f6d53204b7903227b632c869ba27bbe2e5b37e1874d3beb36,,1,10,9,-,HTML table 1; row 10; column 9,review_required
S027,217d731bacf8971f6d53204b7903227b632c869ba27bbe2e5b37e1874d3beb36,,1,11,1,Bangladesh,HTML table 1; row 11; column 1,review_required
S027,217d731bacf8971f6d53204b7903227b632c869ba27bbe2e5b37e1874d3beb36,,1,11,2,Upazila Governance and Development Project (Phase 2),HTML table 1; row 11; column 2,review_required
S027,217d731bacf8971f6d53204b7903227b632c869ba27bbe2e5b37e1874d3beb36,,1,11,3,L,HTML table 1; row 11; column 3,review_required
S027,217d731bacf8971f6d53204b7903227b632c869ba27bbe2e5b37e1874d3beb36,,1,11,4,2022,HTML table 1; row 11; column 4,review_required
S027,217d731bacf8971f6d53204b7903227b632c869ba27bbe2e5b37e1874d3beb36,,1,11,5,FI,HTML table 1; row 11; column 5,review_required
S027,217d731bacf8971f6d53204b7903227b632c869ba27bbe2e5b37e1874d3beb36,,1,11,6,-,HTML table 1; row 11; column 6,review_required
S027,217d731bacf8971f6d53204b7903227b632c869ba27bbe2e5b37e1874d3beb36,,1,11,7,-,HTML table 1; row 11; column 7,review_required
S027,217d731bacf8971f6d53204b7903227b632c869ba27bbe2e5b37e1874d3beb36,,1,11,8,-,HTML table 1; row 11; column 8,review_required
S027,217d731bacf8971f6d53204b7903227b632c869ba27bbe2e5b37e1874d3beb36,,1,11,9,-,HTML table 1; row 11; column 9,review_required
S027,217d731bacf8971f6d53204b7903227b632c869ba27bbe2e5b37e1874d3beb36,,1,12,1,Bangladesh,HTML table 1; row 12; column 1,review_required
S027,217d731bacf8971f6d53204b7903227b632c869ba27bbe2e5b37e1874d3beb36,,1,12,2,Project for the Formulation of MIDI Master Plan,HTML table 1; row 12; column 2,review_required
S027,217d731bacf8971f6d53204b7903227b632c869ba27bbe2e5b37e1874d3beb36,,1,12,3,TCDP,HTML table 1; row 12; column 3,review_required
S027,217d731bacf8971f6d53204b7903227b632c869ba27bbe2e5b37e1874d3beb36,,1,12,4,2010,HTML table 1; row 12; column 4,review_required
S027,217d731bacf8971f6d53204b7903227b632c869ba27bbe2e5b37e1874d3beb36,,1,12,5,A,HTML table 1; row 12; column 5,review_required
S027,217d731bacf8971f6d53204b7903227b632c869ba27bbe2e5b37e1874d3beb36,,1,12,6,·Environmental and Social Considerations in Detailed Planning Survey (PDF/888KB),HTML table 1; row 12; column 6,review_required
S027,217d731bacf8971f6d53204b7903227b632c869ba27bbe2e5b37e1874d3beb36,,1,12,7,-,HTML table 1; row 12; column 7,review_required
S027,217d731bacf8971f6d53204b7903227b632c869ba27bbe2e5b37e1874d3beb36,,1,12,8,-,HTML table 1; row 12; column 8,review_required
S027,217d731bacf8971f6d53204b7903227b632c869ba27bbe2e5b37e1874d3beb36,,1,12,9,-,HTML table 1; row 12; column 9,review_required
S027,217d731bacf8971f6d53204b7903227b632c869ba27bbe2e5b37e1874d3beb36,,1,13,1,Bangladesh,HTML table 1; row 13; column 1,review_required
S027,217d731bacf8971f6d53204b7903227b632c869ba27bbe2e5b37e1874d3beb36,,1,13,2,Araihazar Economic Zone Development Project (Tentative),HTML table 1; row 13; column 2,review_required
S027,217d731bacf8971f6d53204b7903227b632c869ba27bbe2e5b37e1874d3beb36,,1,13,3,L,HTML table 1; row 13; column 3,review_required
S027,217d731bacf8971f6d53204b7903227b632c869ba27bbe2e5b37e1874d3beb36,,1,13,4,2010,HTML table 1; row 13; column 4,review_required
S027,217d731bacf8971f6d53204b7903227b632c869ba27bbe2e5b37e1874d3beb36,,1,13,5,A,HTML table 1; row 13; column 5,review_required
S027,217d731bacf8971f6d53204b7903227b632c869ba27bbe2e5b37e1874d3beb36,,1,13,6,-,HTML table 1; row 13; column 6,review_required
S027,217d731bacf8971f6d53204b7903227b632c869ba27bbe2e5b37e1874d3beb36,,1,13,7,"·EIA(June 13, 2018) ·RAP(June 18, 2018)",HTML table 1; row 13; column 7,review_required
S027,217d731bacf8971f6d53204b7903227b632c869ba27bbe2e5b37e1874d3beb36,,1,13,8,-,HTML table 1; row 13; column 8,review_required
S027,217d731bacf8971f6d53204b7903227b632c869ba27bbe2e5b37e1874d3beb36,,1,13,9,-,HTML table 1; row 13; column 9,review_required
S027,217d731bacf8971f6d53204b7903227b632c869ba27bbe2e5b37e1874d3beb36,,1,14,1,Bangladesh,HTML table 1; row 14; column 1,review_required
S027,217d731bacf8971f6d53204b7903227b632c869ba27bbe2e5b37e1874d3beb36,,1,14,2,Chattogram-Cox's Bazar Highway Improvement Project,HTML table 1; row 14; column 2,review_required
S027,217d731bacf8971f6d53204b7903227b632c869ba27bbe2e5b37e1874d3beb36,,1,14,3,L,HTML table 1; row 14; column 3,review_required
S027,217d731bacf8971f6d53204b7903227b632c869ba27bbe2e5b37e1874d3beb36,,1,14,4,2010,HTML table 1; row 14; column 4,review_required
S027,217d731bacf8971f6d53204b7903227b632c869ba27bbe2e5b37e1874d3beb36,,1,14,5,A,HTML table 1; row 14; column 5,review_required
S027,217d731bacf8971f6d53204b7903227b632c869ba27bbe2e5b37e1874d3beb36,,1,14,6,"·Draft Final Report(Dec. 22, 2022) (PDF/27.5MB)",HTML table 1; row 14; column 6,review_required
S027,217d731bacf8971f6d53204b7903227b632c869ba27bbe2e5b37e1874d3beb36,,1,14,7,"·EIA(Nov. 10, 2022) (PDF/29.8MB) ·EIAECC(Nov. 10, 2022) (PDF/2.85MB) ·RAP(Dec. 22, 2022) (PDF/4.56MB) ·RAP (ANNEX I) (Dec. 22, 2022) (PDF/18.6MB) ·RAP(Supplementary Report) (Dec. 22, 2022) (PDF/8.18MB)",HTML table 1; row 14; column 7,review_required
S027,217d731bacf8971f6d53204b7903227b632c869ba27bbe2e5b37e1874d3beb36,,1,14,8,-,HTML table 1; row 14; column 8,review_required
S027,217d731bacf8971f6d53204b7903227b632c869ba27bbe2e5b37e1874d3beb36,,1,14,9,-,HTML table 1; row 14; column 9,review_required
S027,217d731bacf8971f6d53204b7903227b632c869ba27bbe2e5b37e1874d3beb36,,1,15,1,Bangladesh,HTML table 1; row 15; column 1,review_required
S027,217d731bacf8971f6d53204b7903227b632c869ba27bbe2e5b37e1874d3beb36,,1,15,2,Dhaka Mass Rapid Transit Development Project,HTML table 1; row 15; column 2,review_required
S027,217d731bacf8971f6d53204b7903227b632c869ba27bbe2e5b37e1874d3beb36,,1,15,3,L,HTML table 1; row 15; column 3,review_required
S027,217d731bacf8971f6d53204b7903227b632c869ba27bbe2e5b37e1874d3beb36,,1,15,4,2010,HTML table 1; row 15; column 4,review_required
S027,217d731bacf8971f6d53204b7903227b632c869ba27bbe2e5b37e1874d3beb36,,1,15,5,A,HTML table 1; row 15; column 5,review_required
S027,217d731bacf8971f6d53204b7903227b632c869ba27bbe2e5b37e1874d3beb36,,1,15,6,"·Report (Dec. 5, 2011) (PDF/1.09MB)",HTML table 1; row 15; column 6,review_required
S027,217d731bacf8971f6d53204b7903227b632c869ba27bbe2e5b37e1874d3beb36,,1,15,7,"·EIA (July 28, 2011) (PDF/3.84MB) ·EPC (July 28, 2011) (PDF/2.70MB) ·RAP (July 28, 2011) (PDF/6.87MB) ·EIA (Supplementary EIA Report for Motijheel to Kamalapur Extension) (Aug. 11, 2021) (PDF/5.37MB) ·EPC (ECC) (Aug. 11, 2021) (PDF/3.21MB) ·RAP (RAP-III for MRT Line 6 from Motijheel to Kamalapur) (Aug. 11, 2021) (PDF/3.70MB)",HTML table 1; row 15; column 7,review_required
S027,217d731bacf8971f6d53204b7903227b632c869ba27bbe2e5b37e1874d3beb36,,1,15,8,·Environmental Review (PDF/71.5KB),HTML table 1; row 15; column 8,review_required
S027,217d731bacf8971f6d53204b7903227b632c869ba27bbe2e5b37e1874d3beb36,,1,15,9,-,HTML table 1; row 15; column 9,review_required
S027,217d731bacf8971f6d53204b7903227b632c869ba27bbe2e5b37e1874d3beb36,,1,16,1,Bangladesh,HTML table 1; row 16; column 1,review_required
S027,217d731bacf8971f6d53204b7903227b632c869ba27bbe2e5b37e1874d3beb36,,1,16,2,Dhaka Mass Rapid Transit Development Project (Line 1),HTML table 1; row 16; column 2,review_required
S027,217d731bacf8971f6d53204b7903227b632c869ba27bbe2e5b37e1874d3beb36,,1,16,3,L,HTML table 1; row 16; column 3,review_required
S027,217d731bacf8971f6d53204b7903227b632c869ba27bbe2e5b37e1874d3beb36,,1,16,4,2010,HTML table 1; row 16; column 4,review_required
S027,217d731bacf8971f6d53204b7903227b632c869ba27bbe2e5b37e1874d3beb36,,1,16,5,A,HTML table 1; row 16; column 5,review_required
S027,217d731bacf8971f6d53204b7903227b632c869ba27bbe2e5b37e1874d3beb36,,1,16,6,"·Draft Final Report of Preparatory Study (Nov. 21, 2018) (PDF/62.2MB)",HTML table 1; row 16; column 6,review_required
S027,217d731bacf8971f6d53204b7903227b632c869ba27bbe2e5b37e1874d3beb36,,1,16,7,"·EIA (Nov. 21, 2018) (PDF/28.3MB) ·ECC (Nov. 21, 2018) (PDF/1.09MB) ·RAP (Nov. 21, 2018) (PDF/4.21MB)",HTML table 1; row 16; column 7,review_required
S027,217d731bacf8971f6d53204b7903227b632c869ba27bbe2e5b37e1874d3beb36,,1,16,8,·Environmental Review (PDF/226KB),HTML table 1; row 16; column 8,review_required
S027,217d731bacf8971f6d53204b7903227b632c869ba27bbe2e5b37e1874d3beb36,,1,16,9,-,HTML table 1; row 16; column 9,review_required
S027,217d731bacf8971f6d53204b7903227b632c869ba27bbe2e5b37e1874d3beb36,,1,17,1,Bangladesh,HTML table 1; row 17; column 1,review_required
S027,217d731bacf8971f6d53204b7903227b632c869ba27bbe2e5b37e1874d3beb36,,1,17,2,Dhaka Mass Rapid Transit Development Project (Line 5 Northern Route),HTML table 1; row 17; column 2,review_required
S027,217d731bacf8971f6d53204b7903227b632c869ba27bbe2e5b37e1874d3beb36,,1,17,3,L,HTML table 1; row 17; column 3,review_required
S027,217d731bacf8971f6d53204b7903227b632c869ba27bbe2e5b37e1874d3beb36,,1,17,4,2010,HTML table 1; row 17; column 4,review_required
S027,217d731bacf8971f6d53204b7903227b632c869ba27bbe2e5b37e1874d3beb36,,1,17,5,A,HTML table 1; row 17; column 5,review_required
S027,217d731bacf8971f6d53204b7903227b632c869ba27bbe2e5b37e1874d3beb36,,1,17,6,"·Draft Final Report of Preparatory Survey (Dec. 6, 2017) (PDF/27.9MB)",HTML table 1; row 17; column 6,review_required
S027,217d731bacf8971f6d53204b7903227b632c869ba27bbe2e5b37e1874d3beb36,,1,17,7,"·RAP(Dec. 6, 2017) (PDF/6.95MB) ·EIAMain Report (Dec. 6, 2017) (PDF/12.0MB) ·EIAAnnex (Dec. 6, 2017) (PDF/14.0MB) ·ECC (Dec. 6, 2017) (PDF/640KB) ·RAP Main Report MRT Line 5NR Depot14Mar2023 (PDF/5.4MB)",HTML table 1; row 17; column 7,review_required
S027,217d731bacf8971f6d53204b7903227b632c869ba27bbe2e5b37e1874d3beb36,,1,17,8,·Environmental Review (Japanese) (PDF/358KB),HTML table 1; row 17; column 8,review_required
S027,217d731bacf8971f6d53204b7903227b632c869ba27bbe2e5b37e1874d3beb36,,1,17,9,-,HTML table 1; row 17; column 9,review_required
S027,217d731bacf8971f6d53204b7903227b632c869ba27bbe2e5b37e1874d3beb36,,1,18,1,Bangladesh,HTML table 1; row 18; column 1,review_required
S027,217d731bacf8971f6d53204b7903227b632c869ba27bbe2e5b37e1874d3beb36,,1,18,2,Jamuna Railway Bridge Construction Project,HTML table 1; row 18; column 2,review_required
S027,217d731bacf8971f6d53204b7903227b632c869ba27bbe2e5b37e1874d3beb36,,1,18,3,L,HTML table 1; row 18; column 3,review_required
S027,217d731bacf8971f6d53204b7903227b632c869ba27bbe2e5b37e1874d3beb36,,1,18,4,2010,HTML table 1; row 18; column 4,review_required
S027,217d731bacf8971f6d53204b7903227b632c869ba27bbe2e5b37e1874d3beb36,,1,18,5,A,HTML table 1; row 18; column 5,review_required
S027,217d731bacf8971f6d53204b7903227b632c869ba27bbe2e5b37e1874d3beb36,,1,18,6,-,HTML table 1; row 18; column 6,review_required
S027,217d731bacf8971f6d53204b7903227b632c869ba27bbe2e5b37e1874d3beb36,,1,18,7,"·ECC (Dec. 6, 2017) (PDF/1.17MB) ·EIA(Dec. 6, 2017) (PDF/13.8MB)",HTML table 1; row 18; column 7,review_required
S027,217d731bacf8971f6d53204b7903227b632c869ba27bbe2e5b37e1874d3beb36,,1,18,8,·Environmental Review (PDF/142KB),HTML table 1; row 18; column 8,review_required
S027,217d731bacf8971f6d53204b7903227b632c869ba27bbe2e5b37e1874d3beb36,,1,18,9,-,HTML table 1; row 18; column 9,review_required
S027,217d731bacf8971f6d53204b7903227b632c869ba27bbe2e5b37e1874d3beb36,,1,19,1,Bangladesh,HTML table 1; row 19; column 1,review_required
S027,217d731bacf8971f6d53204b7903227b632c869ba27bbe2e5b37e1874d3beb36,,1,19,2,Matarbari Port Development Project,HTML table 1; row 19; column 2,review_required
S027,217d731bacf8971f6d53204b7903227b632c869ba27bbe2e5b37e1874d3beb36,,1,19,3,L,HTML table 1; row 19; column 3,review_required
S027,217d731bacf8971f6d53204b7903227b632c869ba27bbe2e5b37e1874d3beb36,,1,19,4,2010,HTML table 1; row 19; column 4,review_required
S027,217d731bacf8971f6d53204b7903227b632c869ba27bbe2e5b37e1874d3beb36,,1,19,5,A,HTML table 1; row 19; column 5,review_required
S027,217d731bacf8971f6d53204b7903227b632c869ba27bbe2e5b37e1874d3beb36,,1,19,6,"·Preparatory Survey Volume 1 (Dec. 21, 2018) (PDF/17.3MB) ·Volume 2 (Dec. 21, 2018) (PDF/22.9MB) ·Volume 3 (Dec. 21, 2018) (PDF/10.5MB) ·Volume 4 (Dec. 21, 2018) (PDF/22.5MB) ·Volume 5 (Dec. 21, 2018) (PDF/18.3MB) ·Volume 6 (Dec. 21, 2018) (PDF/25.5MB)",HTML table 1; row 19; column 6,review_required
S027,217d731bacf8971f6d53204b7903227b632c869ba27bbe2e5b37e1874d3beb36,,1,19,7,"·EIA Main report (Port) (Dec. 26, 2018) (PDF/16.8MB) ·EIA Appendix (Port) (Dec. 26, 2018) (PDF/15.9MB) ·EIA Main report (Road) (Dec. 26, 2018) (PDF/23.9MB) ·EIA Appendix (Road) (Dec. 26, 2018) (PDF/14.5MB) ·EPC (Port) (Dec. 26, 2018) (PDF/1.88MB) ·EPC (Road) (Dec. 26, 2018) (PDF/2.89MB) ·RAP Main report (Port) (Dec. 26, 2018) (PDF/4.52MB) ·RAP Appendix (Port) (Dec. 26, 2018) (PDF/1.02MB) ·RAP Main report (Road) (Dec. 26, 2018) (PDF/6.16MB) ·RAP Appendix (Road) (Dec. 26, 2018) (PDF/1.49MB)",HTML table 1; row 19; column 7,review_required
S027,217d731bacf8971f6d53204b7903227b632c869ba27bbe2e5b37e1874d3beb36,,1,19,8,·Environmental Review(PDF/211KB),HTML table 1; row 19; column 8,review_required
S027,217d731bacf8971f6d53204b7903227b632c869ba27bbe2e5b37e1874d3beb36,,1,19,9,-,HTML table 1; row 19; column 9,review_required
S027,217d731bacf8971f6d53204b7903227b632c869ba27bbe2e5b37e1874d3beb36,,1,20,1,Bangladesh,HTML table 1; row 20; column 1,review_required
S027,217d731bacf8971f6d53204b7903227b632c869ba27bbe2e5b37e1874d3beb36,,1,20,2,Matarbari Ultra Super Critical Coal-Fired Power Project,HTML table 1; row 20; column 2,review_required
S027,217d731bacf8971f6d53204b7903227b632c869ba27bbe2e5b37e1874d3beb36,,1,20,3,L,HTML table 1; row 20; column 3,review_required
S027,217d731bacf8971f6d53204b7903227b632c869ba27bbe2e5b37e1874d3beb36,,1,20,4,2010,HTML table 1; row 20; column 4,review_required
S027,217d731bacf8971f6d53204b7903227b632c869ba27bbe2e5b37e1874d3beb36,,1,20,5,A,HTML table 1; row 20; column 5,review_required
S027,217d731bacf8971f6d53204b7903227b632c869ba27bbe2e5b37e1874d3beb36,,1,20,6,"·Preparatory Survey on Chittagong Area Coal Fired Power Plant Development Project in Bangladesh Final Report on Power Plant / Port / Transmission Line / Access Road / Execution Survey of Natural Condition(Mar. 31, 2015) Book 1 (PDF/16,372KB) ·Preparatory Survey on Chittagong Area Coal Fired Power Plant Development Project in Bangladesh Final Report on Power Plant / Port / Transmission Line / Access Road / Execution Survey of Natural Condition(Mar. 31, 2015) Book 2 (PDF/6,814KB) ·Preparatory Survey on Chittagong Area Coal Fired Power Plant Development Project in Bangladesh Final Report on Power Plant / Port / Transmission Line / Access Road / Execution Survey of Natural Condition(Mar. 31, 2015) Book 3 (PDF/35,139KB)",HTML table 1; row 20; column 6,review_required
S027,217d731bacf8971f6d53204b7903227b632c869ba27bbe2e5b37e1874d3beb36,,1,20,7,"·EC Access Road (Nov. 19, 2013) (PDF/224KB) ·EC Access Road (Package 3.3) (Apr. 27, 2020) (PDF/151KB) ·EC Transmission Lines (Nov. 19, 2013) (PDF/130KB) ·EIA Access Road (Nov. 19, 2013) (PDF/9.23MB) ·EIA Access Road (Package 3.3) (Apr. 27, 2020) (PDF/8.80MB) ·EIA Transmission Lines (Nov. 19, 2013) (PDF/5.19MB) ·RAPAccess Road (Mar. 8, 2018) (PDF/4.75MB) ·EIA (Oct. 28, 2013) (PDF/12.2MB) ·EIA Approval (Oct. 28, 2013) (PDF/679KB) ·RAP (Sep. 14, 2020) (PDF/3.33MB) ·RAP (Oct. 28, 2013) (PDF/951KB) ·EIARural Electrification (MAr. 8, 2021) (PDF/12.1MB) ·EIATransmission Line (Mar. 8, 2021) (PDF/18.1MB)",HTML table 1; row 20; column 7,review_required
S027,217d731bacf8971f6d53204b7903227b632c869ba27bbe2e5b37e1874d3beb36,,1,20,8,·Environmental Review (PDF/185KB) ·Environmental Review (English) (PDF/202KB) ·Environmental Review (Japanese) (PDF/578KB),HTML table 1; row 20; column 8,review_required
S027,217d731bacf8971f6d53204b7903227b632c869ba27bbe2e5b37e1874d3beb36,,1,20,9,-,HTML table 1; row 20; column 9,review_required
S027,217d731bacf8971f6d53204b7903227b632c869ba27bbe2e5b37e1874d3beb36,,1,21,1,Bangladesh,HTML table 1; row 21; column 1,review_required
S027,217d731bacf8971f6d53204b7903227b632c869ba27bbe2e5b37e1874d3beb36,,1,21,2,Preparatory Survey on Ocean Front Economic Zone Development Project in Bangabandhu Sheikh Mujib Shilpa Nagar,HTML table 1; row 21; column 2,review_required
S027,217d731bacf8971f6d53204b7903227b632c869ba27bbe2e5b37e1874d3beb36,,1,21,3,L,HTML table 1; row 21; column 3,review_required
S027,217d731bacf8971f6d53204b7903227b632c869ba27bbe2e5b37e1874d3beb36,,1,21,4,2010,HTML table 1; row 21; column 4,review_required
S027,217d731bacf8971f6d53204b7903227b632c869ba27bbe2e5b37e1874d3beb36,,1,21,5,A,HTML table 1; row 21; column 5,review_required
S027,217d731bacf8971f6d53204b7903227b632c869ba27bbe2e5b37e1874d3beb36,,1,21,6,-,HTML table 1; row 21; column 6,review_required
S027,217d731bacf8971f6d53204b7903227b632c869ba27bbe2e5b37e1874d3beb36,,1,21,7,-,HTML table 1; row 21; column 7,review_required
S027,217d731bacf8971f6d53204b7903227b632c869ba27bbe2e5b37e1874d3beb36,,1,21,8,-,HTML table 1; row 21; column 8,review_required
S027,217d731bacf8971f6d53204b7903227b632c869ba27bbe2e5b37e1874d3beb36,,1,21,9,-,HTML table 1; row 21; column 9,review_required
S027,217d731bacf8971f6d53204b7903227b632c869ba27bbe2e5b37e1874d3beb36,,1,22,1,Bangladesh,HTML table 1; row 22; column 1,review_required
S027,217d731bacf8971f6d53204b7903227b632c869ba27bbe2e5b37e1874d3beb36,,1,22,2,Sirajganj Combined Cycle Power Plant Project,HTML table 1; row 22; column 2,review_required
S027,217d731bacf8971f6d53204b7903227b632c869ba27bbe2e5b37e1874d3beb36,,1,22,3,L,HTML table 1; row 22; column 3,review_required
S027,217d731bacf8971f6d53204b7903227b632c869ba27bbe2e5b37e1874d3beb36,,1,22,4,2010,HTML table 1; row 22; column 4,review_required
S027,217d731bacf8971f6d53204b7903227b632c869ba27bbe2e5b37e1874d3beb36,,1,22,5,A,HTML table 1; row 22; column 5,review_required
S027,217d731bacf8971f6d53204b7903227b632c869ba27bbe2e5b37e1874d3beb36,,1,22,6,-,HTML table 1; row 22; column 6,review_required
S027,217d731bacf8971f6d53204b7903227b632c869ba27bbe2e5b37e1874d3beb36,,1,22,7,"·EIA(Nov.22,2016) (PDF/16.6MB) · (PDF/103MB) ·EIA Approval (PDF/610KB)",HTML table 1; row 22; column 7,review_required
S027,217d731bacf8971f6d53204b7903227b632c869ba27bbe2e5b37e1874d3beb36,,1,22,8,-,HTML table 1; row 22; column 8,review_required
S027,217d731bacf8971f6d53204b7903227b632c869ba27bbe2e5b37e1874d3beb36,,1,22,9,-,HTML table 1; row 22; column 9,review_required
S027,217d731bacf8971f6d53204b7903227b632c869ba27bbe2e5b37e1874d3beb36,,1,23,1,Bangladesh,HTML table 1; row 23; column 1,review_required
S027,217d731bacf8971f6d53204b7903227b632c869ba27bbe2e5b37e1874d3beb36,,1,23,2,Southern Chattogram Region Water Supply Project,HTML table 1; row 23; column 2,review_required
S027,217d731bacf8971f6d53204b7903227b632c869ba27bbe2e5b37e1874d3beb36,,1,23,3,L,HTML table 1; row 23; column 3,review_required
S027,217d731bacf8971f6d53204b7903227b632c869ba27bbe2e5b37e1874d3beb36,,1,23,4,2022,HTML table 1; row 23; column 4,review_required
S027,217d731bacf8971f6d53204b7903227b632c869ba27bbe2e5b37e1874d3beb36,,1,23,5,A,HTML table 1; row 23; column 5,review_required
S027,217d731bacf8971f6d53204b7903227b632c869ba27bbe2e5b37e1874d3beb36,,1,23,6,-,HTML table 1; row 23; column 6,review_required
S027,217d731bacf8971f6d53204b7903227b632c869ba27bbe2e5b37e1874d3beb36,,1,23,7,-,HTML table 1; row 23; column 7,review_required
S027,217d731bacf8971f6d53204b7903227b632c869ba27bbe2e5b37e1874d3beb36,,1,23,8,-,HTML table 1; row 23; column 8,review_required
S027,217d731bacf8971f6d53204b7903227b632c869ba27bbe2e5b37e1874d3beb36,,1,23,9,-,HTML table 1; row 23; column 9,review_required
S027,217d731bacf8971f6d53204b7903227b632c869ba27bbe2e5b37e1874d3beb36,,1,24,1,Bangladesh,HTML table 1; row 24; column 1,review_required
S027,217d731bacf8971f6d53204b7903227b632c869ba27bbe2e5b37e1874d3beb36,,1,24,2,"The Kanchpur, Meghna, and Gumti 2nd Bridges Construction and Existing Bridges Rehabilitation Project (I)",HTML table 1; row 24; column 2,review_required
S027,217d731bacf8971f6d53204b7903227b632c869ba27bbe2e5b37e1874d3beb36,,1,24,3,L,HTML table 1; row 24; column 3,review_required
S027,217d731bacf8971f6d53204b7903227b632c869ba27bbe2e5b37e1874d3beb36,,1,24,4,2010,HTML table 1; row 24; column 4,review_required
S027,217d731bacf8971f6d53204b7903227b632c869ba27bbe2e5b37e1874d3beb36,,1,24,5,A,HTML table 1; row 24; column 5,review_required
S027,217d731bacf8971f6d53204b7903227b632c869ba27bbe2e5b37e1874d3beb36,,1,24,6,"·Preparatory survey for Dhaka-Chittagong national highway No.1 bridge construction and rehabilitation project (project name : the Kanchpur, Meghna, Gumti 2nd bridges construction and existing bridges rehabilitation project) : final report (Feb. 27, 2017) (Vol.1) ·Preparatory survey for Dhaka-Chittagong national highway No.1 bridge construction and rehabilitation project (project name : the Kanchpur, Meghna, Gumti 2nd bridges construction and existing bridges rehabilitation project) : final report (Feb. 27, 2017) (Vol.2) ·Preparatory survey for Dhaka-Chittagong national highway No.1 bridge construction and rehabilitation project (project name : the Kanchpur, Meghna, Gumti 2nd bridges construction and existing bridges rehabilitation project) : final report (Feb. 27, 2017) (Vol.2)",HTML table 1; row 24; column 6,review_required
S027,217d731bacf8971f6d53204b7903227b632c869ba27bbe2e5b37e1874d3beb36,,1,24,7,"·EIA (Nov. 16, 2012) (PDF/3.28MB) ·ECC (Nov. 16, 2012) (PDF/588KB) ·RAP (Nov. 16, 2012) (PDF/8.35MB)",HTML table 1; row 24; column 7,review_required
S027,217d731bacf8971f6d53204b7903227b632c869ba27bbe2e5b37e1874d3beb36,,1,24,8,·Environmental Review (PDF/197KB),HTML table 1; row 24; column 8,review_required
S027,217d731bacf8971f6d53204b7903227b632c869ba27bbe2e5b37e1874d3beb36,,1,24,9,-,HTML table 1; row 24; column 9,review_required
S027,217d731bacf8971f6d53204b7903227b632c869ba27bbe2e5b37e1874d3beb36,,1,25,1,Bangladesh,HTML table 1; row 25; column 1,review_required
S027,217d731bacf8971f6d53204b7903227b632c869ba27bbe2e5b37e1874d3beb36,,1,25,2,SDGs Business Model Formulation Survey with the Private Sector for Establishment of Efficient and Hygienic Waste Storage System,HTML table 1; row 25; column 2,review_required
S027,217d731bacf8971f6d53204b7903227b632c869ba27bbe2e5b37e1874d3beb36,,1,25,3,SDGs-SS,HTML table 1; row 25; column 3,review_required
S027,217d731bacf8971f6d53204b7903227b632c869ba27bbe2e5b37e1874d3beb36,,1,25,4,2010,HTML table 1; row 25; column 4,review_required
S027,217d731bacf8971f6d53204b7903227b632c869ba27bbe2e5b37e1874d3beb36,,1,25,5,B,HTML table 1; row 25; column 5,review_required
S027,217d731bacf8971f6d53204b7903227b632c869ba27bbe2e5b37e1874d3beb36,,1,25,6,-,HTML table 1; row 25; column 6,review_required
S027,217d731bacf8971f6d53204b7903227b632c869ba27bbe2e5b37e1874d3beb36,,1,25,7,-,HTML table 1; row 25; column 7,review_required
S027,217d731bacf8971f6d53204b7903227b632c869ba27bbe2e5b37e1874d3beb36,,1,25,8,-,HTML table 1; row 25; column 8,review_required
S027,217d731bacf8971f6d53204b7903227b632c869ba27bbe2e5b37e1874d3beb36,,1,25,9,-,HTML table 1; row 25; column 9,review_required
S027,217d731bacf8971f6d53204b7903227b632c869ba27bbe2e5b37e1874d3beb36,,1,26,1,Bangladesh,HTML table 1; row 26; column 1,review_required
S027,217d731bacf8971f6d53204b7903227b632c869ba27bbe2e5b37e1874d3beb36,,1,26,2,SDGs Business Model Formulation Survey with the Private Sector for Introduction of Water Recycling Technology for Textile Dyeing Industry,HTML table 1; row 26; column 2,review_required
S027,217d731bacf8971f6d53204b7903227b632c869ba27bbe2e5b37e1874d3beb36,,1,26,3,SDGs-SS,HTML table 1; row 26; column 3,review_required
S027,217d731bacf8971f6d53204b7903227b632c869ba27bbe2e5b37e1874d3beb36,,1,26,4,2010,HTML table 1; row 26; column 4,review_required
S027,217d731bacf8971f6d53204b7903227b632c869ba27bbe2e5b37e1874d3beb36,,1,26,5,B,HTML table 1; row 26; column 5,review_required
S027,217d731bacf8971f6d53204b7903227b632c869ba27bbe2e5b37e1874d3beb36,,1,26,6,·Final Report (In Japanese)（10.6MB）,HTML table 1; row 26; column 6,review_required
S027,217d731bacf8971f6d53204b7903227b632c869ba27bbe2e5b37e1874d3beb36,,1,26,7,-,HTML table 1; row 26; column 7,review_required
S027,217d731bacf8971f6d53204b7903227b632c869ba27bbe2e5b37e1874d3beb36,,1,26,8,-,HTML table 1; row 26; column 8,review_required
S027,217d731bacf8971f6d53204b7903227b632c869ba27bbe2e5b37e1874d3beb36,,1,26,9,-,HTML table 1; row 26; column 9,review_required
S027,217d731bacf8971f6d53204b7903227b632c869ba27bbe2e5b37e1874d3beb36,,1,27,1,Bangladesh,HTML table 1; row 27; column 1,review_required
S027,217d731bacf8971f6d53204b7903227b632c869ba27bbe2e5b37e1874d3beb36,,1,27,2,Capacity Development Project for Participatory Water Resource Management through Integrated Rural Development,HTML table 1; row 27; column 2,review_required
S027,217d731bacf8971f6d53204b7903227b632c869ba27bbe2e5b37e1874d3beb36,,1,27,3,TCP,HTML table 1; row 27; column 3,review_required
S027,217d731bacf8971f6d53204b7903227b632c869ba27bbe2e5b37e1874d3beb36,,1,27,4,2010,HTML table 1; row 27; column 4,review_required
S027,217d731bacf8971f6d53204b7903227b632c869ba27bbe2e5b37e1874d3beb36,,1,27,5,B,HTML table 1; row 27; column 5,review_required
S027,217d731bacf8971f6d53204b7903227b632c869ba27bbe2e5b37e1874d3beb36,,1,27,6,-,HTML table 1; row 27; column 6,review_required
S027,217d731bacf8971f6d53204b7903227b632c869ba27bbe2e5b37e1874d3beb36,,1,27,7,-,HTML table 1; row 27; column 7,review_required
S027,217d731bacf8971f6d53204b7903227b632c869ba27bbe2e5b37e1874d3beb36,,1,27,8,-,HTML table 1; row 27; column 8,review_required
S027,217d731bacf8971f6d53204b7903227b632c869ba27bbe2e5b37e1874d3beb36,,1,27,9,-,HTML table 1; row 27; column 9,review_required
S027,217d731bacf8971f6d53204b7903227b632c869ba27bbe2e5b37e1874d3beb36,,1,28,1,Bangladesh,HTML table 1; row 28; column 1,review_required
S027,217d731bacf8971f6d53204b7903227b632c869ba27bbe2e5b37e1874d3beb36,,1,28,2,Capacity Development Project for Participatory Water Resources Management through Integrated Rural Development,HTML table 1; row 28; column 2,review_required
S027,217d731bacf8971f6d53204b7903227b632c869ba27bbe2e5b37e1874d3beb36,,1,28,3,TCP,HTML table 1; row 28; column 3,review_required
S027,217d731bacf8971f6d53204b7903227b632c869ba27bbe2e5b37e1874d3beb36,,1,28,4,2010,HTML table 1; row 28; column 4,review_required
S027,217d731bacf8971f6d53204b7903227b632c869ba27bbe2e5b37e1874d3beb36,,1,28,5,B,HTML table 1; row 28; column 5,review_required
S027,217d731bacf8971f6d53204b7903227b632c869ba27bbe2e5b37e1874d3beb36,,1,28,6,-,HTML table 1; row 28; column 6,review_required
S027,217d731bacf8971f6d53204b7903227b632c869ba27bbe2e5b37e1874d3beb36,,1,28,7,-,HTML table 1; row 28; column 7,review_required
S027,217d731bacf8971f6d53204b7903227b632c869ba27bbe2e5b37e1874d3beb36,,1,28,8,-,HTML table 1; row 28; column 8,review_required
S027,217d731bacf8971f6d53204b7903227b632c869ba27bbe2e5b37e1874d3beb36,,1,28,9,·Environmental Monitoring Report (PDF/134KB),HTML table 1; row 28; column 9,review_required
S027,217d731bacf8971f6d53204b7903227b632c869ba27bbe2e5b37e1874d3beb36,,1,29,1,Bangladesh,HTML table 1; row 29; column 1,review_required
S027,217d731bacf8971f6d53204b7903227b632c869ba27bbe2e5b37e1874d3beb36,,1,29,2,The Project for Building Disaster Resilience Organization on Comprehensive River Maintenance with Development of Sustainable Riverbank Protection and Institution Technology,HTML table 1; row 29; column 2,review_required
S027,217d731bacf8971f6d53204b7903227b632c869ba27bbe2e5b37e1874d3beb36,,1,29,3,TCP,HTML table 1; row 29; column 3,review_required
S027,217d731bacf8971f6d53204b7903227b632c869ba27bbe2e5b37e1874d3beb36,,1,29,4,2010,HTML table 1; row 29; column 4,review_required
S027,217d731bacf8971f6d53204b7903227b632c869ba27bbe2e5b37e1874d3beb36,,1,29,5,B,HTML table 1; row 29; column 5,review_required
S027,217d731bacf8971f6d53204b7903227b632c869ba27bbe2e5b37e1874d3beb36,,1,29,6,-,HTML table 1; row 29; column 6,review_required
S027,217d731bacf8971f6d53204b7903227b632c869ba27bbe2e5b37e1874d3beb36,,1,29,7,-,HTML table 1; row 29; column 7,review_required
S027,217d731bacf8971f6d53204b7903227b632c869ba27bbe2e5b37e1874d3beb36,,1,29,8,-,HTML table 1; row 29; column 8,review_required
S027,217d731bacf8971f6d53204b7903227b632c869ba27bbe2e5b37e1874d3beb36,,1,29,9,-,HTML table 1; row 29; column 9,review_required
S027,217d731bacf8971f6d53204b7903227b632c869ba27bbe2e5b37e1874d3beb36,,1,30,1,Bangladesh,HTML table 1; row 30; column 1,review_required
S027,217d731bacf8971f6d53204b7903227b632c869ba27bbe2e5b37e1874d3beb36,,1,30,2,Project for Development Study and Capacity Enhancement of Bangladesh Economic Zone Development Plan Authority,HTML table 1; row 30; column 2,review_required
S027,217d731bacf8971f6d53204b7903227b632c869ba27bbe2e5b37e1874d3beb36,,1,30,3,TCDP,HTML table 1; row 30; column 3,review_required
S027,217d731bacf8971f6d53204b7903227b632c869ba27bbe2e5b37e1874d3beb36,,1,30,4,2010,HTML table 1; row 30; column 4,review_required
S027,217d731bacf8971f6d53204b7903227b632c869ba27bbe2e5b37e1874d3beb36,,1,30,5,B,HTML table 1; row 30; column 5,review_required
S027,217d731bacf8971f6d53204b7903227b632c869ba27bbe2e5b37e1874d3beb36,,1,30,6,-,HTML table 1; row 30; column 6,review_required
S027,217d731bacf8971f6d53204b7903227b632c869ba27bbe2e5b37e1874d3beb36,,1,30,7,-,HTML table 1; row 30; column 7,review_required
S027,217d731bacf8971f6d53204b7903227b632c869ba27bbe2e5b37e1874d3beb36,,1,30,8,-,HTML table 1; row 30; column 8,review_required
S027,217d731bacf8971f6d53204b7903227b632c869ba27bbe2e5b37e1874d3beb36,,1,30,9,-,HTML table 1; row 30; column 9,review_required
S027,217d731bacf8971f6d53204b7903227b632c869ba27bbe2e5b37e1874d3beb36,,1,31,1,Bangladesh,HTML table 1; row 31; column 1,review_required
S027,217d731bacf8971f6d53204b7903227b632c869ba27bbe2e5b37e1874d3beb36,,1,31,2,Project for Development of Policy and Guidelines for Transit Oriented Development along Mass Transit Corridors,HTML table 1; row 31; column 2,review_required
S027,217d731bacf8971f6d53204b7903227b632c869ba27bbe2e5b37e1874d3beb36,,1,31,3,TCDP,HTML table 1; row 31; column 3,review_required
S027,217d731bacf8971f6d53204b7903227b632c869ba27bbe2e5b37e1874d3beb36,,1,31,4,2010,HTML table 1; row 31; column 4,review_required
S027,217d731bacf8971f6d53204b7903227b632c869ba27bbe2e5b37e1874d3beb36,,1,31,5,B,HTML table 1; row 31; column 5,review_required
S027,217d731bacf8971f6d53204b7903227b632c869ba27bbe2e5b37e1874d3beb36,,1,31,6,-,HTML table 1; row 31; column 6,review_required
S027,217d731bacf8971f6d53204b7903227b632c869ba27bbe2e5b37e1874d3beb36,,1,31,7,-,HTML table 1; row 31; column 7,review_required
S027,217d731bacf8971f6d53204b7903227b632c869ba27bbe2e5b37e1874d3beb36,,1,31,8,-,HTML table 1; row 31; column 8,review_required
S027,217d731bacf8971f6d53204b7903227b632c869ba27bbe2e5b37e1874d3beb36,,1,31,9,-,HTML table 1; row 31; column 9,review_required
S027,217d731bacf8971f6d53204b7903227b632c869ba27bbe2e5b37e1874d3beb36,,1,32,1,Bangladesh,HTML table 1; row 32; column 1,review_required
S027,217d731bacf8971f6d53204b7903227b632c869ba27bbe2e5b37e1874d3beb36,,1,32,2,The Integrated Energy and Power Master Plan Project,HTML table 1; row 32; column 2,review_required
S027,217d731bacf8971f6d53204b7903227b632c869ba27bbe2e5b37e1874d3beb36,,1,32,3,TCDP,HTML table 1; row 32; column 3,review_required
S027,217d731bacf8971f6d53204b7903227b632c869ba27bbe2e5b37e1874d3beb36,,1,32,4,2010,HTML table 1; row 32; column 4,review_required
S027,217d731bacf8971f6d53204b7903227b632c869ba27bbe2e5b37e1874d3beb36,,1,32,5,B,HTML table 1; row 32; column 5,review_required
S027,217d731bacf8971f6d53204b7903227b632c869ba27bbe2e5b37e1874d3beb36,,1,32,6,·Environmental Social Considerations in Detailed Planning Survey (PDF/1.12MB),HTML table 1; row 32; column 6,review_required
S027,217d731bacf8971f6d53204b7903227b632c869ba27bbe2e5b37e1874d3beb36,,1,32,7,-,HTML table 1; row 32; column 7,review_required
S027,217d731bacf8971f6d53204b7903227b632c869ba27bbe2e5b37e1874d3beb36,,1,32,8,-,HTML table 1; row 32; column 8,review_required
S027,217d731bacf8971f6d53204b7903227b632c869ba27bbe2e5b37e1874d3beb36,,1,32,9,-,HTML table 1; row 32; column 9,review_required
S027,217d731bacf8971f6d53204b7903227b632c869ba27bbe2e5b37e1874d3beb36,,1,33,1,Bangladesh,HTML table 1; row 33; column 1,review_required
S027,217d731bacf8971f6d53204b7903227b632c869ba27bbe2e5b37e1874d3beb36,,1,33,2,The Project for Capacity Development of Management for Sustainable Water Related Infrastructure,HTML table 1; row 33; column 2,review_required
S027,217d731bacf8971f6d53204b7903227b632c869ba27bbe2e5b37e1874d3beb36,,1,33,3,TCDP,HTML table 1; row 33; column 3,review_required
S027,217d731bacf8971f6d53204b7903227b632c869ba27bbe2e5b37e1874d3beb36,,1,33,4,2010,HTML table 1; row 33; column 4,review_required
S027,217d731bacf8971f6d53204b7903227b632c869ba27bbe2e5b37e1874d3beb36,,1,33,5,B,HTML table 1; row 33; column 5,review_required
S027,217d731bacf8971f6d53204b7903227b632c869ba27bbe2e5b37e1874d3beb36,,1,33,6,-,HTML table 1; row 33; column 6,review_required
S027,217d731bacf8971f6d53204b7903227b632c869ba27bbe2e5b37e1874d3beb36,,1,33,7,-,HTML table 1; row 33; column 7,review_required
S027,217d731bacf8971f6d53204b7903227b632c869ba27bbe2e5b37e1874d3beb36,,1,33,8,-,HTML table 1; row 33; column 8,review_required
S027,217d731bacf8971f6d53204b7903227b632c869ba27bbe2e5b37e1874d3beb36,,1,33,9,-,HTML table 1; row 33; column 9,review_required
S027,217d731bacf8971f6d53204b7903227b632c869ba27bbe2e5b37e1874d3beb36,,1,34,1,Bangladesh,HTML table 1; row 34; column 1,review_required
S027,217d731bacf8971f6d53204b7903227b632c869ba27bbe2e5b37e1874d3beb36,,1,34,2,The Project for Developing Inclusive City Government for City Corporations,HTML table 1; row 34; column 2,review_required
S027,217d731bacf8971f6d53204b7903227b632c869ba27bbe2e5b37e1874d3beb36,,1,34,3,TCDP,HTML table 1; row 34; column 3,review_required
S027,217d731bacf8971f6d53204b7903227b632c869ba27bbe2e5b37e1874d3beb36,,1,34,4,2010,HTML table 1; row 34; column 4,review_required
S027,217d731bacf8971f6d53204b7903227b632c869ba27bbe2e5b37e1874d3beb36,,1,34,5,B,HTML table 1; row 34; column 5,review_required
S027,217d731bacf8971f6d53204b7903227b632c869ba27bbe2e5b37e1874d3beb36,,1,34,6,-,HTML table 1; row 34; column 6,review_required
S027,217d731bacf8971f6d53204b7903227b632c869ba27bbe2e5b37e1874d3beb36,,1,34,7,-,HTML table 1; row 34; column 7,review_required
S027,217d731bacf8971f6d53204b7903227b632c869ba27bbe2e5b37e1874d3beb36,,1,34,8,-,HTML table 1; row 34; column 8,review_required
S027,217d731bacf8971f6d53204b7903227b632c869ba27bbe2e5b37e1874d3beb36,,1,34,9,-,HTML table 1; row 34; column 9,review_required
S027,217d731bacf8971f6d53204b7903227b632c869ba27bbe2e5b37e1874d3beb36,,1,35,1,Bangladesh,HTML table 1; row 35; column 1,review_required
S027,217d731bacf8971f6d53204b7903227b632c869ba27bbe2e5b37e1874d3beb36,,1,35,2,Bangladesh FSRU Project,HTML table 1; row 35; column 2,review_required
S027,217d731bacf8971f6d53204b7903227b632c869ba27bbe2e5b37e1874d3beb36,,1,35,3,L,HTML table 1; row 35; column 3,review_required
S027,217d731bacf8971f6d53204b7903227b632c869ba27bbe2e5b37e1874d3beb36,,1,35,4,2010,HTML table 1; row 35; column 4,review_required
S027,217d731bacf8971f6d53204b7903227b632c869ba27bbe2e5b37e1874d3beb36,,1,35,5,B,HTML table 1; row 35; column 5,review_required
S027,217d731bacf8971f6d53204b7903227b632c869ba27bbe2e5b37e1874d3beb36,,1,35,6,-,HTML table 1; row 35; column 6,review_required
S027,217d731bacf8971f6d53204b7903227b632c869ba27bbe2e5b37e1874d3beb36,,1,35,7,-,HTML table 1; row 35; column 7,review_required
S027,217d731bacf8971f6d53204b7903227b632c869ba27bbe2e5b37e1874d3beb36,,1,35,8,-,HTML table 1; row 35; column 8,review_required
S027,217d731bacf8971f6d53204b7903227b632c869ba27bbe2e5b37e1874d3beb36,,1,35,9,-,HTML table 1; row 35; column 9,review_required
S027,217d731bacf8971f6d53204b7903227b632c869ba27bbe2e5b37e1874d3beb36,,1,36,1,Bangladesh,HTML table 1; row 36; column 1,review_required
S027,217d731bacf8971f6d53204b7903227b632c869ba27bbe2e5b37e1874d3beb36,,1,36,2,Cross-Border Road Network Improvement Project（Bangladesh）,HTML table 1; row 36; column 2,review_required
S027,217d731bacf8971f6d53204b7903227b632c869ba27bbe2e5b37e1874d3beb36,,1,36,3,L,HTML table 1; row 36; column 3,review_required
S027,217d731bacf8971f6d53204b7903227b632c869ba27bbe2e5b37e1874d3beb36,,1,36,4,2010,HTML table 1; row 36; column 4,review_required
S027,217d731bacf8971f6d53204b7903227b632c869ba27bbe2e5b37e1874d3beb36,,1,36,5,B,HTML table 1; row 36; column 5,review_required
S027,217d731bacf8971f6d53204b7903227b632c869ba27bbe2e5b37e1874d3beb36,,1,36,6,-,HTML table 1; row 36; column 6,review_required
S027,217d731bacf8971f6d53204b7903227b632c869ba27bbe2e5b37e1874d3beb36,,1,36,7,-,HTML table 1; row 36; column 7,review_required
S027,217d731bacf8971f6d53204b7903227b632c869ba27bbe2e5b37e1874d3beb36,,1,36,8,·Environmental Review,HTML table 1; row 36; column 8,review_required
S027,217d731bacf8971f6d53204b7903227b632c869ba27bbe2e5b37e1874d3beb36,,1,36,9,-,HTML table 1; row 36; column 9,review_required
S027,217d731bacf8971f6d53204b7903227b632c869ba27bbe2e5b37e1874d3beb36,,1,37,1,Bangladesh,HTML table 1; row 37; column 1,review_required
S027,217d731bacf8971f6d53204b7903227b632c869ba27bbe2e5b37e1874d3beb36,,1,37,2,Dhaka Underground Substation Construction Project,HTML table 1; row 37; column 2,review_required
S027,217d731bacf8971f6d53204b7903227b632c869ba27bbe2e5b37e1874d3beb36,,1,37,3,L,HTML table 1; row 37; column 3,review_required
S027,217d731bacf8971f6d53204b7903227b632c869ba27bbe2e5b37e1874d3beb36,,1,37,4,2010,HTML table 1; row 37; column 4,review_required
S027,217d731bacf8971f6d53204b7903227b632c869ba27bbe2e5b37e1874d3beb36,,1,37,5,B,HTML table 1; row 37; column 5,review_required
S027,217d731bacf8971f6d53204b7903227b632c869ba27bbe2e5b37e1874d3beb36,,1,37,6,-,HTML table 1; row 37; column 6,review_required
S027,217d731bacf8971f6d53204b7903227b632c869ba27bbe2e5b37e1874d3beb36,,1,37,7,-,HTML table 1; row 37; column 7,review_required
S027,217d731bacf8971f6d53204b7903227b632c869ba27bbe2e5b37e1874d3beb36,,1,37,8,·Environmental Review(PDF/143KB),HTML table 1; row 37; column 8,review_required
S027,217d731bacf8971f6d53204b7903227b632c869ba27bbe2e5b37e1874d3beb36,,1,37,9,-,HTML table 1; row 37; column 9,review_required
S027,217d731bacf8971f6d53204b7903227b632c869ba27bbe2e5b37e1874d3beb36,,1,38,1,Bangladesh,HTML table 1; row 38; column 1,review_required
S027,217d731bacf8971f6d53204b7903227b632c869ba27bbe2e5b37e1874d3beb36,,1,38,2,Dhaka-Chittagong Main Power Grid Strengthening Project,HTML table 1; row 38; column 2,review_required
S027,217d731bacf8971f6d53204b7903227b632c869ba27bbe2e5b37e1874d3beb36,,1,38,3,L,HTML table 1; row 38; column 3,review_required
S027,217d731bacf8971f6d53204b7903227b632c869ba27bbe2e5b37e1874d3beb36,,1,38,4,2010,HTML table 1; row 38; column 4,review_required
S027,217d731bacf8971f6d53204b7903227b632c869ba27bbe2e5b37e1874d3beb36,,1,38,5,B,HTML table 1; row 38; column 5,review_required
S027,217d731bacf8971f6d53204b7903227b632c869ba27bbe2e5b37e1874d3beb36,,1,38,6,-,HTML table 1; row 38; column 6,review_required
S027,217d731bacf8971f6d53204b7903227b632c869ba27bbe2e5b37e1874d3beb36,,1,38,7,-,HTML table 1; row 38; column 7,review_required
S027,217d731bacf8971f6d53204b7903227b632c869ba27bbe2e5b37e1874d3beb36,,1,38,8,·Environmental Review(PDF/205KB),HTML table 1; row 38; column 8,review_required
S027,217d731bacf8971f6d53204b7903227b632c869ba27bbe2e5b37e1874d3beb36,,1,38,9,-,HTML table 1; row 38; column 9,review_required
S027,217d731bacf8971f6d53204b7903227b632c869ba27bbe2e5b37e1874d3beb36,,1,39,1,Bangladesh,HTML table 1; row 39; column 1,review_required
S027,217d731bacf8971f6d53204b7903227b632c869ba27bbe2e5b37e1874d3beb36,,1,39,2,Haor Flood Management and Livelihood Improvement Project,HTML table 1; row 39; column 2,review_required
S027,217d731bacf8971f6d53204b7903227b632c869ba27bbe2e5b37e1874d3beb36,,1,39,3,L,HTML table 1; row 39; column 3,review_required
S027,217d731bacf8971f6d53204b7903227b632c869ba27bbe2e5b37e1874d3beb36,,1,39,4,2010,HTML table 1; row 39; column 4,review_required
S027,217d731bacf8971f6d53204b7903227b632c869ba27bbe2e5b37e1874d3beb36,,1,39,5,B,HTML table 1; row 39; column 5,review_required
S027,217d731bacf8971f6d53204b7903227b632c869ba27bbe2e5b37e1874d3beb36,,1,39,6,·Preparatory survey on upper Meghna river basin watershed management improvement project in the People's Republic of Bangladesh : final report (Vol.1) ·(Vol.2),HTML table 1; row 39; column 6,review_required
S027,217d731bacf8971f6d53204b7903227b632c869ba27bbe2e5b37e1874d3beb36,,1,39,7,-,HTML table 1; row 39; column 7,review_required
S027,217d731bacf8971f6d53204b7903227b632c869ba27bbe2e5b37e1874d3beb36,,1,39,8,·Environmental Review (PDF/68KB),HTML table 1; row 39; column 8,review_required
S027,217d731bacf8971f6d53204b7903227b632c869ba27bbe2e5b37e1874d3beb36,,1,39,9,-,HTML table 1; row 39; column 9,review_required
S027,217d731bacf8971f6d53204b7903227b632c869ba27bbe2e5b37e1874d3beb36,,1,40,1,Bangladesh,HTML table 1; row 40; column 1,review_required
S027,217d731bacf8971f6d53204b7903227b632c869ba27bbe2e5b37e1874d3beb36,,1,40,2,Hazrat Shahjalal International Airport Expansion Project,HTML table 1; row 40; column 2,review_required
S027,217d731bacf8971f6d53204b7903227b632c869ba27bbe2e5b37e1874d3beb36,,1,40,3,L,HTML table 1; row 40; column 3,review_required
S027,217d731bacf8971f6d53204b7903227b632c869ba27bbe2e5b37e1874d3beb36,,1,40,4,2010,HTML table 1; row 40; column 4,review_required
S027,217d731bacf8971f6d53204b7903227b632c869ba27bbe2e5b37e1874d3beb36,,1,40,5,B,HTML table 1; row 40; column 5,review_required
S027,217d731bacf8971f6d53204b7903227b632c869ba27bbe2e5b37e1874d3beb36,,1,40,6,-,HTML table 1; row 40; column 6,review_required
S027,217d731bacf8971f6d53204b7903227b632c869ba27bbe2e5b37e1874d3beb36,,1,40,7,"·EIA(Jun. 23, 2020) (PDF/14.3MB) ·EPC(Jun. 23, 2020) (PDF/239KB)",HTML table 1; row 40; column 7,review_required
S027,217d731bacf8971f6d53204b7903227b632c869ba27bbe2e5b37e1874d3beb36,,1,40,8,·Environmental Review (PDF/315KB),HTML table 1; row 40; column 8,review_required
S027,217d731bacf8971f6d53204b7903227b632c869ba27bbe2e5b37e1874d3beb36,,1,40,9,-,HTML table 1; row 40; column 9,review_required
S027,217d731bacf8971f6d53204b7903227b632c869ba27bbe2e5b37e1874d3beb36,,1,41,1,Bangladesh,HTML table 1; row 41; column 1,review_required
S027,217d731bacf8971f6d53204b7903227b632c869ba27bbe2e5b37e1874d3beb36,,1,41,2,Inclusive City Governance Project,HTML table 1; row 41; column 2,review_required
S027,217d731bacf8971f6d53204b7903227b632c869ba27bbe2e5b37e1874d3beb36,,1,41,3,L,HTML table 1; row 41; column 3,review_required
S027,217d731bacf8971f6d53204b7903227b632c869ba27bbe2e5b37e1874d3beb36,,1,41,4,2010,HTML table 1; row 41; column 4,review_required
S027,217d731bacf8971f6d53204b7903227b632c869ba27bbe2e5b37e1874d3beb36,,1,41,5,B,HTML table 1; row 41; column 5,review_required
S027,217d731bacf8971f6d53204b7903227b632c869ba27bbe2e5b37e1874d3beb36,,1,41,6,-,HTML table 1; row 41; column 6,review_required
S027,217d731bacf8971f6d53204b7903227b632c869ba27bbe2e5b37e1874d3beb36,,1,41,7,-,HTML table 1; row 41; column 7,review_required
S027,217d731bacf8971f6d53204b7903227b632c869ba27bbe2e5b37e1874d3beb36,,1,41,8,·Environmental Review (PDF/70KB),HTML table 1; row 41; column 8,review_required
S027,217d731bacf8971f6d53204b7903227b632c869ba27bbe2e5b37e1874d3beb36,,1,41,9,-,HTML table 1; row 41; column 9,review_required
S027,217d731bacf8971f6d53204b7903227b632c869ba27bbe2e5b37e1874d3beb36,,1,42,1,Bangladesh,HTML table 1; row 42; column 1,review_required
S027,217d731bacf8971f6d53204b7903227b632c869ba27bbe2e5b37e1874d3beb36,,1,42,2,Karnaphuli Water Supply Project (Phase2),HTML table 1; row 42; column 2,review_required
S027,217d731bacf8971f6d53204b7903227b632c869ba27bbe2e5b37e1874d3beb36,,1,42,3,L,HTML table 1; row 42; column 3,review_required
S027,217d731bacf8971f6d53204b7903227b632c869ba27bbe2e5b37e1874d3beb36,,1,42,4,2010,HTML table 1; row 42; column 4,review_required
S027,217d731bacf8971f6d53204b7903227b632c869ba27bbe2e5b37e1874d3beb36,,1,42,5,B,HTML table 1; row 42; column 5,review_required
S027,217d731bacf8971f6d53204b7903227b632c869ba27bbe2e5b37e1874d3beb36,,1,42,6,-,HTML table 1; row 42; column 6,review_required
S027,217d731bacf8971f6d53204b7903227b632c869ba27bbe2e5b37e1874d3beb36,,1,42,7,-,HTML table 1; row 42; column 7,review_required
S027,217d731bacf8971f6d53204b7903227b632c869ba27bbe2e5b37e1874d3beb36,,1,42,8,·Environmental Review (PDF/70KB),HTML table 1; row 42; column 8,review_required
S027,217d731bacf8971f6d53204b7903227b632c869ba27bbe2e5b37e1874d3beb36,,1,42,9,-,HTML table 1; row 42; column 9,review_required
S027,217d731bacf8971f6d53204b7903227b632c869ba27bbe2e5b37e1874d3beb36,,1,43,1,Bangladesh,HTML table 1; row 43; column 1,review_required
S027,217d731bacf8971f6d53204b7903227b632c869ba27bbe2e5b37e1874d3beb36,,1,43,2,Mirsharai Steel Plant Construction Project,HTML table 1; row 43; column 2,review_required
S027,217d731bacf8971f6d53204b7903227b632c869ba27bbe2e5b37e1874d3beb36,,1,43,3,L,HTML table 1; row 43; column 3,review_required
S027,217d731bacf8971f6d53204b7903227b632c869ba27bbe2e5b37e1874d3beb36,,1,43,4,2010,HTML table 1; row 43; column 4,review_required
S027,217d731bacf8971f6d53204b7903227b632c869ba27bbe2e5b37e1874d3beb36,,1,43,5,B,HTML table 1; row 43; column 5,review_required
S027,217d731bacf8971f6d53204b7903227b632c869ba27bbe2e5b37e1874d3beb36,,1,43,6,-,HTML table 1; row 43; column 6,review_required
S027,217d731bacf8971f6d53204b7903227b632c869ba27bbe2e5b37e1874d3beb36,,1,43,7,·Mirsharai Steel Plant Construction Project_EIA Report (PDF/22.7MB),HTML table 1; row 43; column 7,review_required
S027,217d731bacf8971f6d53204b7903227b632c869ba27bbe2e5b37e1874d3beb36,,1,43,8,-,HTML table 1; row 43; column 8,review_required
S027,217d731bacf8971f6d53204b7903227b632c869ba27bbe2e5b37e1874d3beb36,,1,43,9,-,HTML table 1; row 43; column 9,review_required
S027,217d731bacf8971f6d53204b7903227b632c869ba27bbe2e5b37e1874d3beb36,,1,44,1,Bangladesh,HTML table 1; row 44; column 1,review_required
S027,217d731bacf8971f6d53204b7903227b632c869ba27bbe2e5b37e1874d3beb36,,1,44,2,National Power Transmission Development Project,HTML table 1; row 44; column 2,review_required
S027,217d731bacf8971f6d53204b7903227b632c869ba27bbe2e5b37e1874d3beb36,,1,44,3,L,HTML table 1; row 44; column 3,review_required
S027,217d731bacf8971f6d53204b7903227b632c869ba27bbe2e5b37e1874d3beb36,,1,44,4,2010,HTML table 1; row 44; column 4,review_required
S027,217d731bacf8971f6d53204b7903227b632c869ba27bbe2e5b37e1874d3beb36,,1,44,5,B,HTML table 1; row 44; column 5,review_required
S027,217d731bacf8971f6d53204b7903227b632c869ba27bbe2e5b37e1874d3beb36,,1,44,6,-,HTML table 1; row 44; column 6,review_required
S027,217d731bacf8971f6d53204b7903227b632c869ba27bbe2e5b37e1874d3beb36,,1,44,7,-,HTML table 1; row 44; column 7,review_required
S027,217d731bacf8971f6d53204b7903227b632c869ba27bbe2e5b37e1874d3beb36,,1,44,8,·Environmetal Review(PDF/76KB),HTML table 1; row 44; column 8,review_required
S027,217d731bacf8971f6d53204b7903227b632c869ba27bbe2e5b37e1874d3beb36,,1,44,9,-,HTML table 1; row 44; column 9,review_required
S027,217d731bacf8971f6d53204b7903227b632c869ba27bbe2e5b37e1874d3beb36,,1,45,1,Bangladesh,HTML table 1; row 45; column 1,review_required
S027,217d731bacf8971f6d53204b7903227b632c869ba27bbe2e5b37e1874d3beb36,,1,45,2,Natural Gas Efficiency Project,HTML table 1; row 45; column 2,review_required
S027,217d731bacf8971f6d53204b7903227b632c869ba27bbe2e5b37e1874d3beb36,,1,45,3,L,HTML table 1; row 45; column 3,review_required
S027,217d731bacf8971f6d53204b7903227b632c869ba27bbe2e5b37e1874d3beb36,,1,45,4,2010,HTML table 1; row 45; column 4,review_required
S027,217d731bacf8971f6d53204b7903227b632c869ba27bbe2e5b37e1874d3beb36,,1,45,5,B,HTML table 1; row 45; column 5,review_required
S027,217d731bacf8971f6d53204b7903227b632c869ba27bbe2e5b37e1874d3beb36,,1,45,6,·Preparatory Survey (PDF/5.95KB),HTML table 1; row 45; column 6,review_required
S027,217d731bacf8971f6d53204b7903227b632c869ba27bbe2e5b37e1874d3beb36,,1,45,7,-,HTML table 1; row 45; column 7,review_required
S027,217d731bacf8971f6d53204b7903227b632c869ba27bbe2e5b37e1874d3beb36,,1,45,8,·Environmental Review (PDF/73KB),HTML table 1; row 45; column 8,review_required
S027,217d731bacf8971f6d53204b7903227b632c869ba27bbe2e5b37e1874d3beb36,,1,45,9,-,HTML table 1; row 45; column 9,review_required
S027,217d731bacf8971f6d53204b7903227b632c869ba27bbe2e5b37e1874d3beb36,,1,46,1,Bangladesh,HTML table 1; row 46; column 1,review_required
S027,217d731bacf8971f6d53204b7903227b632c869ba27bbe2e5b37e1874d3beb36,,1,46,2,Pabna Solar Power Project,HTML table 1; row 46; column 2,review_required
S027,217d731bacf8971f6d53204b7903227b632c869ba27bbe2e5b37e1874d3beb36,,1,46,3,L,HTML table 1; row 46; column 3,review_required
S027,217d731bacf8971f6d53204b7903227b632c869ba27bbe2e5b37e1874d3beb36,,1,46,4,2022,HTML table 1; row 46; column 4,review_required
S027,217d731bacf8971f6d53204b7903227b632c869ba27bbe2e5b37e1874d3beb36,,1,46,5,B,HTML table 1; row 46; column 5,review_required
S027,217d731bacf8971f6d53204b7903227b632c869ba27bbe2e5b37e1874d3beb36,,1,46,6,-,HTML table 1; row 46; column 6,review_required
S027,217d731bacf8971f6d53204b7903227b632c869ba27bbe2e5b37e1874d3beb36,,1,46,7,-,HTML table 1; row 46; column 7,review_required
S027,217d731bacf8971f6d53204b7903227b632c869ba27bbe2e5b37e1874d3beb36,,1,46,8,-,HTML table 1; row 46; column 8,review_required
S027,217d731bacf8971f6d53204b7903227b632c869ba27bbe2e5b37e1874d3beb36,,1,46,9,-,HTML table 1; row 46; column 9,review_required
S027,217d731bacf8971f6d53204b7903227b632c869ba27bbe2e5b37e1874d3beb36,,1,47,1,Bangladesh,HTML table 1; row 47; column 1,review_required
S027,217d731bacf8971f6d53204b7903227b632c869ba27bbe2e5b37e1874d3beb36,,1,47,2,Preparatory Survey for the Construction and Operation of Imported Coal Transshipment Terminal Project in Matarbari Area,HTML table 1; row 47; column 2,review_required
S027,217d731bacf8971f6d53204b7903227b632c869ba27bbe2e5b37e1874d3beb36,,1,47,3,L,HTML table 1; row 47; column 3,review_required
S027,217d731bacf8971f6d53204b7903227b632c869ba27bbe2e5b37e1874d3beb36,,1,47,4,2010,HTML table 1; row 47; column 4,review_required
S027,217d731bacf8971f6d53204b7903227b632c869ba27bbe2e5b37e1874d3beb36,,1,47,5,B,HTML table 1; row 47; column 5,review_required
S027,217d731bacf8971f6d53204b7903227b632c869ba27bbe2e5b37e1874d3beb36,,1,47,6,-,HTML table 1; row 47; column 6,review_required
S027,217d731bacf8971f6d53204b7903227b632c869ba27bbe2e5b37e1874d3beb36,,1,47,7,-,HTML table 1; row 47; column 7,review_required
S027,217d731bacf8971f6d53204b7903227b632c869ba27bbe2e5b37e1874d3beb36,,1,47,8,-,HTML table 1; row 47; column 8,review_required
S027,217d731bacf8971f6d53204b7903227b632c869ba27bbe2e5b37e1874d3beb36,,1,47,9,-,HTML table 1; row 47; column 9,review_required
S027,217d731bacf8971f6d53204b7903227b632c869ba27bbe2e5b37e1874d3beb36,,1,48,1,Bangladesh,HTML table 1; row 48; column 1,review_required
S027,217d731bacf8971f6d53204b7903227b632c869ba27bbe2e5b37e1874d3beb36,,1,48,2,Southern Chattogram Regional Development Project,HTML table 1; row 48; column 2,review_required
S027,217d731bacf8971f6d53204b7903227b632c869ba27bbe2e5b37e1874d3beb36,,1,48,3,L,HTML table 1; row 48; column 3,review_required
S027,217d731bacf8971f6d53204b7903227b632c869ba27bbe2e5b37e1874d3beb36,,1,48,4,2010,HTML table 1; row 48; column 4,review_required
S027,217d731bacf8971f6d53204b7903227b632c869ba27bbe2e5b37e1874d3beb36,,1,48,5,B,HTML table 1; row 48; column 5,review_required
S027,217d731bacf8971f6d53204b7903227b632c869ba27bbe2e5b37e1874d3beb36,,1,48,6,-,HTML table 1; row 48; column 6,review_required
S027,217d731bacf8971f6d53204b7903227b632c869ba27bbe2e5b37e1874d3beb36,,1,48,7,-,HTML table 1; row 48; column 7,review_required
S027,217d731bacf8971f6d53204b7903227b632c869ba27bbe2e5b37e1874d3beb36,,1,48,8,-,HTML table 1; row 48; column 8,review_required
S027,217d731bacf8971f6d53204b7903227b632c869ba27bbe2e5b37e1874d3beb36,,1,48,9,-,HTML table 1; row 48; column 9,review_required
S027,217d731bacf8971f6d53204b7903227b632c869ba27bbe2e5b37e1874d3beb36,,1,49,1,Bangladesh,HTML table 1; row 49; column 1,review_required
S027,217d731bacf8971f6d53204b7903227b632c869ba27bbe2e5b37e1874d3beb36,,1,49,2,Urban Development and City Development Project,HTML table 1; row 49; column 2,review_required
S027,217d731bacf8971f6d53204b7903227b632c869ba27bbe2e5b37e1874d3beb36,,1,49,3,L,HTML table 1; row 49; column 3,review_required
S027,217d731bacf8971f6d53204b7903227b632c869ba27bbe2e5b37e1874d3beb36,,1,49,4,2010,HTML table 1; row 49; column 4,review_required
S027,217d731bacf8971f6d53204b7903227b632c869ba27bbe2e5b37e1874d3beb36,,1,49,5,B,HTML table 1; row 49; column 5,review_required
S027,217d731bacf8971f6d53204b7903227b632c869ba27bbe2e5b37e1874d3beb36,,1,49,6,-,HTML table 1; row 49; column 6,review_required
S027,217d731bacf8971f6d53204b7903227b632c869ba27bbe2e5b37e1874d3beb36,,1,49,7,-,HTML table 1; row 49; column 7,review_required
S027,217d731bacf8971f6d53204b7903227b632c869ba27bbe2e5b37e1874d3beb36,,1,49,8,-,HTML table 1; row 49; column 8,review_required
S027,217d731bacf8971f6d53204b7903227b632c869ba27bbe2e5b37e1874d3beb36,,1,49,9,-,HTML table 1; row 49; column 9,review_required
S027,217d731bacf8971f6d53204b7903227b632c869ba27bbe2e5b37e1874d3beb36,,1,50,1,Bangladesh,HTML table 1; row 50; column 1,review_required
S027,217d731bacf8971f6d53204b7903227b632c869ba27bbe2e5b37e1874d3beb36,,1,50,2,Western Bangladesh Bridges Improvement Project,HTML table 1; row 50; column 2,review_required
S027,217d731bacf8971f6d53204b7903227b632c869ba27bbe2e5b37e1874d3beb36,,1,50,3,L,HTML table 1; row 50; column 3,review_required
S027,217d731bacf8971f6d53204b7903227b632c869ba27bbe2e5b37e1874d3beb36,,1,50,4,2010,HTML table 1; row 50; column 4,review_required
S027,217d731bacf8971f6d53204b7903227b632c869ba27bbe2e5b37e1874d3beb36,,1,50,5,B,HTML table 1; row 50; column 5,review_required
S027,217d731bacf8971f6d53204b7903227b632c869ba27bbe2e5b37e1874d3beb36,,1,50,6,-,HTML table 1; row 50; column 6,review_required
S027,217d731bacf8971f6d53204b7903227b632c869ba27bbe2e5b37e1874d3beb36,,1,50,7,-,HTML table 1; row 50; column 7,review_required
S027,217d731bacf8971f6d53204b7903227b632c869ba27bbe2e5b37e1874d3beb36,,1,50,8,·Environmental Review (PDF/105KB),HTML table 1; row 50; column 8,review_required
S027,217d731bacf8971f6d53204b7903227b632c869ba27bbe2e5b37e1874d3beb36,,1,50,9,-,HTML table 1; row 50; column 9,review_required
S027,217d731bacf8971f6d53204b7903227b632c869ba27bbe2e5b37e1874d3beb36,,1,51,1,Bangladesh,HTML table 1; row 51; column 1,review_required
S027,217d731bacf8971f6d53204b7903227b632c869ba27bbe2e5b37e1874d3beb36,,1,51,2,Poverty Reduction Efforts,HTML table 1; row 51; column 2,review_required
S027,217d731bacf8971f6d53204b7903227b632c869ba27bbe2e5b37e1874d3beb36,,1,51,3,GA,HTML table 1; row 51; column 3,review_required
S027,217d731bacf8971f6d53204b7903227b632c869ba27bbe2e5b37e1874d3beb36,,1,51,4,2010,HTML table 1; row 51; column 4,review_required
S027,217d731bacf8971f6d53204b7903227b632c869ba27bbe2e5b37e1874d3beb36,,1,51,5,B,HTML table 1; row 51; column 5,review_required
S027,217d731bacf8971f6d53204b7903227b632c869ba27bbe2e5b37e1874d3beb36,,1,51,6,-,HTML table 1; row 51; column 6,review_required
S027,217d731bacf8971f6d53204b7903227b632c869ba27bbe2e5b37e1874d3beb36,,1,51,7,-,HTML table 1; row 51; column 7,review_required
S027,217d731bacf8971f6d53204b7903227b632c869ba27bbe2e5b37e1874d3beb36,,1,51,8,-,HTML table 1; row 51; column 8,review_required
S027,217d731bacf8971f6d53204b7903227b632c869ba27bbe2e5b37e1874d3beb36,,1,51,9,-,HTML table 1; row 51; column 9,review_required
S027,217d731bacf8971f6d53204b7903227b632c869ba27bbe2e5b37e1874d3beb36,,1,52,1,Bangladesh,HTML table 1; row 52; column 1,review_required
S027,217d731bacf8971f6d53204b7903227b632c869ba27bbe2e5b37e1874d3beb36,,1,52,2,The Project for the Improvement of Fish Landing Center of Bangladesh Fisheries Development Corporation in Cox’s Bazar District,HTML table 1; row 52; column 2,review_required
S027,217d731bacf8971f6d53204b7903227b632c869ba27bbe2e5b37e1874d3beb36,,1,52,3,GA,HTML table 1; row 52; column 3,review_required
S027,217d731bacf8971f6d53204b7903227b632c869ba27bbe2e5b37e1874d3beb36,,1,52,4,2010,HTML table 1; row 52; column 4,review_required
S027,217d731bacf8971f6d53204b7903227b632c869ba27bbe2e5b37e1874d3beb36,,1,52,5,B,HTML table 1; row 52; column 5,review_required
S027,217d731bacf8971f6d53204b7903227b632c869ba27bbe2e5b37e1874d3beb36,,1,52,6,"·PREPARATORY SURVEY ON THE PROJECT FOR IMPROVEMENT OF BANGLADESH FISHERIES DEVELOPMENT CORPORATION FISH LANDING CENTER, COX’S BAZAR IN BANGLADESH (PDF/14.9MB)",HTML table 1; row 52; column 6,review_required
S027,217d731bacf8971f6d53204b7903227b632c869ba27bbe2e5b37e1874d3beb36,,1,52,7,-,HTML table 1; row 52; column 7,review_required
S027,217d731bacf8971f6d53204b7903227b632c869ba27bbe2e5b37e1874d3beb36,,1,52,8,·Environmental Review (Japanese) (PDF/680KB),HTML table 1; row 52; column 8,review_required
S027,217d731bacf8971f6d53204b7903227b632c869ba27bbe2e5b37e1874d3beb36,,1,52,9,·Result of Environmental Monitoring (2025Q4) (PDF/112KB),HTML table 1; row 52; column 9,review_required
S027,217d731bacf8971f6d53204b7903227b632c869ba27bbe2e5b37e1874d3beb36,,1,53,1,Bangladesh,HTML table 1; row 53; column 1,review_required
S027,217d731bacf8971f6d53204b7903227b632c869ba27bbe2e5b37e1874d3beb36,,1,53,2,The Fourth Primary Education Development Program,HTML table 1; row 53; column 2,review_required
S027,217d731bacf8971f6d53204b7903227b632c869ba27bbe2e5b37e1874d3beb36,,1,53,3,GA,HTML table 1; row 53; column 3,review_required
S027,217d731bacf8971f6d53204b7903227b632c869ba27bbe2e5b37e1874d3beb36,,1,53,4,2010,HTML table 1; row 53; column 4,review_required
S027,217d731bacf8971f6d53204b7903227b632c869ba27bbe2e5b37e1874d3beb36,,1,53,5,B,HTML table 1; row 53; column 5,review_required
S027,217d731bacf8971f6d53204b7903227b632c869ba27bbe2e5b37e1874d3beb36,,1,53,6,-,HTML table 1; row 53; column 6,review_required
S027,217d731bacf8971f6d53204b7903227b632c869ba27bbe2e5b37e1874d3beb36,,1,53,7,-,HTML table 1; row 53; column 7,review_required
S027,217d731bacf8971f6d53204b7903227b632c869ba27bbe2e5b37e1874d3beb36,,1,53,8,-,HTML table 1; row 53; column 8,review_required
S027,217d731bacf8971f6d53204b7903227b632c869ba27bbe2e5b37e1874d3beb36,,1,53,9,-,HTML table 1; row 53; column 9,review_required
S027,217d731bacf8971f6d53204b7903227b632c869ba27bbe2e5b37e1874d3beb36,,1,54,1,Bangladesh,HTML table 1; row 54; column 1,review_required
S027,217d731bacf8971f6d53204b7903227b632c869ba27bbe2e5b37e1874d3beb36,,1,54,2,The Third Primary Education Development Programme,HTML table 1; row 54; column 2,review_required
S027,217d731bacf8971f6d53204b7903227b632c869ba27bbe2e5b37e1874d3beb36,,1,54,3,GA,HTML table 1; row 54; column 3,review_required
S027,217d731bacf8971f6d53204b7903227b632c869ba27bbe2e5b37e1874d3beb36,,1,54,4,2010,HTML table 1; row 54; column 4,review_required
S027,217d731bacf8971f6d53204b7903227b632c869ba27bbe2e5b37e1874d3beb36,,1,54,5,B,HTML table 1; row 54; column 5,review_required
S027,217d731bacf8971f6d53204b7903227b632c869ba27bbe2e5b37e1874d3beb36,,1,54,6,-,HTML table 1; row 54; column 6,review_required
S027,217d731bacf8971f6d53204b7903227b632c869ba27bbe2e5b37e1874d3beb36,,1,54,7,-,HTML table 1; row 54; column 7,review_required
S027,217d731bacf8971f6d53204b7903227b632c869ba27bbe2e5b37e1874d3beb36,,1,54,8,-,HTML table 1; row 54; column 8,review_required
S027,217d731bacf8971f6d53204b7903227b632c869ba27bbe2e5b37e1874d3beb36,,1,54,9,-,HTML table 1; row 54; column 9,review_required
S027,217d731bacf8971f6d53204b7903227b632c869ba27bbe2e5b37e1874d3beb36,,1,55,1,Bangladesh,HTML table 1; row 55; column 1,review_required
S027,217d731bacf8971f6d53204b7903227b632c869ba27bbe2e5b37e1874d3beb36,,1,55,2,Project for Waste Reduction and 3R Promotion Support for Building a Sustainable Society,HTML table 1; row 55; column 2,review_required
S027,217d731bacf8971f6d53204b7903227b632c869ba27bbe2e5b37e1874d3beb36,,1,55,3,TCP,HTML table 1; row 55; column 3,review_required
S027,217d731bacf8971f6d53204b7903227b632c869ba27bbe2e5b37e1874d3beb36,,1,55,4,2010,HTML table 1; row 55; column 4,review_required
S027,217d731bacf8971f6d53204b7903227b632c869ba27bbe2e5b37e1874d3beb36,,1,55,5,B,HTML table 1; row 55; column 5,review_required
S027,217d731bacf8971f6d53204b7903227b632c869ba27bbe2e5b37e1874d3beb36,,1,55,6,-,HTML table 1; row 55; column 6,review_required
S027,217d731bacf8971f6d53204b7903227b632c869ba27bbe2e5b37e1874d3beb36,,1,55,7,-,HTML table 1; row 55; column 7,review_required
S027,217d731bacf8971f6d53204b7903227b632c869ba27bbe2e5b37e1874d3beb36,,1,55,8,-,HTML table 1; row 55; column 8,review_required
S027,217d731bacf8971f6d53204b7903227b632c869ba27bbe2e5b37e1874d3beb36,,1,55,9,-,HTML table 1; row 55; column 9,review_required
S027,217d731bacf8971f6d53204b7903227b632c869ba27bbe2e5b37e1874d3beb36,,1,56,1,Bangladesh,HTML table 1; row 56; column 1,review_required
S027,217d731bacf8971f6d53204b7903227b632c869ba27bbe2e5b37e1874d3beb36,,1,56,2,Disaster Risk Management Enhancement Project,HTML table 1; row 56; column 2,review_required
S027,217d731bacf8971f6d53204b7903227b632c869ba27bbe2e5b37e1874d3beb36,,1,56,3,L,HTML table 1; row 56; column 3,review_required
S027,217d731bacf8971f6d53204b7903227b632c869ba27bbe2e5b37e1874d3beb36,,1,56,4,2010,HTML table 1; row 56; column 4,review_required
S027,217d731bacf8971f6d53204b7903227b632c869ba27bbe2e5b37e1874d3beb36,,1,56,5,FI,HTML table 1; row 56; column 5,review_required
S027,217d731bacf8971f6d53204b7903227b632c869ba27bbe2e5b37e1874d3beb36,,1,56,6,"·The Praparatory Survey on the Capacity Enhancement on Disaster Risk Reduction, Emergency Response and Recovery Project in the People's Republic of Bangladesh Final Report (Vol. 1) ·(Vol. 2) ·(Vol.3-1) ·(Vol.3-2)",HTML table 1; row 56; column 6,review_required
S027,217d731bacf8971f6d53204b7903227b632c869ba27bbe2e5b37e1874d3beb36,,1,56,7,-,HTML table 1; row 56; column 7,review_required
S027,217d731bacf8971f6d53204b7903227b632c869ba27bbe2e5b37e1874d3beb36,,1,56,8,·Environmental Review (PDF/114KB),HTML table 1; row 56; column 8,review_required
S027,217d731bacf8971f6d53204b7903227b632c869ba27bbe2e5b37e1874d3beb36,,1,56,9,-,HTML table 1; row 56; column 9,review_required
S027,217d731bacf8971f6d53204b7903227b632c869ba27bbe2e5b37e1874d3beb36,,1,57,1,Bangladesh,HTML table 1; row 57; column 1,review_required
S027,217d731bacf8971f6d53204b7903227b632c869ba27bbe2e5b37e1874d3beb36,,1,57,2,Energy Efficiency and Conservation Promotion Financing Project,HTML table 1; row 57; column 2,review_required
S027,217d731bacf8971f6d53204b7903227b632c869ba27bbe2e5b37e1874d3beb36,,1,57,3,L,HTML table 1; row 57; column 3,review_required
S027,217d731bacf8971f6d53204b7903227b632c869ba27bbe2e5b37e1874d3beb36,,1,57,4,2010,HTML table 1; row 57; column 4,review_required
S027,217d731bacf8971f6d53204b7903227b632c869ba27bbe2e5b37e1874d3beb36,,1,57,5,FI,HTML table 1; row 57; column 5,review_required
S027,217d731bacf8971f6d53204b7903227b632c869ba27bbe2e5b37e1874d3beb36,,1,57,6,·Preparatory Survey(PDF/3.36MB）,HTML table 1; row 57; column 6,review_required
S027,217d731bacf8971f6d53204b7903227b632c869ba27bbe2e5b37e1874d3beb36,,1,57,7,-,HTML table 1; row 57; column 7,review_required
S027,217d731bacf8971f6d53204b7903227b632c869ba27bbe2e5b37e1874d3beb36,,1,57,8,·Environmental Review (PDF/136KB),HTML table 1; row 57; column 8,review_required
S027,217d731bacf8971f6d53204b7903227b632c869ba27bbe2e5b37e1874d3beb36,,1,57,9,-,HTML table 1; row 57; column 9,review_required
S027,217d731bacf8971f6d53204b7903227b632c869ba27bbe2e5b37e1874d3beb36,,1,58,1,Bangladesh,HTML table 1; row 58; column 1,review_required
S027,217d731bacf8971f6d53204b7903227b632c869ba27bbe2e5b37e1874d3beb36,,1,58,2,Energy Efficiency and Conservation Promotion Financing Project (Phase 2),HTML table 1; row 58; column 2,review_required
S027,217d731bacf8971f6d53204b7903227b632c869ba27bbe2e5b37e1874d3beb36,,1,58,3,L,HTML table 1; row 58; column 3,review_required
S027,217d731bacf8971f6d53204b7903227b632c869ba27bbe2e5b37e1874d3beb36,,1,58,4,2010,HTML table 1; row 58; column 4,review_required
S027,217d731bacf8971f6d53204b7903227b632c869ba27bbe2e5b37e1874d3beb36,,1,58,5,FI,HTML table 1; row 58; column 5,review_required
S027,217d731bacf8971f6d53204b7903227b632c869ba27bbe2e5b37e1874d3beb36,,1,58,6,-,HTML table 1; row 58; column 6,review_required
S027,217d731bacf8971f6d53204b7903227b632c869ba27bbe2e5b37e1874d3beb36,,1,58,7,-,HTML table 1; row 58; column 7,review_required
S027,217d731bacf8971f6d53204b7903227b632c869ba27bbe2e5b37e1874d3beb36,,1,58,8,·Environmental Review (PDF/202KB),HTML table 1; row 58; column 8,review_required
S027,217d731bacf8971f6d53204b7903227b632c869ba27bbe2e5b37e1874d3beb36,,1,58,9,-,HTML table 1; row 58; column 9,review_required
S027,217d731bacf8971f6d53204b7903227b632c869ba27bbe2e5b37e1874d3beb36,,1,59,1,Bangladesh,HTML table 1; row 59; column 1,review_required
S027,217d731bacf8971f6d53204b7903227b632c869ba27bbe2e5b37e1874d3beb36,,1,59,2,Food value chain improvement project,HTML table 1; row 59; column 2,review_required
S027,217d731bacf8971f6d53204b7903227b632c869ba27bbe2e5b37e1874d3beb36,,1,59,3,L,HTML table 1; row 59; column 3,review_required
S027,217d731bacf8971f6d53204b7903227b632c869ba27bbe2e5b37e1874d3beb36,,1,59,4,2010,HTML table 1; row 59; column 4,review_required
S027,217d731bacf8971f6d53204b7903227b632c869ba27bbe2e5b37e1874d3beb36,,1,59,5,FI,HTML table 1; row 59; column 5,review_required
S027,217d731bacf8971f6d53204b7903227b632c869ba27bbe2e5b37e1874d3beb36,,1,59,6,-,HTML table 1; row 59; column 6,review_required
S027,217d731bacf8971f6d53204b7903227b632c869ba27bbe2e5b37e1874d3beb36,,1,59,7,-,HTML table 1; row 59; column 7,review_required
S027,217d731bacf8971f6d53204b7903227b632c869ba27bbe2e5b37e1874d3beb36,,1,59,8,-,HTML table 1; row 59; column 8,review_required
S027,217d731bacf8971f6d53204b7903227b632c869ba27bbe2e5b37e1874d3beb36,,1,59,9,-,HTML table 1; row 59; column 9,review_required
S027,217d731bacf8971f6d53204b7903227b632c869ba27bbe2e5b37e1874d3beb36,,1,60,1,Bangladesh,HTML table 1; row 60; column 1,review_required
S027,217d731bacf8971f6d53204b7903227b632c869ba27bbe2e5b37e1874d3beb36,,1,60,2,Foreign Direct Investment Promotion Project,HTML table 1; row 60; column 2,review_required
S027,217d731bacf8971f6d53204b7903227b632c869ba27bbe2e5b37e1874d3beb36,,1,60,3,L,HTML table 1; row 60; column 3,review_required
S027,217d731bacf8971f6d53204b7903227b632c869ba27bbe2e5b37e1874d3beb36,,1,60,4,2010,HTML table 1; row 60; column 4,review_required
S027,217d731bacf8971f6d53204b7903227b632c869ba27bbe2e5b37e1874d3beb36,,1,60,5,FI,HTML table 1; row 60; column 5,review_required
S027,217d731bacf8971f6d53204b7903227b632c869ba27bbe2e5b37e1874d3beb36,,1,60,6,"·SAPI Report 01(Feb, 2019)(PDF/11.3MB) ·SAPI Report 02(Feb, 2019)(PDF/17.8MB)",HTML table 1; row 60; column 6,review_required
S027,217d731bacf8971f6d53204b7903227b632c869ba27bbe2e5b37e1874d3beb36,,1,60,7,"·EIA(June13, 2018) (PDF/17.3MB) ·RAP(June 18, 2018) (PDF/2.37MB)",HTML table 1; row 60; column 7,review_required
S027,217d731bacf8971f6d53204b7903227b632c869ba27bbe2e5b37e1874d3beb36,,1,60,8,·Result of Envionmental and Social consideration review (PDF/251KB),HTML table 1; row 60; column 8,review_required
S027,217d731bacf8971f6d53204b7903227b632c869ba27bbe2e5b37e1874d3beb36,,1,60,9,-,HTML table 1; row 60; column 9,review_required
S027,217d731bacf8971f6d53204b7903227b632c869ba27bbe2e5b37e1874d3beb36,,1,61,1,Bangladesh,HTML table 1; row 61; column 1,review_required
S027,217d731bacf8971f6d53204b7903227b632c869ba27bbe2e5b37e1874d3beb36,,1,61,2,Green Finance Promotion Project,HTML table 1; row 61; column 2,review_required
S027,217d731bacf8971f6d53204b7903227b632c869ba27bbe2e5b37e1874d3beb36,,1,61,3,L,HTML table 1; row 61; column 3,review_required
S027,217d731bacf8971f6d53204b7903227b632c869ba27bbe2e5b37e1874d3beb36,,1,61,4,2010,HTML table 1; row 61; column 4,review_required
S027,217d731bacf8971f6d53204b7903227b632c869ba27bbe2e5b37e1874d3beb36,,1,61,5,FI,HTML table 1; row 61; column 5,review_required
S027,217d731bacf8971f6d53204b7903227b632c869ba27bbe2e5b37e1874d3beb36,,1,61,6,-,HTML table 1; row 61; column 6,review_required
S027,217d731bacf8971f6d53204b7903227b632c869ba27bbe2e5b37e1874d3beb36,,1,61,7,-,HTML table 1; row 61; column 7,review_required
S027,217d731bacf8971f6d53204b7903227b632c869ba27bbe2e5b37e1874d3beb36,,1,61,8,-,HTML table 1; row 61; column 8,review_required
S027,217d731bacf8971f6d53204b7903227b632c869ba27bbe2e5b37e1874d3beb36,,1,61,9,-,HTML table 1; row 61; column 9,review_required
S027,217d731bacf8971f6d53204b7903227b632c869ba27bbe2e5b37e1874d3beb36,,1,62,1,Bangladesh,HTML table 1; row 62; column 1,review_required
S027,217d731bacf8971f6d53204b7903227b632c869ba27bbe2e5b37e1874d3beb36,,1,62,2,Health and Population Sector Development Program (1),HTML table 1; row 62; column 2,review_required
S027,217d731bacf8971f6d53204b7903227b632c869ba27bbe2e5b37e1874d3beb36,,1,62,3,L,HTML table 1; row 62; column 3,review_required
S027,217d731bacf8971f6d53204b7903227b632c869ba27bbe2e5b37e1874d3beb36,,1,62,4,2010,HTML table 1; row 62; column 4,review_required
S027,217d731bacf8971f6d53204b7903227b632c869ba27bbe2e5b37e1874d3beb36,,1,62,5,FI,HTML table 1; row 62; column 5,review_required
S027,217d731bacf8971f6d53204b7903227b632c869ba27bbe2e5b37e1874d3beb36,,1,62,6,-,HTML table 1; row 62; column 6,review_required
S027,217d731bacf8971f6d53204b7903227b632c869ba27bbe2e5b37e1874d3beb36,,1,62,7,-,HTML table 1; row 62; column 7,review_required
S027,217d731bacf8971f6d53204b7903227b632c869ba27bbe2e5b37e1874d3beb36,,1,62,8,·Environmental Review (PDF/96KB),HTML table 1; row 62; column 8,review_required
S027,217d731bacf8971f6d53204b7903227b632c869ba27bbe2e5b37e1874d3beb36,,1,62,9,-,HTML table 1; row 62; column 9,review_required
S027,217d731bacf8971f6d53204b7903227b632c869ba27bbe2e5b37e1874d3beb36,,1,63,1,Bangladesh,HTML table 1; row 63; column 1,review_required
S027,217d731bacf8971f6d53204b7903227b632c869ba27bbe2e5b37e1874d3beb36,,1,63,2,"Maternal, Neonatal and Child Health (MNCH) and Health System Improvement Project",HTML table 1; row 63; column 2,review_required
S027,217d731bacf8971f6d53204b7903227b632c869ba27bbe2e5b37e1874d3beb36,,1,63,3,L,HTML table 1; row 63; column 3,review_required
S027,217d731bacf8971f6d53204b7903227b632c869ba27bbe2e5b37e1874d3beb36,,1,63,4,2010,HTML table 1; row 63; column 4,review_required
S027,217d731bacf8971f6d53204b7903227b632c869ba27bbe2e5b37e1874d3beb36,,1,63,5,FI,HTML table 1; row 63; column 5,review_required
S027,217d731bacf8971f6d53204b7903227b632c869ba27bbe2e5b37e1874d3beb36,,1,63,6,"·The preparatory survey on maternal, neonatal, and child health improvement project : health, population and nutrition sector development program : phase 2 : in the People's Republic of Bangladesh : final report",HTML table 1; row 63; column 6,review_required
S027,217d731bacf8971f6d53204b7903227b632c869ba27bbe2e5b37e1874d3beb36,,1,63,7,-,HTML table 1; row 63; column 7,review_required
S027,217d731bacf8971f6d53204b7903227b632c869ba27bbe2e5b37e1874d3beb36,,1,63,8,·Environmental Review (PDF/205KB),HTML table 1; row 63; column 8,review_required
S027,217d731bacf8971f6d53204b7903227b632c869ba27bbe2e5b37e1874d3beb36,,1,63,9,-,HTML table 1; row 63; column 9,review_required
S027,217d731bacf8971f6d53204b7903227b632c869ba27bbe2e5b37e1874d3beb36,,1,64,1,Bangladesh,HTML table 1; row 64; column 1,review_required
S027,217d731bacf8971f6d53204b7903227b632c869ba27bbe2e5b37e1874d3beb36,,1,64,2,Northern Bangladesh Integrated Development Project,HTML table 1; row 64; column 2,review_required
S027,217d731bacf8971f6d53204b7903227b632c869ba27bbe2e5b37e1874d3beb36,,1,64,3,L,HTML table 1; row 64; column 3,review_required
S027,217d731bacf8971f6d53204b7903227b632c869ba27bbe2e5b37e1874d3beb36,,1,64,4,2010,HTML table 1; row 64; column 4,review_required
S027,217d731bacf8971f6d53204b7903227b632c869ba27bbe2e5b37e1874d3beb36,,1,64,5,FI,HTML table 1; row 64; column 5,review_required
S027,217d731bacf8971f6d53204b7903227b632c869ba27bbe2e5b37e1874d3beb36,,1,64,6,-,HTML table 1; row 64; column 6,review_required
S027,217d731bacf8971f6d53204b7903227b632c869ba27bbe2e5b37e1874d3beb36,,1,64,7,-,HTML table 1; row 64; column 7,review_required
S027,217d731bacf8971f6d53204b7903227b632c869ba27bbe2e5b37e1874d3beb36,,1,64,8,·Environmental Review (PDF/77KB),HTML table 1; row 64; column 8,review_required
S027,217d731bacf8971f6d53204b7903227b632c869ba27bbe2e5b37e1874d3beb36,,1,64,9,-,HTML table 1; row 64; column 9,review_required
S027,217d731bacf8971f6d53204b7903227b632c869ba27bbe2e5b37e1874d3beb36,,1,65,1,Bangladesh,HTML table 1; row 65; column 1,review_required
S027,217d731bacf8971f6d53204b7903227b632c869ba27bbe2e5b37e1874d3beb36,,1,65,2,Renewable Energy Development Project,HTML table 1; row 65; column 2,review_required
S027,217d731bacf8971f6d53204b7903227b632c869ba27bbe2e5b37e1874d3beb36,,1,65,3,L,HTML table 1; row 65; column 3,review_required
S027,217d731bacf8971f6d53204b7903227b632c869ba27bbe2e5b37e1874d3beb36,,1,65,4,2010,HTML table 1; row 65; column 4,review_required
S027,217d731bacf8971f6d53204b7903227b632c869ba27bbe2e5b37e1874d3beb36,,1,65,5,FI,HTML table 1; row 65; column 5,review_required
S027,217d731bacf8971f6d53204b7903227b632c869ba27bbe2e5b37e1874d3beb36,,1,65,6,·Preparatory Survey (PDF/4.21MB),HTML table 1; row 65; column 6,review_required
S027,217d731bacf8971f6d53204b7903227b632c869ba27bbe2e5b37e1874d3beb36,,1,65,7,-,HTML table 1; row 65; column 7,review_required
S027,217d731bacf8971f6d53204b7903227b632c869ba27bbe2e5b37e1874d3beb36,,1,65,8,·Environmental Review (PDF/68KB),HTML table 1; row 65; column 8,review_required
S027,217d731bacf8971f6d53204b7903227b632c869ba27bbe2e5b37e1874d3beb36,,1,65,9,-,HTML table 1; row 65; column 9,review_required
S027,217d731bacf8971f6d53204b7903227b632c869ba27bbe2e5b37e1874d3beb36,,1,66,1,Bangladesh,HTML table 1; row 66; column 1,review_required
S027,217d731bacf8971f6d53204b7903227b632c869ba27bbe2e5b37e1874d3beb36,,1,66,2,Small Scale Water Resources Development Project (Phase 2),HTML table 1; row 66; column 2,review_required
S027,217d731bacf8971f6d53204b7903227b632c869ba27bbe2e5b37e1874d3beb36,,1,66,3,L,HTML table 1; row 66; column 3,review_required
S027,217d731bacf8971f6d53204b7903227b632c869ba27bbe2e5b37e1874d3beb36,,1,66,4,2010,HTML table 1; row 66; column 4,review_required
S027,217d731bacf8971f6d53204b7903227b632c869ba27bbe2e5b37e1874d3beb36,,1,66,5,FI,HTML table 1; row 66; column 5,review_required
S027,217d731bacf8971f6d53204b7903227b632c869ba27bbe2e5b37e1874d3beb36,,1,66,6,-,HTML table 1; row 66; column 6,review_required
S027,217d731bacf8971f6d53204b7903227b632c869ba27bbe2e5b37e1874d3beb36,,1,66,7,-,HTML table 1; row 66; column 7,review_required
S027,217d731bacf8971f6d53204b7903227b632c869ba27bbe2e5b37e1874d3beb36,,1,66,8,·Environmental Review (PDF/146KB),HTML table 1; row 66; column 8,review_required
S027,217d731bacf8971f6d53204b7903227b632c869ba27bbe2e5b37e1874d3beb36,,1,66,9,-,HTML table 1; row 66; column 9,review_required
S027,217d731bacf8971f6d53204b7903227b632c869ba27bbe2e5b37e1874d3beb36,,1,67,1,Bangladesh,HTML table 1; row 67; column 1,review_required
S027,217d731bacf8971f6d53204b7903227b632c869ba27bbe2e5b37e1874d3beb36,,1,67,2,Upazila Governance and Development Project,HTML table 1; row 67; column 2,review_required
S027,217d731bacf8971f6d53204b7903227b632c869ba27bbe2e5b37e1874d3beb36,,1,67,3,L,HTML table 1; row 67; column 3,review_required
S027,217d731bacf8971f6d53204b7903227b632c869ba27bbe2e5b37e1874d3beb36,,1,67,4,2010,HTML table 1; row 67; column 4,review_required
S027,217d731bacf8971f6d53204b7903227b632c869ba27bbe2e5b37e1874d3beb36,,1,67,5,FI,HTML table 1; row 67; column 5,review_required
S027,217d731bacf8971f6d53204b7903227b632c869ba27bbe2e5b37e1874d3beb36,,1,67,6,·The Study of the Upazila Governance and Development Project in the People’s Republic of Bangladesh,HTML table 1; row 67; column 6,review_required
S027,217d731bacf8971f6d53204b7903227b632c869ba27bbe2e5b37e1874d3beb36,,1,67,7,-,HTML table 1; row 67; column 7,review_required
S027,217d731bacf8971f6d53204b7903227b632c869ba27bbe2e5b37e1874d3beb36,,1,67,8,·Environmental Review (PDF/219KB),HTML table 1; row 67; column 8,review_required
S027,217d731bacf8971f6d53204b7903227b632c869ba27bbe2e5b37e1874d3beb36,,1,67,9,-,HTML table 1; row 67; column 9,review_required
S027,217d731bacf8971f6d53204b7903227b632c869ba27bbe2e5b37e1874d3beb36,,1,68,1,Bangladesh,HTML table 1; row 68; column 1,review_required
S027,217d731bacf8971f6d53204b7903227b632c869ba27bbe2e5b37e1874d3beb36,,1,68,2,Urban Building Safety Project,HTML table 1; row 68; column 2,review_required
S027,217d731bacf8971f6d53204b7903227b632c869ba27bbe2e5b37e1874d3beb36,,1,68,3,L,HTML table 1; row 68; column 3,review_required
S027,217d731bacf8971f6d53204b7903227b632c869ba27bbe2e5b37e1874d3beb36,,1,68,4,2010,HTML table 1; row 68; column 4,review_required
S027,217d731bacf8971f6d53204b7903227b632c869ba27bbe2e5b37e1874d3beb36,,1,68,5,FI,HTML table 1; row 68; column 5,review_required
S027,217d731bacf8971f6d53204b7903227b632c869ba27bbe2e5b37e1874d3beb36,,1,68,6,-,HTML table 1; row 68; column 6,review_required
S027,217d731bacf8971f6d53204b7903227b632c869ba27bbe2e5b37e1874d3beb36,,1,68,7,-,HTML table 1; row 68; column 7,review_required
S027,217d731bacf8971f6d53204b7903227b632c869ba27bbe2e5b37e1874d3beb36,,1,68,8,·Environmental Review (PDF/182KB),HTML table 1; row 68; column 8,review_required
S027,217d731bacf8971f6d53204b7903227b632c869ba27bbe2e5b37e1874d3beb36,,1,68,9,-,HTML table 1; row 68; column 9,review_required
S027,217d731bacf8971f6d53204b7903227b632c869ba27bbe2e5b37e1874d3beb36,,1,69,1,Bangladesh,HTML table 1; row 69; column 1,review_required
S027,217d731bacf8971f6d53204b7903227b632c869ba27bbe2e5b37e1874d3beb36,,1,69,2,The Capacity Development Project in Relation to Ship Recycling Yard and TSDF Development,HTML table 1; row 69; column 2,review_required
S027,217d731bacf8971f6d53204b7903227b632c869ba27bbe2e5b37e1874d3beb36,,1,69,3,TCP,HTML table 1; row 69; column 3,review_required
S027,217d731bacf8971f6d53204b7903227b632c869ba27bbe2e5b37e1874d3beb36,,1,69,4,2022,HTML table 1; row 69; column 4,review_required
S027,217d731bacf8971f6d53204b7903227b632c869ba27bbe2e5b37e1874d3beb36,,1,69,5,B,HTML table 1; row 69; column 5,review_required
S027,217d731bacf8971f6d53204b7903227b632c869ba27bbe2e5b37e1874d3beb36,,1,69,6,-,HTML table 1; row 69; column 6,review_required
S027,217d731bacf8971f6d53204b7903227b632c869ba27bbe2e5b37e1874d3beb36,,1,69,7,-,HTML table 1; row 69; column 7,review_required
S027,217d731bacf8971f6d53204b7903227b632c869ba27bbe2e5b37e1874d3beb36,,1,69,8,-,HTML table 1; row 69; column 8,review_required
S027,217d731bacf8971f6d53204b7903227b632c869ba27bbe2e5b37e1874d3beb36,,1,69,9,-,HTML table 1; row 69; column 9,review_required
S027,217d731bacf8971f6d53204b7903227b632c869ba27bbe2e5b37e1874d3beb36,,1,70,1,Bangladesh,HTML table 1; row 70; column 1,review_required
S027,217d731bacf8971f6d53204b7903227b632c869ba27bbe2e5b37e1874d3beb36,,1,70,2,Foreign Direct Investment Promotion Project (Phase 2),HTML table 1; row 70; column 2,review_required
S027,217d731bacf8971f6d53204b7903227b632c869ba27bbe2e5b37e1874d3beb36,,1,70,3,L,HTML table 1; row 70; column 3,review_required
S027,217d731bacf8971f6d53204b7903227b632c869ba27bbe2e5b37e1874d3beb36,,1,70,4,2022,HTML table 1; row 70; column 4,review_required
S027,217d731bacf8971f6d53204b7903227b632c869ba27bbe2e5b37e1874d3beb36,,1,70,5,A,HTML table 1; row 70; column 5,review_required
S027,217d731bacf8971f6d53204b7903227b632c869ba27bbe2e5b37e1874d3beb36,,1,70,6,-,HTML table 1; row 70; column 6,review_required
S027,217d731bacf8971f6d53204b7903227b632c869ba27bbe2e5b37e1874d3beb36,,1,70,7,-,HTML table 1; row 70; column 7,review_required
S027,217d731bacf8971f6d53204b7903227b632c869ba27bbe2e5b37e1874d3beb36,,1,70,8,-,HTML table 1; row 70; column 8,review_required
S027,217d731bacf8971f6d53204b7903227b632c869ba27bbe2e5b37e1874d3beb36,,1,70,9,-,HTML table 1; row 70; column 9,review_required
S027,217d731bacf8971f6d53204b7903227b632c869ba27bbe2e5b37e1874d3beb36,,1,71,1,Bangladesh,HTML table 1; row 71; column 1,review_required
S027,217d731bacf8971f6d53204b7903227b632c869ba27bbe2e5b37e1874d3beb36,,1,71,2,Health System Strengthening Project,HTML table 1; row 71; column 2,review_required
S027,217d731bacf8971f6d53204b7903227b632c869ba27bbe2e5b37e1874d3beb36,,1,71,3,L,HTML table 1; row 71; column 3,review_required
S027,217d731bacf8971f6d53204b7903227b632c869ba27bbe2e5b37e1874d3beb36,,1,71,4,2022,HTML table 1; row 71; column 4,review_required
S027,217d731bacf8971f6d53204b7903227b632c869ba27bbe2e5b37e1874d3beb36,,1,71,5,B,HTML table 1; row 71; column 5,review_required
S027,217d731bacf8971f6d53204b7903227b632c869ba27bbe2e5b37e1874d3beb36,,1,71,6,-,HTML table 1; row 71; column 6,review_required
S027,217d731bacf8971f6d53204b7903227b632c869ba27bbe2e5b37e1874d3beb36,,1,71,7,-,HTML table 1; row 71; column 7,review_required
S027,217d731bacf8971f6d53204b7903227b632c869ba27bbe2e5b37e1874d3beb36,,1,71,8,-,HTML table 1; row 71; column 8,review_required
S027,217d731bacf8971f6d53204b7903227b632c869ba27bbe2e5b37e1874d3beb36,,1,71,9,-,HTML table 1; row 71; column 9,review_required
S027,217d731bacf8971f6d53204b7903227b632c869ba27bbe2e5b37e1874d3beb36,,1,72,1,Bangladesh,HTML table 1; row 72; column 1,review_required
S027,217d731bacf8971f6d53204b7903227b632c869ba27bbe2e5b37e1874d3beb36,,1,72,2,Haor Area Resilience and Development Project,HTML table 1; row 72; column 2,review_required
S027,217d731bacf8971f6d53204b7903227b632c869ba27bbe2e5b37e1874d3beb36,,1,72,3,L,HTML table 1; row 72; column 3,review_required
S027,217d731bacf8971f6d53204b7903227b632c869ba27bbe2e5b37e1874d3beb36,,1,72,4,2022,HTML table 1; row 72; column 4,review_required
S027,217d731bacf8971f6d53204b7903227b632c869ba27bbe2e5b37e1874d3beb36,,1,72,5,B,HTML table 1; row 72; column 5,review_required
S027,217d731bacf8971f6d53204b7903227b632c869ba27bbe2e5b37e1874d3beb36,,1,72,6,-,HTML table 1; row 72; column 6,review_required
S027,217d731bacf8971f6d53204b7903227b632c869ba27bbe2e5b37e1874d3beb36,,1,72,7,"·EIA (BWDB) (Aug.18, 2026) (PDF/17.9MB) ·Approval Letter (BWDB) (Aug.18, 2026) (PDF/92.7KB) ·EIA (LGED) (Aug.18, 2026) (PDF/56.6MB) ·Approval Letter (LGED) (Aug.18, 2026) (PDF/89.2KB)",HTML table 1; row 72; column 7,review_required
S027,217d731bacf8971f6d53204b7903227b632c869ba27bbe2e5b37e1874d3beb36,,1,72,8,-,HTML table 1; row 72; column 8,review_required
S027,217d731bacf8971f6d53204b7903227b632c869ba27bbe2e5b37e1874d3beb36,,1,72,9,-,HTML table 1; row 72; column 9,review_required
S027,217d731bacf8971f6d53204b7903227b632c869ba27bbe2e5b37e1874d3beb36,,1,73,1,Bangladesh,HTML table 1; row 73; column 1,review_required
S027,217d731bacf8971f6d53204b7903227b632c869ba27bbe2e5b37e1874d3beb36,,1,73,2,Project for Strengthening Capacity for Realization of Transit Oriented Development (TOD) and Implementing Multi-sectoral Improvement Projects in Dhaka,HTML table 1; row 73; column 2,review_required
S027,217d731bacf8971f6d53204b7903227b632c869ba27bbe2e5b37e1874d3beb36,,1,73,3,TCP,HTML table 1; row 73; column 3,review_required
S027,217d731bacf8971f6d53204b7903227b632c869ba27bbe2e5b37e1874d3beb36,,1,73,4,2022,HTML table 1; row 73; column 4,review_required
S027,217d731bacf8971f6d53204b7903227b632c869ba27bbe2e5b37e1874d3beb36,,1,73,5,B,HTML table 1; row 73; column 5,review_required
S027,217d731bacf8971f6d53204b7903227b632c869ba27bbe2e5b37e1874d3beb36,,1,73,6,-,HTML table 1; row 73; column 6,review_required
S027,217d731bacf8971f6d53204b7903227b632c869ba27bbe2e5b37e1874d3beb36,,1,73,7,-,HTML table 1; row 73; column 7,review_required
S027,217d731bacf8971f6d53204b7903227b632c869ba27bbe2e5b37e1874d3beb36,,1,73,8,-,HTML table 1; row 73; column 8,review_required
S027,217d731bacf8971f6d53204b7903227b632c869ba27bbe2e5b37e1874d3beb36,,1,73,9,-,HTML table 1; row 73; column 9,review_required
S027,217d731bacf8971f6d53204b7903227b632c869ba27bbe2e5b37e1874d3beb36,,1,74,1,Bangladesh,HTML table 1; row 74; column 1,review_required
S027,217d731bacf8971f6d53204b7903227b632c869ba27bbe2e5b37e1874d3beb36,,1,74,2,Project on Comprehensive River Management with Development of Sustainable Riverbank Protection Technology Phase 2,HTML table 1; row 74; column 2,review_required
S027,217d731bacf8971f6d53204b7903227b632c869ba27bbe2e5b37e1874d3beb36,,1,74,3,TCP,HTML table 1; row 74; column 3,review_required
S027,217d731bacf8971f6d53204b7903227b632c869ba27bbe2e5b37e1874d3beb36,,1,74,4,2022,HTML table 1; row 74; column 4,review_required
S027,217d731bacf8971f6d53204b7903227b632c869ba27bbe2e5b37e1874d3beb36,,1,74,5,B,HTML table 1; row 74; column 5,review_required
S027,217d731bacf8971f6d53204b7903227b632c869ba27bbe2e5b37e1874d3beb36,,1,74,6,-,HTML table 1; row 74; column 6,review_required
S027,217d731bacf8971f6d53204b7903227b632c869ba27bbe2e5b37e1874d3beb36,,1,74,7,-,HTML table 1; row 74; column 7,review_required
S027,217d731bacf8971f6d53204b7903227b632c869ba27bbe2e5b37e1874d3beb36,,1,74,8,-,HTML table 1; row 74; column 8,review_required
S027,217d731bacf8971f6d53204b7903227b632c869ba27bbe2e5b37e1874d3beb36,,1,74,9,-,HTML table 1; row 74; column 9,review_required
S027,217d731bacf8971f6d53204b7903227b632c869ba27bbe2e5b37e1874d3beb36,,1,75,1,Bangladesh,HTML table 1; row 75; column 1,review_required
S027,217d731bacf8971f6d53204b7903227b632c869ba27bbe2e5b37e1874d3beb36,,1,75,2,Chattogram Sewerage System Development Project,HTML table 1; row 75; column 2,review_required
S027,217d731bacf8971f6d53204b7903227b632c869ba27bbe2e5b37e1874d3beb36,,1,75,3,L,HTML table 1; row 75; column 3,review_required
S027,217d731bacf8971f6d53204b7903227b632c869ba27bbe2e5b37e1874d3beb36,,1,75,4,2010,HTML table 1; row 75; column 4,review_required
S027,217d731bacf8971f6d53204b7903227b632c869ba27bbe2e5b37e1874d3beb36,,1,75,5,B,HTML table 1; row 75; column 5,review_required
S027,217d731bacf8971f6d53204b7903227b632c869ba27bbe2e5b37e1874d3beb36,,1,75,6,·Preparatory Survey,HTML table 1; row 75; column 6,review_required
S027,217d731bacf8971f6d53204b7903227b632c869ba27bbe2e5b37e1874d3beb36,,1,75,7,·EIA (PDF/36.2MB) ·EPC (PDF/39KB) ·ARAP (PDF/8.0MB),HTML table 1; row 75; column 7,review_required
S027,217d731bacf8971f6d53204b7903227b632c869ba27bbe2e5b37e1874d3beb36,,1,75,8,·Environmental Review (PDF/262KB),HTML table 1; row 75; column 8,review_required
S027,217d731bacf8971f6d53204b7903227b632c869ba27bbe2e5b37e1874d3beb36,,1,75,9,-,HTML table 1; row 75; column 9,review_required
S027,217d731bacf8971f6d53204b7903227b632c869ba27bbe2e5b37e1874d3beb36,,1,76,1,Bangladesh,HTML table 1; row 76; column 1,review_required
S027,217d731bacf8971f6d53204b7903227b632c869ba27bbe2e5b37e1874d3beb36,,1,76,2,Chattogram-Cox's Bazar Highway Improvement Project (Phase2),HTML table 1; row 76; column 2,review_required
S027,217d731bacf8971f6d53204b7903227b632c869ba27bbe2e5b37e1874d3beb36,,1,76,3,L,HTML table 1; row 76; column 3,review_required
S027,217d731bacf8971f6d53204b7903227b632c869ba27bbe2e5b37e1874d3beb36,,1,76,4,2022,HTML table 1; row 76; column 4,review_required
S027,217d731bacf8971f6d53204b7903227b632c869ba27bbe2e5b37e1874d3beb36,,1,76,5,A,HTML table 1; row 76; column 5,review_required
S027,217d731bacf8971f6d53204b7903227b632c869ba27bbe2e5b37e1874d3beb36,,1,76,6,-,HTML table 1; row 76; column 6,review_required
S027,217d731bacf8971f6d53204b7903227b632c869ba27bbe2e5b37e1874d3beb36,,1,76,7,-,HTML table 1; row 76; column 7,review_required
S027,217d731bacf8971f6d53204b7903227b632c869ba27bbe2e5b37e1874d3beb36,,1,76,8,-,HTML table 1; row 76; column 8,review_required
S027,217d731bacf8971f6d53204b7903227b632c869ba27bbe2e5b37e1874d3beb36,,1,76,9,-,HTML table 1; row 76; column 9,review_required
S027,217d731bacf8971f6d53204b7903227b632c869ba27bbe2e5b37e1874d3beb36,,1,77,1,Bhutan,HTML table 1; row 77; column 1,review_required
S027,217d731bacf8971f6d53204b7903227b632c869ba27bbe2e5b37e1874d3beb36,,1,77,2,Project for the Formulation of Southern Central Regional Plan,HTML table 1; row 77; column 2,review_required
S027,217d731bacf8971f6d53204b7903227b632c869ba27bbe2e5b37e1874d3beb36,,1,77,3,TCDP,HTML table 1; row 77; column 3,review_required
S027,217d731bacf8971f6d53204b7903227b632c869ba27bbe2e5b37e1874d3beb36,,1,77,4,2010,HTML table 1; row 77; column 4,review_required
S027,217d731bacf8971f6d53204b7903227b632c869ba27bbe2e5b37e1874d3beb36,,1,77,5,B,HTML table 1; row 77; column 5,review_required
S027,217d731bacf8971f6d53204b7903227b632c869ba27bbe2e5b37e1874d3beb36,,1,77,6,·Signed - RD for Southern Central Regional Plan(PDF/5.64MB) ·Environmental and Social Considerations in Detailed Planning Survey(PDF/208KB),HTML table 1; row 77; column 6,review_required
S027,217d731bacf8971f6d53204b7903227b632c869ba27bbe2e5b37e1874d3beb36,,1,77,7,-,HTML table 1; row 77; column 7,review_required
S027,217d731bacf8971f6d53204b7903227b632c869ba27bbe2e5b37e1874d3beb36,,1,77,8,-,HTML table 1; row 77; column 8,review_required
S027,217d731bacf8971f6d53204b7903227b632c869ba27bbe2e5b37e1874d3beb36,,1,77,9,-,HTML table 1; row 77; column 9,review_required
S027,217d731bacf8971f6d53204b7903227b632c869ba27bbe2e5b37e1874d3beb36,,1,78,1,Bhutan,HTML table 1; row 78; column 1,review_required
S027,217d731bacf8971f6d53204b7903227b632c869ba27bbe2e5b37e1874d3beb36,,1,78,2,The Project for Reconstruction of Bridges on Primary National Highway No.1 in Mongar District,HTML table 1; row 78; column 2,review_required
S027,217d731bacf8971f6d53204b7903227b632c869ba27bbe2e5b37e1874d3beb36,,1,78,3,GA,HTML table 1; row 78; column 3,review_required
S027,217d731bacf8971f6d53204b7903227b632c869ba27bbe2e5b37e1874d3beb36,,1,78,4,2010,HTML table 1; row 78; column 4,review_required
S027,217d731bacf8971f6d53204b7903227b632c869ba27bbe2e5b37e1874d3beb36,,1,78,5,B,HTML table 1; row 78; column 5,review_required
S027,217d731bacf8971f6d53204b7903227b632c869ba27bbe2e5b37e1874d3beb36,,1,78,6,-,HTML table 1; row 78; column 6,review_required
S027,217d731bacf8971f6d53204b7903227b632c869ba27bbe2e5b37e1874d3beb36,,1,78,7,-,HTML table 1; row 78; column 7,review_required
S027,217d731bacf8971f6d53204b7903227b632c869ba27bbe2e5b37e1874d3beb36,,1,78,8,·Environmental Review (Japanese) (PDF/393KB),HTML table 1; row 78; column 8,review_required
S027,217d731bacf8971f6d53204b7903227b632c869ba27bbe2e5b37e1874d3beb36,,1,78,9,·Result of Environmental Monitoring (2026Q2) (PDF/627KB),HTML table 1; row 78; column 9,review_required
S027,217d731bacf8971f6d53204b7903227b632c869ba27bbe2e5b37e1874d3beb36,,1,79,1,Bhutan,HTML table 1; row 79; column 1,review_required
S027,217d731bacf8971f6d53204b7903227b632c869ba27bbe2e5b37e1874d3beb36,,1,79,2,the Project on Power System Master Plan 2040,HTML table 1; row 79; column 2,review_required
S027,217d731bacf8971f6d53204b7903227b632c869ba27bbe2e5b37e1874d3beb36,,1,79,3,TCDP,HTML table 1; row 79; column 3,review_required
S027,217d731bacf8971f6d53204b7903227b632c869ba27bbe2e5b37e1874d3beb36,,1,79,4,2010,HTML table 1; row 79; column 4,review_required
S027,217d731bacf8971f6d53204b7903227b632c869ba27bbe2e5b37e1874d3beb36,,1,79,5,A,HTML table 1; row 79; column 5,review_required
S027,217d731bacf8971f6d53204b7903227b632c869ba27bbe2e5b37e1874d3beb36,,1,79,6,·ESC in Detailed Planning Survey (PDF/1.09MB) ·RD (PDF/878KB),HTML table 1; row 79; column 6,review_required
S027,217d731bacf8971f6d53204b7903227b632c869ba27bbe2e5b37e1874d3beb36,,1,79,7,-,HTML table 1; row 79; column 7,review_required
S027,217d731bacf8971f6d53204b7903227b632c869ba27bbe2e5b37e1874d3beb36,,1,79,8,-,HTML table 1; row 79; column 8,review_required
S027,217d731bacf8971f6d53204b7903227b632c869ba27bbe2e5b37e1874d3beb36,,1,79,9,-,HTML table 1; row 79; column 9,review_required
S027,217d731bacf8971f6d53204b7903227b632c869ba27bbe2e5b37e1874d3beb36,,1,80,1,Bhutan,HTML table 1; row 80; column 1,review_required
S027,217d731bacf8971f6d53204b7903227b632c869ba27bbe2e5b37e1874d3beb36,,1,80,2,Hydro Power Plant Development Project,HTML table 1; row 80; column 2,review_required
S027,217d731bacf8971f6d53204b7903227b632c869ba27bbe2e5b37e1874d3beb36,,1,80,3,L,HTML table 1; row 80; column 3,review_required
S027,217d731bacf8971f6d53204b7903227b632c869ba27bbe2e5b37e1874d3beb36,,1,80,4,2022,HTML table 1; row 80; column 4,review_required
S027,217d731bacf8971f6d53204b7903227b632c869ba27bbe2e5b37e1874d3beb36,,1,80,5,A,HTML table 1; row 80; column 5,review_required
S027,217d731bacf8971f6d53204b7903227b632c869ba27bbe2e5b37e1874d3beb36,,1,80,6,-,HTML table 1; row 80; column 6,review_required
S027,217d731bacf8971f6d53204b7903227b632c869ba27bbe2e5b37e1874d3beb36,,1,80,7,"·ESIA_Jomori HPP（July,26_2024) (PDF/9.9MB) ·ESIA_Appendix_Jomori HPP（July,26_2024) (PDF/27.1MB) ·ESIA_Jomori TL（July,26_2024) (PDF/7.5MB) ·ESIA_Appendix_Jomori TL（July,26.2024) (PDF/12.6MB) ·Final ESIA_Jomori (September.30_2024) (PDF/8.0MB) ·Final ESIA_Druk Bindu-I (September.30_2024) (PDF/8.7MB) ·Final ESIA_Druk Bindu-II (September.30_2024) (PDF/7.5MB) ·Final ESIA_Jomori Transmission Line (September.30_2024) (PDF/20.3MB) ·Final ESIA_Jomori Transmission Line_Additional Information (September.30_2024) (PDF/1.0MB) ·Final IEE_Druk Bindu Transmission Line (September.30_2024) (PDF/5.0MB)",HTML table 1; row 80; column 7,review_required
S027,217d731bacf8971f6d53204b7903227b632c869ba27bbe2e5b37e1874d3beb36,,1,80,8,-,HTML table 1; row 80; column 8,review_required
S027,217d731bacf8971f6d53204b7903227b632c869ba27bbe2e5b37e1874d3beb36,,1,80,9,-,HTML table 1; row 80; column 9,review_required
S027,217d731bacf8971f6d53204b7903227b632c869ba27bbe2e5b37e1874d3beb36,,1,81,1,Bhutan,HTML table 1; row 81; column 1,review_required
S027,217d731bacf8971f6d53204b7903227b632c869ba27bbe2e5b37e1874d3beb36,,1,81,2,Feasibility Survey for road-side slope disaster countermeasure technologies and methods.,HTML table 1; row 81; column 2,review_required
S027,217d731bacf8971f6d53204b7903227b632c869ba27bbe2e5b37e1874d3beb36,,1,81,3,SDGs-SS,HTML table 1; row 81; column 3,review_required
S027,217d731bacf8971f6d53204b7903227b632c869ba27bbe2e5b37e1874d3beb36,,1,81,4,2010,HTML table 1; row 81; column 4,review_required
S027,217d731bacf8971f6d53204b7903227b632c869ba27bbe2e5b37e1874d3beb36,,1,81,5,B,HTML table 1; row 81; column 5,review_required
S027,217d731bacf8971f6d53204b7903227b632c869ba27bbe2e5b37e1874d3beb36,,1,81,6,·final report in japanese,HTML table 1; row 81; column 6,review_required
S027,217d731bacf8971f6d53204b7903227b632c869ba27bbe2e5b37e1874d3beb36,,1,81,7,-,HTML table 1; row 81; column 7,review_required
S027,217d731bacf8971f6d53204b7903227b632c869ba27bbe2e5b37e1874d3beb36,,1,81,8,-,HTML table 1; row 81; column 8,review_required
S027,217d731bacf8971f6d53204b7903227b632c869ba27bbe2e5b37e1874d3beb36,,1,81,9,-,HTML table 1; row 81; column 9,review_required
S027,217d731bacf8971f6d53204b7903227b632c869ba27bbe2e5b37e1874d3beb36,,1,82,1,Bhutan,HTML table 1; row 82; column 1,review_required
S027,217d731bacf8971f6d53204b7903227b632c869ba27bbe2e5b37e1874d3beb36,,1,82,2,Verification Survey with the Private Sector for Disseminating Japanese Technologies for The small sewerage by energy-saving wastewater treatment technology named Dojo-Joka System,HTML table 1; row 82; column 2,review_required
S027,217d731bacf8971f6d53204b7903227b632c869ba27bbe2e5b37e1874d3beb36,,1,82,3,SDGs-SS,HTML table 1; row 82; column 3,review_required
S027,217d731bacf8971f6d53204b7903227b632c869ba27bbe2e5b37e1874d3beb36,,1,82,4,2010,HTML table 1; row 82; column 4,review_required
S027,217d731bacf8971f6d53204b7903227b632c869ba27bbe2e5b37e1874d3beb36,,1,82,5,B,HTML table 1; row 82; column 5,review_required
S027,217d731bacf8971f6d53204b7903227b632c869ba27bbe2e5b37e1874d3beb36,,1,82,6,·Final Report (In Japanese),HTML table 1; row 82; column 6,review_required
S027,217d731bacf8971f6d53204b7903227b632c869ba27bbe2e5b37e1874d3beb36,,1,82,7,-,HTML table 1; row 82; column 7,review_required
S027,217d731bacf8971f6d53204b7903227b632c869ba27bbe2e5b37e1874d3beb36,,1,82,8,·Environmental Review (In Japanese) (PDF/230KB),HTML table 1; row 82; column 8,review_required
S027,217d731bacf8971f6d53204b7903227b632c869ba27bbe2e5b37e1874d3beb36,,1,82,9,·Final Report (In Japanese),HTML table 1; row 82; column 9,review_required
S027,217d731bacf8971f6d53204b7903227b632c869ba27bbe2e5b37e1874d3beb36,,1,83,1,Bhutan,HTML table 1; row 83; column 1,review_required
S027,217d731bacf8971f6d53204b7903227b632c869ba27bbe2e5b37e1874d3beb36,,1,83,2,Project for Master Plan / Baseline Study of Mining and Mineral Deposits in Bhutan,HTML table 1; row 83; column 2,review_required
S027,217d731bacf8971f6d53204b7903227b632c869ba27bbe2e5b37e1874d3beb36,,1,83,3,TCP,HTML table 1; row 83; column 3,review_required
S027,217d731bacf8971f6d53204b7903227b632c869ba27bbe2e5b37e1874d3beb36,,1,83,4,2010,HTML table 1; row 83; column 4,review_required
S027,217d731bacf8971f6d53204b7903227b632c869ba27bbe2e5b37e1874d3beb36,,1,83,5,B,HTML table 1; row 83; column 5,review_required
S027,217d731bacf8971f6d53204b7903227b632c869ba27bbe2e5b37e1874d3beb36,,1,83,6,-,HTML table 1; row 83; column 6,review_required
S027,217d731bacf8971f6d53204b7903227b632c869ba27bbe2e5b37e1874d3beb36,,1,83,7,-,HTML table 1; row 83; column 7,review_required
S027,217d731bacf8971f6d53204b7903227b632c869ba27bbe2e5b37e1874d3beb36,,1,83,8,-,HTML table 1; row 83; column 8,review_required
S027,217d731bacf8971f6d53204b7903227b632c869ba27bbe2e5b37e1874d3beb36,,1,83,9,-,HTML table 1; row 83; column 9,review_required
S027,217d731bacf8971f6d53204b7903227b632c869ba27bbe2e5b37e1874d3beb36,,1,84,1,Bhutan,HTML table 1; row 84; column 1,review_required
S027,217d731bacf8971f6d53204b7903227b632c869ba27bbe2e5b37e1874d3beb36,,1,84,2,Project for Formulation of Comprehensive Development Plan for Bhutan 2030,HTML table 1; row 84; column 2,review_required
S027,217d731bacf8971f6d53204b7903227b632c869ba27bbe2e5b37e1874d3beb36,,1,84,3,TCDP,HTML table 1; row 84; column 3,review_required
S027,217d731bacf8971f6d53204b7903227b632c869ba27bbe2e5b37e1874d3beb36,,1,84,4,2010,HTML table 1; row 84; column 4,review_required
S027,217d731bacf8971f6d53204b7903227b632c869ba27bbe2e5b37e1874d3beb36,,1,84,5,B,HTML table 1; row 84; column 5,review_required
S027,217d731bacf8971f6d53204b7903227b632c869ba27bbe2e5b37e1874d3beb36,,1,84,6,·RD (PDF/1.25MB) ·ESC in detailed planning survey (PDF/446KB),HTML table 1; row 84; column 6,review_required
S027,217d731bacf8971f6d53204b7903227b632c869ba27bbe2e5b37e1874d3beb36,,1,84,7,-,HTML table 1; row 84; column 7,review_required
S027,217d731bacf8971f6d53204b7903227b632c869ba27bbe2e5b37e1874d3beb36,,1,84,8,-,HTML table 1; row 84; column 8,review_required
S027,217d731bacf8971f6d53204b7903227b632c869ba27bbe2e5b37e1874d3beb36,,1,84,9,-,HTML table 1; row 84; column 9,review_required
S027,217d731bacf8971f6d53204b7903227b632c869ba27bbe2e5b37e1874d3beb36,,1,85,1,Bhutan,HTML table 1; row 85; column 1,review_required
S027,217d731bacf8971f6d53204b7903227b632c869ba27bbe2e5b37e1874d3beb36,,1,85,2,Project for Master Plan Study on Road Slope Management in Bhutan,HTML table 1; row 85; column 2,review_required
S027,217d731bacf8971f6d53204b7903227b632c869ba27bbe2e5b37e1874d3beb36,,1,85,3,TCDP,HTML table 1; row 85; column 3,review_required
S027,217d731bacf8971f6d53204b7903227b632c869ba27bbe2e5b37e1874d3beb36,,1,85,4,2010,HTML table 1; row 85; column 4,review_required
S027,217d731bacf8971f6d53204b7903227b632c869ba27bbe2e5b37e1874d3beb36,,1,85,5,B,HTML table 1; row 85; column 5,review_required
S027,217d731bacf8971f6d53204b7903227b632c869ba27bbe2e5b37e1874d3beb36,,1,85,6,-,HTML table 1; row 85; column 6,review_required
S027,217d731bacf8971f6d53204b7903227b632c869ba27bbe2e5b37e1874d3beb36,,1,85,7,-,HTML table 1; row 85; column 7,review_required
S027,217d731bacf8971f6d53204b7903227b632c869ba27bbe2e5b37e1874d3beb36,,1,85,8,-,HTML table 1; row 85; column 8,review_required
S027,217d731bacf8971f6d53204b7903227b632c869ba27bbe2e5b37e1874d3beb36,,1,85,9,-,HTML table 1; row 85; column 9,review_required
S027,217d731bacf8971f6d53204b7903227b632c869ba27bbe2e5b37e1874d3beb36,,1,86,1,Bhutan,HTML table 1; row 86; column 1,review_required
S027,217d731bacf8971f6d53204b7903227b632c869ba27bbe2e5b37e1874d3beb36,,1,86,2,The Project for Reconstruction of Bridges on Primary National Highway No. 4,HTML table 1; row 86; column 2,review_required
S027,217d731bacf8971f6d53204b7903227b632c869ba27bbe2e5b37e1874d3beb36,,1,86,3,GA,HTML table 1; row 86; column 3,review_required
S027,217d731bacf8971f6d53204b7903227b632c869ba27bbe2e5b37e1874d3beb36,,1,86,4,2010,HTML table 1; row 86; column 4,review_required
S027,217d731bacf8971f6d53204b7903227b632c869ba27bbe2e5b37e1874d3beb36,,1,86,5,B,HTML table 1; row 86; column 5,review_required
S027,217d731bacf8971f6d53204b7903227b632c869ba27bbe2e5b37e1874d3beb36,,1,86,6,"·Report in Japanese(Nov. 1, 2016)(PDF/10.3MB)",HTML table 1; row 86; column 6,review_required
S027,217d731bacf8971f6d53204b7903227b632c869ba27bbe2e5b37e1874d3beb36,,1,86,7,-,HTML table 1; row 86; column 7,review_required
S027,217d731bacf8971f6d53204b7903227b632c869ba27bbe2e5b37e1874d3beb36,,1,86,8,-,HTML table 1; row 86; column 8,review_required
S027,217d731bacf8971f6d53204b7903227b632c869ba27bbe2e5b37e1874d3beb36,,1,86,9,-,HTML table 1; row 86; column 9,review_required
S027,217d731bacf8971f6d53204b7903227b632c869ba27bbe2e5b37e1874d3beb36,,1,87,1,Bhutan,HTML table 1; row 87; column 1,review_required
S027,217d731bacf8971f6d53204b7903227b632c869ba27bbe2e5b37e1874d3beb36,,1,87,2,The Project for Reconstruction of Bridges on Primary National Highway No.1,HTML table 1; row 87; column 2,review_required
S027,217d731bacf8971f6d53204b7903227b632c869ba27bbe2e5b37e1874d3beb36,,1,87,3,GA,HTML table 1; row 87; column 3,review_required
S027,217d731bacf8971f6d53204b7903227b632c869ba27bbe2e5b37e1874d3beb36,,1,87,4,2010,HTML table 1; row 87; column 4,review_required
S027,217d731bacf8971f6d53204b7903227b632c869ba27bbe2e5b37e1874d3beb36,,1,87,5,B,HTML table 1; row 87; column 5,review_required
S027,217d731bacf8971f6d53204b7903227b632c869ba27bbe2e5b37e1874d3beb36,,1,87,6,"·Report (Apr. 1, 2015)(PDF/10.9MB)",HTML table 1; row 87; column 6,review_required
S027,217d731bacf8971f6d53204b7903227b632c869ba27bbe2e5b37e1874d3beb36,,1,87,7,-,HTML table 1; row 87; column 7,review_required
S027,217d731bacf8971f6d53204b7903227b632c869ba27bbe2e5b37e1874d3beb36,,1,87,8,-,HTML table 1; row 87; column 8,review_required
S027,217d731bacf8971f6d53204b7903227b632c869ba27bbe2e5b37e1874d3beb36,,1,87,9,-,HTML table 1; row 87; column 9,review_required
S027,217d731bacf8971f6d53204b7903227b632c869ba27bbe2e5b37e1874d3beb36,,1,88,1,Bhutan,HTML table 1; row 88; column 1,review_required
S027,217d731bacf8971f6d53204b7903227b632c869ba27bbe2e5b37e1874d3beb36,,1,88,2,The Project for the Rehabilitation of Taklai Irrigation System in Sarpang District,HTML table 1; row 88; column 2,review_required
S027,217d731bacf8971f6d53204b7903227b632c869ba27bbe2e5b37e1874d3beb36,,1,88,3,GA,HTML table 1; row 88; column 3,review_required
S027,217d731bacf8971f6d53204b7903227b632c869ba27bbe2e5b37e1874d3beb36,,1,88,4,2010,HTML table 1; row 88; column 4,review_required
S027,217d731bacf8971f6d53204b7903227b632c869ba27bbe2e5b37e1874d3beb36,,1,88,5,B,HTML table 1; row 88; column 5,review_required
S027,217d731bacf8971f6d53204b7903227b632c869ba27bbe2e5b37e1874d3beb36,,1,88,6,-,HTML table 1; row 88; column 6,review_required
S027,217d731bacf8971f6d53204b7903227b632c869ba27bbe2e5b37e1874d3beb36,,1,88,7,-,HTML table 1; row 88; column 7,review_required
S027,217d731bacf8971f6d53204b7903227b632c869ba27bbe2e5b37e1874d3beb36,,1,88,8,-,HTML table 1; row 88; column 8,review_required
S027,217d731bacf8971f6d53204b7903227b632c869ba27bbe2e5b37e1874d3beb36,,1,88,9,·Environmental Monitoring (PDF/539KB),HTML table 1; row 88; column 9,review_required
S027,217d731bacf8971f6d53204b7903227b632c869ba27bbe2e5b37e1874d3beb36,,1,89,1,Bhutan,HTML table 1; row 89; column 1,review_required
S027,217d731bacf8971f6d53204b7903227b632c869ba27bbe2e5b37e1874d3beb36,,1,89,2,Eastern Transmission Line and Pooling Station Development Project,HTML table 1; row 89; column 2,review_required
S027,217d731bacf8971f6d53204b7903227b632c869ba27bbe2e5b37e1874d3beb36,,1,89,3,L,HTML table 1; row 89; column 3,review_required
S027,217d731bacf8971f6d53204b7903227b632c869ba27bbe2e5b37e1874d3beb36,,1,89,4,2022,HTML table 1; row 89; column 4,review_required
S027,217d731bacf8971f6d53204b7903227b632c869ba27bbe2e5b37e1874d3beb36,,1,89,5,B,HTML table 1; row 89; column 5,review_required
S027,217d731bacf8971f6d53204b7903227b632c869ba27bbe2e5b37e1874d3beb36,,1,89,6,-,HTML table 1; row 89; column 6,review_required
S027,217d731bacf8971f6d53204b7903227b632c869ba27bbe2e5b37e1874d3beb36,,1,89,7,-,HTML table 1; row 89; column 7,review_required
S027,217d731bacf8971f6d53204b7903227b632c869ba27bbe2e5b37e1874d3beb36,,1,89,8,-,HTML table 1; row 89; column 8,review_required
S027,217d731bacf8971f6d53204b7903227b632c869ba27bbe2e5b37e1874d3beb36,,1,89,9,-,HTML table 1; row 89; column 9,review_required
S027,217d731bacf8971f6d53204b7903227b632c869ba27bbe2e5b37e1874d3beb36,,1,90,1,India,HTML table 1; row 90; column 1,review_required
S027,217d731bacf8971f6d53204b7903227b632c869ba27bbe2e5b37e1874d3beb36,,1,90,2,The Project for Promoting Sustainable Horticulture in Haryana (I),HTML table 1; row 90; column 2,review_required
S027,217d731bacf8971f6d53204b7903227b632c869ba27bbe2e5b37e1874d3beb36,,1,90,3,L,HTML table 1; row 90; column 3,review_required
S027,217d731bacf8971f6d53204b7903227b632c869ba27bbe2e5b37e1874d3beb36,,1,90,4,2022,HTML table 1; row 90; column 4,review_required
S027,217d731bacf8971f6d53204b7903227b632c869ba27bbe2e5b37e1874d3beb36,,1,90,5,FI,HTML table 1; row 90; column 5,review_required
S027,217d731bacf8971f6d53204b7903227b632c869ba27bbe2e5b37e1874d3beb36,,1,90,6,-,HTML table 1; row 90; column 6,review_required
S027,217d731bacf8971f6d53204b7903227b632c869ba27bbe2e5b37e1874d3beb36,,1,90,7,-,HTML table 1; row 90; column 7,review_required
S027,217d731bacf8971f6d53204b7903227b632c869ba27bbe2e5b37e1874d3beb36,,1,90,8,-,HTML table 1; row 90; column 8,review_required
S027,217d731bacf8971f6d53204b7903227b632c869ba27bbe2e5b37e1874d3beb36,,1,90,9,-,HTML table 1; row 90; column 9,review_required
S027,217d731bacf8971f6d53204b7903227b632c869ba27bbe2e5b37e1874d3beb36,,1,91,1,India,HTML table 1; row 91; column 1,review_required
S027,217d731bacf8971f6d53204b7903227b632c869ba27bbe2e5b37e1874d3beb36,,1,91,2,Mumbai Metro Line 11 Project (I),HTML table 1; row 91; column 2,review_required
S027,217d731bacf8971f6d53204b7903227b632c869ba27bbe2e5b37e1874d3beb36,,1,91,3,L,HTML table 1; row 91; column 3,review_required
S027,217d731bacf8971f6d53204b7903227b632c869ba27bbe2e5b37e1874d3beb36,,1,91,4,2022,HTML table 1; row 91; column 4,review_required
S027,217d731bacf8971f6d53204b7903227b632c869ba27bbe2e5b37e1874d3beb36,,1,91,5,A,HTML table 1; row 91; column 5,review_required
S027,217d731bacf8971f6d53204b7903227b632c869ba27bbe2e5b37e1874d3beb36,,1,91,6,-,HTML table 1; row 91; column 6,review_required
S027,217d731bacf8971f6d53204b7903227b632c869ba27bbe2e5b37e1874d3beb36,,1,91,7,"·EIA (Nov.18, 2025) (PDF/4.4MB) ·EIA Supplementary document (Nov.18, 2025) (PDF/4.9MB) ·SIA/ RAP (Nov.18, 2025) (PDF/7.0MB) ·SIA/ RAP Supplementary document (Nov.18, 2025) (PDF/3.6MB)",HTML table 1; row 91; column 7,review_required
S027,217d731bacf8971f6d53204b7903227b632c869ba27bbe2e5b37e1874d3beb36,,1,91,8,·Environmental Review (English) (PDF/439KB) ·Environmental Review (Japanese) (PDF/510KB),HTML table 1; row 91; column 8,review_required
S027,217d731bacf8971f6d53204b7903227b632c869ba27bbe2e5b37e1874d3beb36,,1,91,9,-,HTML table 1; row 91; column 9,review_required
S027,217d731bacf8971f6d53204b7903227b632c869ba27bbe2e5b37e1874d3beb36,,1,92,1,India,HTML table 1; row 92; column 1,review_required
S027,217d731bacf8971f6d53204b7903227b632c869ba27bbe2e5b37e1874d3beb36,,1,92,2,Project for the Construction of Mumbai – Ahmedabad High Speed Rail,HTML table 1; row 92; column 2,review_required
S027,217d731bacf8971f6d53204b7903227b632c869ba27bbe2e5b37e1874d3beb36,,1,92,3,L,HTML table 1; row 92; column 3,review_required
S027,217d731bacf8971f6d53204b7903227b632c869ba27bbe2e5b37e1874d3beb36,,1,92,4,2010,HTML table 1; row 92; column 4,review_required
S027,217d731bacf8971f6d53204b7903227b632c869ba27bbe2e5b37e1874d3beb36,,1,92,5,A,HTML table 1; row 92; column 5,review_required
S027,217d731bacf8971f6d53204b7903227b632c869ba27bbe2e5b37e1874d3beb36,,1,92,6,·Joint Feasibility Study for Mumbai-Ahmedabad High Speed Railway Corridor 1 (PDF/5.17MB) ·Joint Feasibility Study for Mumbai-Ahmedabad High Speed Railway Corridor 2 (PDF/12.9MB) ·Joint Feasibility Study for Mumbai-Ahmedabad High Speed Railway Corridor 3 (PDF/20.5MB) ·Joint Feasibility Study for Mumbai-Ahmedabad High Speed Railway Corridor 4 (PDF/26.8MB) ·Joint Feasibility Study for Mumbai-Ahmedabad High Speed Railway Corridor 5 (PDF/28.7MB) ·Joint Feasibility Study for Mumbai-Ahmedabad High Speed Railway Corridor 6 (PDF/7.20MB) ·Joint Feasibility Study for Mumbai-Ahmedabad High Speed Railway Corridor 7 (PDF/14.7MB) ·Joint Feasibility Study for Mumbai-Ahmedabad High Speed Railway Corridor 8 (PDF/23.7MB) ·Joint Feasibility Study for Mumbai-Ahmedabad High Speed Railway Corridor 9 (PDF/16.2MB) ·Joint Feasibility Study for Mumbai-Ahmedabad High Speed Railway Corridor 10 (PDF/9.43MB),HTML table 1; row 92; column 6,review_required
S027,217d731bacf8971f6d53204b7903227b632c869ba27bbe2e5b37e1874d3beb36,,1,92,7,"·RAP(December 23,2021) (PDF/9.05MB) ·EPC(December 23, 2021) (PDF/422KB) ·EIAVol. 1 (September 14, 2018) (PDF/11.8MB) ·EIAVol. 2 (September 14, 2018) (PDF/17.4MB) ·RAP(September 14, 2018) (PDF/4.80MB) ·IPP(September 14, 2018) (PDF/4.75MB) ·(September 14, 2018) (PDF/58.9KB)",HTML table 1; row 92; column 7,review_required
S027,217d731bacf8971f6d53204b7903227b632c869ba27bbe2e5b37e1874d3beb36,,1,92,8,·Environmental Review (English) (PDF/200KB) ·Environmental Review (Japanese) (PDF/313KB),HTML table 1; row 92; column 8,review_required
S027,217d731bacf8971f6d53204b7903227b632c869ba27bbe2e5b37e1874d3beb36,,1,92,9,"·Environmental Monitoring (July-Sept,2025) (PDF/78.4MB)",HTML table 1; row 92; column 9,review_required
S027,217d731bacf8971f6d53204b7903227b632c869ba27bbe2e5b37e1874d3beb36,,1,93,1,India,HTML table 1; row 93; column 1,review_required
S027,217d731bacf8971f6d53204b7903227b632c869ba27bbe2e5b37e1874d3beb36,,1,93,2,"Project for the National Centre for Medical Device Development, Validation and Skill Training in All India Institute of Medical Sciences Delhi",HTML table 1; row 93; column 2,review_required
S027,217d731bacf8971f6d53204b7903227b632c869ba27bbe2e5b37e1874d3beb36,,1,93,3,L,HTML table 1; row 93; column 3,review_required
S027,217d731bacf8971f6d53204b7903227b632c869ba27bbe2e5b37e1874d3beb36,,1,93,4,2022,HTML table 1; row 93; column 4,review_required
S027,217d731bacf8971f6d53204b7903227b632c869ba27bbe2e5b37e1874d3beb36,,1,93,5,B,HTML table 1; row 93; column 5,review_required
S027,217d731bacf8971f6d53204b7903227b632c869ba27bbe2e5b37e1874d3beb36,,1,93,6,-,HTML table 1; row 93; column 6,review_required
S027,217d731bacf8971f6d53204b7903227b632c869ba27bbe2e5b37e1874d3beb36,,1,93,7,-,HTML table 1; row 93; column 7,review_required
S027,217d731bacf8971f6d53204b7903227b632c869ba27bbe2e5b37e1874d3beb36,,1,93,8,-,HTML table 1; row 93; column 8,review_required
S027,217d731bacf8971f6d53204b7903227b632c869ba27bbe2e5b37e1874d3beb36,,1,93,9,-,HTML table 1; row 93; column 9,review_required
S027,217d731bacf8971f6d53204b7903227b632c869ba27bbe2e5b37e1874d3beb36,,1,94,1,India,HTML table 1; row 94; column 1,review_required
S027,217d731bacf8971f6d53204b7903227b632c869ba27bbe2e5b37e1874d3beb36,,1,94,2,Ahmedabad Metro Rail Project,HTML table 1; row 94; column 2,review_required
S027,217d731bacf8971f6d53204b7903227b632c869ba27bbe2e5b37e1874d3beb36,,1,94,3,L,HTML table 1; row 94; column 3,review_required
S027,217d731bacf8971f6d53204b7903227b632c869ba27bbe2e5b37e1874d3beb36,,1,94,4,2010,HTML table 1; row 94; column 4,review_required
S027,217d731bacf8971f6d53204b7903227b632c869ba27bbe2e5b37e1874d3beb36,,1,94,5,A,HTML table 1; row 94; column 5,review_required
S027,217d731bacf8971f6d53204b7903227b632c869ba27bbe2e5b37e1874d3beb36,,1,94,6,-,HTML table 1; row 94; column 6,review_required
S027,217d731bacf8971f6d53204b7903227b632c869ba27bbe2e5b37e1874d3beb36,,1,94,7,"·EIA (Nov. 25, 2014) (PDF/16.5MB) ·SIA (Nov. 25, 2014) (PDF/17.1MB) ·EPC (Nov. 25, 2014) (PDF/37KB)",HTML table 1; row 94; column 7,review_required
S027,217d731bacf8971f6d53204b7903227b632c869ba27bbe2e5b37e1874d3beb36,,1,94,8,·Environmental Review (PDF/170KB),HTML table 1; row 94; column 8,review_required
S027,217d731bacf8971f6d53204b7903227b632c869ba27bbe2e5b37e1874d3beb36,,1,94,9,-,HTML table 1; row 94; column 9,review_required
S027,217d731bacf8971f6d53204b7903227b632c869ba27bbe2e5b37e1874d3beb36,,1,95,1,India,HTML table 1; row 95; column 1,review_required
S027,217d731bacf8971f6d53204b7903227b632c869ba27bbe2e5b37e1874d3beb36,,1,95,2,Bengaluru Metro Rail Project (Phase 2),HTML table 1; row 95; column 2,review_required
S027,217d731bacf8971f6d53204b7903227b632c869ba27bbe2e5b37e1874d3beb36,,1,95,3,L,HTML table 1; row 95; column 3,review_required
S027,217d731bacf8971f6d53204b7903227b632c869ba27bbe2e5b37e1874d3beb36,,1,95,4,2010,HTML table 1; row 95; column 4,review_required
S027,217d731bacf8971f6d53204b7903227b632c869ba27bbe2e5b37e1874d3beb36,,1,95,5,A,HTML table 1; row 95; column 5,review_required
S027,217d731bacf8971f6d53204b7903227b632c869ba27bbe2e5b37e1874d3beb36,,1,95,6,-,HTML table 1; row 95; column 6,review_required
S027,217d731bacf8971f6d53204b7903227b632c869ba27bbe2e5b37e1874d3beb36,,1,95,7,"·EPC(November. 10, 2020) (PDF/299KB) ·EIA2A (November. 10, 2020) (PDF/19.6MB) ·RAP2A (November. 10, 2020) (PDF/6.89MB) ·EIA2B (November. 10, 2020) (PDF/19.0MB) ·RAP2B (November. 10, 2020) (PDF/5.32MB) ·EIAR6 (November. 10, 2020) (PDF/5.13MB) ·EIAR6 Addendum (November. 10, 2020) (PDF/1.09MB) ·RAPR6 (November. 10, 2020) (PDF/4.77MB) ·RAPAll Addendum (November. 10, 2020) (PDF/516KB)",HTML table 1; row 95; column 7,review_required
S027,217d731bacf8971f6d53204b7903227b632c869ba27bbe2e5b37e1874d3beb36,,1,95,8,·Environmental Review (English) (PDF/276KB) ·Environmental Review (Japanese) (PDF/204KB),HTML table 1; row 95; column 8,review_required
S027,217d731bacf8971f6d53204b7903227b632c869ba27bbe2e5b37e1874d3beb36,,1,95,9,·Result of Environmental Monitoring (2025Q3) (PDF/1.9MB),HTML table 1; row 95; column 9,review_required
S027,217d731bacf8971f6d53204b7903227b632c869ba27bbe2e5b37e1874d3beb36,,1,96,1,India,HTML table 1; row 96; column 1,review_required
S027,217d731bacf8971f6d53204b7903227b632c869ba27bbe2e5b37e1874d3beb36,,1,96,2,Bengaluru Peripheral Ring Road,HTML table 1; row 96; column 2,review_required
S027,217d731bacf8971f6d53204b7903227b632c869ba27bbe2e5b37e1874d3beb36,,1,96,3,L,HTML table 1; row 96; column 3,review_required
S027,217d731bacf8971f6d53204b7903227b632c869ba27bbe2e5b37e1874d3beb36,,1,96,4,2010,HTML table 1; row 96; column 4,review_required
S027,217d731bacf8971f6d53204b7903227b632c869ba27bbe2e5b37e1874d3beb36,,1,96,5,A,HTML table 1; row 96; column 5,review_required
S027,217d731bacf8971f6d53204b7903227b632c869ba27bbe2e5b37e1874d3beb36,,1,96,6,-,HTML table 1; row 96; column 6,review_required
S027,217d731bacf8971f6d53204b7903227b632c869ba27bbe2e5b37e1874d3beb36,,1,96,7,"·EIA (Nov. 20, 2014) (PDF/15.7MB) ·RAP(Nov. 5, 2015) (PDF/4.87MB)",HTML table 1; row 96; column 7,review_required
S027,217d731bacf8971f6d53204b7903227b632c869ba27bbe2e5b37e1874d3beb36,,1,96,8,-,HTML table 1; row 96; column 8,review_required
S027,217d731bacf8971f6d53204b7903227b632c869ba27bbe2e5b37e1874d3beb36,,1,96,9,-,HTML table 1; row 96; column 9,review_required
S027,217d731bacf8971f6d53204b7903227b632c869ba27bbe2e5b37e1874d3beb36,,1,97,1,India,HTML table 1; row 97; column 1,review_required
S027,217d731bacf8971f6d53204b7903227b632c869ba27bbe2e5b37e1874d3beb36,,1,97,2,Chennai Metro Project (Phase 2),HTML table 1; row 97; column 2,review_required
S027,217d731bacf8971f6d53204b7903227b632c869ba27bbe2e5b37e1874d3beb36,,1,97,3,L,HTML table 1; row 97; column 3,review_required
S027,217d731bacf8971f6d53204b7903227b632c869ba27bbe2e5b37e1874d3beb36,,1,97,4,2010,HTML table 1; row 97; column 4,review_required
S027,217d731bacf8971f6d53204b7903227b632c869ba27bbe2e5b37e1874d3beb36,,1,97,5,A,HTML table 1; row 97; column 5,review_required
S027,217d731bacf8971f6d53204b7903227b632c869ba27bbe2e5b37e1874d3beb36,,1,97,6,-,HTML table 1; row 97; column 6,review_required
S027,217d731bacf8971f6d53204b7903227b632c869ba27bbe2e5b37e1874d3beb36,,1,97,7,"·EIA (Nov.21, 2017) (PDF/2.19MB) ·RAP(Nov. 21, 2017) (PDF/10.9MB) ·EPC (Nov.21, 2017) (PDF/46.4KB)",HTML table 1; row 97; column 7,review_required
S027,217d731bacf8971f6d53204b7903227b632c869ba27bbe2e5b37e1874d3beb36,,1,97,8,·Environmental Review (I) (English) (PDF/220KB) ·Environmental Review (II) (English) (PDF/442KB) ·Environmental Review (I) (Japanese) (PDF/322KB) ·Environmental Review (II) (Japanese) (PDF/589KB),HTML table 1; row 97; column 8,review_required
S027,217d731bacf8971f6d53204b7903227b632c869ba27bbe2e5b37e1874d3beb36,,1,97,9,·Result of Monitoring (2026Q1) (PDF/1.2MB),HTML table 1; row 97; column 9,review_required
S027,217d731bacf8971f6d53204b7903227b632c869ba27bbe2e5b37e1874d3beb36,,1,98,1,India,HTML table 1; row 98; column 1,review_required
S027,217d731bacf8971f6d53204b7903227b632c869ba27bbe2e5b37e1874d3beb36,,1,98,2,Chennai Peripheral Ring Road Project,HTML table 1; row 98; column 2,review_required
S027,217d731bacf8971f6d53204b7903227b632c869ba27bbe2e5b37e1874d3beb36,,1,98,3,L,HTML table 1; row 98; column 3,review_required
S027,217d731bacf8971f6d53204b7903227b632c869ba27bbe2e5b37e1874d3beb36,,1,98,4,2010,HTML table 1; row 98; column 4,review_required
S027,217d731bacf8971f6d53204b7903227b632c869ba27bbe2e5b37e1874d3beb36,,1,98,5,A,HTML table 1; row 98; column 5,review_required
S027,217d731bacf8971f6d53204b7903227b632c869ba27bbe2e5b37e1874d3beb36,,1,98,6,"·Preparatory Survey (in Japanese) (Aug. 28, 2018) (PDF/17.3MB)",HTML table 1; row 98; column 6,review_required
S027,217d731bacf8971f6d53204b7903227b632c869ba27bbe2e5b37e1874d3beb36,,1,98,7,"·EIA(Aug. 28, 2018) (PDF/21.7MB) ·RAP(Aug. 28, 2018) (PDF/77.9MB) ·EPC(Aug. 28, 2018) (PDF/52.0MB)",HTML table 1; row 98; column 7,review_required
S027,217d731bacf8971f6d53204b7903227b632c869ba27bbe2e5b37e1874d3beb36,,1,98,8,·Environmental Review (English) (PDF/114KB) ·Environmental Review (Japanese) (PDF/301KB),HTML table 1; row 98; column 8,review_required
S027,217d731bacf8971f6d53204b7903227b632c869ba27bbe2e5b37e1874d3beb36,,1,98,9,·Result of Monitoring (2025Q4) (PDF/359KB),HTML table 1; row 98; column 9,review_required
S027,217d731bacf8971f6d53204b7903227b632c869ba27bbe2e5b37e1874d3beb36,,1,99,1,India,HTML table 1; row 99; column 1,review_required
S027,217d731bacf8971f6d53204b7903227b632c869ba27bbe2e5b37e1874d3beb36,,1,99,2,Delhi Mass Rapid Transport System Project Phase 3,HTML table 1; row 99; column 2,review_required
S027,217d731bacf8971f6d53204b7903227b632c869ba27bbe2e5b37e1874d3beb36,,1,99,3,L,HTML table 1; row 99; column 3,review_required
S027,217d731bacf8971f6d53204b7903227b632c869ba27bbe2e5b37e1874d3beb36,,1,99,4,2010,HTML table 1; row 99; column 4,review_required
S027,217d731bacf8971f6d53204b7903227b632c869ba27bbe2e5b37e1874d3beb36,,1,99,5,A,HTML table 1; row 99; column 5,review_required
S027,217d731bacf8971f6d53204b7903227b632c869ba27bbe2e5b37e1874d3beb36,,1,99,6,-,HTML table 1; row 99; column 6,review_required
S027,217d731bacf8971f6d53204b7903227b632c869ba27bbe2e5b37e1874d3beb36,,1,99,7,"·EIA(Aug. 23, 2012) (PDF/21.0MB) ·EPC(Aug. 23, 2012) (PDF/29KB) ·RAP (Aug. 23, 2012) (PDF/2.46MB) ·EIA (Mar. 31, 2018) (PDF/2.25MB) · SIA (Mar. 31, 2018) (PDF/2.02MB)",HTML table 1; row 99; column 7,review_required
S027,217d731bacf8971f6d53204b7903227b632c869ba27bbe2e5b37e1874d3beb36,,1,99,8,·Environmental Review (PDF/88KB),HTML table 1; row 99; column 8,review_required
S027,217d731bacf8971f6d53204b7903227b632c869ba27bbe2e5b37e1874d3beb36,,1,99,9,·Result of Monitoring (2023Q2) (PDF/162KB),HTML table 1; row 99; column 9,review_required
S027,217d731bacf8971f6d53204b7903227b632c869ba27bbe2e5b37e1874d3beb36,,1,100,1,India,HTML table 1; row 100; column 1,review_required
S027,217d731bacf8971f6d53204b7903227b632c869ba27bbe2e5b37e1874d3beb36,,1,100,2,Delhi Mass Rapid Transport System Project Phase 4,HTML table 1; row 100; column 2,review_required
S027,217d731bacf8971f6d53204b7903227b632c869ba27bbe2e5b37e1874d3beb36,,1,100,3,L,HTML table 1; row 100; column 3,review_required
S027,217d731bacf8971f6d53204b7903227b632c869ba27bbe2e5b37e1874d3beb36,,1,100,4,2010,HTML table 1; row 100; column 4,review_required
S027,217d731bacf8971f6d53204b7903227b632c869ba27bbe2e5b37e1874d3beb36,,1,100,5,A,HTML table 1; row 100; column 5,review_required
S027,217d731bacf8971f6d53204b7903227b632c869ba27bbe2e5b37e1874d3beb36,,1,100,6,-,HTML table 1; row 100; column 6,review_required
S027,217d731bacf8971f6d53204b7903227b632c869ba27bbe2e5b37e1874d3beb36,,1,100,7,"·Addendum of EIA (Aug 2020) (PDF/2.08MB) ·Addendum of SIA (Aug 2020) (PDF/1.06MB) ·EIA(Jun. 18, 2020) (PDF/5.45MB) ·RAP(Jun. 18, 2020) (PDF/9.49MB) ·EPC(Jun. 18, 2020) (PDF/425KB)",HTML table 1; row 100; column 7,review_required
S027,217d731bacf8971f6d53204b7903227b632c869ba27bbe2e5b37e1874d3beb36,,1,100,8,·Environmental Review (PDF/261KB) ·Environmental Review (II) (English) (PDF/424KB) ·Environmental Review (I) (Japanese) (PDF/252KB) ·Environmental Review (II) (Japanese) (PDF/737KB),HTML table 1; row 100; column 8,review_required
S027,217d731bacf8971f6d53204b7903227b632c869ba27bbe2e5b37e1874d3beb36,,1,100,9,·Result of Environmental Monitoring (2025Q3) (PDF/9.0MB),HTML table 1; row 100; column 9,review_required
S027,217d731bacf8971f6d53204b7903227b632c869ba27bbe2e5b37e1874d3beb36,,1,101,1,India,HTML table 1; row 101; column 1,review_required
S027,217d731bacf8971f6d53204b7903227b632c869ba27bbe2e5b37e1874d3beb36,,1,101,2,Gurgaon- Bawal Mass Rapid Transit System Project,HTML table 1; row 101; column 2,review_required
S027,217d731bacf8971f6d53204b7903227b632c869ba27bbe2e5b37e1874d3beb36,,1,101,3,L,HTML table 1; row 101; column 3,review_required
S027,217d731bacf8971f6d53204b7903227b632c869ba27bbe2e5b37e1874d3beb36,,1,101,4,2010,HTML table 1; row 101; column 4,review_required
S027,217d731bacf8971f6d53204b7903227b632c869ba27bbe2e5b37e1874d3beb36,,1,101,5,A,HTML table 1; row 101; column 5,review_required
S027,217d731bacf8971f6d53204b7903227b632c869ba27bbe2e5b37e1874d3beb36,,1,101,6,-,HTML table 1; row 101; column 6,review_required
S027,217d731bacf8971f6d53204b7903227b632c869ba27bbe2e5b37e1874d3beb36,,1,101,7,-,HTML table 1; row 101; column 7,review_required
S027,217d731bacf8971f6d53204b7903227b632c869ba27bbe2e5b37e1874d3beb36,,1,101,8,-,HTML table 1; row 101; column 8,review_required
S027,217d731bacf8971f6d53204b7903227b632c869ba27bbe2e5b37e1874d3beb36,,1,101,9,-,HTML table 1; row 101; column 9,review_required
S027,217d731bacf8971f6d53204b7903227b632c869ba27bbe2e5b37e1874d3beb36,,1,102,1,India,HTML table 1; row 102; column 1,review_required
S027,217d731bacf8971f6d53204b7903227b632c869ba27bbe2e5b37e1874d3beb36,,1,102,2,Mumbai Metro Line 3 Project,HTML table 1; row 102; column 2,review_required
S027,217d731bacf8971f6d53204b7903227b632c869ba27bbe2e5b37e1874d3beb36,,1,102,3,L,HTML table 1; row 102; column 3,review_required
S027,217d731bacf8971f6d53204b7903227b632c869ba27bbe2e5b37e1874d3beb36,,1,102,4,2010,HTML table 1; row 102; column 4,review_required
S027,217d731bacf8971f6d53204b7903227b632c869ba27bbe2e5b37e1874d3beb36,,1,102,5,A,HTML table 1; row 102; column 5,review_required
S027,217d731bacf8971f6d53204b7903227b632c869ba27bbe2e5b37e1874d3beb36,,1,102,6,-,HTML table 1; row 102; column 6,review_required
S027,217d731bacf8971f6d53204b7903227b632c869ba27bbe2e5b37e1874d3beb36,,1,102,7,"·RAPSIA（Mar.4,2021) (PDF/7.80MB) ·EIAEIA-Part1(Oct. 23, 2020) (PDF/7.64MB) ·EIAEIA-Part2(Oct. 23, 2020) (PDF/2.56MB) ·RAPSIA(Jan. 4, 2018) (PDF/6.55MB) ·EIAEIA(Sep,2012) (PDF/10.3MB)",HTML table 1; row 102; column 7,review_required
S027,217d731bacf8971f6d53204b7903227b632c869ba27bbe2e5b37e1874d3beb36,,1,102,8,·Environmental Review (English) (PDF/183KB) ·Environmental Review (II) (English) (PDF/175KB) ·Environmental Review (III) (English) (PDF/239KB) ·Environmental Review (IV) (English) (PDF/522KB) ·Environmental Review (V) (English) (PDF/486KB),HTML table 1; row 102; column 8,review_required
S027,217d731bacf8971f6d53204b7903227b632c869ba27bbe2e5b37e1874d3beb36,,1,102,9,·Result of Monitoring (2025Q3) (PDF/653KB),HTML table 1; row 102; column 9,review_required
S027,217d731bacf8971f6d53204b7903227b632c869ba27bbe2e5b37e1874d3beb36,,1,103,1,India,HTML table 1; row 103; column 1,review_required
S027,217d731bacf8971f6d53204b7903227b632c869ba27bbe2e5b37e1874d3beb36,,1,103,2,Mumbai Trans Harbour Link Project,HTML table 1; row 103; column 2,review_required
S027,217d731bacf8971f6d53204b7903227b632c869ba27bbe2e5b37e1874d3beb36,,1,103,3,L,HTML table 1; row 103; column 3,review_required
S027,217d731bacf8971f6d53204b7903227b632c869ba27bbe2e5b37e1874d3beb36,,1,103,4,2010,HTML table 1; row 103; column 4,review_required
S027,217d731bacf8971f6d53204b7903227b632c869ba27bbe2e5b37e1874d3beb36,,1,103,5,A,HTML table 1; row 103; column 5,review_required
S027,217d731bacf8971f6d53204b7903227b632c869ba27bbe2e5b37e1874d3beb36,,1,103,6,·Preparatory Survey_Main 1(PDF/9.46MB) ·Preparatory Survey_Main 2(PDF/8.42MB) ·Preparatory Survey_Main 3(PDF/6.10MB) ·Preparatory Survey_Appendix 1(PDF/9.21MB) ·Preparatory Survey_Appendix 2(PDF/9.76MB) ·Preparatory Survey_Appendix 3(PDF/4.92MB) ·Preparatory Survey_Appendix 4(PDF/10.4MB),HTML table 1; row 103; column 6,review_required
S027,217d731bacf8971f6d53204b7903227b632c869ba27bbe2e5b37e1874d3beb36,,1,103,7,"·EIA(Nov.26, 2015) (PDF/23.0MB) ·EPC(Nov.26, 2015) (PDF/1.84MB) ·RAP(Jan.7, 2016) (PDF/22.9MB)",HTML table 1; row 103; column 7,review_required
S027,217d731bacf8971f6d53204b7903227b632c869ba27bbe2e5b37e1874d3beb36,,1,103,8,·Environmental Review (English) (PDF/178KB) ·Environmental Review (Japanese) (PDF/381KB),HTML table 1; row 103; column 8,review_required
S027,217d731bacf8971f6d53204b7903227b632c869ba27bbe2e5b37e1874d3beb36,,1,103,9,·Result of Environmental Monitoring (July-December 2025) (PDF/46.2MB),HTML table 1; row 103; column 9,review_required
S027,217d731bacf8971f6d53204b7903227b632c869ba27bbe2e5b37e1874d3beb36,,1,104,1,India,HTML table 1; row 104; column 1,review_required
S027,217d731bacf8971f6d53204b7903227b632c869ba27bbe2e5b37e1874d3beb36,,1,104,2,New Dholera international airport development project in the Republic of India,HTML table 1; row 104; column 2,review_required
S027,217d731bacf8971f6d53204b7903227b632c869ba27bbe2e5b37e1874d3beb36,,1,104,3,L,HTML table 1; row 104; column 3,review_required
S027,217d731bacf8971f6d53204b7903227b632c869ba27bbe2e5b37e1874d3beb36,,1,104,4,2010,HTML table 1; row 104; column 4,review_required
S027,217d731bacf8971f6d53204b7903227b632c869ba27bbe2e5b37e1874d3beb36,,1,104,5,A,HTML table 1; row 104; column 5,review_required
S027,217d731bacf8971f6d53204b7903227b632c869ba27bbe2e5b37e1874d3beb36,,1,104,6,-,HTML table 1; row 104; column 6,review_required
S027,217d731bacf8971f6d53204b7903227b632c869ba27bbe2e5b37e1874d3beb36,,1,104,7,-,HTML table 1; row 104; column 7,review_required
S027,217d731bacf8971f6d53204b7903227b632c869ba27bbe2e5b37e1874d3beb36,,1,104,8,-,HTML table 1; row 104; column 8,review_required
S027,217d731bacf8971f6d53204b7903227b632c869ba27bbe2e5b37e1874d3beb36,,1,104,9,-,HTML table 1; row 104; column 9,review_required
S027,217d731bacf8971f6d53204b7903227b632c869ba27bbe2e5b37e1874d3beb36,,1,105,1,India,HTML table 1; row 105; column 1,review_required
S027,217d731bacf8971f6d53204b7903227b632c869ba27bbe2e5b37e1874d3beb36,,1,105,2,North East Road Network Connectivity Improvement Project Phase 5,HTML table 1; row 105; column 2,review_required
S027,217d731bacf8971f6d53204b7903227b632c869ba27bbe2e5b37e1874d3beb36,,1,105,3,L,HTML table 1; row 105; column 3,review_required
S027,217d731bacf8971f6d53204b7903227b632c869ba27bbe2e5b37e1874d3beb36,,1,105,4,2010,HTML table 1; row 105; column 4,review_required
S027,217d731bacf8971f6d53204b7903227b632c869ba27bbe2e5b37e1874d3beb36,,1,105,5,A,HTML table 1; row 105; column 5,review_required
S027,217d731bacf8971f6d53204b7903227b632c869ba27bbe2e5b37e1874d3beb36,,1,105,6,"·Preparatory Survey Volume 1 (Feb. 16, 2021) (PDF/15.5MB) ·Preparatory Survey Volume 2 (Feb. 16, 2021) (PDF/29.3MB)",HTML table 1; row 105; column 6,review_required
S027,217d731bacf8971f6d53204b7903227b632c869ba27bbe2e5b37e1874d3beb36,,1,105,7,"·EIA(Aug. 21, 2020) (PDF/13.6MB) ·EPC(Authorization letter)(Aug. 21, 2020) (PDF/361KB) ·RAP(Supplemental Social Assessment Report)(Feb. 10, 2021) (PDF/5.02MB)",HTML table 1; row 105; column 7,review_required
S027,217d731bacf8971f6d53204b7903227b632c869ba27bbe2e5b37e1874d3beb36,,1,105,8,·Environmental Review (English) (PDF/280KB) ·Environmental Review (Japanese) (PDF/417KB),HTML table 1; row 105; column 8,review_required
S027,217d731bacf8971f6d53204b7903227b632c869ba27bbe2e5b37e1874d3beb36,,1,105,9,·Result of RAP Monitoring (2026Q1) (PDF/647KB),HTML table 1; row 105; column 9,review_required
S027,217d731bacf8971f6d53204b7903227b632c869ba27bbe2e5b37e1874d3beb36,,1,106,1,India,HTML table 1; row 106; column 1,review_required
S027,217d731bacf8971f6d53204b7903227b632c869ba27bbe2e5b37e1874d3beb36,,1,106,2,North East Road Network Connectivity Improvement Project (Phase 7),HTML table 1; row 106; column 2,review_required
S027,217d731bacf8971f6d53204b7903227b632c869ba27bbe2e5b37e1874d3beb36,,1,106,3,L,HTML table 1; row 106; column 3,review_required
S027,217d731bacf8971f6d53204b7903227b632c869ba27bbe2e5b37e1874d3beb36,,1,106,4,2010,HTML table 1; row 106; column 4,review_required
S027,217d731bacf8971f6d53204b7903227b632c869ba27bbe2e5b37e1874d3beb36,,1,106,5,A,HTML table 1; row 106; column 5,review_required
S027,217d731bacf8971f6d53204b7903227b632c869ba27bbe2e5b37e1874d3beb36,,1,106,6,-,HTML table 1; row 106; column 6,review_required
S027,217d731bacf8971f6d53204b7903227b632c869ba27bbe2e5b37e1874d3beb36,,1,106,7,"·EIA(July 27, 2022) (PDF/14.9MB) ·EPC(July 27, 2022) (PDF/310KB) ·RAP(January 6, 2023) (PDF/2.93MB)",HTML table 1; row 106; column 7,review_required
S027,217d731bacf8971f6d53204b7903227b632c869ba27bbe2e5b37e1874d3beb36,,1,106,8,-,HTML table 1; row 106; column 8,review_required
S027,217d731bacf8971f6d53204b7903227b632c869ba27bbe2e5b37e1874d3beb36,,1,106,9,-,HTML table 1; row 106; column 9,review_required
S027,217d731bacf8971f6d53204b7903227b632c869ba27bbe2e5b37e1874d3beb36,,1,107,1,India,HTML table 1; row 107; column 1,review_required
S027,217d731bacf8971f6d53204b7903227b632c869ba27bbe2e5b37e1874d3beb36,,1,107,2,North East Road Network Connectivity Improvement Project Phase 2,HTML table 1; row 107; column 2,review_required
S027,217d731bacf8971f6d53204b7903227b632c869ba27bbe2e5b37e1874d3beb36,,1,107,3,L,HTML table 1; row 107; column 3,review_required
S027,217d731bacf8971f6d53204b7903227b632c869ba27bbe2e5b37e1874d3beb36,,1,107,4,2010,HTML table 1; row 107; column 4,review_required
S027,217d731bacf8971f6d53204b7903227b632c869ba27bbe2e5b37e1874d3beb36,,1,107,5,A,HTML table 1; row 107; column 5,review_required
S027,217d731bacf8971f6d53204b7903227b632c869ba27bbe2e5b37e1874d3beb36,,1,107,6,"·(Jul. 7, 2017) NH40 (PDF/24.7MB) ·(Jul. 7, 2017)NH54 BYPASSES (PDF/8.15MB)",HTML table 1; row 107; column 6,review_required
S027,217d731bacf8971f6d53204b7903227b632c869ba27bbe2e5b37e1874d3beb36,,1,107,7,"·EIA(Jul. 3, 2017) NH40 (PDF/11.5MB) ·EIA(Jul. 3, 2017) NH54 BYPASSES (PDF/8.95MB) ·EPC(Jul. 3, 2017) (PDF/315KB) ·RAP(Jul. 7, 2017) NH40 (PDF/6.40MB) ·RAP(Jul. 7, 2017)NH54 BYPASSES (PDF/1.57MB)",HTML table 1; row 107; column 7,review_required
S027,217d731bacf8971f6d53204b7903227b632c869ba27bbe2e5b37e1874d3beb36,,1,107,8,·Environmental Review (Japanese) (PDF/309KB),HTML table 1; row 107; column 8,review_required
S027,217d731bacf8971f6d53204b7903227b632c869ba27bbe2e5b37e1874d3beb36,,1,107,9,·Result of Environmental Monitoring (2025Q2) (PDF/1.9MB),HTML table 1; row 107; column 9,review_required
S027,217d731bacf8971f6d53204b7903227b632c869ba27bbe2e5b37e1874d3beb36,,1,108,1,India,HTML table 1; row 108; column 1,review_required
S027,217d731bacf8971f6d53204b7903227b632c869ba27bbe2e5b37e1874d3beb36,,1,108,2,North East Road Network Connectivity Improvement Project Phase 3,HTML table 1; row 108; column 2,review_required
S027,217d731bacf8971f6d53204b7903227b632c869ba27bbe2e5b37e1874d3beb36,,1,108,3,L,HTML table 1; row 108; column 3,review_required
S027,217d731bacf8971f6d53204b7903227b632c869ba27bbe2e5b37e1874d3beb36,,1,108,4,2010,HTML table 1; row 108; column 4,review_required
S027,217d731bacf8971f6d53204b7903227b632c869ba27bbe2e5b37e1874d3beb36,,1,108,5,A,HTML table 1; row 108; column 5,review_required
S027,217d731bacf8971f6d53204b7903227b632c869ba27bbe2e5b37e1874d3beb36,,1,108,6,"·Preparatory Survey (June. 12, 2018) (PDF/12.6MB)",HTML table 1; row 108; column 6,review_required
S027,217d731bacf8971f6d53204b7903227b632c869ba27bbe2e5b37e1874d3beb36,,1,108,7,"·EIA(May. 22, 2018) (PDF/4.56MB) ·RAP(June. 12, 2018) (PDF/1.99MB) ·EPC(May. 22, 2018) (PDF/32.0KB)",HTML table 1; row 108; column 7,review_required
S027,217d731bacf8971f6d53204b7903227b632c869ba27bbe2e5b37e1874d3beb36,,1,108,8,·Environmental Review (Japanese) (I) (PDF/305 KB) ·Environmental Review (Japanese) (II) (PDF/584KB) ·Environmental Review (English) (I) (PDF/127KB) ·Environmental Review (English) (II) (PDF/382KB),HTML table 1; row 108; column 8,review_required
S027,217d731bacf8971f6d53204b7903227b632c869ba27bbe2e5b37e1874d3beb36,,1,108,9,·Result of Environmental Monitoring (2026Q1) (PDF/526KB),HTML table 1; row 108; column 9,review_required
S027,217d731bacf8971f6d53204b7903227b632c869ba27bbe2e5b37e1874d3beb36,,1,109,1,India,HTML table 1; row 109; column 1,review_required
S027,217d731bacf8971f6d53204b7903227b632c869ba27bbe2e5b37e1874d3beb36,,1,109,2,North East Road Network Connectivity Improvement Project (Phase 4),HTML table 1; row 109; column 2,review_required
S027,217d731bacf8971f6d53204b7903227b632c869ba27bbe2e5b37e1874d3beb36,,1,109,3,L,HTML table 1; row 109; column 3,review_required
S027,217d731bacf8971f6d53204b7903227b632c869ba27bbe2e5b37e1874d3beb36,,1,109,4,2010,HTML table 1; row 109; column 4,review_required
S027,217d731bacf8971f6d53204b7903227b632c869ba27bbe2e5b37e1874d3beb36,,1,109,5,A,HTML table 1; row 109; column 5,review_required
S027,217d731bacf8971f6d53204b7903227b632c869ba27bbe2e5b37e1874d3beb36,,1,109,6,-,HTML table 1; row 109; column 6,review_required
S027,217d731bacf8971f6d53204b7903227b632c869ba27bbe2e5b37e1874d3beb36,,1,109,7,·EPC(Nov.20.2019) (PDF/130KB) ·EIA(Nov.20.2019) (PDF/4.98MB) ·RAP(Jan.30.2020) (PDF/4.31MB),HTML table 1; row 109; column 7,review_required
S027,217d731bacf8971f6d53204b7903227b632c869ba27bbe2e5b37e1874d3beb36,,1,109,8,·Environmental Review (English) (PDF/250KB) ·Environmental Review (Japanese) (PDF/404KB),HTML table 1; row 109; column 8,review_required
S027,217d731bacf8971f6d53204b7903227b632c869ba27bbe2e5b37e1874d3beb36,,1,109,9,·Result of Environmental Monitoring (2026Q1) (PDF/610KB),HTML table 1; row 109; column 9,review_required
S027,217d731bacf8971f6d53204b7903227b632c869ba27bbe2e5b37e1874d3beb36,,1,110,1,India,HTML table 1; row 110; column 1,review_required
S027,217d731bacf8971f6d53204b7903227b632c869ba27bbe2e5b37e1874d3beb36,,1,110,2,North East Road Network Connectivity Improvement Project Phase 6,HTML table 1; row 110; column 2,review_required
S027,217d731bacf8971f6d53204b7903227b632c869ba27bbe2e5b37e1874d3beb36,,1,110,3,L,HTML table 1; row 110; column 3,review_required
S027,217d731bacf8971f6d53204b7903227b632c869ba27bbe2e5b37e1874d3beb36,,1,110,4,2010,HTML table 1; row 110; column 4,review_required
S027,217d731bacf8971f6d53204b7903227b632c869ba27bbe2e5b37e1874d3beb36,,1,110,5,A,HTML table 1; row 110; column 5,review_required
S027,217d731bacf8971f6d53204b7903227b632c869ba27bbe2e5b37e1874d3beb36,,1,110,6,"·Preparatory Survey Part 1 (Dec. 2, 2021) (PDF/31.1MB) ·Preparatory Survey Part 2(Dec. 2, 2021) (PDF/14.5MB)",HTML table 1; row 110; column 6,review_required
S027,217d731bacf8971f6d53204b7903227b632c869ba27bbe2e5b37e1874d3beb36,,1,110,7,"·RAP(Dec.2, 2021) (PDF/8.89MB) ·EPC(July 5, 2021) (PDF/313KB) ·EIA(Dec.1,2020) (PDF/16.1MB)",HTML table 1; row 110; column 7,review_required
S027,217d731bacf8971f6d53204b7903227b632c869ba27bbe2e5b37e1874d3beb36,,1,110,8,-,HTML table 1; row 110; column 8,review_required
S027,217d731bacf8971f6d53204b7903227b632c869ba27bbe2e5b37e1874d3beb36,,1,110,9,-,HTML table 1; row 110; column 9,review_required
S027,217d731bacf8971f6d53204b7903227b632c869ba27bbe2e5b37e1874d3beb36,,1,111,1,India,HTML table 1; row 111; column 1,review_required
S027,217d731bacf8971f6d53204b7903227b632c869ba27bbe2e5b37e1874d3beb36,,1,111,2,North East Road Network Connectivity Improvement Project Phase 1,HTML table 1; row 111; column 2,review_required
S027,217d731bacf8971f6d53204b7903227b632c869ba27bbe2e5b37e1874d3beb36,,1,111,3,L,HTML table 1; row 111; column 3,review_required
S027,217d731bacf8971f6d53204b7903227b632c869ba27bbe2e5b37e1874d3beb36,,1,111,4,2010,HTML table 1; row 111; column 4,review_required
S027,217d731bacf8971f6d53204b7903227b632c869ba27bbe2e5b37e1874d3beb36,,1,111,5,A,HTML table 1; row 111; column 5,review_required
S027,217d731bacf8971f6d53204b7903227b632c869ba27bbe2e5b37e1874d3beb36,,1,111,6,"·Preparatory Survey (Oct. 23, 2015) (PDF/19.7MB)",HTML table 1; row 111; column 6,review_required
S027,217d731bacf8971f6d53204b7903227b632c869ba27bbe2e5b37e1874d3beb36,,1,111,7,"·EIA(Nov. 20, 2015) (PDF/7.09MB) ·EPC(Nov. 20, 2015) (PDF/275KB) ·RAP(Oct. 23, 2015) (PDF/7.94MB)",HTML table 1; row 111; column 7,review_required
S027,217d731bacf8971f6d53204b7903227b632c869ba27bbe2e5b37e1874d3beb36,,1,111,8,·Environmental Review (PDF/195KB) ·Environmental Review (Japanese) (PDF/381KB),HTML table 1; row 111; column 8,review_required
S027,217d731bacf8971f6d53204b7903227b632c869ba27bbe2e5b37e1874d3beb36,,1,111,9,·Result of Environmental Monitoring (2025Q1) (PDF/1.9MB),HTML table 1; row 111; column 9,review_required
S027,217d731bacf8971f6d53204b7903227b632c869ba27bbe2e5b37e1874d3beb36,,1,112,1,India,HTML table 1; row 112; column 1,review_required
S027,217d731bacf8971f6d53204b7903227b632c869ba27bbe2e5b37e1874d3beb36,,1,112,2,Patna Metro Rail Project,HTML table 1; row 112; column 2,review_required
S027,217d731bacf8971f6d53204b7903227b632c869ba27bbe2e5b37e1874d3beb36,,1,112,3,L,HTML table 1; row 112; column 3,review_required
S027,217d731bacf8971f6d53204b7903227b632c869ba27bbe2e5b37e1874d3beb36,,1,112,4,2010,HTML table 1; row 112; column 4,review_required
S027,217d731bacf8971f6d53204b7903227b632c869ba27bbe2e5b37e1874d3beb36,,1,112,5,A,HTML table 1; row 112; column 5,review_required
S027,217d731bacf8971f6d53204b7903227b632c869ba27bbe2e5b37e1874d3beb36,,1,112,6,"·Draft Final Report_Volume 1(December 20, 2022) (PDF/447KB) ·Draft Final Report_Volume 2(December 20, 2022) (PDF/20.6MB) ·Draft Final Report_Volume 3(December 20, 2022) (PDF/16.9MB) ·Draft Final Report_Appendix 1(December 20, 2022) (PDF/23.3MB) ·Draft Final Report_Appendix 2(December 20, 2022) (PDF/31.4MB) ·Draft Final Report_Appendix 3(December 20, 2022) (PDF/21.8MB)",HTML table 1; row 112; column 6,review_required
S027,217d731bacf8971f6d53204b7903227b632c869ba27bbe2e5b37e1874d3beb36,,1,112,7,"·EIA(October 31, 2022) (PDF/8.04MB) ·EPC(October 31, 2022) (PDF/40.0KB) ·RAP(November 21, 2022) (PDF/7.32MB)",HTML table 1; row 112; column 7,review_required
S027,217d731bacf8971f6d53204b7903227b632c869ba27bbe2e5b37e1874d3beb36,,1,112,8,-,HTML table 1; row 112; column 8,review_required
S027,217d731bacf8971f6d53204b7903227b632c869ba27bbe2e5b37e1874d3beb36,,1,112,9,-,HTML table 1; row 112; column 9,review_required
S027,217d731bacf8971f6d53204b7903227b632c869ba27bbe2e5b37e1874d3beb36,,1,113,1,India,HTML table 1; row 113; column 1,review_required
S027,217d731bacf8971f6d53204b7903227b632c869ba27bbe2e5b37e1874d3beb36,,1,113,2,Project for the Construction of Chennai Peripheral Ring Road (Phase 2),HTML table 1; row 113; column 2,review_required
S027,217d731bacf8971f6d53204b7903227b632c869ba27bbe2e5b37e1874d3beb36,,1,113,3,L,HTML table 1; row 113; column 3,review_required
S027,217d731bacf8971f6d53204b7903227b632c869ba27bbe2e5b37e1874d3beb36,,1,113,4,2022,HTML table 1; row 113; column 4,review_required
S027,217d731bacf8971f6d53204b7903227b632c869ba27bbe2e5b37e1874d3beb36,,1,113,5,A,HTML table 1; row 113; column 5,review_required
S027,217d731bacf8971f6d53204b7903227b632c869ba27bbe2e5b37e1874d3beb36,,1,113,6,-,HTML table 1; row 113; column 6,review_required
S027,217d731bacf8971f6d53204b7903227b632c869ba27bbe2e5b37e1874d3beb36,,1,113,7,"·EIA(Nov 21, 2022) (PDF/7.68MB) ·EIA(July 11, 2023) (PDF/4.18MB) ·RAP.SIA(July.11,2023) (PDF/2.15MB)",HTML table 1; row 113; column 7,review_required
S027,217d731bacf8971f6d53204b7903227b632c869ba27bbe2e5b37e1874d3beb36,,1,113,8,-,HTML table 1; row 113; column 8,review_required
S027,217d731bacf8971f6d53204b7903227b632c869ba27bbe2e5b37e1874d3beb36,,1,113,9,-,HTML table 1; row 113; column 9,review_required
S027,217d731bacf8971f6d53204b7903227b632c869ba27bbe2e5b37e1874d3beb36,,1,114,1,India,HTML table 1; row 114; column 1,review_required
S027,217d731bacf8971f6d53204b7903227b632c869ba27bbe2e5b37e1874d3beb36,,1,114,2,Project for the Construction of Turga Pumped Storage,HTML table 1; row 114; column 2,review_required
S027,217d731bacf8971f6d53204b7903227b632c869ba27bbe2e5b37e1874d3beb36,,1,114,3,L,HTML table 1; row 114; column 3,review_required
S027,217d731bacf8971f6d53204b7903227b632c869ba27bbe2e5b37e1874d3beb36,,1,114,4,2010,HTML table 1; row 114; column 4,review_required
S027,217d731bacf8971f6d53204b7903227b632c869ba27bbe2e5b37e1874d3beb36,,1,114,5,A,HTML table 1; row 114; column 5,review_required
S027,217d731bacf8971f6d53204b7903227b632c869ba27bbe2e5b37e1874d3beb36,,1,114,6,"·Preparatory Survey(July. 4, 2018) (PDF/27.0MB)",HTML table 1; row 114; column 6,review_required
S027,217d731bacf8971f6d53204b7903227b632c869ba27bbe2e5b37e1874d3beb36,,1,114,7,"·EIAEIA 1(July. 4, 2018) (PDF/16.2MB) ·EIAEIA 2(July. 4, 2018) (PDF/2.01MB) ·EIAEIA 3(July. 4, 2018) (PDF/1.79MB) ·EIAEIA 4(July. 4, 2018) (PDF/6.91MB) ·EPCEPC(Environmental Clearance Certificate) (July. 4, 2018) (PDF/1.99MB) ·RAPRAP(Abbreviated Resttlement Action Plan) (July. 4, 2018) (PDF/1.33MB)",HTML table 1; row 114; column 7,review_required
S027,217d731bacf8971f6d53204b7903227b632c869ba27bbe2e5b37e1874d3beb36,,1,114,8,-,HTML table 1; row 114; column 8,review_required
S027,217d731bacf8971f6d53204b7903227b632c869ba27bbe2e5b37e1874d3beb36,,1,114,9,-,HTML table 1; row 114; column 9,review_required
S027,217d731bacf8971f6d53204b7903227b632c869ba27bbe2e5b37e1874d3beb36,,1,115,1,India,HTML table 1; row 115; column 1,review_required
S027,217d731bacf8971f6d53204b7903227b632c869ba27bbe2e5b37e1874d3beb36,,1,115,2,Rengali Irrigation Project (Phase 2),HTML table 1; row 115; column 2,review_required
S027,217d731bacf8971f6d53204b7903227b632c869ba27bbe2e5b37e1874d3beb36,,1,115,3,L,HTML table 1; row 115; column 3,review_required
S027,217d731bacf8971f6d53204b7903227b632c869ba27bbe2e5b37e1874d3beb36,,1,115,4,2010,HTML table 1; row 115; column 4,review_required
S027,217d731bacf8971f6d53204b7903227b632c869ba27bbe2e5b37e1874d3beb36,,1,115,5,A,HTML table 1; row 115; column 5,review_required
S027,217d731bacf8971f6d53204b7903227b632c869ba27bbe2e5b37e1874d3beb36,,1,115,6,-,HTML table 1; row 115; column 6,review_required
S027,217d731bacf8971f6d53204b7903227b632c869ba27bbe2e5b37e1874d3beb36,,1,115,7,"·EIA (Nov. 20, 2014) (PDF/30.3MB) ·EPC (Nov. 20, 2014) (PDF/10.2MB) ·RAP (Nov. 20, 2014) (PDF/23.3MB)",HTML table 1; row 115; column 7,review_required
S027,217d731bacf8971f6d53204b7903227b632c869ba27bbe2e5b37e1874d3beb36,,1,115,8,·Environmental Review (English) (PDF/115KB) ·Environmental Review (Japanese) (PDF/279KB),HTML table 1; row 115; column 8,review_required
S027,217d731bacf8971f6d53204b7903227b632c869ba27bbe2e5b37e1874d3beb36,,1,115,9,·Result of Environmental Monitoring (2026Q1) (PDF/5.4MB),HTML table 1; row 115; column 9,review_required
S027,217d731bacf8971f6d53204b7903227b632c869ba27bbe2e5b37e1874d3beb36,,1,116,1,India,HTML table 1; row 116; column 1,review_required
S027,217d731bacf8971f6d53204b7903227b632c869ba27bbe2e5b37e1874d3beb36,,1,116,2,Project for Upgradation of Environmental Management for Ship Recycling in Alang and Sosiya in Gujarat,HTML table 1; row 116; column 2,review_required
S027,217d731bacf8971f6d53204b7903227b632c869ba27bbe2e5b37e1874d3beb36,,1,116,3,L,HTML table 1; row 116; column 3,review_required
S027,217d731bacf8971f6d53204b7903227b632c869ba27bbe2e5b37e1874d3beb36,,1,116,4,2010,HTML table 1; row 116; column 4,review_required
S027,217d731bacf8971f6d53204b7903227b632c869ba27bbe2e5b37e1874d3beb36,,1,116,5,A,HTML table 1; row 116; column 5,review_required
S027,217d731bacf8971f6d53204b7903227b632c869ba27bbe2e5b37e1874d3beb36,,1,116,6,"·Preparatory Survey (July 31, 2017) (PDF/12.6MB)",HTML table 1; row 116; column 6,review_required
S027,217d731bacf8971f6d53204b7903227b632c869ba27bbe2e5b37e1874d3beb36,,1,116,7,"·EIA(Nov. 16, 2016) (PDF/63.6MB) ·EPC(Nov. 16, 2016) (PDF/1.71MB)",HTML table 1; row 116; column 7,review_required
S027,217d731bacf8971f6d53204b7903227b632c869ba27bbe2e5b37e1874d3beb36,,1,116,8,-,HTML table 1; row 116; column 8,review_required
S027,217d731bacf8971f6d53204b7903227b632c869ba27bbe2e5b37e1874d3beb36,,1,116,9,-,HTML table 1; row 116; column 9,review_required
S027,217d731bacf8971f6d53204b7903227b632c869ba27bbe2e5b37e1874d3beb36,,1,117,1,India,HTML table 1; row 117; column 1,review_required
S027,217d731bacf8971f6d53204b7903227b632c869ba27bbe2e5b37e1874d3beb36,,1,117,2,Tuticorin Port Outer Harbour Development Project,HTML table 1; row 117; column 2,review_required
S027,217d731bacf8971f6d53204b7903227b632c869ba27bbe2e5b37e1874d3beb36,,1,117,3,L,HTML table 1; row 117; column 3,review_required
S027,217d731bacf8971f6d53204b7903227b632c869ba27bbe2e5b37e1874d3beb36,,1,117,4,2010,HTML table 1; row 117; column 4,review_required
S027,217d731bacf8971f6d53204b7903227b632c869ba27bbe2e5b37e1874d3beb36,,1,117,5,A,HTML table 1; row 117; column 5,review_required
S027,217d731bacf8971f6d53204b7903227b632c869ba27bbe2e5b37e1874d3beb36,,1,117,6,-,HTML table 1; row 117; column 6,review_required
S027,217d731bacf8971f6d53204b7903227b632c869ba27bbe2e5b37e1874d3beb36,,1,117,7,-,HTML table 1; row 117; column 7,review_required
S027,217d731bacf8971f6d53204b7903227b632c869ba27bbe2e5b37e1874d3beb36,,1,117,8,-,HTML table 1; row 117; column 8,review_required
S027,217d731bacf8971f6d53204b7903227b632c869ba27bbe2e5b37e1874d3beb36,,1,117,9,-,HTML table 1; row 117; column 9,review_required
S027,217d731bacf8971f6d53204b7903227b632c869ba27bbe2e5b37e1874d3beb36,,1,118,1,India,HTML table 1; row 118; column 1,review_required
S027,217d731bacf8971f6d53204b7903227b632c869ba27bbe2e5b37e1874d3beb36,,1,118,2,Urban Railway Project in Pune City,HTML table 1; row 118; column 2,review_required
S027,217d731bacf8971f6d53204b7903227b632c869ba27bbe2e5b37e1874d3beb36,,1,118,3,L,HTML table 1; row 118; column 3,review_required
S027,217d731bacf8971f6d53204b7903227b632c869ba27bbe2e5b37e1874d3beb36,,1,118,4,2010,HTML table 1; row 118; column 4,review_required
S027,217d731bacf8971f6d53204b7903227b632c869ba27bbe2e5b37e1874d3beb36,,1,118,5,A,HTML table 1; row 118; column 5,review_required
S027,217d731bacf8971f6d53204b7903227b632c869ba27bbe2e5b37e1874d3beb36,,1,118,6,-,HTML table 1; row 118; column 6,review_required
S027,217d731bacf8971f6d53204b7903227b632c869ba27bbe2e5b37e1874d3beb36,,1,118,7,-,HTML table 1; row 118; column 7,review_required
S027,217d731bacf8971f6d53204b7903227b632c869ba27bbe2e5b37e1874d3beb36,,1,118,8,-,HTML table 1; row 118; column 8,review_required
S027,217d731bacf8971f6d53204b7903227b632c869ba27bbe2e5b37e1874d3beb36,,1,118,9,-,HTML table 1; row 118; column 9,review_required
S027,217d731bacf8971f6d53204b7903227b632c869ba27bbe2e5b37e1874d3beb36,,1,119,1,India,HTML table 1; row 119; column 1,review_required
S027,217d731bacf8971f6d53204b7903227b632c869ba27bbe2e5b37e1874d3beb36,,1,119,2,Feasibility Survey for Holistic Management System of Sewage Treatment Plant with Remote Monitoring Technology in India.,HTML table 1; row 119; column 2,review_required
S027,217d731bacf8971f6d53204b7903227b632c869ba27bbe2e5b37e1874d3beb36,,1,119,3,SDGs-SS,HTML table 1; row 119; column 3,review_required
S027,217d731bacf8971f6d53204b7903227b632c869ba27bbe2e5b37e1874d3beb36,,1,119,4,2010,HTML table 1; row 119; column 4,review_required
S027,217d731bacf8971f6d53204b7903227b632c869ba27bbe2e5b37e1874d3beb36,,1,119,5,B,HTML table 1; row 119; column 5,review_required
S027,217d731bacf8971f6d53204b7903227b632c869ba27bbe2e5b37e1874d3beb36,,1,119,6,·Final Report,HTML table 1; row 119; column 6,review_required
S027,217d731bacf8971f6d53204b7903227b632c869ba27bbe2e5b37e1874d3beb36,,1,119,7,-,HTML table 1; row 119; column 7,review_required
S027,217d731bacf8971f6d53204b7903227b632c869ba27bbe2e5b37e1874d3beb36,,1,119,8,-,HTML table 1; row 119; column 8,review_required
S027,217d731bacf8971f6d53204b7903227b632c869ba27bbe2e5b37e1874d3beb36,,1,119,9,-,HTML table 1; row 119; column 9,review_required
S027,217d731bacf8971f6d53204b7903227b632c869ba27bbe2e5b37e1874d3beb36,,1,120,1,India,HTML table 1; row 120; column 1,review_required
S027,217d731bacf8971f6d53204b7903227b632c869ba27bbe2e5b37e1874d3beb36,,1,120,2,Feasibility Survey for environmentally friendly toilet in India,HTML table 1; row 120; column 2,review_required
S027,217d731bacf8971f6d53204b7903227b632c869ba27bbe2e5b37e1874d3beb36,,1,120,3,SDGs-SS,HTML table 1; row 120; column 3,review_required
S027,217d731bacf8971f6d53204b7903227b632c869ba27bbe2e5b37e1874d3beb36,,1,120,4,2010,HTML table 1; row 120; column 4,review_required
S027,217d731bacf8971f6d53204b7903227b632c869ba27bbe2e5b37e1874d3beb36,,1,120,5,B,HTML table 1; row 120; column 5,review_required
S027,217d731bacf8971f6d53204b7903227b632c869ba27bbe2e5b37e1874d3beb36,,1,120,6,·final report in Japanese part1 ·final report in Japanese part2,HTML table 1; row 120; column 6,review_required
S027,217d731bacf8971f6d53204b7903227b632c869ba27bbe2e5b37e1874d3beb36,,1,120,7,-,HTML table 1; row 120; column 7,review_required
S027,217d731bacf8971f6d53204b7903227b632c869ba27bbe2e5b37e1874d3beb36,,1,120,8,-,HTML table 1; row 120; column 8,review_required
S027,217d731bacf8971f6d53204b7903227b632c869ba27bbe2e5b37e1874d3beb36,,1,120,9,-,HTML table 1; row 120; column 9,review_required
S027,217d731bacf8971f6d53204b7903227b632c869ba27bbe2e5b37e1874d3beb36,,1,121,1,India,HTML table 1; row 121; column 1,review_required
S027,217d731bacf8971f6d53204b7903227b632c869ba27bbe2e5b37e1874d3beb36,,1,121,2,Comprehensive Traffic and Transportation Study for the Andhra Pradesh Capital Region Development Authority Jurisdiction,HTML table 1; row 121; column 2,review_required
S027,217d731bacf8971f6d53204b7903227b632c869ba27bbe2e5b37e1874d3beb36,,1,121,3,TCDP,HTML table 1; row 121; column 3,review_required
S027,217d731bacf8971f6d53204b7903227b632c869ba27bbe2e5b37e1874d3beb36,,1,121,4,2010,HTML table 1; row 121; column 4,review_required
S027,217d731bacf8971f6d53204b7903227b632c869ba27bbe2e5b37e1874d3beb36,,1,121,5,B,HTML table 1; row 121; column 5,review_required
S027,217d731bacf8971f6d53204b7903227b632c869ba27bbe2e5b37e1874d3beb36,,1,121,6,-,HTML table 1; row 121; column 6,review_required
S027,217d731bacf8971f6d53204b7903227b632c869ba27bbe2e5b37e1874d3beb36,,1,121,7,-,HTML table 1; row 121; column 7,review_required
S027,217d731bacf8971f6d53204b7903227b632c869ba27bbe2e5b37e1874d3beb36,,1,121,8,-,HTML table 1; row 121; column 8,review_required
S027,217d731bacf8971f6d53204b7903227b632c869ba27bbe2e5b37e1874d3beb36,,1,121,9,-,HTML table 1; row 121; column 9,review_required
S027,217d731bacf8971f6d53204b7903227b632c869ba27bbe2e5b37e1874d3beb36,,1,122,1,India,HTML table 1; row 122; column 1,review_required
S027,217d731bacf8971f6d53204b7903227b632c869ba27bbe2e5b37e1874d3beb36,,1,122,2,The Project for Formulation of Comprehensive Flood Control Master Plan in Urbanized River Basins in Chennai,HTML table 1; row 122; column 2,review_required
S027,217d731bacf8971f6d53204b7903227b632c869ba27bbe2e5b37e1874d3beb36,,1,122,3,TCDP,HTML table 1; row 122; column 3,review_required
S027,217d731bacf8971f6d53204b7903227b632c869ba27bbe2e5b37e1874d3beb36,,1,122,4,2010,HTML table 1; row 122; column 4,review_required
S027,217d731bacf8971f6d53204b7903227b632c869ba27bbe2e5b37e1874d3beb36,,1,122,5,B,HTML table 1; row 122; column 5,review_required
S027,217d731bacf8971f6d53204b7903227b632c869ba27bbe2e5b37e1874d3beb36,,1,122,6,-,HTML table 1; row 122; column 6,review_required
S027,217d731bacf8971f6d53204b7903227b632c869ba27bbe2e5b37e1874d3beb36,,1,122,7,-,HTML table 1; row 122; column 7,review_required
S027,217d731bacf8971f6d53204b7903227b632c869ba27bbe2e5b37e1874d3beb36,,1,122,8,-,HTML table 1; row 122; column 8,review_required
S027,217d731bacf8971f6d53204b7903227b632c869ba27bbe2e5b37e1874d3beb36,,1,122,9,-,HTML table 1; row 122; column 9,review_required
S027,217d731bacf8971f6d53204b7903227b632c869ba27bbe2e5b37e1874d3beb36,,1,123,1,India,HTML table 1; row 123; column 1,review_required
S027,217d731bacf8971f6d53204b7903227b632c869ba27bbe2e5b37e1874d3beb36,,1,123,2,The Study on Development and Management of Land and Water Resources for Sustainable Agriculture in Mizoram,HTML table 1; row 123; column 2,review_required
S027,217d731bacf8971f6d53204b7903227b632c869ba27bbe2e5b37e1874d3beb36,,1,123,3,TCDP,HTML table 1; row 123; column 3,review_required
S027,217d731bacf8971f6d53204b7903227b632c869ba27bbe2e5b37e1874d3beb36,,1,123,4,2010,HTML table 1; row 123; column 4,review_required
S027,217d731bacf8971f6d53204b7903227b632c869ba27bbe2e5b37e1874d3beb36,,1,123,5,B,HTML table 1; row 123; column 5,review_required
S027,217d731bacf8971f6d53204b7903227b632c869ba27bbe2e5b37e1874d3beb36,,1,123,6,-,HTML table 1; row 123; column 6,review_required
S027,217d731bacf8971f6d53204b7903227b632c869ba27bbe2e5b37e1874d3beb36,,1,123,7,-,HTML table 1; row 123; column 7,review_required
S027,217d731bacf8971f6d53204b7903227b632c869ba27bbe2e5b37e1874d3beb36,,1,123,8,-,HTML table 1; row 123; column 8,review_required
S027,217d731bacf8971f6d53204b7903227b632c869ba27bbe2e5b37e1874d3beb36,,1,123,9,-,HTML table 1; row 123; column 9,review_required
S027,217d731bacf8971f6d53204b7903227b632c869ba27bbe2e5b37e1874d3beb36,,1,124,1,India,HTML table 1; row 124; column 1,review_required
S027,217d731bacf8971f6d53204b7903227b632c869ba27bbe2e5b37e1874d3beb36,,1,124,2,Andhra Pradesh Irrigation and Livelihood Improvement Project (Phase 2),HTML table 1; row 124; column 2,review_required
S027,217d731bacf8971f6d53204b7903227b632c869ba27bbe2e5b37e1874d3beb36,,1,124,3,L,HTML table 1; row 124; column 3,review_required
S027,217d731bacf8971f6d53204b7903227b632c869ba27bbe2e5b37e1874d3beb36,,1,124,4,2010,HTML table 1; row 124; column 4,review_required
S027,217d731bacf8971f6d53204b7903227b632c869ba27bbe2e5b37e1874d3beb36,,1,124,5,B,HTML table 1; row 124; column 5,review_required
S027,217d731bacf8971f6d53204b7903227b632c869ba27bbe2e5b37e1874d3beb36,,1,124,6,-,HTML table 1; row 124; column 6,review_required
S027,217d731bacf8971f6d53204b7903227b632c869ba27bbe2e5b37e1874d3beb36,,1,124,7,-,HTML table 1; row 124; column 7,review_required
S027,217d731bacf8971f6d53204b7903227b632c869ba27bbe2e5b37e1874d3beb36,,1,124,8,-,HTML table 1; row 124; column 8,review_required
S027,217d731bacf8971f6d53204b7903227b632c869ba27bbe2e5b37e1874d3beb36,,1,124,9,-,HTML table 1; row 124; column 9,review_required
S027,217d731bacf8971f6d53204b7903227b632c869ba27bbe2e5b37e1874d3beb36,,1,125,1,India,HTML table 1; row 125; column 1,review_required
S027,217d731bacf8971f6d53204b7903227b632c869ba27bbe2e5b37e1874d3beb36,,1,125,2,Assam Health System Strengthening Project,HTML table 1; row 125; column 2,review_required
S027,217d731bacf8971f6d53204b7903227b632c869ba27bbe2e5b37e1874d3beb36,,1,125,3,L,HTML table 1; row 125; column 3,review_required
S027,217d731bacf8971f6d53204b7903227b632c869ba27bbe2e5b37e1874d3beb36,,1,125,4,2010,HTML table 1; row 125; column 4,review_required
S027,217d731bacf8971f6d53204b7903227b632c869ba27bbe2e5b37e1874d3beb36,,1,125,5,B,HTML table 1; row 125; column 5,review_required
S027,217d731bacf8971f6d53204b7903227b632c869ba27bbe2e5b37e1874d3beb36,,1,125,6,-,HTML table 1; row 125; column 6,review_required
S027,217d731bacf8971f6d53204b7903227b632c869ba27bbe2e5b37e1874d3beb36,,1,125,7,-,HTML table 1; row 125; column 7,review_required
S027,217d731bacf8971f6d53204b7903227b632c869ba27bbe2e5b37e1874d3beb36,,1,125,8,-,HTML table 1; row 125; column 8,review_required
S027,217d731bacf8971f6d53204b7903227b632c869ba27bbe2e5b37e1874d3beb36,,1,125,9,-,HTML table 1; row 125; column 9,review_required
S027,217d731bacf8971f6d53204b7903227b632c869ba27bbe2e5b37e1874d3beb36,,1,126,1,India,HTML table 1; row 126; column 1,review_required
S027,217d731bacf8971f6d53204b7903227b632c869ba27bbe2e5b37e1874d3beb36,,1,126,2,Bengaluru Water Supply and Sewerage Project (Phase 3),HTML table 1; row 126; column 2,review_required
S027,217d731bacf8971f6d53204b7903227b632c869ba27bbe2e5b37e1874d3beb36,,1,126,3,L,HTML table 1; row 126; column 3,review_required
S027,217d731bacf8971f6d53204b7903227b632c869ba27bbe2e5b37e1874d3beb36,,1,126,4,2010,HTML table 1; row 126; column 4,review_required
S027,217d731bacf8971f6d53204b7903227b632c869ba27bbe2e5b37e1874d3beb36,,1,126,5,B,HTML table 1; row 126; column 5,review_required
S027,217d731bacf8971f6d53204b7903227b632c869ba27bbe2e5b37e1874d3beb36,,1,126,6,-,HTML table 1; row 126; column 6,review_required
S027,217d731bacf8971f6d53204b7903227b632c869ba27bbe2e5b37e1874d3beb36,,1,126,7,-,HTML table 1; row 126; column 7,review_required
S027,217d731bacf8971f6d53204b7903227b632c869ba27bbe2e5b37e1874d3beb36,,1,126,8,-,HTML table 1; row 126; column 8,review_required
S027,217d731bacf8971f6d53204b7903227b632c869ba27bbe2e5b37e1874d3beb36,,1,126,9,-,HTML table 1; row 126; column 9,review_required
S027,217d731bacf8971f6d53204b7903227b632c869ba27bbe2e5b37e1874d3beb36,,1,127,1,India,HTML table 1; row 127; column 1,review_required
S027,217d731bacf8971f6d53204b7903227b632c869ba27bbe2e5b37e1874d3beb36,,1,127,2,Chennai Seawater Desalination Plant Project,HTML table 1; row 127; column 2,review_required
S027,217d731bacf8971f6d53204b7903227b632c869ba27bbe2e5b37e1874d3beb36,,1,127,3,L,HTML table 1; row 127; column 3,review_required
S027,217d731bacf8971f6d53204b7903227b632c869ba27bbe2e5b37e1874d3beb36,,1,127,4,2010,HTML table 1; row 127; column 4,review_required
S027,217d731bacf8971f6d53204b7903227b632c869ba27bbe2e5b37e1874d3beb36,,1,127,5,B,HTML table 1; row 127; column 5,review_required
S027,217d731bacf8971f6d53204b7903227b632c869ba27bbe2e5b37e1874d3beb36,,1,127,6,-,HTML table 1; row 127; column 6,review_required
S027,217d731bacf8971f6d53204b7903227b632c869ba27bbe2e5b37e1874d3beb36,,1,127,7,"·EIA Part 1 (October. 31, 2018) (PDF/15.3MB) ·EIA Part 2 (October. 31, 2018) (PDF/1.9MB)",HTML table 1; row 127; column 7,review_required
S027,217d731bacf8971f6d53204b7903227b632c869ba27bbe2e5b37e1874d3beb36,,1,127,8,-,HTML table 1; row 127; column 8,review_required
S027,217d731bacf8971f6d53204b7903227b632c869ba27bbe2e5b37e1874d3beb36,,1,127,9,·Result of Monitoring (2024Q2) (PDF/2.9MB),HTML table 1; row 127; column 9,review_required
S027,217d731bacf8971f6d53204b7903227b632c869ba27bbe2e5b37e1874d3beb36,,1,128,1,India,HTML table 1; row 128; column 1,review_required
S027,217d731bacf8971f6d53204b7903227b632c869ba27bbe2e5b37e1874d3beb36,,1,128,2,Delhi Water Supply Improvement Project,HTML table 1; row 128; column 2,review_required
S027,217d731bacf8971f6d53204b7903227b632c869ba27bbe2e5b37e1874d3beb36,,1,128,3,L,HTML table 1; row 128; column 3,review_required
S027,217d731bacf8971f6d53204b7903227b632c869ba27bbe2e5b37e1874d3beb36,,1,128,4,2010,HTML table 1; row 128; column 4,review_required
S027,217d731bacf8971f6d53204b7903227b632c869ba27bbe2e5b37e1874d3beb36,,1,128,5,B,HTML table 1; row 128; column 5,review_required
S027,217d731bacf8971f6d53204b7903227b632c869ba27bbe2e5b37e1874d3beb36,,1,128,6,-,HTML table 1; row 128; column 6,review_required
S027,217d731bacf8971f6d53204b7903227b632c869ba27bbe2e5b37e1874d3beb36,,1,128,7,-,HTML table 1; row 128; column 7,review_required
S027,217d731bacf8971f6d53204b7903227b632c869ba27bbe2e5b37e1874d3beb36,,1,128,8,·Environmental Review (PDF/51KB),HTML table 1; row 128; column 8,review_required
S027,217d731bacf8971f6d53204b7903227b632c869ba27bbe2e5b37e1874d3beb36,,1,128,9,-,HTML table 1; row 128; column 9,review_required
S027,217d731bacf8971f6d53204b7903227b632c869ba27bbe2e5b37e1874d3beb36,,1,129,1,India,HTML table 1; row 129; column 1,review_required
S027,217d731bacf8971f6d53204b7903227b632c869ba27bbe2e5b37e1874d3beb36,,1,129,2,Guwahati Sewerage Project,HTML table 1; row 129; column 2,review_required
S027,217d731bacf8971f6d53204b7903227b632c869ba27bbe2e5b37e1874d3beb36,,1,129,3,L,HTML table 1; row 129; column 3,review_required
S027,217d731bacf8971f6d53204b7903227b632c869ba27bbe2e5b37e1874d3beb36,,1,129,4,2010,HTML table 1; row 129; column 4,review_required
S027,217d731bacf8971f6d53204b7903227b632c869ba27bbe2e5b37e1874d3beb36,,1,129,5,B,HTML table 1; row 129; column 5,review_required
S027,217d731bacf8971f6d53204b7903227b632c869ba27bbe2e5b37e1874d3beb36,,1,129,6,-,HTML table 1; row 129; column 6,review_required
S027,217d731bacf8971f6d53204b7903227b632c869ba27bbe2e5b37e1874d3beb36,,1,129,7,-,HTML table 1; row 129; column 7,review_required
S027,217d731bacf8971f6d53204b7903227b632c869ba27bbe2e5b37e1874d3beb36,,1,129,8,·Environmental Review (PDF/32KB),HTML table 1; row 129; column 8,review_required
S027,217d731bacf8971f6d53204b7903227b632c869ba27bbe2e5b37e1874d3beb36,,1,129,9,-,HTML table 1; row 129; column 9,review_required
S027,217d731bacf8971f6d53204b7903227b632c869ba27bbe2e5b37e1874d3beb36,,1,130,1,India,HTML table 1; row 130; column 1,review_required
S027,217d731bacf8971f6d53204b7903227b632c869ba27bbe2e5b37e1874d3beb36,,1,130,2,Himachal Pradesh Crop Diversification Promotion Project (Phase 2),HTML table 1; row 130; column 2,review_required
S027,217d731bacf8971f6d53204b7903227b632c869ba27bbe2e5b37e1874d3beb36,,1,130,3,L,HTML table 1; row 130; column 3,review_required
S027,217d731bacf8971f6d53204b7903227b632c869ba27bbe2e5b37e1874d3beb36,,1,130,4,2010,HTML table 1; row 130; column 4,review_required
S027,217d731bacf8971f6d53204b7903227b632c869ba27bbe2e5b37e1874d3beb36,,1,130,5,B,HTML table 1; row 130; column 5,review_required
S027,217d731bacf8971f6d53204b7903227b632c869ba27bbe2e5b37e1874d3beb36,,1,130,6,-,HTML table 1; row 130; column 6,review_required
S027,217d731bacf8971f6d53204b7903227b632c869ba27bbe2e5b37e1874d3beb36,,1,130,7,-,HTML table 1; row 130; column 7,review_required
S027,217d731bacf8971f6d53204b7903227b632c869ba27bbe2e5b37e1874d3beb36,,1,130,8,-,HTML table 1; row 130; column 8,review_required
S027,217d731bacf8971f6d53204b7903227b632c869ba27bbe2e5b37e1874d3beb36,,1,130,9,-,HTML table 1; row 130; column 9,review_required
S027,217d731bacf8971f6d53204b7903227b632c869ba27bbe2e5b37e1874d3beb36,,1,131,1,India,HTML table 1; row 131; column 1,review_required
S027,217d731bacf8971f6d53204b7903227b632c869ba27bbe2e5b37e1874d3beb36,,1,131,2,Imphal Water Supply Improvement Project,HTML table 1; row 131; column 2,review_required
S027,217d731bacf8971f6d53204b7903227b632c869ba27bbe2e5b37e1874d3beb36,,1,131,3,L,HTML table 1; row 131; column 3,review_required
S027,217d731bacf8971f6d53204b7903227b632c869ba27bbe2e5b37e1874d3beb36,,1,131,4,2010,HTML table 1; row 131; column 4,review_required
S027,217d731bacf8971f6d53204b7903227b632c869ba27bbe2e5b37e1874d3beb36,,1,131,5,B,HTML table 1; row 131; column 5,review_required
S027,217d731bacf8971f6d53204b7903227b632c869ba27bbe2e5b37e1874d3beb36,,1,131,6,-,HTML table 1; row 131; column 6,review_required
S027,217d731bacf8971f6d53204b7903227b632c869ba27bbe2e5b37e1874d3beb36,,1,131,7,-,HTML table 1; row 131; column 7,review_required
S027,217d731bacf8971f6d53204b7903227b632c869ba27bbe2e5b37e1874d3beb36,,1,131,8,-,HTML table 1; row 131; column 8,review_required
S027,217d731bacf8971f6d53204b7903227b632c869ba27bbe2e5b37e1874d3beb36,,1,131,9,-,HTML table 1; row 131; column 9,review_required
S027,217d731bacf8971f6d53204b7903227b632c869ba27bbe2e5b37e1874d3beb36,,1,132,1,India,HTML table 1; row 132; column 1,review_required
S027,217d731bacf8971f6d53204b7903227b632c869ba27bbe2e5b37e1874d3beb36,,1,132,2,Madhya Pradesh Rural Water Supply Project,HTML table 1; row 132; column 2,review_required
S027,217d731bacf8971f6d53204b7903227b632c869ba27bbe2e5b37e1874d3beb36,,1,132,3,L,HTML table 1; row 132; column 3,review_required
S027,217d731bacf8971f6d53204b7903227b632c869ba27bbe2e5b37e1874d3beb36,,1,132,4,2010,HTML table 1; row 132; column 4,review_required
S027,217d731bacf8971f6d53204b7903227b632c869ba27bbe2e5b37e1874d3beb36,,1,132,5,B,HTML table 1; row 132; column 5,review_required
S027,217d731bacf8971f6d53204b7903227b632c869ba27bbe2e5b37e1874d3beb36,,1,132,6,-,HTML table 1; row 132; column 6,review_required
S027,217d731bacf8971f6d53204b7903227b632c869ba27bbe2e5b37e1874d3beb36,,1,132,7,-,HTML table 1; row 132; column 7,review_required
S027,217d731bacf8971f6d53204b7903227b632c869ba27bbe2e5b37e1874d3beb36,,1,132,8,-,HTML table 1; row 132; column 8,review_required
S027,217d731bacf8971f6d53204b7903227b632c869ba27bbe2e5b37e1874d3beb36,,1,132,9,-,HTML table 1; row 132; column 9,review_required
S027,217d731bacf8971f6d53204b7903227b632c869ba27bbe2e5b37e1874d3beb36,,1,133,1,India,HTML table 1; row 133; column 1,review_required
S027,217d731bacf8971f6d53204b7903227b632c869ba27bbe2e5b37e1874d3beb36,,1,133,2,Madhya Pradesh Transmission System Modernization Project,HTML table 1; row 133; column 2,review_required
S027,217d731bacf8971f6d53204b7903227b632c869ba27bbe2e5b37e1874d3beb36,,1,133,3,L,HTML table 1; row 133; column 3,review_required
S027,217d731bacf8971f6d53204b7903227b632c869ba27bbe2e5b37e1874d3beb36,,1,133,4,2010,HTML table 1; row 133; column 4,review_required
S027,217d731bacf8971f6d53204b7903227b632c869ba27bbe2e5b37e1874d3beb36,,1,133,5,B,HTML table 1; row 133; column 5,review_required
S027,217d731bacf8971f6d53204b7903227b632c869ba27bbe2e5b37e1874d3beb36,,1,133,6,-,HTML table 1; row 133; column 6,review_required
S027,217d731bacf8971f6d53204b7903227b632c869ba27bbe2e5b37e1874d3beb36,,1,133,7,-,HTML table 1; row 133; column 7,review_required
S027,217d731bacf8971f6d53204b7903227b632c869ba27bbe2e5b37e1874d3beb36,,1,133,8,·Environmental Review (PDF/160KB),HTML table 1; row 133; column 8,review_required
S027,217d731bacf8971f6d53204b7903227b632c869ba27bbe2e5b37e1874d3beb36,,1,133,9,-,HTML table 1; row 133; column 9,review_required
S027,217d731bacf8971f6d53204b7903227b632c869ba27bbe2e5b37e1874d3beb36,,1,134,1,India,HTML table 1; row 134; column 1,review_required
S027,217d731bacf8971f6d53204b7903227b632c869ba27bbe2e5b37e1874d3beb36,,1,134,2,Nagaland Medical College Hospital Development Project,HTML table 1; row 134; column 2,review_required
S027,217d731bacf8971f6d53204b7903227b632c869ba27bbe2e5b37e1874d3beb36,,1,134,3,L,HTML table 1; row 134; column 3,review_required
S027,217d731bacf8971f6d53204b7903227b632c869ba27bbe2e5b37e1874d3beb36,,1,134,4,2010,HTML table 1; row 134; column 4,review_required
S027,217d731bacf8971f6d53204b7903227b632c869ba27bbe2e5b37e1874d3beb36,,1,134,5,B,HTML table 1; row 134; column 5,review_required
S027,217d731bacf8971f6d53204b7903227b632c869ba27bbe2e5b37e1874d3beb36,,1,134,6,-,HTML table 1; row 134; column 6,review_required
S027,217d731bacf8971f6d53204b7903227b632c869ba27bbe2e5b37e1874d3beb36,,1,134,7,-,HTML table 1; row 134; column 7,review_required
S027,217d731bacf8971f6d53204b7903227b632c869ba27bbe2e5b37e1874d3beb36,,1,134,8,-,HTML table 1; row 134; column 8,review_required
S027,217d731bacf8971f6d53204b7903227b632c869ba27bbe2e5b37e1874d3beb36,,1,134,9,-,HTML table 1; row 134; column 9,review_required
S027,217d731bacf8971f6d53204b7903227b632c869ba27bbe2e5b37e1874d3beb36,,1,135,1,India,HTML table 1; row 135; column 1,review_required
S027,217d731bacf8971f6d53204b7903227b632c869ba27bbe2e5b37e1874d3beb36,,1,135,2,Nellore Water Supply and Sewerage Project,HTML table 1; row 135; column 2,review_required
S027,217d731bacf8971f6d53204b7903227b632c869ba27bbe2e5b37e1874d3beb36,,1,135,3,L,HTML table 1; row 135; column 3,review_required
S027,217d731bacf8971f6d53204b7903227b632c869ba27bbe2e5b37e1874d3beb36,,1,135,4,2010,HTML table 1; row 135; column 4,review_required
S027,217d731bacf8971f6d53204b7903227b632c869ba27bbe2e5b37e1874d3beb36,,1,135,5,B,HTML table 1; row 135; column 5,review_required
S027,217d731bacf8971f6d53204b7903227b632c869ba27bbe2e5b37e1874d3beb36,,1,135,6,-,HTML table 1; row 135; column 6,review_required
S027,217d731bacf8971f6d53204b7903227b632c869ba27bbe2e5b37e1874d3beb36,,1,135,7,-,HTML table 1; row 135; column 7,review_required
S027,217d731bacf8971f6d53204b7903227b632c869ba27bbe2e5b37e1874d3beb36,,1,135,8,-,HTML table 1; row 135; column 8,review_required
S027,217d731bacf8971f6d53204b7903227b632c869ba27bbe2e5b37e1874d3beb36,,1,135,9,-,HTML table 1; row 135; column 9,review_required
S027,217d731bacf8971f6d53204b7903227b632c869ba27bbe2e5b37e1874d3beb36,,1,136,1,India,HTML table 1; row 136; column 1,review_required
S027,217d731bacf8971f6d53204b7903227b632c869ba27bbe2e5b37e1874d3beb36,,1,136,2,Odisha Transmission System Improvement Project,HTML table 1; row 136; column 2,review_required
S027,217d731bacf8971f6d53204b7903227b632c869ba27bbe2e5b37e1874d3beb36,,1,136,3,L,HTML table 1; row 136; column 3,review_required
S027,217d731bacf8971f6d53204b7903227b632c869ba27bbe2e5b37e1874d3beb36,,1,136,4,2010,HTML table 1; row 136; column 4,review_required
S027,217d731bacf8971f6d53204b7903227b632c869ba27bbe2e5b37e1874d3beb36,,1,136,5,B,HTML table 1; row 136; column 5,review_required
S027,217d731bacf8971f6d53204b7903227b632c869ba27bbe2e5b37e1874d3beb36,,1,136,6,-,HTML table 1; row 136; column 6,review_required
S027,217d731bacf8971f6d53204b7903227b632c869ba27bbe2e5b37e1874d3beb36,,1,136,7,-,HTML table 1; row 136; column 7,review_required
S027,217d731bacf8971f6d53204b7903227b632c869ba27bbe2e5b37e1874d3beb36,,1,136,8,·Environmental Review (PDF/115KB),HTML table 1; row 136; column 8,review_required
S027,217d731bacf8971f6d53204b7903227b632c869ba27bbe2e5b37e1874d3beb36,,1,136,9,·Result of Monitoring (2024Q4) (PDF/1.2MB),HTML table 1; row 136; column 9,review_required
S027,217d731bacf8971f6d53204b7903227b632c869ba27bbe2e5b37e1874d3beb36,,1,137,1,India,HTML table 1; row 137; column 1,review_required
S027,217d731bacf8971f6d53204b7903227b632c869ba27bbe2e5b37e1874d3beb36,,1,137,2,Preparatory Survey on Next Generation Medical Logistics Centre Project,HTML table 1; row 137; column 2,review_required
S027,217d731bacf8971f6d53204b7903227b632c869ba27bbe2e5b37e1874d3beb36,,1,137,3,L,HTML table 1; row 137; column 3,review_required
S027,217d731bacf8971f6d53204b7903227b632c869ba27bbe2e5b37e1874d3beb36,,1,137,4,2010,HTML table 1; row 137; column 4,review_required
S027,217d731bacf8971f6d53204b7903227b632c869ba27bbe2e5b37e1874d3beb36,,1,137,5,B,HTML table 1; row 137; column 5,review_required
S027,217d731bacf8971f6d53204b7903227b632c869ba27bbe2e5b37e1874d3beb36,,1,137,6,-,HTML table 1; row 137; column 6,review_required
S027,217d731bacf8971f6d53204b7903227b632c869ba27bbe2e5b37e1874d3beb36,,1,137,7,-,HTML table 1; row 137; column 7,review_required
S027,217d731bacf8971f6d53204b7903227b632c869ba27bbe2e5b37e1874d3beb36,,1,137,8,-,HTML table 1; row 137; column 8,review_required
S027,217d731bacf8971f6d53204b7903227b632c869ba27bbe2e5b37e1874d3beb36,,1,137,9,-,HTML table 1; row 137; column 9,review_required
S027,217d731bacf8971f6d53204b7903227b632c869ba27bbe2e5b37e1874d3beb36,,1,138,1,India,HTML table 1; row 138; column 1,review_required
S027,217d731bacf8971f6d53204b7903227b632c869ba27bbe2e5b37e1874d3beb36,,1,138,2,Project for Establishment of Mizoram State Super-Specialty Cancer and Research Centre,HTML table 1; row 138; column 2,review_required
S027,217d731bacf8971f6d53204b7903227b632c869ba27bbe2e5b37e1874d3beb36,,1,138,3,L,HTML table 1; row 138; column 3,review_required
S027,217d731bacf8971f6d53204b7903227b632c869ba27bbe2e5b37e1874d3beb36,,1,138,4,2010,HTML table 1; row 138; column 4,review_required
S027,217d731bacf8971f6d53204b7903227b632c869ba27bbe2e5b37e1874d3beb36,,1,138,5,B,HTML table 1; row 138; column 5,review_required
S027,217d731bacf8971f6d53204b7903227b632c869ba27bbe2e5b37e1874d3beb36,,1,138,6,-,HTML table 1; row 138; column 6,review_required
S027,217d731bacf8971f6d53204b7903227b632c869ba27bbe2e5b37e1874d3beb36,,1,138,7,-,HTML table 1; row 138; column 7,review_required
S027,217d731bacf8971f6d53204b7903227b632c869ba27bbe2e5b37e1874d3beb36,,1,138,8,-,HTML table 1; row 138; column 8,review_required
S027,217d731bacf8971f6d53204b7903227b632c869ba27bbe2e5b37e1874d3beb36,,1,138,9,-,HTML table 1; row 138; column 9,review_required
S027,217d731bacf8971f6d53204b7903227b632c869ba27bbe2e5b37e1874d3beb36,,1,139,1,India,HTML table 1; row 139; column 1,review_required
S027,217d731bacf8971f6d53204b7903227b632c869ba27bbe2e5b37e1874d3beb36,,1,139,2,Project for Pollution Abatement of River Mula-Mutha in Pune,HTML table 1; row 139; column 2,review_required
S027,217d731bacf8971f6d53204b7903227b632c869ba27bbe2e5b37e1874d3beb36,,1,139,3,L,HTML table 1; row 139; column 3,review_required
S027,217d731bacf8971f6d53204b7903227b632c869ba27bbe2e5b37e1874d3beb36,,1,139,4,2010,HTML table 1; row 139; column 4,review_required
S027,217d731bacf8971f6d53204b7903227b632c869ba27bbe2e5b37e1874d3beb36,,1,139,5,B,HTML table 1; row 139; column 5,review_required
S027,217d731bacf8971f6d53204b7903227b632c869ba27bbe2e5b37e1874d3beb36,,1,139,6,·Preparatory Survey ·Preparatory Survey,HTML table 1; row 139; column 6,review_required
S027,217d731bacf8971f6d53204b7903227b632c869ba27bbe2e5b37e1874d3beb36,,1,139,7,-,HTML table 1; row 139; column 7,review_required
S027,217d731bacf8971f6d53204b7903227b632c869ba27bbe2e5b37e1874d3beb36,,1,139,8,·Environmental Review (PDF/94KB),HTML table 1; row 139; column 8,review_required
S027,217d731bacf8971f6d53204b7903227b632c869ba27bbe2e5b37e1874d3beb36,,1,139,9,·Result of Monitoring (2024Q2) (PDF/216KB),HTML table 1; row 139; column 9,review_required
S027,217d731bacf8971f6d53204b7903227b632c869ba27bbe2e5b37e1874d3beb36,,1,140,1,India,HTML table 1; row 140; column 1,review_required
S027,217d731bacf8971f6d53204b7903227b632c869ba27bbe2e5b37e1874d3beb36,,1,140,2,Project for Pollution Abatement of River Nag at Nagpur,HTML table 1; row 140; column 2,review_required
S027,217d731bacf8971f6d53204b7903227b632c869ba27bbe2e5b37e1874d3beb36,,1,140,3,L,HTML table 1; row 140; column 3,review_required
S027,217d731bacf8971f6d53204b7903227b632c869ba27bbe2e5b37e1874d3beb36,,1,140,4,2010,HTML table 1; row 140; column 4,review_required
S027,217d731bacf8971f6d53204b7903227b632c869ba27bbe2e5b37e1874d3beb36,,1,140,5,B,HTML table 1; row 140; column 5,review_required
S027,217d731bacf8971f6d53204b7903227b632c869ba27bbe2e5b37e1874d3beb36,,1,140,6,-,HTML table 1; row 140; column 6,review_required
S027,217d731bacf8971f6d53204b7903227b632c869ba27bbe2e5b37e1874d3beb36,,1,140,7,-,HTML table 1; row 140; column 7,review_required
S027,217d731bacf8971f6d53204b7903227b632c869ba27bbe2e5b37e1874d3beb36,,1,140,8,-,HTML table 1; row 140; column 8,review_required
S027,217d731bacf8971f6d53204b7903227b632c869ba27bbe2e5b37e1874d3beb36,,1,140,9,-,HTML table 1; row 140; column 9,review_required
S027,217d731bacf8971f6d53204b7903227b632c869ba27bbe2e5b37e1874d3beb36,,1,141,1,India,HTML table 1; row 141; column 1,review_required
S027,217d731bacf8971f6d53204b7903227b632c869ba27bbe2e5b37e1874d3beb36,,1,141,2,Rajasthan Hybrid Renewable Energy Project,HTML table 1; row 141; column 2,review_required
S027,217d731bacf8971f6d53204b7903227b632c869ba27bbe2e5b37e1874d3beb36,,1,141,3,L,HTML table 1; row 141; column 3,review_required
S027,217d731bacf8971f6d53204b7903227b632c869ba27bbe2e5b37e1874d3beb36,,1,141,4,2010,HTML table 1; row 141; column 4,review_required
S027,217d731bacf8971f6d53204b7903227b632c869ba27bbe2e5b37e1874d3beb36,,1,141,5,B,HTML table 1; row 141; column 5,review_required
S027,217d731bacf8971f6d53204b7903227b632c869ba27bbe2e5b37e1874d3beb36,,1,141,6,-,HTML table 1; row 141; column 6,review_required
S027,217d731bacf8971f6d53204b7903227b632c869ba27bbe2e5b37e1874d3beb36,,1,141,7,"·EIA(Sep. 14, 2020) (PDF/19.1MB) ·EPC(Sep. 14, 2020) (PDF/20.5KB)",HTML table 1; row 141; column 7,review_required
S027,217d731bacf8971f6d53204b7903227b632c869ba27bbe2e5b37e1874d3beb36,,1,141,8,-,HTML table 1; row 141; column 8,review_required
S027,217d731bacf8971f6d53204b7903227b632c869ba27bbe2e5b37e1874d3beb36,,1,141,9,-,HTML table 1; row 141; column 9,review_required
S027,217d731bacf8971f6d53204b7903227b632c869ba27bbe2e5b37e1874d3beb36,,1,142,1,India,HTML table 1; row 142; column 1,review_required
S027,217d731bacf8971f6d53204b7903227b632c869ba27bbe2e5b37e1874d3beb36,,1,142,2,Rajasthan Rural Water Supply and Fluorosis Mitigation Project (Nagaur),HTML table 1; row 142; column 2,review_required
S027,217d731bacf8971f6d53204b7903227b632c869ba27bbe2e5b37e1874d3beb36,,1,142,3,L,HTML table 1; row 142; column 3,review_required
S027,217d731bacf8971f6d53204b7903227b632c869ba27bbe2e5b37e1874d3beb36,,1,142,4,2010,HTML table 1; row 142; column 4,review_required
S027,217d731bacf8971f6d53204b7903227b632c869ba27bbe2e5b37e1874d3beb36,,1,142,5,B,HTML table 1; row 142; column 5,review_required
S027,217d731bacf8971f6d53204b7903227b632c869ba27bbe2e5b37e1874d3beb36,,1,142,6,-,HTML table 1; row 142; column 6,review_required
S027,217d731bacf8971f6d53204b7903227b632c869ba27bbe2e5b37e1874d3beb36,,1,142,7,-,HTML table 1; row 142; column 7,review_required
S027,217d731bacf8971f6d53204b7903227b632c869ba27bbe2e5b37e1874d3beb36,,1,142,8,·Environmental Review (PDF/48KB),HTML table 1; row 142; column 8,review_required
S027,217d731bacf8971f6d53204b7903227b632c869ba27bbe2e5b37e1874d3beb36,,1,142,9,-,HTML table 1; row 142; column 9,review_required
S027,217d731bacf8971f6d53204b7903227b632c869ba27bbe2e5b37e1874d3beb36,,1,143,1,India,HTML table 1; row 143; column 1,review_required
S027,217d731bacf8971f6d53204b7903227b632c869ba27bbe2e5b37e1874d3beb36,,1,143,2,Rajasthan Rural Water Supply and Fluorosis Mitigation Project (Phase 2),HTML table 1; row 143; column 2,review_required
S027,217d731bacf8971f6d53204b7903227b632c869ba27bbe2e5b37e1874d3beb36,,1,143,3,L,HTML table 1; row 143; column 3,review_required
S027,217d731bacf8971f6d53204b7903227b632c869ba27bbe2e5b37e1874d3beb36,,1,143,4,2010,HTML table 1; row 143; column 4,review_required
S027,217d731bacf8971f6d53204b7903227b632c869ba27bbe2e5b37e1874d3beb36,,1,143,5,B,HTML table 1; row 143; column 5,review_required
S027,217d731bacf8971f6d53204b7903227b632c869ba27bbe2e5b37e1874d3beb36,,1,143,6,-,HTML table 1; row 143; column 6,review_required
S027,217d731bacf8971f6d53204b7903227b632c869ba27bbe2e5b37e1874d3beb36,,1,143,7,-,HTML table 1; row 143; column 7,review_required
S027,217d731bacf8971f6d53204b7903227b632c869ba27bbe2e5b37e1874d3beb36,,1,143,8,-,HTML table 1; row 143; column 8,review_required
S027,217d731bacf8971f6d53204b7903227b632c869ba27bbe2e5b37e1874d3beb36,,1,143,9,-,HTML table 1; row 143; column 9,review_required
S027,217d731bacf8971f6d53204b7903227b632c869ba27bbe2e5b37e1874d3beb36,,1,144,1,India,HTML table 1; row 144; column 1,review_required
S027,217d731bacf8971f6d53204b7903227b632c869ba27bbe2e5b37e1874d3beb36,,1,144,2,Rajasthan Water Sector Livelihood Improvement Project,HTML table 1; row 144; column 2,review_required
S027,217d731bacf8971f6d53204b7903227b632c869ba27bbe2e5b37e1874d3beb36,,1,144,3,L,HTML table 1; row 144; column 3,review_required
S027,217d731bacf8971f6d53204b7903227b632c869ba27bbe2e5b37e1874d3beb36,,1,144,4,2010,HTML table 1; row 144; column 4,review_required
S027,217d731bacf8971f6d53204b7903227b632c869ba27bbe2e5b37e1874d3beb36,,1,144,5,B,HTML table 1; row 144; column 5,review_required
S027,217d731bacf8971f6d53204b7903227b632c869ba27bbe2e5b37e1874d3beb36,,1,144,6,-,HTML table 1; row 144; column 6,review_required
S027,217d731bacf8971f6d53204b7903227b632c869ba27bbe2e5b37e1874d3beb36,,1,144,7,-,HTML table 1; row 144; column 7,review_required
S027,217d731bacf8971f6d53204b7903227b632c869ba27bbe2e5b37e1874d3beb36,,1,144,8,·Environmental Review (PDF/170KB),HTML table 1; row 144; column 8,review_required
S027,217d731bacf8971f6d53204b7903227b632c869ba27bbe2e5b37e1874d3beb36,,1,144,9,-,HTML table 1; row 144; column 9,review_required
S027,217d731bacf8971f6d53204b7903227b632c869ba27bbe2e5b37e1874d3beb36,,1,145,1,India,HTML table 1; row 145; column 1,review_required
S027,217d731bacf8971f6d53204b7903227b632c869ba27bbe2e5b37e1874d3beb36,,1,145,2,Ranchi Sewerage Project,HTML table 1; row 145; column 2,review_required
S027,217d731bacf8971f6d53204b7903227b632c869ba27bbe2e5b37e1874d3beb36,,1,145,3,L,HTML table 1; row 145; column 3,review_required
S027,217d731bacf8971f6d53204b7903227b632c869ba27bbe2e5b37e1874d3beb36,,1,145,4,2010,HTML table 1; row 145; column 4,review_required
S027,217d731bacf8971f6d53204b7903227b632c869ba27bbe2e5b37e1874d3beb36,,1,145,5,B,HTML table 1; row 145; column 5,review_required
S027,217d731bacf8971f6d53204b7903227b632c869ba27bbe2e5b37e1874d3beb36,,1,145,6,-,HTML table 1; row 145; column 6,review_required
S027,217d731bacf8971f6d53204b7903227b632c869ba27bbe2e5b37e1874d3beb36,,1,145,7,-,HTML table 1; row 145; column 7,review_required
S027,217d731bacf8971f6d53204b7903227b632c869ba27bbe2e5b37e1874d3beb36,,1,145,8,-,HTML table 1; row 145; column 8,review_required
S027,217d731bacf8971f6d53204b7903227b632c869ba27bbe2e5b37e1874d3beb36,,1,145,9,-,HTML table 1; row 145; column 9,review_required
S027,217d731bacf8971f6d53204b7903227b632c869ba27bbe2e5b37e1874d3beb36,,1,146,1,India,HTML table 1; row 146; column 1,review_required
S027,217d731bacf8971f6d53204b7903227b632c869ba27bbe2e5b37e1874d3beb36,,1,146,2,Tamil Nadu Transmission System Improvement Project,HTML table 1; row 146; column 2,review_required
S027,217d731bacf8971f6d53204b7903227b632c869ba27bbe2e5b37e1874d3beb36,,1,146,3,L,HTML table 1; row 146; column 3,review_required
S027,217d731bacf8971f6d53204b7903227b632c869ba27bbe2e5b37e1874d3beb36,,1,146,4,2010,HTML table 1; row 146; column 4,review_required
S027,217d731bacf8971f6d53204b7903227b632c869ba27bbe2e5b37e1874d3beb36,,1,146,5,B,HTML table 1; row 146; column 5,review_required
S027,217d731bacf8971f6d53204b7903227b632c869ba27bbe2e5b37e1874d3beb36,,1,146,6,-,HTML table 1; row 146; column 6,review_required
S027,217d731bacf8971f6d53204b7903227b632c869ba27bbe2e5b37e1874d3beb36,,1,146,7,-,HTML table 1; row 146; column 7,review_required
S027,217d731bacf8971f6d53204b7903227b632c869ba27bbe2e5b37e1874d3beb36,,1,146,8,·Environmental Review (PDF/46KB),HTML table 1; row 146; column 8,review_required
S027,217d731bacf8971f6d53204b7903227b632c869ba27bbe2e5b37e1874d3beb36,,1,146,9,-,HTML table 1; row 146; column 9,review_required
S027,217d731bacf8971f6d53204b7903227b632c869ba27bbe2e5b37e1874d3beb36,,1,147,1,India,HTML table 1; row 147; column 1,review_required
S027,217d731bacf8971f6d53204b7903227b632c869ba27bbe2e5b37e1874d3beb36,,1,147,2,Tamil Nadu Urban Health Care Project,HTML table 1; row 147; column 2,review_required
S027,217d731bacf8971f6d53204b7903227b632c869ba27bbe2e5b37e1874d3beb36,,1,147,3,L,HTML table 1; row 147; column 3,review_required
S027,217d731bacf8971f6d53204b7903227b632c869ba27bbe2e5b37e1874d3beb36,,1,147,4,2010,HTML table 1; row 147; column 4,review_required
S027,217d731bacf8971f6d53204b7903227b632c869ba27bbe2e5b37e1874d3beb36,,1,147,5,B,HTML table 1; row 147; column 5,review_required
S027,217d731bacf8971f6d53204b7903227b632c869ba27bbe2e5b37e1874d3beb36,,1,147,6,-,HTML table 1; row 147; column 6,review_required
S027,217d731bacf8971f6d53204b7903227b632c869ba27bbe2e5b37e1874d3beb36,,1,147,7,-,HTML table 1; row 147; column 7,review_required
S027,217d731bacf8971f6d53204b7903227b632c869ba27bbe2e5b37e1874d3beb36,,1,147,8,·Environmental Review (PDF/172KB),HTML table 1; row 147; column 8,review_required
S027,217d731bacf8971f6d53204b7903227b632c869ba27bbe2e5b37e1874d3beb36,,1,147,9,-,HTML table 1; row 147; column 9,review_required
S027,217d731bacf8971f6d53204b7903227b632c869ba27bbe2e5b37e1874d3beb36,,1,148,1,India,HTML table 1; row 148; column 1,review_required
S027,217d731bacf8971f6d53204b7903227b632c869ba27bbe2e5b37e1874d3beb36,,1,148,2,The Project for the Setting up of All India Institute of Medical Sciences Madurai,HTML table 1; row 148; column 2,review_required
S027,217d731bacf8971f6d53204b7903227b632c869ba27bbe2e5b37e1874d3beb36,,1,148,3,L,HTML table 1; row 148; column 3,review_required
S027,217d731bacf8971f6d53204b7903227b632c869ba27bbe2e5b37e1874d3beb36,,1,148,4,2010,HTML table 1; row 148; column 4,review_required
S027,217d731bacf8971f6d53204b7903227b632c869ba27bbe2e5b37e1874d3beb36,,1,148,5,B,HTML table 1; row 148; column 5,review_required
S027,217d731bacf8971f6d53204b7903227b632c869ba27bbe2e5b37e1874d3beb36,,1,148,6,-,HTML table 1; row 148; column 6,review_required
S027,217d731bacf8971f6d53204b7903227b632c869ba27bbe2e5b37e1874d3beb36,,1,148,7,-,HTML table 1; row 148; column 7,review_required
S027,217d731bacf8971f6d53204b7903227b632c869ba27bbe2e5b37e1874d3beb36,,1,148,8,-,HTML table 1; row 148; column 8,review_required
S027,217d731bacf8971f6d53204b7903227b632c869ba27bbe2e5b37e1874d3beb36,,1,148,9,-,HTML table 1; row 148; column 9,review_required
S027,217d731bacf8971f6d53204b7903227b632c869ba27bbe2e5b37e1874d3beb36,,1,149,1,India,HTML table 1; row 149; column 1,review_required
S027,217d731bacf8971f6d53204b7903227b632c869ba27bbe2e5b37e1874d3beb36,,1,149,2,Transmission System Strengthening Works in Madhya Pradesh,HTML table 1; row 149; column 2,review_required
S027,217d731bacf8971f6d53204b7903227b632c869ba27bbe2e5b37e1874d3beb36,,1,149,3,L,HTML table 1; row 149; column 3,review_required
S027,217d731bacf8971f6d53204b7903227b632c869ba27bbe2e5b37e1874d3beb36,,1,149,4,2010,HTML table 1; row 149; column 4,review_required
S027,217d731bacf8971f6d53204b7903227b632c869ba27bbe2e5b37e1874d3beb36,,1,149,5,B,HTML table 1; row 149; column 5,review_required
S027,217d731bacf8971f6d53204b7903227b632c869ba27bbe2e5b37e1874d3beb36,,1,149,6,-,HTML table 1; row 149; column 6,review_required
S027,217d731bacf8971f6d53204b7903227b632c869ba27bbe2e5b37e1874d3beb36,,1,149,7,-,HTML table 1; row 149; column 7,review_required
S027,217d731bacf8971f6d53204b7903227b632c869ba27bbe2e5b37e1874d3beb36,,1,149,8,·Environmental Review (PDF/160KB),HTML table 1; row 149; column 8,review_required
S027,217d731bacf8971f6d53204b7903227b632c869ba27bbe2e5b37e1874d3beb36,,1,149,9,-,HTML table 1; row 149; column 9,review_required
S027,217d731bacf8971f6d53204b7903227b632c869ba27bbe2e5b37e1874d3beb36,,1,150,1,India,HTML table 1; row 150; column 1,review_required
S027,217d731bacf8971f6d53204b7903227b632c869ba27bbe2e5b37e1874d3beb36,,1,150,2,The Project for Countermeasure Construction for the slope failures on National Highway 55,HTML table 1; row 150; column 2,review_required
S027,217d731bacf8971f6d53204b7903227b632c869ba27bbe2e5b37e1874d3beb36,,1,150,3,GA,HTML table 1; row 150; column 3,review_required
S027,217d731bacf8971f6d53204b7903227b632c869ba27bbe2e5b37e1874d3beb36,,1,150,4,2010,HTML table 1; row 150; column 4,review_required
S027,217d731bacf8971f6d53204b7903227b632c869ba27bbe2e5b37e1874d3beb36,,1,150,5,B,HTML table 1; row 150; column 5,review_required
S027,217d731bacf8971f6d53204b7903227b632c869ba27bbe2e5b37e1874d3beb36,,1,150,6,-,HTML table 1; row 150; column 6,review_required
S027,217d731bacf8971f6d53204b7903227b632c869ba27bbe2e5b37e1874d3beb36,,1,150,7,-,HTML table 1; row 150; column 7,review_required
S027,217d731bacf8971f6d53204b7903227b632c869ba27bbe2e5b37e1874d3beb36,,1,150,8,-,HTML table 1; row 150; column 8,review_required
S027,217d731bacf8971f6d53204b7903227b632c869ba27bbe2e5b37e1874d3beb36,,1,150,9,-,HTML table 1; row 150; column 9,review_required
S027,217d731bacf8971f6d53204b7903227b632c869ba27bbe2e5b37e1874d3beb36,,1,151,1,India,HTML table 1; row 151; column 1,review_required
S027,217d731bacf8971f6d53204b7903227b632c869ba27bbe2e5b37e1874d3beb36,,1,151,2,Capacity Enhancement for Effective Implementation of Forest Policy,HTML table 1; row 151; column 2,review_required
S027,217d731bacf8971f6d53204b7903227b632c869ba27bbe2e5b37e1874d3beb36,,1,151,3,L,HTML table 1; row 151; column 3,review_required
S027,217d731bacf8971f6d53204b7903227b632c869ba27bbe2e5b37e1874d3beb36,,1,151,4,2010,HTML table 1; row 151; column 4,review_required
S027,217d731bacf8971f6d53204b7903227b632c869ba27bbe2e5b37e1874d3beb36,,1,151,5,FI,HTML table 1; row 151; column 5,review_required
S027,217d731bacf8971f6d53204b7903227b632c869ba27bbe2e5b37e1874d3beb36,,1,151,6,-,HTML table 1; row 151; column 6,review_required
S027,217d731bacf8971f6d53204b7903227b632c869ba27bbe2e5b37e1874d3beb36,,1,151,7,-,HTML table 1; row 151; column 7,review_required
S027,217d731bacf8971f6d53204b7903227b632c869ba27bbe2e5b37e1874d3beb36,,1,151,8,-,HTML table 1; row 151; column 8,review_required
S027,217d731bacf8971f6d53204b7903227b632c869ba27bbe2e5b37e1874d3beb36,,1,151,9,-,HTML table 1; row 151; column 9,review_required
S027,217d731bacf8971f6d53204b7903227b632c869ba27bbe2e5b37e1874d3beb36,,1,152,1,India,HTML table 1; row 152; column 1,review_required
S027,217d731bacf8971f6d53204b7903227b632c869ba27bbe2e5b37e1874d3beb36,,1,152,2,Climate Change Management Project,HTML table 1; row 152; column 2,review_required
S027,217d731bacf8971f6d53204b7903227b632c869ba27bbe2e5b37e1874d3beb36,,1,152,3,L,HTML table 1; row 152; column 3,review_required
S027,217d731bacf8971f6d53204b7903227b632c869ba27bbe2e5b37e1874d3beb36,,1,152,4,2010,HTML table 1; row 152; column 4,review_required
S027,217d731bacf8971f6d53204b7903227b632c869ba27bbe2e5b37e1874d3beb36,,1,152,5,FI,HTML table 1; row 152; column 5,review_required
S027,217d731bacf8971f6d53204b7903227b632c869ba27bbe2e5b37e1874d3beb36,,1,152,6,-,HTML table 1; row 152; column 6,review_required
S027,217d731bacf8971f6d53204b7903227b632c869ba27bbe2e5b37e1874d3beb36,,1,152,7,-,HTML table 1; row 152; column 7,review_required
S027,217d731bacf8971f6d53204b7903227b632c869ba27bbe2e5b37e1874d3beb36,,1,152,8,-,HTML table 1; row 152; column 8,review_required
S027,217d731bacf8971f6d53204b7903227b632c869ba27bbe2e5b37e1874d3beb36,,1,152,9,-,HTML table 1; row 152; column 9,review_required
S027,217d731bacf8971f6d53204b7903227b632c869ba27bbe2e5b37e1874d3beb36,,1,153,1,India,HTML table 1; row 153; column 1,review_required
S027,217d731bacf8971f6d53204b7903227b632c869ba27bbe2e5b37e1874d3beb36,,1,153,2,Climate Change Mitigation Project,HTML table 1; row 153; column 2,review_required
S027,217d731bacf8971f6d53204b7903227b632c869ba27bbe2e5b37e1874d3beb36,,1,153,3,L,HTML table 1; row 153; column 3,review_required
S027,217d731bacf8971f6d53204b7903227b632c869ba27bbe2e5b37e1874d3beb36,,1,153,4,2010,HTML table 1; row 153; column 4,review_required
S027,217d731bacf8971f6d53204b7903227b632c869ba27bbe2e5b37e1874d3beb36,,1,153,5,FI,HTML table 1; row 153; column 5,review_required
S027,217d731bacf8971f6d53204b7903227b632c869ba27bbe2e5b37e1874d3beb36,,1,153,6,-,HTML table 1; row 153; column 6,review_required
S027,217d731bacf8971f6d53204b7903227b632c869ba27bbe2e5b37e1874d3beb36,,1,153,7,-,HTML table 1; row 153; column 7,review_required
S027,217d731bacf8971f6d53204b7903227b632c869ba27bbe2e5b37e1874d3beb36,,1,153,8,-,HTML table 1; row 153; column 8,review_required
S027,217d731bacf8971f6d53204b7903227b632c869ba27bbe2e5b37e1874d3beb36,,1,153,9,-,HTML table 1; row 153; column 9,review_required
S027,217d731bacf8971f6d53204b7903227b632c869ba27bbe2e5b37e1874d3beb36,,1,154,1,India,HTML table 1; row 154; column 1,review_required
S027,217d731bacf8971f6d53204b7903227b632c869ba27bbe2e5b37e1874d3beb36,,1,154,2,Himachal Pradesh Forest Ecosystems Management and Livelihoods Improvement Project,HTML table 1; row 154; column 2,review_required
S027,217d731bacf8971f6d53204b7903227b632c869ba27bbe2e5b37e1874d3beb36,,1,154,3,L,HTML table 1; row 154; column 3,review_required
S027,217d731bacf8971f6d53204b7903227b632c869ba27bbe2e5b37e1874d3beb36,,1,154,4,2010,HTML table 1; row 154; column 4,review_required
S027,217d731bacf8971f6d53204b7903227b632c869ba27bbe2e5b37e1874d3beb36,,1,154,5,FI,HTML table 1; row 154; column 5,review_required
S027,217d731bacf8971f6d53204b7903227b632c869ba27bbe2e5b37e1874d3beb36,,1,154,6,-,HTML table 1; row 154; column 6,review_required
S027,217d731bacf8971f6d53204b7903227b632c869ba27bbe2e5b37e1874d3beb36,,1,154,7,-,HTML table 1; row 154; column 7,review_required
S027,217d731bacf8971f6d53204b7903227b632c869ba27bbe2e5b37e1874d3beb36,,1,154,8,-,HTML table 1; row 154; column 8,review_required
S027,217d731bacf8971f6d53204b7903227b632c869ba27bbe2e5b37e1874d3beb36,,1,154,9,-,HTML table 1; row 154; column 9,review_required
S027,217d731bacf8971f6d53204b7903227b632c869ba27bbe2e5b37e1874d3beb36,,1,155,1,India,HTML table 1; row 155; column 1,review_required
S027,217d731bacf8971f6d53204b7903227b632c869ba27bbe2e5b37e1874d3beb36,,1,155,2,Initiative for Horticulture Intensification by Micro Drip Irrigation in Jharkhand,HTML table 1; row 155; column 2,review_required
S027,217d731bacf8971f6d53204b7903227b632c869ba27bbe2e5b37e1874d3beb36,,1,155,3,L,HTML table 1; row 155; column 3,review_required
S027,217d731bacf8971f6d53204b7903227b632c869ba27bbe2e5b37e1874d3beb36,,1,155,4,2010,HTML table 1; row 155; column 4,review_required
S027,217d731bacf8971f6d53204b7903227b632c869ba27bbe2e5b37e1874d3beb36,,1,155,5,FI,HTML table 1; row 155; column 5,review_required
S027,217d731bacf8971f6d53204b7903227b632c869ba27bbe2e5b37e1874d3beb36,,1,155,6,-,HTML table 1; row 155; column 6,review_required
S027,217d731bacf8971f6d53204b7903227b632c869ba27bbe2e5b37e1874d3beb36,,1,155,7,-,HTML table 1; row 155; column 7,review_required
S027,217d731bacf8971f6d53204b7903227b632c869ba27bbe2e5b37e1874d3beb36,,1,155,8,·Environmental Review (PDF/181KB),HTML table 1; row 155; column 8,review_required
S027,217d731bacf8971f6d53204b7903227b632c869ba27bbe2e5b37e1874d3beb36,,1,155,9,-,HTML table 1; row 155; column 9,review_required
S027,217d731bacf8971f6d53204b7903227b632c869ba27bbe2e5b37e1874d3beb36,,1,156,1,India,HTML table 1; row 156; column 1,review_required
S027,217d731bacf8971f6d53204b7903227b632c869ba27bbe2e5b37e1874d3beb36,,1,156,2,"Micro, Small and Medium Enterprises Energy Saving Project Phase 2",HTML table 1; row 156; column 2,review_required
S027,217d731bacf8971f6d53204b7903227b632c869ba27bbe2e5b37e1874d3beb36,,1,156,3,L,HTML table 1; row 156; column 3,review_required
S027,217d731bacf8971f6d53204b7903227b632c869ba27bbe2e5b37e1874d3beb36,,1,156,4,2010,HTML table 1; row 156; column 4,review_required
S027,217d731bacf8971f6d53204b7903227b632c869ba27bbe2e5b37e1874d3beb36,,1,156,5,FI,HTML table 1; row 156; column 5,review_required
S027,217d731bacf8971f6d53204b7903227b632c869ba27bbe2e5b37e1874d3beb36,,1,156,6,-,HTML table 1; row 156; column 6,review_required
S027,217d731bacf8971f6d53204b7903227b632c869ba27bbe2e5b37e1874d3beb36,,1,156,7,-,HTML table 1; row 156; column 7,review_required
S027,217d731bacf8971f6d53204b7903227b632c869ba27bbe2e5b37e1874d3beb36,,1,156,8,·Environmental Review (PDF/85KB),HTML table 1; row 156; column 8,review_required
S027,217d731bacf8971f6d53204b7903227b632c869ba27bbe2e5b37e1874d3beb36,,1,156,9,-,HTML table 1; row 156; column 9,review_required
S027,217d731bacf8971f6d53204b7903227b632c869ba27bbe2e5b37e1874d3beb36,,1,157,1,India,HTML table 1; row 157; column 1,review_required
S027,217d731bacf8971f6d53204b7903227b632c869ba27bbe2e5b37e1874d3beb36,,1,157,2,"Micro, Small and Medium Enterprises Energy Saving Project Phase 3",HTML table 1; row 157; column 2,review_required
S027,217d731bacf8971f6d53204b7903227b632c869ba27bbe2e5b37e1874d3beb36,,1,157,3,L,HTML table 1; row 157; column 3,review_required
S027,217d731bacf8971f6d53204b7903227b632c869ba27bbe2e5b37e1874d3beb36,,1,157,4,2010,HTML table 1; row 157; column 4,review_required
S027,217d731bacf8971f6d53204b7903227b632c869ba27bbe2e5b37e1874d3beb36,,1,157,5,FI,HTML table 1; row 157; column 5,review_required
S027,217d731bacf8971f6d53204b7903227b632c869ba27bbe2e5b37e1874d3beb36,,1,157,6,-,HTML table 1; row 157; column 6,review_required
S027,217d731bacf8971f6d53204b7903227b632c869ba27bbe2e5b37e1874d3beb36,,1,157,7,-,HTML table 1; row 157; column 7,review_required
S027,217d731bacf8971f6d53204b7903227b632c869ba27bbe2e5b37e1874d3beb36,,1,157,8,·Environmental Review (PDF/44KB),HTML table 1; row 157; column 8,review_required
S027,217d731bacf8971f6d53204b7903227b632c869ba27bbe2e5b37e1874d3beb36,,1,157,9,-,HTML table 1; row 157; column 9,review_required
S027,217d731bacf8971f6d53204b7903227b632c869ba27bbe2e5b37e1874d3beb36,,1,158,1,India,HTML table 1; row 158; column 1,review_required
S027,217d731bacf8971f6d53204b7903227b632c869ba27bbe2e5b37e1874d3beb36,,1,158,2,Mizoram Biodiversity Conservation and Forest Enrichment Project,HTML table 1; row 158; column 2,review_required
S027,217d731bacf8971f6d53204b7903227b632c869ba27bbe2e5b37e1874d3beb36,,1,158,3,L,HTML table 1; row 158; column 3,review_required
S027,217d731bacf8971f6d53204b7903227b632c869ba27bbe2e5b37e1874d3beb36,,1,158,4,2022,HTML table 1; row 158; column 4,review_required
S027,217d731bacf8971f6d53204b7903227b632c869ba27bbe2e5b37e1874d3beb36,,1,158,5,FI,HTML table 1; row 158; column 5,review_required
S027,217d731bacf8971f6d53204b7903227b632c869ba27bbe2e5b37e1874d3beb36,,1,158,6,-,HTML table 1; row 158; column 6,review_required
S027,217d731bacf8971f6d53204b7903227b632c869ba27bbe2e5b37e1874d3beb36,,1,158,7,-,HTML table 1; row 158; column 7,review_required
S027,217d731bacf8971f6d53204b7903227b632c869ba27bbe2e5b37e1874d3beb36,,1,158,8,-,HTML table 1; row 158; column 8,review_required
S027,217d731bacf8971f6d53204b7903227b632c869ba27bbe2e5b37e1874d3beb36,,1,158,9,-,HTML table 1; row 158; column 9,review_required
S027,217d731bacf8971f6d53204b7903227b632c869ba27bbe2e5b37e1874d3beb36,,1,159,1,India,HTML table 1; row 159; column 1,review_required
S027,217d731bacf8971f6d53204b7903227b632c869ba27bbe2e5b37e1874d3beb36,,1,159,2,Nagaland Forest Management Project,HTML table 1; row 159; column 2,review_required
S027,217d731bacf8971f6d53204b7903227b632c869ba27bbe2e5b37e1874d3beb36,,1,159,3,L,HTML table 1; row 159; column 3,review_required
S027,217d731bacf8971f6d53204b7903227b632c869ba27bbe2e5b37e1874d3beb36,,1,159,4,2010,HTML table 1; row 159; column 4,review_required
S027,217d731bacf8971f6d53204b7903227b632c869ba27bbe2e5b37e1874d3beb36,,1,159,5,FI,HTML table 1; row 159; column 5,review_required
S027,217d731bacf8971f6d53204b7903227b632c869ba27bbe2e5b37e1874d3beb36,,1,159,6,-,HTML table 1; row 159; column 6,review_required
S027,217d731bacf8971f6d53204b7903227b632c869ba27bbe2e5b37e1874d3beb36,,1,159,7,-,HTML table 1; row 159; column 7,review_required
S027,217d731bacf8971f6d53204b7903227b632c869ba27bbe2e5b37e1874d3beb36,,1,159,8,·Environmental Review (PDF/159KB),HTML table 1; row 159; column 8,review_required
S027,217d731bacf8971f6d53204b7903227b632c869ba27bbe2e5b37e1874d3beb36,,1,159,9,-,HTML table 1; row 159; column 9,review_required
S027,217d731bacf8971f6d53204b7903227b632c869ba27bbe2e5b37e1874d3beb36,,1,160,1,India,HTML table 1; row 160; column 1,review_required
S027,217d731bacf8971f6d53204b7903227b632c869ba27bbe2e5b37e1874d3beb36,,1,160,2,New and Renewable Energy Development Project,HTML table 1; row 160; column 2,review_required
S027,217d731bacf8971f6d53204b7903227b632c869ba27bbe2e5b37e1874d3beb36,,1,160,3,L,HTML table 1; row 160; column 3,review_required
S027,217d731bacf8971f6d53204b7903227b632c869ba27bbe2e5b37e1874d3beb36,,1,160,4,2010,HTML table 1; row 160; column 4,review_required
S027,217d731bacf8971f6d53204b7903227b632c869ba27bbe2e5b37e1874d3beb36,,1,160,5,FI,HTML table 1; row 160; column 5,review_required
S027,217d731bacf8971f6d53204b7903227b632c869ba27bbe2e5b37e1874d3beb36,,1,160,6,-,HTML table 1; row 160; column 6,review_required
S027,217d731bacf8971f6d53204b7903227b632c869ba27bbe2e5b37e1874d3beb36,,1,160,7,-,HTML table 1; row 160; column 7,review_required
S027,217d731bacf8971f6d53204b7903227b632c869ba27bbe2e5b37e1874d3beb36,,1,160,8,·Environmental Review (PDF/37KB),HTML table 1; row 160; column 8,review_required
S027,217d731bacf8971f6d53204b7903227b632c869ba27bbe2e5b37e1874d3beb36,,1,160,9,-,HTML table 1; row 160; column 9,review_required
S027,217d731bacf8971f6d53204b7903227b632c869ba27bbe2e5b37e1874d3beb36,,1,161,1,India,HTML table 1; row 161; column 1,review_required
S027,217d731bacf8971f6d53204b7903227b632c869ba27bbe2e5b37e1874d3beb36,,1,161,2,New and Renewable Energy Development Project - Phase 2,HTML table 1; row 161; column 2,review_required
S027,217d731bacf8971f6d53204b7903227b632c869ba27bbe2e5b37e1874d3beb36,,1,161,3,L,HTML table 1; row 161; column 3,review_required
S027,217d731bacf8971f6d53204b7903227b632c869ba27bbe2e5b37e1874d3beb36,,1,161,4,2010,HTML table 1; row 161; column 4,review_required
S027,217d731bacf8971f6d53204b7903227b632c869ba27bbe2e5b37e1874d3beb36,,1,161,5,FI,HTML table 1; row 161; column 5,review_required
S027,217d731bacf8971f6d53204b7903227b632c869ba27bbe2e5b37e1874d3beb36,,1,161,6,-,HTML table 1; row 161; column 6,review_required
S027,217d731bacf8971f6d53204b7903227b632c869ba27bbe2e5b37e1874d3beb36,,1,161,7,-,HTML table 1; row 161; column 7,review_required
S027,217d731bacf8971f6d53204b7903227b632c869ba27bbe2e5b37e1874d3beb36,,1,161,8,·Environmental Review (PDF/43KB),HTML table 1; row 161; column 8,review_required
S027,217d731bacf8971f6d53204b7903227b632c869ba27bbe2e5b37e1874d3beb36,,1,161,9,-,HTML table 1; row 161; column 9,review_required
S027,217d731bacf8971f6d53204b7903227b632c869ba27bbe2e5b37e1874d3beb36,,1,162,1,India,HTML table 1; row 162; column 1,review_required
S027,217d731bacf8971f6d53204b7903227b632c869ba27bbe2e5b37e1874d3beb36,,1,162,2,Odisha Forestry Sector Development Project (Phase II),HTML table 1; row 162; column 2,review_required
S027,217d731bacf8971f6d53204b7903227b632c869ba27bbe2e5b37e1874d3beb36,,1,162,3,L,HTML table 1; row 162; column 3,review_required
S027,217d731bacf8971f6d53204b7903227b632c869ba27bbe2e5b37e1874d3beb36,,1,162,4,2010,HTML table 1; row 162; column 4,review_required
S027,217d731bacf8971f6d53204b7903227b632c869ba27bbe2e5b37e1874d3beb36,,1,162,5,FI,HTML table 1; row 162; column 5,review_required
S027,217d731bacf8971f6d53204b7903227b632c869ba27bbe2e5b37e1874d3beb36,,1,162,6,-,HTML table 1; row 162; column 6,review_required
S027,217d731bacf8971f6d53204b7903227b632c869ba27bbe2e5b37e1874d3beb36,,1,162,7,-,HTML table 1; row 162; column 7,review_required
S027,217d731bacf8971f6d53204b7903227b632c869ba27bbe2e5b37e1874d3beb36,,1,162,8,·Environmental Review (PDF/231KB),HTML table 1; row 162; column 8,review_required
S027,217d731bacf8971f6d53204b7903227b632c869ba27bbe2e5b37e1874d3beb36,,1,162,9,-,HTML table 1; row 162; column 9,review_required
S027,217d731bacf8971f6d53204b7903227b632c869ba27bbe2e5b37e1874d3beb36,,1,163,1,India,HTML table 1; row 163; column 1,review_required
S027,217d731bacf8971f6d53204b7903227b632c869ba27bbe2e5b37e1874d3beb36,,1,163,2,PPP Infrastructure Financing Project,HTML table 1; row 163; column 2,review_required
S027,217d731bacf8971f6d53204b7903227b632c869ba27bbe2e5b37e1874d3beb36,,1,163,3,L,HTML table 1; row 163; column 3,review_required
S027,217d731bacf8971f6d53204b7903227b632c869ba27bbe2e5b37e1874d3beb36,,1,163,4,2010,HTML table 1; row 163; column 4,review_required
S027,217d731bacf8971f6d53204b7903227b632c869ba27bbe2e5b37e1874d3beb36,,1,163,5,FI,HTML table 1; row 163; column 5,review_required
S027,217d731bacf8971f6d53204b7903227b632c869ba27bbe2e5b37e1874d3beb36,,1,163,6,-,HTML table 1; row 163; column 6,review_required
S027,217d731bacf8971f6d53204b7903227b632c869ba27bbe2e5b37e1874d3beb36,,1,163,7,-,HTML table 1; row 163; column 7,review_required
S027,217d731bacf8971f6d53204b7903227b632c869ba27bbe2e5b37e1874d3beb36,,1,163,8,·Environmental Review (PDF/138KB),HTML table 1; row 163; column 8,review_required
S027,217d731bacf8971f6d53204b7903227b632c869ba27bbe2e5b37e1874d3beb36,,1,163,9,-,HTML table 1; row 163; column 9,review_required
S027,217d731bacf8971f6d53204b7903227b632c869ba27bbe2e5b37e1874d3beb36,,1,164,1,India,HTML table 1; row 164; column 1,review_required
S027,217d731bacf8971f6d53204b7903227b632c869ba27bbe2e5b37e1874d3beb36,,1,164,2,Project for Ecosystem Management in Gujarat,HTML table 1; row 164; column 2,review_required
S027,217d731bacf8971f6d53204b7903227b632c869ba27bbe2e5b37e1874d3beb36,,1,164,3,L,HTML table 1; row 164; column 3,review_required
S027,217d731bacf8971f6d53204b7903227b632c869ba27bbe2e5b37e1874d3beb36,,1,164,4,2010,HTML table 1; row 164; column 4,review_required
S027,217d731bacf8971f6d53204b7903227b632c869ba27bbe2e5b37e1874d3beb36,,1,164,5,FI,HTML table 1; row 164; column 5,review_required
S027,217d731bacf8971f6d53204b7903227b632c869ba27bbe2e5b37e1874d3beb36,,1,164,6,-,HTML table 1; row 164; column 6,review_required
S027,217d731bacf8971f6d53204b7903227b632c869ba27bbe2e5b37e1874d3beb36,,1,164,7,-,HTML table 1; row 164; column 7,review_required
S027,217d731bacf8971f6d53204b7903227b632c869ba27bbe2e5b37e1874d3beb36,,1,164,8,-,HTML table 1; row 164; column 8,review_required
S027,217d731bacf8971f6d53204b7903227b632c869ba27bbe2e5b37e1874d3beb36,,1,164,9,-,HTML table 1; row 164; column 9,review_required
S027,217d731bacf8971f6d53204b7903227b632c869ba27bbe2e5b37e1874d3beb36,,1,165,1,India,HTML table 1; row 165; column 1,review_required
S027,217d731bacf8971f6d53204b7903227b632c869ba27bbe2e5b37e1874d3beb36,,1,165,2,Project for Forest and Biodiversity Conservation for Climate Resilience Enhancement in West Bengal,HTML table 1; row 165; column 2,review_required
S027,217d731bacf8971f6d53204b7903227b632c869ba27bbe2e5b37e1874d3beb36,,1,165,3,L,HTML table 1; row 165; column 3,review_required
S027,217d731bacf8971f6d53204b7903227b632c869ba27bbe2e5b37e1874d3beb36,,1,165,4,2010,HTML table 1; row 165; column 4,review_required
S027,217d731bacf8971f6d53204b7903227b632c869ba27bbe2e5b37e1874d3beb36,,1,165,5,FI,HTML table 1; row 165; column 5,review_required
S027,217d731bacf8971f6d53204b7903227b632c869ba27bbe2e5b37e1874d3beb36,,1,165,6,-,HTML table 1; row 165; column 6,review_required
S027,217d731bacf8971f6d53204b7903227b632c869ba27bbe2e5b37e1874d3beb36,,1,165,7,-,HTML table 1; row 165; column 7,review_required
S027,217d731bacf8971f6d53204b7903227b632c869ba27bbe2e5b37e1874d3beb36,,1,165,8,-,HTML table 1; row 165; column 8,review_required
S027,217d731bacf8971f6d53204b7903227b632c869ba27bbe2e5b37e1874d3beb36,,1,165,9,-,HTML table 1; row 165; column 9,review_required
S027,217d731bacf8971f6d53204b7903227b632c869ba27bbe2e5b37e1874d3beb36,,1,166,1,India,HTML table 1; row 166; column 1,review_required
S027,217d731bacf8971f6d53204b7903227b632c869ba27bbe2e5b37e1874d3beb36,,1,166,2,Project for Sustainable Community Forest Management in Meghalaya,HTML table 1; row 166; column 2,review_required
S027,217d731bacf8971f6d53204b7903227b632c869ba27bbe2e5b37e1874d3beb36,,1,166,3,L,HTML table 1; row 166; column 3,review_required
S027,217d731bacf8971f6d53204b7903227b632c869ba27bbe2e5b37e1874d3beb36,,1,166,4,2010,HTML table 1; row 166; column 4,review_required
S027,217d731bacf8971f6d53204b7903227b632c869ba27bbe2e5b37e1874d3beb36,,1,166,5,FI,HTML table 1; row 166; column 5,review_required
S027,217d731bacf8971f6d53204b7903227b632c869ba27bbe2e5b37e1874d3beb36,,1,166,6,-,HTML table 1; row 166; column 6,review_required
S027,217d731bacf8971f6d53204b7903227b632c869ba27bbe2e5b37e1874d3beb36,,1,166,7,-,HTML table 1; row 166; column 7,review_required
S027,217d731bacf8971f6d53204b7903227b632c869ba27bbe2e5b37e1874d3beb36,,1,166,8,-,HTML table 1; row 166; column 8,review_required
S027,217d731bacf8971f6d53204b7903227b632c869ba27bbe2e5b37e1874d3beb36,,1,166,9,-,HTML table 1; row 166; column 9,review_required
S027,217d731bacf8971f6d53204b7903227b632c869ba27bbe2e5b37e1874d3beb36,,1,167,1,India,HTML table 1; row 167; column 1,review_required
S027,217d731bacf8971f6d53204b7903227b632c869ba27bbe2e5b37e1874d3beb36,,1,167,2,Promotion of small and medium-sized enterprises through impact investment,HTML table 1; row 167; column 2,review_required
S027,217d731bacf8971f6d53204b7903227b632c869ba27bbe2e5b37e1874d3beb36,,1,167,3,L,HTML table 1; row 167; column 3,review_required
S027,217d731bacf8971f6d53204b7903227b632c869ba27bbe2e5b37e1874d3beb36,,1,167,4,2010,HTML table 1; row 167; column 4,review_required
S027,217d731bacf8971f6d53204b7903227b632c869ba27bbe2e5b37e1874d3beb36,,1,167,5,FI,HTML table 1; row 167; column 5,review_required
S027,217d731bacf8971f6d53204b7903227b632c869ba27bbe2e5b37e1874d3beb36,,1,167,6,-,HTML table 1; row 167; column 6,review_required
S027,217d731bacf8971f6d53204b7903227b632c869ba27bbe2e5b37e1874d3beb36,,1,167,7,-,HTML table 1; row 167; column 7,review_required
S027,217d731bacf8971f6d53204b7903227b632c869ba27bbe2e5b37e1874d3beb36,,1,167,8,-,HTML table 1; row 167; column 8,review_required
S027,217d731bacf8971f6d53204b7903227b632c869ba27bbe2e5b37e1874d3beb36,,1,167,9,-,HTML table 1; row 167; column 9,review_required
S027,217d731bacf8971f6d53204b7903227b632c869ba27bbe2e5b37e1874d3beb36,,1,168,1,India,HTML table 1; row 168; column 1,review_required
S027,217d731bacf8971f6d53204b7903227b632c869ba27bbe2e5b37e1874d3beb36,,1,168,2,Rajasthan Afforestation and Biodiversity Conservation Project,HTML table 1; row 168; column 2,review_required
S027,217d731bacf8971f6d53204b7903227b632c869ba27bbe2e5b37e1874d3beb36,,1,168,3,L,HTML table 1; row 168; column 3,review_required
S027,217d731bacf8971f6d53204b7903227b632c869ba27bbe2e5b37e1874d3beb36,,1,168,4,2022,HTML table 1; row 168; column 4,review_required
S027,217d731bacf8971f6d53204b7903227b632c869ba27bbe2e5b37e1874d3beb36,,1,168,5,FI,HTML table 1; row 168; column 5,review_required
S027,217d731bacf8971f6d53204b7903227b632c869ba27bbe2e5b37e1874d3beb36,,1,168,6,-,HTML table 1; row 168; column 6,review_required
S027,217d731bacf8971f6d53204b7903227b632c869ba27bbe2e5b37e1874d3beb36,,1,168,7,-,HTML table 1; row 168; column 7,review_required
S027,217d731bacf8971f6d53204b7903227b632c869ba27bbe2e5b37e1874d3beb36,,1,168,8,-,HTML table 1; row 168; column 8,review_required
S027,217d731bacf8971f6d53204b7903227b632c869ba27bbe2e5b37e1874d3beb36,,1,168,9,-,HTML table 1; row 168; column 9,review_required
S027,217d731bacf8971f6d53204b7903227b632c869ba27bbe2e5b37e1874d3beb36,,1,169,1,India,HTML table 1; row 169; column 1,review_required
S027,217d731bacf8971f6d53204b7903227b632c869ba27bbe2e5b37e1874d3beb36,,1,169,2,Tamil Nadu Biodiversity Conservation and Greening Project phase 2,HTML table 1; row 169; column 2,review_required
S027,217d731bacf8971f6d53204b7903227b632c869ba27bbe2e5b37e1874d3beb36,,1,169,3,L,HTML table 1; row 169; column 3,review_required
S027,217d731bacf8971f6d53204b7903227b632c869ba27bbe2e5b37e1874d3beb36,,1,169,4,2010,HTML table 1; row 169; column 4,review_required
S027,217d731bacf8971f6d53204b7903227b632c869ba27bbe2e5b37e1874d3beb36,,1,169,5,FI,HTML table 1; row 169; column 5,review_required
S027,217d731bacf8971f6d53204b7903227b632c869ba27bbe2e5b37e1874d3beb36,,1,169,6,-,HTML table 1; row 169; column 6,review_required
S027,217d731bacf8971f6d53204b7903227b632c869ba27bbe2e5b37e1874d3beb36,,1,169,7,-,HTML table 1; row 169; column 7,review_required
S027,217d731bacf8971f6d53204b7903227b632c869ba27bbe2e5b37e1874d3beb36,,1,169,8,-,HTML table 1; row 169; column 8,review_required
S027,217d731bacf8971f6d53204b7903227b632c869ba27bbe2e5b37e1874d3beb36,,1,169,9,-,HTML table 1; row 169; column 9,review_required
S027,217d731bacf8971f6d53204b7903227b632c869ba27bbe2e5b37e1874d3beb36,,1,170,1,India,HTML table 1; row 170; column 1,review_required
S027,217d731bacf8971f6d53204b7903227b632c869ba27bbe2e5b37e1874d3beb36,,1,170,2,Telangana Startup and Innovation Ecosystem Strengthening Project,HTML table 1; row 170; column 2,review_required
S027,217d731bacf8971f6d53204b7903227b632c869ba27bbe2e5b37e1874d3beb36,,1,170,3,L,HTML table 1; row 170; column 3,review_required
S027,217d731bacf8971f6d53204b7903227b632c869ba27bbe2e5b37e1874d3beb36,,1,170,4,2010,HTML table 1; row 170; column 4,review_required
S027,217d731bacf8971f6d53204b7903227b632c869ba27bbe2e5b37e1874d3beb36,,1,170,5,FI,HTML table 1; row 170; column 5,review_required
S027,217d731bacf8971f6d53204b7903227b632c869ba27bbe2e5b37e1874d3beb36,,1,170,6,-,HTML table 1; row 170; column 6,review_required
S027,217d731bacf8971f6d53204b7903227b632c869ba27bbe2e5b37e1874d3beb36,,1,170,7,-,HTML table 1; row 170; column 7,review_required
S027,217d731bacf8971f6d53204b7903227b632c869ba27bbe2e5b37e1874d3beb36,,1,170,8,-,HTML table 1; row 170; column 8,review_required
S027,217d731bacf8971f6d53204b7903227b632c869ba27bbe2e5b37e1874d3beb36,,1,170,9,-,HTML table 1; row 170; column 9,review_required
S027,217d731bacf8971f6d53204b7903227b632c869ba27bbe2e5b37e1874d3beb36,,1,171,1,India,HTML table 1; row 171; column 1,review_required
S027,217d731bacf8971f6d53204b7903227b632c869ba27bbe2e5b37e1874d3beb36,,1,171,2,Tripura Sustainable Forest Management Project,HTML table 1; row 171; column 2,review_required
S027,217d731bacf8971f6d53204b7903227b632c869ba27bbe2e5b37e1874d3beb36,,1,171,3,L,HTML table 1; row 171; column 3,review_required
S027,217d731bacf8971f6d53204b7903227b632c869ba27bbe2e5b37e1874d3beb36,,1,171,4,2010,HTML table 1; row 171; column 4,review_required
S027,217d731bacf8971f6d53204b7903227b632c869ba27bbe2e5b37e1874d3beb36,,1,171,5,FI,HTML table 1; row 171; column 5,review_required
S027,217d731bacf8971f6d53204b7903227b632c869ba27bbe2e5b37e1874d3beb36,,1,171,6,-,HTML table 1; row 171; column 6,review_required
S027,217d731bacf8971f6d53204b7903227b632c869ba27bbe2e5b37e1874d3beb36,,1,171,7,-,HTML table 1; row 171; column 7,review_required
S027,217d731bacf8971f6d53204b7903227b632c869ba27bbe2e5b37e1874d3beb36,,1,171,8,-,HTML table 1; row 171; column 8,review_required
S027,217d731bacf8971f6d53204b7903227b632c869ba27bbe2e5b37e1874d3beb36,,1,171,9,-,HTML table 1; row 171; column 9,review_required
S027,217d731bacf8971f6d53204b7903227b632c869ba27bbe2e5b37e1874d3beb36,,1,172,1,India,HTML table 1; row 172; column 1,review_required
S027,217d731bacf8971f6d53204b7903227b632c869ba27bbe2e5b37e1874d3beb36,,1,172,2,Uttarakhand Forest Resource Management Project,HTML table 1; row 172; column 2,review_required
S027,217d731bacf8971f6d53204b7903227b632c869ba27bbe2e5b37e1874d3beb36,,1,172,3,L,HTML table 1; row 172; column 3,review_required
S027,217d731bacf8971f6d53204b7903227b632c869ba27bbe2e5b37e1874d3beb36,,1,172,4,2010,HTML table 1; row 172; column 4,review_required
S027,217d731bacf8971f6d53204b7903227b632c869ba27bbe2e5b37e1874d3beb36,,1,172,5,FI,HTML table 1; row 172; column 5,review_required
S027,217d731bacf8971f6d53204b7903227b632c869ba27bbe2e5b37e1874d3beb36,,1,172,6,-,HTML table 1; row 172; column 6,review_required
S027,217d731bacf8971f6d53204b7903227b632c869ba27bbe2e5b37e1874d3beb36,,1,172,7,-,HTML table 1; row 172; column 7,review_required
S027,217d731bacf8971f6d53204b7903227b632c869ba27bbe2e5b37e1874d3beb36,,1,172,8,·Environmental Review (PDF/97KB),HTML table 1; row 172; column 8,review_required
S027,217d731bacf8971f6d53204b7903227b632c869ba27bbe2e5b37e1874d3beb36,,1,172,9,-,HTML table 1; row 172; column 9,review_required
S027,217d731bacf8971f6d53204b7903227b632c869ba27bbe2e5b37e1874d3beb36,,1,173,1,India,HTML table 1; row 173; column 1,review_required
S027,217d731bacf8971f6d53204b7903227b632c869ba27bbe2e5b37e1874d3beb36,,1,173,2,Uttarakhand Integrated Horticulture Development Project,HTML table 1; row 173; column 2,review_required
S027,217d731bacf8971f6d53204b7903227b632c869ba27bbe2e5b37e1874d3beb36,,1,173,3,L,HTML table 1; row 173; column 3,review_required
S027,217d731bacf8971f6d53204b7903227b632c869ba27bbe2e5b37e1874d3beb36,,1,173,4,2010,HTML table 1; row 173; column 4,review_required
S027,217d731bacf8971f6d53204b7903227b632c869ba27bbe2e5b37e1874d3beb36,,1,173,5,FI,HTML table 1; row 173; column 5,review_required
S027,217d731bacf8971f6d53204b7903227b632c869ba27bbe2e5b37e1874d3beb36,,1,173,6,-,HTML table 1; row 173; column 6,review_required
S027,217d731bacf8971f6d53204b7903227b632c869ba27bbe2e5b37e1874d3beb36,,1,173,7,-,HTML table 1; row 173; column 7,review_required
S027,217d731bacf8971f6d53204b7903227b632c869ba27bbe2e5b37e1874d3beb36,,1,173,8,-,HTML table 1; row 173; column 8,review_required
S027,217d731bacf8971f6d53204b7903227b632c869ba27bbe2e5b37e1874d3beb36,,1,173,9,-,HTML table 1; row 173; column 9,review_required
S027,217d731bacf8971f6d53204b7903227b632c869ba27bbe2e5b37e1874d3beb36,,1,174,1,India,HTML table 1; row 174; column 1,review_required
S027,217d731bacf8971f6d53204b7903227b632c869ba27bbe2e5b37e1874d3beb36,,1,174,2,West Bengal Forest and Biodiversity Conservation Project,HTML table 1; row 174; column 2,review_required
S027,217d731bacf8971f6d53204b7903227b632c869ba27bbe2e5b37e1874d3beb36,,1,174,3,L,HTML table 1; row 174; column 3,review_required
S027,217d731bacf8971f6d53204b7903227b632c869ba27bbe2e5b37e1874d3beb36,,1,174,4,2010,HTML table 1; row 174; column 4,review_required
S027,217d731bacf8971f6d53204b7903227b632c869ba27bbe2e5b37e1874d3beb36,,1,174,5,FI,HTML table 1; row 174; column 5,review_required
S027,217d731bacf8971f6d53204b7903227b632c869ba27bbe2e5b37e1874d3beb36,,1,174,6,·Preparatory Survey,HTML table 1; row 174; column 6,review_required
S027,217d731bacf8971f6d53204b7903227b632c869ba27bbe2e5b37e1874d3beb36,,1,174,7,-,HTML table 1; row 174; column 7,review_required
S027,217d731bacf8971f6d53204b7903227b632c869ba27bbe2e5b37e1874d3beb36,,1,174,8,·Environmental Review (PDF/49KB),HTML table 1; row 174; column 8,review_required
S027,217d731bacf8971f6d53204b7903227b632c869ba27bbe2e5b37e1874d3beb36,,1,174,9,-,HTML table 1; row 174; column 9,review_required
S027,217d731bacf8971f6d53204b7903227b632c869ba27bbe2e5b37e1874d3beb36,,1,175,1,India,HTML table 1; row 175; column 1,review_required
S027,217d731bacf8971f6d53204b7903227b632c869ba27bbe2e5b37e1874d3beb36,,1,175,2,West Bengal Piped Water Supply Project (District of Purulia),HTML table 1; row 175; column 2,review_required
S027,217d731bacf8971f6d53204b7903227b632c869ba27bbe2e5b37e1874d3beb36,,1,175,3,L,HTML table 1; row 175; column 3,review_required
S027,217d731bacf8971f6d53204b7903227b632c869ba27bbe2e5b37e1874d3beb36,,1,175,4,2010,HTML table 1; row 175; column 4,review_required
S027,217d731bacf8971f6d53204b7903227b632c869ba27bbe2e5b37e1874d3beb36,,1,175,5,FI,HTML table 1; row 175; column 5,review_required
S027,217d731bacf8971f6d53204b7903227b632c869ba27bbe2e5b37e1874d3beb36,,1,175,6,-,HTML table 1; row 175; column 6,review_required
S027,217d731bacf8971f6d53204b7903227b632c869ba27bbe2e5b37e1874d3beb36,,1,175,7,-,HTML table 1; row 175; column 7,review_required
S027,217d731bacf8971f6d53204b7903227b632c869ba27bbe2e5b37e1874d3beb36,,1,175,8,·Environmental Review (PDF/48KB),HTML table 1; row 175; column 8,review_required
S027,217d731bacf8971f6d53204b7903227b632c869ba27bbe2e5b37e1874d3beb36,,1,175,9,-,HTML table 1; row 175; column 9,review_required
S027,217d731bacf8971f6d53204b7903227b632c869ba27bbe2e5b37e1874d3beb36,,1,176,1,India,HTML table 1; row 176; column 1,review_required
S027,217d731bacf8971f6d53204b7903227b632c869ba27bbe2e5b37e1874d3beb36,,1,176,2,Uttarakhand Urban Water Supply Project,HTML table 1; row 176; column 2,review_required
S027,217d731bacf8971f6d53204b7903227b632c869ba27bbe2e5b37e1874d3beb36,,1,176,3,L,HTML table 1; row 176; column 3,review_required
S027,217d731bacf8971f6d53204b7903227b632c869ba27bbe2e5b37e1874d3beb36,,1,176,4,2022,HTML table 1; row 176; column 4,review_required
S027,217d731bacf8971f6d53204b7903227b632c869ba27bbe2e5b37e1874d3beb36,,1,176,5,FI,HTML table 1; row 176; column 5,review_required
S027,217d731bacf8971f6d53204b7903227b632c869ba27bbe2e5b37e1874d3beb36,,1,176,6,-,HTML table 1; row 176; column 6,review_required
S027,217d731bacf8971f6d53204b7903227b632c869ba27bbe2e5b37e1874d3beb36,,1,176,7,-,HTML table 1; row 176; column 7,review_required
S027,217d731bacf8971f6d53204b7903227b632c869ba27bbe2e5b37e1874d3beb36,,1,176,8,-,HTML table 1; row 176; column 8,review_required
S027,217d731bacf8971f6d53204b7903227b632c869ba27bbe2e5b37e1874d3beb36,,1,176,9,-,HTML table 1; row 176; column 9,review_required
S027,217d731bacf8971f6d53204b7903227b632c869ba27bbe2e5b37e1874d3beb36,,1,177,1,India,HTML table 1; row 177; column 1,review_required
S027,217d731bacf8971f6d53204b7903227b632c869ba27bbe2e5b37e1874d3beb36,,1,177,2,Eco Restoration & Biodiversity Conservation Project of Telangana,HTML table 1; row 177; column 2,review_required
S027,217d731bacf8971f6d53204b7903227b632c869ba27bbe2e5b37e1874d3beb36,,1,177,3,L,HTML table 1; row 177; column 3,review_required
S027,217d731bacf8971f6d53204b7903227b632c869ba27bbe2e5b37e1874d3beb36,,1,177,4,2022,HTML table 1; row 177; column 4,review_required
S027,217d731bacf8971f6d53204b7903227b632c869ba27bbe2e5b37e1874d3beb36,,1,177,5,B,HTML table 1; row 177; column 5,review_required
S027,217d731bacf8971f6d53204b7903227b632c869ba27bbe2e5b37e1874d3beb36,,1,177,6,-,HTML table 1; row 177; column 6,review_required
S027,217d731bacf8971f6d53204b7903227b632c869ba27bbe2e5b37e1874d3beb36,,1,177,7,-,HTML table 1; row 177; column 7,review_required
S027,217d731bacf8971f6d53204b7903227b632c869ba27bbe2e5b37e1874d3beb36,,1,177,8,-,HTML table 1; row 177; column 8,review_required
S027,217d731bacf8971f6d53204b7903227b632c869ba27bbe2e5b37e1874d3beb36,,1,177,9,-,HTML table 1; row 177; column 9,review_required
S027,217d731bacf8971f6d53204b7903227b632c869ba27bbe2e5b37e1874d3beb36,,1,178,1,India,HTML table 1; row 178; column 1,review_required
S027,217d731bacf8971f6d53204b7903227b632c869ba27bbe2e5b37e1874d3beb36,,1,178,2,Delhi Mass Rapid Transport System Project (Phase 5A),HTML table 1; row 178; column 2,review_required
S027,217d731bacf8971f6d53204b7903227b632c869ba27bbe2e5b37e1874d3beb36,,1,178,3,L,HTML table 1; row 178; column 3,review_required
S027,217d731bacf8971f6d53204b7903227b632c869ba27bbe2e5b37e1874d3beb36,,1,178,4,2022,HTML table 1; row 178; column 4,review_required
S027,217d731bacf8971f6d53204b7903227b632c869ba27bbe2e5b37e1874d3beb36,,1,178,5,B,HTML table 1; row 178; column 5,review_required
S027,217d731bacf8971f6d53204b7903227b632c869ba27bbe2e5b37e1874d3beb36,,1,178,6,-,HTML table 1; row 178; column 6,review_required
S027,217d731bacf8971f6d53204b7903227b632c869ba27bbe2e5b37e1874d3beb36,,1,178,7,"·RAP (Sep.4, 2026) (PDF/2.12MB)",HTML table 1; row 178; column 7,review_required
S027,217d731bacf8971f6d53204b7903227b632c869ba27bbe2e5b37e1874d3beb36,,1,178,8,-,HTML table 1; row 178; column 8,review_required
S027,217d731bacf8971f6d53204b7903227b632c869ba27bbe2e5b37e1874d3beb36,,1,178,9,-,HTML table 1; row 178; column 9,review_required
S027,217d731bacf8971f6d53204b7903227b632c869ba27bbe2e5b37e1874d3beb36,,1,179,1,India,HTML table 1; row 179; column 1,review_required
S027,217d731bacf8971f6d53204b7903227b632c869ba27bbe2e5b37e1874d3beb36,,1,179,2,Bengaluru Water Supply Expansion Project,HTML table 1; row 179; column 2,review_required
S027,217d731bacf8971f6d53204b7903227b632c869ba27bbe2e5b37e1874d3beb36,,1,179,3,L,HTML table 1; row 179; column 3,review_required
S027,217d731bacf8971f6d53204b7903227b632c869ba27bbe2e5b37e1874d3beb36,,1,179,4,2022,HTML table 1; row 179; column 4,review_required
S027,217d731bacf8971f6d53204b7903227b632c869ba27bbe2e5b37e1874d3beb36,,1,179,5,B,HTML table 1; row 179; column 5,review_required
S027,217d731bacf8971f6d53204b7903227b632c869ba27bbe2e5b37e1874d3beb36,,1,179,6,-,HTML table 1; row 179; column 6,review_required
S027,217d731bacf8971f6d53204b7903227b632c869ba27bbe2e5b37e1874d3beb36,,1,179,7,-,HTML table 1; row 179; column 7,review_required
S027,217d731bacf8971f6d53204b7903227b632c869ba27bbe2e5b37e1874d3beb36,,1,179,8,-,HTML table 1; row 179; column 8,review_required
S027,217d731bacf8971f6d53204b7903227b632c869ba27bbe2e5b37e1874d3beb36,,1,179,9,-,HTML table 1; row 179; column 9,review_required
S027,217d731bacf8971f6d53204b7903227b632c869ba27bbe2e5b37e1874d3beb36,,1,180,1,India,HTML table 1; row 180; column 1,review_required
S027,217d731bacf8971f6d53204b7903227b632c869ba27bbe2e5b37e1874d3beb36,,1,180,2,Project for Climate Change Resilient Enterprise Growth Acceleration,HTML table 1; row 180; column 2,review_required
S027,217d731bacf8971f6d53204b7903227b632c869ba27bbe2e5b37e1874d3beb36,,1,180,3,L,HTML table 1; row 180; column 3,review_required
S027,217d731bacf8971f6d53204b7903227b632c869ba27bbe2e5b37e1874d3beb36,,1,180,4,2022,HTML table 1; row 180; column 4,review_required
S027,217d731bacf8971f6d53204b7903227b632c869ba27bbe2e5b37e1874d3beb36,,1,180,5,FI,HTML table 1; row 180; column 5,review_required
S027,217d731bacf8971f6d53204b7903227b632c869ba27bbe2e5b37e1874d3beb36,,1,180,6,-,HTML table 1; row 180; column 6,review_required
S027,217d731bacf8971f6d53204b7903227b632c869ba27bbe2e5b37e1874d3beb36,,1,180,7,-,HTML table 1; row 180; column 7,review_required
S027,217d731bacf8971f6d53204b7903227b632c869ba27bbe2e5b37e1874d3beb36,,1,180,8,-,HTML table 1; row 180; column 8,review_required
S027,217d731bacf8971f6d53204b7903227b632c869ba27bbe2e5b37e1874d3beb36,,1,180,9,-,HTML table 1; row 180; column 9,review_required
S027,217d731bacf8971f6d53204b7903227b632c869ba27bbe2e5b37e1874d3beb36,,1,181,1,India,HTML table 1; row 181; column 1,review_required
S027,217d731bacf8971f6d53204b7903227b632c869ba27bbe2e5b37e1874d3beb36,,1,181,2,Sikkim State Mountainous Road Connectivity Improvement Project,HTML table 1; row 181; column 2,review_required
S027,217d731bacf8971f6d53204b7903227b632c869ba27bbe2e5b37e1874d3beb36,,1,181,3,L,HTML table 1; row 181; column 3,review_required
S027,217d731bacf8971f6d53204b7903227b632c869ba27bbe2e5b37e1874d3beb36,,1,181,4,2022,HTML table 1; row 181; column 4,review_required
S027,217d731bacf8971f6d53204b7903227b632c869ba27bbe2e5b37e1874d3beb36,,1,181,5,A,HTML table 1; row 181; column 5,review_required
S027,217d731bacf8971f6d53204b7903227b632c869ba27bbe2e5b37e1874d3beb36,,1,181,6,-,HTML table 1; row 181; column 6,review_required
S027,217d731bacf8971f6d53204b7903227b632c869ba27bbe2e5b37e1874d3beb36,,1,181,7,-,HTML table 1; row 181; column 7,review_required
S027,217d731bacf8971f6d53204b7903227b632c869ba27bbe2e5b37e1874d3beb36,,1,181,8,-,HTML table 1; row 181; column 8,review_required
S027,217d731bacf8971f6d53204b7903227b632c869ba27bbe2e5b37e1874d3beb36,,1,181,9,-,HTML table 1; row 181; column 9,review_required
S027,217d731bacf8971f6d53204b7903227b632c869ba27bbe2e5b37e1874d3beb36,,1,182,1,India,HTML table 1; row 182; column 1,review_required
S027,217d731bacf8971f6d53204b7903227b632c869ba27bbe2e5b37e1874d3beb36,,1,182,2,Jharkhand Participatory Forestry and Capacity Building Project,HTML table 1; row 182; column 2,review_required
S027,217d731bacf8971f6d53204b7903227b632c869ba27bbe2e5b37e1874d3beb36,,1,182,3,L,HTML table 1; row 182; column 3,review_required
S027,217d731bacf8971f6d53204b7903227b632c869ba27bbe2e5b37e1874d3beb36,,1,182,4,2022,HTML table 1; row 182; column 4,review_required
S027,217d731bacf8971f6d53204b7903227b632c869ba27bbe2e5b37e1874d3beb36,,1,182,5,B,HTML table 1; row 182; column 5,review_required
S027,217d731bacf8971f6d53204b7903227b632c869ba27bbe2e5b37e1874d3beb36,,1,182,6,-,HTML table 1; row 182; column 6,review_required
S027,217d731bacf8971f6d53204b7903227b632c869ba27bbe2e5b37e1874d3beb36,,1,182,7,-,HTML table 1; row 182; column 7,review_required
S027,217d731bacf8971f6d53204b7903227b632c869ba27bbe2e5b37e1874d3beb36,,1,182,8,-,HTML table 1; row 182; column 8,review_required
S027,217d731bacf8971f6d53204b7903227b632c869ba27bbe2e5b37e1874d3beb36,,1,182,9,-,HTML table 1; row 182; column 9,review_required
S027,217d731bacf8971f6d53204b7903227b632c869ba27bbe2e5b37e1874d3beb36,,1,183,1,India,HTML table 1; row 183; column 1,review_required
S027,217d731bacf8971f6d53204b7903227b632c869ba27bbe2e5b37e1874d3beb36,,1,183,2,Project for Strengthening Health System in Himachal Pradesh,HTML table 1; row 183; column 2,review_required
S027,217d731bacf8971f6d53204b7903227b632c869ba27bbe2e5b37e1874d3beb36,,1,183,3,L,HTML table 1; row 183; column 3,review_required
S027,217d731bacf8971f6d53204b7903227b632c869ba27bbe2e5b37e1874d3beb36,,1,183,4,2022,HTML table 1; row 183; column 4,review_required
S027,217d731bacf8971f6d53204b7903227b632c869ba27bbe2e5b37e1874d3beb36,,1,183,5,B,HTML table 1; row 183; column 5,review_required
S027,217d731bacf8971f6d53204b7903227b632c869ba27bbe2e5b37e1874d3beb36,,1,183,6,-,HTML table 1; row 183; column 6,review_required
S027,217d731bacf8971f6d53204b7903227b632c869ba27bbe2e5b37e1874d3beb36,,1,183,7,-,HTML table 1; row 183; column 7,review_required
S027,217d731bacf8971f6d53204b7903227b632c869ba27bbe2e5b37e1874d3beb36,,1,183,8,-,HTML table 1; row 183; column 8,review_required
S027,217d731bacf8971f6d53204b7903227b632c869ba27bbe2e5b37e1874d3beb36,,1,183,9,-,HTML table 1; row 183; column 9,review_required
S027,217d731bacf8971f6d53204b7903227b632c869ba27bbe2e5b37e1874d3beb36,,1,184,1,India,HTML table 1; row 184; column 1,review_required
S027,217d731bacf8971f6d53204b7903227b632c869ba27bbe2e5b37e1874d3beb36,,1,184,2,"Project for Strengthening Tertiary Healthcare Delivery, Medical Education System and Nursing Education System in Maharashtra (I)",HTML table 1; row 184; column 2,review_required
S027,217d731bacf8971f6d53204b7903227b632c869ba27bbe2e5b37e1874d3beb36,,1,184,3,L,HTML table 1; row 184; column 3,review_required
S027,217d731bacf8971f6d53204b7903227b632c869ba27bbe2e5b37e1874d3beb36,,1,184,4,2022,HTML table 1; row 184; column 4,review_required
S027,217d731bacf8971f6d53204b7903227b632c869ba27bbe2e5b37e1874d3beb36,,1,184,5,B,HTML table 1; row 184; column 5,review_required
S027,217d731bacf8971f6d53204b7903227b632c869ba27bbe2e5b37e1874d3beb36,,1,184,6,-,HTML table 1; row 184; column 6,review_required
S027,217d731bacf8971f6d53204b7903227b632c869ba27bbe2e5b37e1874d3beb36,,1,184,7,-,HTML table 1; row 184; column 7,review_required
S027,217d731bacf8971f6d53204b7903227b632c869ba27bbe2e5b37e1874d3beb36,,1,184,8,·Environmental Review (English) (PDF/449KB) ·Environmental Review (Japanese) (PDF/444KB),HTML table 1; row 184; column 8,review_required
S027,217d731bacf8971f6d53204b7903227b632c869ba27bbe2e5b37e1874d3beb36,,1,184,9,-,HTML table 1; row 184; column 9,review_required
S027,217d731bacf8971f6d53204b7903227b632c869ba27bbe2e5b37e1874d3beb36,,1,185,1,India,HTML table 1; row 185; column 1,review_required
S027,217d731bacf8971f6d53204b7903227b632c869ba27bbe2e5b37e1874d3beb36,,1,185,2,Hogenakkal Water Supply and Fluorosis Mitigation Project（Phase 3）,HTML table 1; row 185; column 2,review_required
S027,217d731bacf8971f6d53204b7903227b632c869ba27bbe2e5b37e1874d3beb36,,1,185,3,L,HTML table 1; row 185; column 3,review_required
S027,217d731bacf8971f6d53204b7903227b632c869ba27bbe2e5b37e1874d3beb36,,1,185,4,2022,HTML table 1; row 185; column 4,review_required
S027,217d731bacf8971f6d53204b7903227b632c869ba27bbe2e5b37e1874d3beb36,,1,185,5,B,HTML table 1; row 185; column 5,review_required
S027,217d731bacf8971f6d53204b7903227b632c869ba27bbe2e5b37e1874d3beb36,,1,185,6,-,HTML table 1; row 185; column 6,review_required
S027,217d731bacf8971f6d53204b7903227b632c869ba27bbe2e5b37e1874d3beb36,,1,185,7,·EIA(Jul.24_2025) (PDF/51.7MB),HTML table 1; row 185; column 7,review_required
S027,217d731bacf8971f6d53204b7903227b632c869ba27bbe2e5b37e1874d3beb36,,1,185,8,-,HTML table 1; row 185; column 8,review_required
S027,217d731bacf8971f6d53204b7903227b632c869ba27bbe2e5b37e1874d3beb36,,1,185,9,-,HTML table 1; row 185; column 9,review_required
S027,217d731bacf8971f6d53204b7903227b632c869ba27bbe2e5b37e1874d3beb36,,1,186,1,India,HTML table 1; row 186; column 1,review_required
S027,217d731bacf8971f6d53204b7903227b632c869ba27bbe2e5b37e1874d3beb36,,1,186,2,Assam State Aquaculture Promotion and Livelihood Improvement Project,HTML table 1; row 186; column 2,review_required
S027,217d731bacf8971f6d53204b7903227b632c869ba27bbe2e5b37e1874d3beb36,,1,186,3,L,HTML table 1; row 186; column 3,review_required
S027,217d731bacf8971f6d53204b7903227b632c869ba27bbe2e5b37e1874d3beb36,,1,186,4,2022,HTML table 1; row 186; column 4,review_required
S027,217d731bacf8971f6d53204b7903227b632c869ba27bbe2e5b37e1874d3beb36,,1,186,5,FI,HTML table 1; row 186; column 5,review_required
S027,217d731bacf8971f6d53204b7903227b632c869ba27bbe2e5b37e1874d3beb36,,1,186,6,-,HTML table 1; row 186; column 6,review_required
S027,217d731bacf8971f6d53204b7903227b632c869ba27bbe2e5b37e1874d3beb36,,1,186,7,-,HTML table 1; row 186; column 7,review_required
S027,217d731bacf8971f6d53204b7903227b632c869ba27bbe2e5b37e1874d3beb36,,1,186,8,-,HTML table 1; row 186; column 8,review_required
S027,217d731bacf8971f6d53204b7903227b632c869ba27bbe2e5b37e1874d3beb36,,1,186,9,-,HTML table 1; row 186; column 9,review_required
S027,217d731bacf8971f6d53204b7903227b632c869ba27bbe2e5b37e1874d3beb36,,1,187,1,India,HTML table 1; row 187; column 1,review_required
S027,217d731bacf8971f6d53204b7903227b632c869ba27bbe2e5b37e1874d3beb36,,1,187,2,Project for Station Area Development along Mumbai-Ahmedabad High Speed Rail Project,HTML table 1; row 187; column 2,review_required
S027,217d731bacf8971f6d53204b7903227b632c869ba27bbe2e5b37e1874d3beb36,,1,187,3,TCP,HTML table 1; row 187; column 3,review_required
S027,217d731bacf8971f6d53204b7903227b632c869ba27bbe2e5b37e1874d3beb36,,1,187,4,2010,HTML table 1; row 187; column 4,review_required
S027,217d731bacf8971f6d53204b7903227b632c869ba27bbe2e5b37e1874d3beb36,,1,187,5,B,HTML table 1; row 187; column 5,review_required
S027,217d731bacf8971f6d53204b7903227b632c869ba27bbe2e5b37e1874d3beb36,,1,187,6,-,HTML table 1; row 187; column 6,review_required
S027,217d731bacf8971f6d53204b7903227b632c869ba27bbe2e5b37e1874d3beb36,,1,187,7,-,HTML table 1; row 187; column 7,review_required
S027,217d731bacf8971f6d53204b7903227b632c869ba27bbe2e5b37e1874d3beb36,,1,187,8,·Environmental Review,HTML table 1; row 187; column 8,review_required
S027,217d731bacf8971f6d53204b7903227b632c869ba27bbe2e5b37e1874d3beb36,,1,187,9,-,HTML table 1; row 187; column 9,review_required
S027,217d731bacf8971f6d53204b7903227b632c869ba27bbe2e5b37e1874d3beb36,,1,188,1,India,HTML table 1; row 188; column 1,review_required
S027,217d731bacf8971f6d53204b7903227b632c869ba27bbe2e5b37e1874d3beb36,,1,188,2,Project for Climate Change Response and Ecosystem Services Enhancement in Rajasthan,HTML table 1; row 188; column 2,review_required
S027,217d731bacf8971f6d53204b7903227b632c869ba27bbe2e5b37e1874d3beb36,,1,188,3,L,HTML table 1; row 188; column 3,review_required
S027,217d731bacf8971f6d53204b7903227b632c869ba27bbe2e5b37e1874d3beb36,,1,188,4,2010,HTML table 1; row 188; column 4,review_required
S027,217d731bacf8971f6d53204b7903227b632c869ba27bbe2e5b37e1874d3beb36,,1,188,5,FI,HTML table 1; row 188; column 5,review_required
S027,217d731bacf8971f6d53204b7903227b632c869ba27bbe2e5b37e1874d3beb36,,1,188,6,-,HTML table 1; row 188; column 6,review_required
S027,217d731bacf8971f6d53204b7903227b632c869ba27bbe2e5b37e1874d3beb36,,1,188,7,-,HTML table 1; row 188; column 7,review_required
S027,217d731bacf8971f6d53204b7903227b632c869ba27bbe2e5b37e1874d3beb36,,1,188,8,·Result of Review (PDF/438KB),HTML table 1; row 188; column 8,review_required
S027,217d731bacf8971f6d53204b7903227b632c869ba27bbe2e5b37e1874d3beb36,,1,188,9,-,HTML table 1; row 188; column 9,review_required
S027,217d731bacf8971f6d53204b7903227b632c869ba27bbe2e5b37e1874d3beb36,,1,189,1,India,HTML table 1; row 189; column 1,review_required
S027,217d731bacf8971f6d53204b7903227b632c869ba27bbe2e5b37e1874d3beb36,,1,189,2,Bengaluru Metro Rail Project（Phase3）（I）,HTML table 1; row 189; column 2,review_required
S027,217d731bacf8971f6d53204b7903227b632c869ba27bbe2e5b37e1874d3beb36,,1,189,3,L,HTML table 1; row 189; column 3,review_required
S027,217d731bacf8971f6d53204b7903227b632c869ba27bbe2e5b37e1874d3beb36,,1,189,4,2022,HTML table 1; row 189; column 4,review_required
S027,217d731bacf8971f6d53204b7903227b632c869ba27bbe2e5b37e1874d3beb36,,1,189,5,A,HTML table 1; row 189; column 5,review_required
S027,217d731bacf8971f6d53204b7903227b632c869ba27bbe2e5b37e1874d3beb36,,1,189,6,-,HTML table 1; row 189; column 6,review_required
S027,217d731bacf8971f6d53204b7903227b632c869ba27bbe2e5b37e1874d3beb36,,1,189,7,"·EIA (Nov.21, 2025) (PDF/25.5MB) ·EPC (Jan.29, 2026) (PDF/56.0KB) ·RAP (Jan.29, 2026) (PDF/13.5MB) ·Approval Letter (Jan.29, 2026) (PDF/176KB) ·GESIAP (Jan.29, 2026) (PDF/2.75MB)",HTML table 1; row 189; column 7,review_required
S027,217d731bacf8971f6d53204b7903227b632c869ba27bbe2e5b37e1874d3beb36,,1,189,8,·Environmental Review (English) (PDF/496KB) ·Environmental Review (Japanese) (PDF/614KB),HTML table 1; row 189; column 8,review_required
S027,217d731bacf8971f6d53204b7903227b632c869ba27bbe2e5b37e1874d3beb36,,1,189,9,-,HTML table 1; row 189; column 9,review_required
S027,217d731bacf8971f6d53204b7903227b632c869ba27bbe2e5b37e1874d3beb36,,1,190,1,India,HTML table 1; row 190; column 1,review_required
S027,217d731bacf8971f6d53204b7903227b632c869ba27bbe2e5b37e1874d3beb36,,1,190,2,Project for Developing a Roadmap towards Low-Carbonization/Decarbonization of the Electric Power Sector,HTML table 1; row 190; column 2,review_required
S027,217d731bacf8971f6d53204b7903227b632c869ba27bbe2e5b37e1874d3beb36,,1,190,3,TCDP,HTML table 1; row 190; column 3,review_required
S027,217d731bacf8971f6d53204b7903227b632c869ba27bbe2e5b37e1874d3beb36,,1,190,4,2022,HTML table 1; row 190; column 4,review_required
S027,217d731bacf8971f6d53204b7903227b632c869ba27bbe2e5b37e1874d3beb36,,1,190,5,B,HTML table 1; row 190; column 5,review_required
S027,217d731bacf8971f6d53204b7903227b632c869ba27bbe2e5b37e1874d3beb36,,1,190,6,-,HTML table 1; row 190; column 6,review_required
S027,217d731bacf8971f6d53204b7903227b632c869ba27bbe2e5b37e1874d3beb36,,1,190,7,-,HTML table 1; row 190; column 7,review_required
S027,217d731bacf8971f6d53204b7903227b632c869ba27bbe2e5b37e1874d3beb36,,1,190,8,-,HTML table 1; row 190; column 8,review_required
S027,217d731bacf8971f6d53204b7903227b632c869ba27bbe2e5b37e1874d3beb36,,1,190,9,-,HTML table 1; row 190; column 9,review_required
S027,217d731bacf8971f6d53204b7903227b632c869ba27bbe2e5b37e1874d3beb36,,1,191,1,India,HTML table 1; row 191; column 1,review_required
S027,217d731bacf8971f6d53204b7903227b632c869ba27bbe2e5b37e1874d3beb36,,1,191,2,Delhi Mass Rapid Transport System Project (Phase 4 Additional Corridors),HTML table 1; row 191; column 2,review_required
S027,217d731bacf8971f6d53204b7903227b632c869ba27bbe2e5b37e1874d3beb36,,1,191,3,L,HTML table 1; row 191; column 3,review_required
S027,217d731bacf8971f6d53204b7903227b632c869ba27bbe2e5b37e1874d3beb36,,1,191,4,2022,HTML table 1; row 191; column 4,review_required
S027,217d731bacf8971f6d53204b7903227b632c869ba27bbe2e5b37e1874d3beb36,,1,191,5,A,HTML table 1; row 191; column 5,review_required
S027,217d731bacf8971f6d53204b7903227b632c869ba27bbe2e5b37e1874d3beb36,,1,191,6,-,HTML table 1; row 191; column 6,review_required
S027,217d731bacf8971f6d53204b7903227b632c869ba27bbe2e5b37e1874d3beb36,,1,191,7,·AuthorizationbyDMRC (PDF/235KB) ·EIA(Nov.26_2024) (PDF/15.2MB) ·EIA Annexures(Nov.26_2024) (PDF/40.4MB) ·SIA(Nov.26_2024) (PDF/9.1MB),HTML table 1; row 191; column 7,review_required
S027,217d731bacf8971f6d53204b7903227b632c869ba27bbe2e5b37e1874d3beb36,,1,191,8,-,HTML table 1; row 191; column 8,review_required
S027,217d731bacf8971f6d53204b7903227b632c869ba27bbe2e5b37e1874d3beb36,,1,191,9,-,HTML table 1; row 191; column 9,review_required
S027,217d731bacf8971f6d53204b7903227b632c869ba27bbe2e5b37e1874d3beb36,,1,192,1,Maldives,HTML table 1; row 192; column 1,review_required
S027,217d731bacf8971f6d53204b7903227b632c869ba27bbe2e5b37e1874d3beb36,,1,192,2,Feasibility Survey for Solid Waste Disposal System with Thermal Decomposition Furnace,HTML table 1; row 192; column 2,review_required
S027,217d731bacf8971f6d53204b7903227b632c869ba27bbe2e5b37e1874d3beb36,,1,192,3,SDGs-SS,HTML table 1; row 192; column 3,review_required
S027,217d731bacf8971f6d53204b7903227b632c869ba27bbe2e5b37e1874d3beb36,,1,192,4,2010,HTML table 1; row 192; column 4,review_required
S027,217d731bacf8971f6d53204b7903227b632c869ba27bbe2e5b37e1874d3beb36,,1,192,5,B,HTML table 1; row 192; column 5,review_required
S027,217d731bacf8971f6d53204b7903227b632c869ba27bbe2e5b37e1874d3beb36,,1,192,6,·final report in japanese,HTML table 1; row 192; column 6,review_required
S027,217d731bacf8971f6d53204b7903227b632c869ba27bbe2e5b37e1874d3beb36,,1,192,7,-,HTML table 1; row 192; column 7,review_required
S027,217d731bacf8971f6d53204b7903227b632c869ba27bbe2e5b37e1874d3beb36,,1,192,8,-,HTML table 1; row 192; column 8,review_required
S027,217d731bacf8971f6d53204b7903227b632c869ba27bbe2e5b37e1874d3beb36,,1,192,9,-,HTML table 1; row 192; column 9,review_required
S027,217d731bacf8971f6d53204b7903227b632c869ba27bbe2e5b37e1874d3beb36,,1,193,1,Maldives,HTML table 1; row 193; column 1,review_required
S027,217d731bacf8971f6d53204b7903227b632c869ba27bbe2e5b37e1874d3beb36,,1,193,2,The Project for Building Climate Resilient Safer Islands in the Maldives,HTML table 1; row 193; column 2,review_required
S027,217d731bacf8971f6d53204b7903227b632c869ba27bbe2e5b37e1874d3beb36,,1,193,3,TCP,HTML table 1; row 193; column 3,review_required
S027,217d731bacf8971f6d53204b7903227b632c869ba27bbe2e5b37e1874d3beb36,,1,193,4,2010,HTML table 1; row 193; column 4,review_required
S027,217d731bacf8971f6d53204b7903227b632c869ba27bbe2e5b37e1874d3beb36,,1,193,5,B,HTML table 1; row 193; column 5,review_required
S027,217d731bacf8971f6d53204b7903227b632c869ba27bbe2e5b37e1874d3beb36,,1,193,6,"·DETAILED PLANNING SURVEY REPORT_Ch1-5(Jan, 2023) (PDF/22.4MB) ·DETAILED PLANNING SURVEY REPORT_Ch 6-10(Jan, 2023) (PDF/5.45MB)",HTML table 1; row 193; column 6,review_required
S027,217d731bacf8971f6d53204b7903227b632c869ba27bbe2e5b37e1874d3beb36,,1,193,7,-,HTML table 1; row 193; column 7,review_required
S027,217d731bacf8971f6d53204b7903227b632c869ba27bbe2e5b37e1874d3beb36,,1,193,8,·Environmental Review (in Japanese)(PDF/0.39MB),HTML table 1; row 193; column 8,review_required
S027,217d731bacf8971f6d53204b7903227b632c869ba27bbe2e5b37e1874d3beb36,,1,193,9,-,HTML table 1; row 193; column 9,review_required
S027,217d731bacf8971f6d53204b7903227b632c869ba27bbe2e5b37e1874d3beb36,,1,194,1,Maldives,HTML table 1; row 194; column 1,review_required
S027,217d731bacf8971f6d53204b7903227b632c869ba27bbe2e5b37e1874d3beb36,,1,194,2,Project for the Formulation of Master Plan for Sustainable Fisheries,HTML table 1; row 194; column 2,review_required
S027,217d731bacf8971f6d53204b7903227b632c869ba27bbe2e5b37e1874d3beb36,,1,194,3,TCDP,HTML table 1; row 194; column 3,review_required
S027,217d731bacf8971f6d53204b7903227b632c869ba27bbe2e5b37e1874d3beb36,,1,194,4,2010,HTML table 1; row 194; column 4,review_required
S027,217d731bacf8971f6d53204b7903227b632c869ba27bbe2e5b37e1874d3beb36,,1,194,5,B,HTML table 1; row 194; column 5,review_required
S027,217d731bacf8971f6d53204b7903227b632c869ba27bbe2e5b37e1874d3beb36,,1,194,6,·R/D (PDF/348KB) ·ESC in Detailed Planning Survey (PDF/665KB),HTML table 1; row 194; column 6,review_required
S027,217d731bacf8971f6d53204b7903227b632c869ba27bbe2e5b37e1874d3beb36,,1,194,7,-,HTML table 1; row 194; column 7,review_required
S027,217d731bacf8971f6d53204b7903227b632c869ba27bbe2e5b37e1874d3beb36,,1,194,8,-,HTML table 1; row 194; column 8,review_required
S027,217d731bacf8971f6d53204b7903227b632c869ba27bbe2e5b37e1874d3beb36,,1,194,9,-,HTML table 1; row 194; column 9,review_required
S027,217d731bacf8971f6d53204b7903227b632c869ba27bbe2e5b37e1874d3beb36,,1,195,1,Maldives,HTML table 1; row 195; column 1,review_required
S027,217d731bacf8971f6d53204b7903227b632c869ba27bbe2e5b37e1874d3beb36,,1,195,2,COVID-19 Crisis Response Emergency Support Loan,HTML table 1; row 195; column 2,review_required
S027,217d731bacf8971f6d53204b7903227b632c869ba27bbe2e5b37e1874d3beb36,,1,195,3,L,HTML table 1; row 195; column 3,review_required
S027,217d731bacf8971f6d53204b7903227b632c869ba27bbe2e5b37e1874d3beb36,,1,195,4,2010,HTML table 1; row 195; column 4,review_required
S027,217d731bacf8971f6d53204b7903227b632c869ba27bbe2e5b37e1874d3beb36,,1,195,5,B,HTML table 1; row 195; column 5,review_required
S027,217d731bacf8971f6d53204b7903227b632c869ba27bbe2e5b37e1874d3beb36,,1,195,6,-,HTML table 1; row 195; column 6,review_required
S027,217d731bacf8971f6d53204b7903227b632c869ba27bbe2e5b37e1874d3beb36,,1,195,7,-,HTML table 1; row 195; column 7,review_required
S027,217d731bacf8971f6d53204b7903227b632c869ba27bbe2e5b37e1874d3beb36,,1,195,8,-,HTML table 1; row 195; column 8,review_required
S027,217d731bacf8971f6d53204b7903227b632c869ba27bbe2e5b37e1874d3beb36,,1,195,9,-,HTML table 1; row 195; column 9,review_required
S027,217d731bacf8971f6d53204b7903227b632c869ba27bbe2e5b37e1874d3beb36,,1,196,1,Maldives,HTML table 1; row 196; column 1,review_required
S027,217d731bacf8971f6d53204b7903227b632c869ba27bbe2e5b37e1874d3beb36,,1,196,2,Digital Terrestrial Television Broadcasting Network Development Project,HTML table 1; row 196; column 2,review_required
S027,217d731bacf8971f6d53204b7903227b632c869ba27bbe2e5b37e1874d3beb36,,1,196,3,GA,HTML table 1; row 196; column 3,review_required
S027,217d731bacf8971f6d53204b7903227b632c869ba27bbe2e5b37e1874d3beb36,,1,196,4,2010,HTML table 1; row 196; column 4,review_required
S027,217d731bacf8971f6d53204b7903227b632c869ba27bbe2e5b37e1874d3beb36,,1,196,5,B,HTML table 1; row 196; column 5,review_required
S027,217d731bacf8971f6d53204b7903227b632c869ba27bbe2e5b37e1874d3beb36,,1,196,6,-,HTML table 1; row 196; column 6,review_required
S027,217d731bacf8971f6d53204b7903227b632c869ba27bbe2e5b37e1874d3beb36,,1,196,7,-,HTML table 1; row 196; column 7,review_required
S027,217d731bacf8971f6d53204b7903227b632c869ba27bbe2e5b37e1874d3beb36,,1,196,8,-,HTML table 1; row 196; column 8,review_required
S027,217d731bacf8971f6d53204b7903227b632c869ba27bbe2e5b37e1874d3beb36,,1,196,9,-,HTML table 1; row 196; column 9,review_required
S027,217d731bacf8971f6d53204b7903227b632c869ba27bbe2e5b37e1874d3beb36,,1,197,1,Maldives,HTML table 1; row 197; column 1,review_required
S027,217d731bacf8971f6d53204b7903227b632c869ba27bbe2e5b37e1874d3beb36,,1,197,2,The Project for Disaster Resilience Enhancement in the Malé Island,HTML table 1; row 197; column 2,review_required
S027,217d731bacf8971f6d53204b7903227b632c869ba27bbe2e5b37e1874d3beb36,,1,197,3,GA,HTML table 1; row 197; column 3,review_required
S027,217d731bacf8971f6d53204b7903227b632c869ba27bbe2e5b37e1874d3beb36,,1,197,4,2022,HTML table 1; row 197; column 4,review_required
S027,217d731bacf8971f6d53204b7903227b632c869ba27bbe2e5b37e1874d3beb36,,1,197,5,B,HTML table 1; row 197; column 5,review_required
S027,217d731bacf8971f6d53204b7903227b632c869ba27bbe2e5b37e1874d3beb36,,1,197,6,-,HTML table 1; row 197; column 6,review_required
S027,217d731bacf8971f6d53204b7903227b632c869ba27bbe2e5b37e1874d3beb36,,1,197,7,"·EIA (Nov.20, 2025) (PDF/125.2MB) ·EPC (Nov.20, 2025) (PDF/856KB)",HTML table 1; row 197; column 7,review_required
S027,217d731bacf8971f6d53204b7903227b632c869ba27bbe2e5b37e1874d3beb36,,1,197,8,·Environmental Review (Japanese) (PDF/550KB),HTML table 1; row 197; column 8,review_required
S027,217d731bacf8971f6d53204b7903227b632c869ba27bbe2e5b37e1874d3beb36,,1,197,9,-,HTML table 1; row 197; column 9,review_required
S027,217d731bacf8971f6d53204b7903227b632c869ba27bbe2e5b37e1874d3beb36,,1,198,1,Maldives,HTML table 1; row 198; column 1,review_required
S027,217d731bacf8971f6d53204b7903227b632c869ba27bbe2e5b37e1874d3beb36,,1,198,2,Building Climate Resilient Safer Islands in the Maldives,HTML table 1; row 198; column 2,review_required
S027,217d731bacf8971f6d53204b7903227b632c869ba27bbe2e5b37e1874d3beb36,,1,198,3,O,HTML table 1; row 198; column 3,review_required
S027,217d731bacf8971f6d53204b7903227b632c869ba27bbe2e5b37e1874d3beb36,,1,198,4,2010,HTML table 1; row 198; column 4,review_required
S027,217d731bacf8971f6d53204b7903227b632c869ba27bbe2e5b37e1874d3beb36,,1,198,5,B,HTML table 1; row 198; column 5,review_required
S027,217d731bacf8971f6d53204b7903227b632c869ba27bbe2e5b37e1874d3beb36,,1,198,6,"·Environmental and Social Management Framework (PDF/2.26MB) ·Stakeholder Engagement Plan (PDF/824KB) ·DETAILED PLANNING SURVEY REPORT_Ch1-5 (Jan, 2023) (PDF/22.4MB) ·DETAILED PLANNING SURVEY REPORT_Ch 6-10 (Jan, 2023) (PDF/5.45MB)",HTML table 1; row 198; column 6,review_required
S027,217d731bacf8971f6d53204b7903227b632c869ba27bbe2e5b37e1874d3beb36,,1,198,7,-,HTML table 1; row 198; column 7,review_required
S027,217d731bacf8971f6d53204b7903227b632c869ba27bbe2e5b37e1874d3beb36,,1,198,8,·Environmental Review (in Japanese) (PDF/283KB),HTML table 1; row 198; column 8,review_required
S027,217d731bacf8971f6d53204b7903227b632c869ba27bbe2e5b37e1874d3beb36,,1,198,9,-,HTML table 1; row 198; column 9,review_required
S027,217d731bacf8971f6d53204b7903227b632c869ba27bbe2e5b37e1874d3beb36,,1,199,1,Maldives,HTML table 1; row 199; column 1,review_required
S027,217d731bacf8971f6d53204b7903227b632c869ba27bbe2e5b37e1874d3beb36,,1,199,2,Tourism Sector Support Project,HTML table 1; row 199; column 2,review_required
S027,217d731bacf8971f6d53204b7903227b632c869ba27bbe2e5b37e1874d3beb36,,1,199,3,L,HTML table 1; row 199; column 3,review_required
S027,217d731bacf8971f6d53204b7903227b632c869ba27bbe2e5b37e1874d3beb36,,1,199,4,2010,HTML table 1; row 199; column 4,review_required
S027,217d731bacf8971f6d53204b7903227b632c869ba27bbe2e5b37e1874d3beb36,,1,199,5,FI,HTML table 1; row 199; column 5,review_required
S027,217d731bacf8971f6d53204b7903227b632c869ba27bbe2e5b37e1874d3beb36,,1,199,6,-,HTML table 1; row 199; column 6,review_required
S027,217d731bacf8971f6d53204b7903227b632c869ba27bbe2e5b37e1874d3beb36,,1,199,7,-,HTML table 1; row 199; column 7,review_required
S027,217d731bacf8971f6d53204b7903227b632c869ba27bbe2e5b37e1874d3beb36,,1,199,8,·Environmental Review (English)（PDF/167 KB） ·Environmental Review (Japanese)（PDF/254 KB）,HTML table 1; row 199; column 8,review_required
S027,217d731bacf8971f6d53204b7903227b632c869ba27bbe2e5b37e1874d3beb36,,1,199,9,-,HTML table 1; row 199; column 9,review_required
S027,217d731bacf8971f6d53204b7903227b632c869ba27bbe2e5b37e1874d3beb36,,1,200,1,Maldives,HTML table 1; row 200; column 1,review_required
S027,217d731bacf8971f6d53204b7903227b632c869ba27bbe2e5b37e1874d3beb36,,1,200,2,Preparatory Survey for the Project for the Improvement of Public Ferry Service,HTML table 1; row 200; column 2,review_required
S027,217d731bacf8971f6d53204b7903227b632c869ba27bbe2e5b37e1874d3beb36,,1,200,3,GA,HTML table 1; row 200; column 3,review_required
S027,217d731bacf8971f6d53204b7903227b632c869ba27bbe2e5b37e1874d3beb36,,1,200,4,2022,HTML table 1; row 200; column 4,review_required
S027,217d731bacf8971f6d53204b7903227b632c869ba27bbe2e5b37e1874d3beb36,,1,200,5,B,HTML table 1; row 200; column 5,review_required
S027,217d731bacf8971f6d53204b7903227b632c869ba27bbe2e5b37e1874d3beb36,,1,200,6,-,HTML table 1; row 200; column 6,review_required
S027,217d731bacf8971f6d53204b7903227b632c869ba27bbe2e5b37e1874d3beb36,,1,200,7,-,HTML table 1; row 200; column 7,review_required
S027,217d731bacf8971f6d53204b7903227b632c869ba27bbe2e5b37e1874d3beb36,,1,200,8,-,HTML table 1; row 200; column 8,review_required
S027,217d731bacf8971f6d53204b7903227b632c869ba27bbe2e5b37e1874d3beb36,,1,200,9,-,HTML table 1; row 200; column 9,review_required
S027,217d731bacf8971f6d53204b7903227b632c869ba27bbe2e5b37e1874d3beb36,,1,201,1,Nepal,HTML table 1; row 201; column 1,review_required
S027,217d731bacf8971f6d53204b7903227b632c869ba27bbe2e5b37e1874d3beb36,,1,201,2,Project for Capacity Development on Flood Control for Disaster Risk Reduction in Sunsari and Morang Districts,HTML table 1; row 201; column 2,review_required
S027,217d731bacf8971f6d53204b7903227b632c869ba27bbe2e5b37e1874d3beb36,,1,201,3,TCP,HTML table 1; row 201; column 3,review_required
S027,217d731bacf8971f6d53204b7903227b632c869ba27bbe2e5b37e1874d3beb36,,1,201,4,2010,HTML table 1; row 201; column 4,review_required
S027,217d731bacf8971f6d53204b7903227b632c869ba27bbe2e5b37e1874d3beb36,,1,201,5,B,HTML table 1; row 201; column 5,review_required
S027,217d731bacf8971f6d53204b7903227b632c869ba27bbe2e5b37e1874d3beb36,,1,201,6,"·Environmental and Social Considerations(July 28, 2023) (PDF/2.71MB)",HTML table 1; row 201; column 6,review_required
S027,217d731bacf8971f6d53204b7903227b632c869ba27bbe2e5b37e1874d3beb36,,1,201,7,-,HTML table 1; row 201; column 7,review_required
S027,217d731bacf8971f6d53204b7903227b632c869ba27bbe2e5b37e1874d3beb36,,1,201,8,-,HTML table 1; row 201; column 8,review_required
S027,217d731bacf8971f6d53204b7903227b632c869ba27bbe2e5b37e1874d3beb36,,1,201,9,-,HTML table 1; row 201; column 9,review_required
S027,217d731bacf8971f6d53204b7903227b632c869ba27bbe2e5b37e1874d3beb36,,1,202,1,Nepal,HTML table 1; row 202; column 1,review_required
S027,217d731bacf8971f6d53204b7903227b632c869ba27bbe2e5b37e1874d3beb36,,1,202,2,Project for the Improvement of Suryabinayak−Dhulikhel Road,HTML table 1; row 202; column 2,review_required
S027,217d731bacf8971f6d53204b7903227b632c869ba27bbe2e5b37e1874d3beb36,,1,202,3,L,HTML table 1; row 202; column 3,review_required
S027,217d731bacf8971f6d53204b7903227b632c869ba27bbe2e5b37e1874d3beb36,,1,202,4,2010,HTML table 1; row 202; column 4,review_required
S027,217d731bacf8971f6d53204b7903227b632c869ba27bbe2e5b37e1874d3beb36,,1,202,5,A,HTML table 1; row 202; column 5,review_required
S027,217d731bacf8971f6d53204b7903227b632c869ba27bbe2e5b37e1874d3beb36,,1,202,6,"·Preparatory Survey (October. 19, 2018)(PDF/34.8 MB)",HTML table 1; row 202; column 6,review_required
S027,217d731bacf8971f6d53204b7903227b632c869ba27bbe2e5b37e1874d3beb36,,1,202,7,"·EIA(October. 19, 2018) (PDF/51.2MB) ·EPC(October. 19, 2018) (PDF/444KB) ·RAP(Nov. 20, 2018) (PDF/3.41MB)",HTML table 1; row 202; column 7,review_required
S027,217d731bacf8971f6d53204b7903227b632c869ba27bbe2e5b37e1874d3beb36,,1,202,8,-,HTML table 1; row 202; column 8,review_required
S027,217d731bacf8971f6d53204b7903227b632c869ba27bbe2e5b37e1874d3beb36,,1,202,9,-,HTML table 1; row 202; column 9,review_required
S027,217d731bacf8971f6d53204b7903227b632c869ba27bbe2e5b37e1874d3beb36,,1,203,1,Nepal,HTML table 1; row 203; column 1,review_required
S027,217d731bacf8971f6d53204b7903227b632c869ba27bbe2e5b37e1874d3beb36,,1,203,2,Feasibility Survey for Mitsumata Production in Nepal,HTML table 1; row 203; column 2,review_required
S027,217d731bacf8971f6d53204b7903227b632c869ba27bbe2e5b37e1874d3beb36,,1,203,3,SDGs-SS,HTML table 1; row 203; column 3,review_required
S027,217d731bacf8971f6d53204b7903227b632c869ba27bbe2e5b37e1874d3beb36,,1,203,4,2010,HTML table 1; row 203; column 4,review_required
S027,217d731bacf8971f6d53204b7903227b632c869ba27bbe2e5b37e1874d3beb36,,1,203,5,B,HTML table 1; row 203; column 5,review_required
S027,217d731bacf8971f6d53204b7903227b632c869ba27bbe2e5b37e1874d3beb36,,1,203,6,·final report in japanese,HTML table 1; row 203; column 6,review_required
S027,217d731bacf8971f6d53204b7903227b632c869ba27bbe2e5b37e1874d3beb36,,1,203,7,-,HTML table 1; row 203; column 7,review_required
S027,217d731bacf8971f6d53204b7903227b632c869ba27bbe2e5b37e1874d3beb36,,1,203,8,-,HTML table 1; row 203; column 8,review_required
S027,217d731bacf8971f6d53204b7903227b632c869ba27bbe2e5b37e1874d3beb36,,1,203,9,-,HTML table 1; row 203; column 9,review_required
S027,217d731bacf8971f6d53204b7903227b632c869ba27bbe2e5b37e1874d3beb36,,1,204,1,Nepal,HTML table 1; row 204; column 1,review_required
S027,217d731bacf8971f6d53204b7903227b632c869ba27bbe2e5b37e1874d3beb36,,1,204,2,Terai River Basin Flood Risk Management Project,HTML table 1; row 204; column 2,review_required
S027,217d731bacf8971f6d53204b7903227b632c869ba27bbe2e5b37e1874d3beb36,,1,204,3,TCP,HTML table 1; row 204; column 3,review_required
S027,217d731bacf8971f6d53204b7903227b632c869ba27bbe2e5b37e1874d3beb36,,1,204,4,2010,HTML table 1; row 204; column 4,review_required
S027,217d731bacf8971f6d53204b7903227b632c869ba27bbe2e5b37e1874d3beb36,,1,204,5,B,HTML table 1; row 204; column 5,review_required
S027,217d731bacf8971f6d53204b7903227b632c869ba27bbe2e5b37e1874d3beb36,,1,204,6,-,HTML table 1; row 204; column 6,review_required
S027,217d731bacf8971f6d53204b7903227b632c869ba27bbe2e5b37e1874d3beb36,,1,204,7,-,HTML table 1; row 204; column 7,review_required
S027,217d731bacf8971f6d53204b7903227b632c869ba27bbe2e5b37e1874d3beb36,,1,204,8,-,HTML table 1; row 204; column 8,review_required
S027,217d731bacf8971f6d53204b7903227b632c869ba27bbe2e5b37e1874d3beb36,,1,204,9,-,HTML table 1; row 204; column 9,review_required
S027,217d731bacf8971f6d53204b7903227b632c869ba27bbe2e5b37e1874d3beb36,,1,205,1,Nepal,HTML table 1; row 205; column 1,review_required
S027,217d731bacf8971f6d53204b7903227b632c869ba27bbe2e5b37e1874d3beb36,,1,205,2,Project for Development of Master Plan for Wastewater Management in Pokhara Metropolitan City,HTML table 1; row 205; column 2,review_required
S027,217d731bacf8971f6d53204b7903227b632c869ba27bbe2e5b37e1874d3beb36,,1,205,3,TCDP,HTML table 1; row 205; column 3,review_required
S027,217d731bacf8971f6d53204b7903227b632c869ba27bbe2e5b37e1874d3beb36,,1,205,4,2010,HTML table 1; row 205; column 4,review_required
S027,217d731bacf8971f6d53204b7903227b632c869ba27bbe2e5b37e1874d3beb36,,1,205,5,B,HTML table 1; row 205; column 5,review_required
S027,217d731bacf8971f6d53204b7903227b632c869ba27bbe2e5b37e1874d3beb36,,1,205,6,"·Detailed Planning Survey (PDF/1.09MB) ·Final Report (November. 29, 2024) ·Appendix (November. 29, 2024)",HTML table 1; row 205; column 6,review_required
S027,217d731bacf8971f6d53204b7903227b632c869ba27bbe2e5b37e1874d3beb36,,1,205,7,-,HTML table 1; row 205; column 7,review_required
S027,217d731bacf8971f6d53204b7903227b632c869ba27bbe2e5b37e1874d3beb36,,1,205,8,-,HTML table 1; row 205; column 8,review_required
S027,217d731bacf8971f6d53204b7903227b632c869ba27bbe2e5b37e1874d3beb36,,1,205,9,-,HTML table 1; row 205; column 9,review_required
S027,217d731bacf8971f6d53204b7903227b632c869ba27bbe2e5b37e1874d3beb36,,1,206,1,Nepal,HTML table 1; row 206; column 1,review_required
S027,217d731bacf8971f6d53204b7903227b632c869ba27bbe2e5b37e1874d3beb36,,1,206,2,Project on Integrated Power System Development Plan in Nepal,HTML table 1; row 206; column 2,review_required
S027,217d731bacf8971f6d53204b7903227b632c869ba27bbe2e5b37e1874d3beb36,,1,206,3,TCDP,HTML table 1; row 206; column 3,review_required
S027,217d731bacf8971f6d53204b7903227b632c869ba27bbe2e5b37e1874d3beb36,,1,206,4,2010,HTML table 1; row 206; column 4,review_required
S027,217d731bacf8971f6d53204b7903227b632c869ba27bbe2e5b37e1874d3beb36,,1,206,5,B,HTML table 1; row 206; column 5,review_required
S027,217d731bacf8971f6d53204b7903227b632c869ba27bbe2e5b37e1874d3beb36,,1,206,6,·Minutes of Meetings (PDF/1.06MB) ·Environmental and Social Considerations Detailed Planning (PDF/820KB),HTML table 1; row 206; column 6,review_required
S027,217d731bacf8971f6d53204b7903227b632c869ba27bbe2e5b37e1874d3beb36,,1,206,7,-,HTML table 1; row 206; column 7,review_required
S027,217d731bacf8971f6d53204b7903227b632c869ba27bbe2e5b37e1874d3beb36,,1,206,8,-,HTML table 1; row 206; column 8,review_required
S027,217d731bacf8971f6d53204b7903227b632c869ba27bbe2e5b37e1874d3beb36,,1,206,9,-,HTML table 1; row 206; column 9,review_required
S027,217d731bacf8971f6d53204b7903227b632c869ba27bbe2e5b37e1874d3beb36,,1,207,1,Nepal,HTML table 1; row 207; column 1,review_required
S027,217d731bacf8971f6d53204b7903227b632c869ba27bbe2e5b37e1874d3beb36,,1,207,2,Project on Kathmandu Valley Urban Transport System Master Plan,HTML table 1; row 207; column 2,review_required
S027,217d731bacf8971f6d53204b7903227b632c869ba27bbe2e5b37e1874d3beb36,,1,207,3,TCDP,HTML table 1; row 207; column 3,review_required
S027,217d731bacf8971f6d53204b7903227b632c869ba27bbe2e5b37e1874d3beb36,,1,207,4,2022,HTML table 1; row 207; column 4,review_required
S027,217d731bacf8971f6d53204b7903227b632c869ba27bbe2e5b37e1874d3beb36,,1,207,5,B,HTML table 1; row 207; column 5,review_required
S027,217d731bacf8971f6d53204b7903227b632c869ba27bbe2e5b37e1874d3beb36,,1,207,6,·Environmental and Social Considerations in Detailed Planning Survey (PDF/1.3MB) ·RD (PDF/9.4MB),HTML table 1; row 207; column 6,review_required
S027,217d731bacf8971f6d53204b7903227b632c869ba27bbe2e5b37e1874d3beb36,,1,207,7,-,HTML table 1; row 207; column 7,review_required
S027,217d731bacf8971f6d53204b7903227b632c869ba27bbe2e5b37e1874d3beb36,,1,207,8,-,HTML table 1; row 207; column 8,review_required
S027,217d731bacf8971f6d53204b7903227b632c869ba27bbe2e5b37e1874d3beb36,,1,207,9,-,HTML table 1; row 207; column 9,review_required
S027,217d731bacf8971f6d53204b7903227b632c869ba27bbe2e5b37e1874d3beb36,,1,208,1,Nepal,HTML table 1; row 208; column 1,review_required
S027,217d731bacf8971f6d53204b7903227b632c869ba27bbe2e5b37e1874d3beb36,,1,208,2,The Project on Rehabilitation and Recovery from Nepal Earthquake,HTML table 1; row 208; column 2,review_required
S027,217d731bacf8971f6d53204b7903227b632c869ba27bbe2e5b37e1874d3beb36,,1,208,3,TCDP,HTML table 1; row 208; column 3,review_required
S027,217d731bacf8971f6d53204b7903227b632c869ba27bbe2e5b37e1874d3beb36,,1,208,4,2010,HTML table 1; row 208; column 4,review_required
S027,217d731bacf8971f6d53204b7903227b632c869ba27bbe2e5b37e1874d3beb36,,1,208,5,B,HTML table 1; row 208; column 5,review_required
S027,217d731bacf8971f6d53204b7903227b632c869ba27bbe2e5b37e1874d3beb36,,1,208,6,-,HTML table 1; row 208; column 6,review_required
S027,217d731bacf8971f6d53204b7903227b632c869ba27bbe2e5b37e1874d3beb36,,1,208,7,-,HTML table 1; row 208; column 7,review_required
S027,217d731bacf8971f6d53204b7903227b632c869ba27bbe2e5b37e1874d3beb36,,1,208,8,-,HTML table 1; row 208; column 8,review_required
S027,217d731bacf8971f6d53204b7903227b632c869ba27bbe2e5b37e1874d3beb36,,1,208,9,·Monitoring Result (PDF/356KB),HTML table 1; row 208; column 9,review_required
S027,217d731bacf8971f6d53204b7903227b632c869ba27bbe2e5b37e1874d3beb36,,1,209,1,Nepal,HTML table 1; row 209; column 1,review_required
S027,217d731bacf8971f6d53204b7903227b632c869ba27bbe2e5b37e1874d3beb36,,1,209,2,The Project on Urban Transport Improvement for Kathmandu Valley,HTML table 1; row 209; column 2,review_required
S027,217d731bacf8971f6d53204b7903227b632c869ba27bbe2e5b37e1874d3beb36,,1,209,3,TCDP,HTML table 1; row 209; column 3,review_required
S027,217d731bacf8971f6d53204b7903227b632c869ba27bbe2e5b37e1874d3beb36,,1,209,4,2010,HTML table 1; row 209; column 4,review_required
S027,217d731bacf8971f6d53204b7903227b632c869ba27bbe2e5b37e1874d3beb36,,1,209,5,B,HTML table 1; row 209; column 5,review_required
S027,217d731bacf8971f6d53204b7903227b632c869ba27bbe2e5b37e1874d3beb36,,1,209,6,-,HTML table 1; row 209; column 6,review_required
S027,217d731bacf8971f6d53204b7903227b632c869ba27bbe2e5b37e1874d3beb36,,1,209,7,-,HTML table 1; row 209; column 7,review_required
S027,217d731bacf8971f6d53204b7903227b632c869ba27bbe2e5b37e1874d3beb36,,1,209,8,-,HTML table 1; row 209; column 8,review_required
S027,217d731bacf8971f6d53204b7903227b632c869ba27bbe2e5b37e1874d3beb36,,1,209,9,-,HTML table 1; row 209; column 9,review_required
S027,217d731bacf8971f6d53204b7903227b632c869ba27bbe2e5b37e1874d3beb36,,1,210,1,Nepal,HTML table 1; row 210; column 1,review_required
S027,217d731bacf8971f6d53204b7903227b632c869ba27bbe2e5b37e1874d3beb36,,1,210,2,Kathmandu Valley Water Supply Improvement Project,HTML table 1; row 210; column 2,review_required
S027,217d731bacf8971f6d53204b7903227b632c869ba27bbe2e5b37e1874d3beb36,,1,210,3,L,HTML table 1; row 210; column 3,review_required
S027,217d731bacf8971f6d53204b7903227b632c869ba27bbe2e5b37e1874d3beb36,,1,210,4,2010,HTML table 1; row 210; column 4,review_required
S027,217d731bacf8971f6d53204b7903227b632c869ba27bbe2e5b37e1874d3beb36,,1,210,5,B,HTML table 1; row 210; column 5,review_required
S027,217d731bacf8971f6d53204b7903227b632c869ba27bbe2e5b37e1874d3beb36,,1,210,6,-,HTML table 1; row 210; column 6,review_required
S027,217d731bacf8971f6d53204b7903227b632c869ba27bbe2e5b37e1874d3beb36,,1,210,7,-,HTML table 1; row 210; column 7,review_required
S027,217d731bacf8971f6d53204b7903227b632c869ba27bbe2e5b37e1874d3beb36,,1,210,8,-,HTML table 1; row 210; column 8,review_required
S027,217d731bacf8971f6d53204b7903227b632c869ba27bbe2e5b37e1874d3beb36,,1,210,9,-,HTML table 1; row 210; column 9,review_required
S027,217d731bacf8971f6d53204b7903227b632c869ba27bbe2e5b37e1874d3beb36,,1,211,1,Nepal,HTML table 1; row 211; column 1,review_required
S027,217d731bacf8971f6d53204b7903227b632c869ba27bbe2e5b37e1874d3beb36,,1,211,2,Nagdhunga Tunnel Construction Project,HTML table 1; row 211; column 2,review_required
S027,217d731bacf8971f6d53204b7903227b632c869ba27bbe2e5b37e1874d3beb36,,1,211,3,L,HTML table 1; row 211; column 3,review_required
S027,217d731bacf8971f6d53204b7903227b632c869ba27bbe2e5b37e1874d3beb36,,1,211,4,2010,HTML table 1; row 211; column 4,review_required
S027,217d731bacf8971f6d53204b7903227b632c869ba27bbe2e5b37e1874d3beb36,,1,211,5,B,HTML table 1; row 211; column 5,review_required
S027,217d731bacf8971f6d53204b7903227b632c869ba27bbe2e5b37e1874d3beb36,,1,211,6,·Preparatory Survey,HTML table 1; row 211; column 6,review_required
S027,217d731bacf8971f6d53204b7903227b632c869ba27bbe2e5b37e1874d3beb36,,1,211,7,"·EIA (PDF/4.9MB) ·RAP(Nov. 2014) (PDF/1.0MB) ·RAP(Dec. 2018) (PDF/15.7MB) ·IEE 1 (Aug.5, 2026) (PDF/90.1MB) ·IEE 2 (Aug.5, 2026) (PDF/52.5MB)",HTML table 1; row 211; column 7,review_required
S027,217d731bacf8971f6d53204b7903227b632c869ba27bbe2e5b37e1874d3beb36,,1,211,8,·Environmental Review (PDF/107KB) ·Environmental Review (Japanese) (PDF/250KB),HTML table 1; row 211; column 8,review_required
S027,217d731bacf8971f6d53204b7903227b632c869ba27bbe2e5b37e1874d3beb36,,1,211,9,·Result of Environmental Monitoring (2026Q1) (PDF/381KB),HTML table 1; row 211; column 9,review_required
S027,217d731bacf8971f6d53204b7903227b632c869ba27bbe2e5b37e1874d3beb36,,1,212,1,Nepal,HTML table 1; row 212; column 1,review_required
S027,217d731bacf8971f6d53204b7903227b632c869ba27bbe2e5b37e1874d3beb36,,1,212,2,Preparatory Survey for the Improvement of Tribhuvan International Airport Project,HTML table 1; row 212; column 2,review_required
S027,217d731bacf8971f6d53204b7903227b632c869ba27bbe2e5b37e1874d3beb36,,1,212,3,L,HTML table 1; row 212; column 3,review_required
S027,217d731bacf8971f6d53204b7903227b632c869ba27bbe2e5b37e1874d3beb36,,1,212,4,2010,HTML table 1; row 212; column 4,review_required
S027,217d731bacf8971f6d53204b7903227b632c869ba27bbe2e5b37e1874d3beb36,,1,212,5,B,HTML table 1; row 212; column 5,review_required
S027,217d731bacf8971f6d53204b7903227b632c869ba27bbe2e5b37e1874d3beb36,,1,212,6,-,HTML table 1; row 212; column 6,review_required
S027,217d731bacf8971f6d53204b7903227b632c869ba27bbe2e5b37e1874d3beb36,,1,212,7,-,HTML table 1; row 212; column 7,review_required
S027,217d731bacf8971f6d53204b7903227b632c869ba27bbe2e5b37e1874d3beb36,,1,212,8,-,HTML table 1; row 212; column 8,review_required
S027,217d731bacf8971f6d53204b7903227b632c869ba27bbe2e5b37e1874d3beb36,,1,212,9,-,HTML table 1; row 212; column 9,review_required
S027,217d731bacf8971f6d53204b7903227b632c869ba27bbe2e5b37e1874d3beb36,,1,213,1,Nepal,HTML table 1; row 213; column 1,review_required
S027,217d731bacf8971f6d53204b7903227b632c869ba27bbe2e5b37e1874d3beb36,,1,213,2,Koteshwor Intersection Improvement Project,HTML table 1; row 213; column 2,review_required
S027,217d731bacf8971f6d53204b7903227b632c869ba27bbe2e5b37e1874d3beb36,,1,213,3,L,HTML table 1; row 213; column 3,review_required
S027,217d731bacf8971f6d53204b7903227b632c869ba27bbe2e5b37e1874d3beb36,,1,213,4,2010,HTML table 1; row 213; column 4,review_required
S027,217d731bacf8971f6d53204b7903227b632c869ba27bbe2e5b37e1874d3beb36,,1,213,5,B,HTML table 1; row 213; column 5,review_required
S027,217d731bacf8971f6d53204b7903227b632c869ba27bbe2e5b37e1874d3beb36,,1,213,6,·JICA Report Vol.1 (PDF/28.6MB) ·JICA Report Vol.2 (PDF/31.7MB) ·JICA Report Vol.3 (PDF/27.7MB) ·JICA Report Vol.4 (PDF/20.0MB),HTML table 1; row 213; column 6,review_required
S027,217d731bacf8971f6d53204b7903227b632c869ba27bbe2e5b37e1874d3beb36,,1,213,7,"·IEE (Nov.26, 2025) (PDF/35.1MB)",HTML table 1; row 213; column 7,review_required
S027,217d731bacf8971f6d53204b7903227b632c869ba27bbe2e5b37e1874d3beb36,,1,213,8,·Environmental Review (Japanese)(PDF/427KB),HTML table 1; row 213; column 8,review_required
S027,217d731bacf8971f6d53204b7903227b632c869ba27bbe2e5b37e1874d3beb36,,1,213,9,-,HTML table 1; row 213; column 9,review_required
S027,217d731bacf8971f6d53204b7903227b632c869ba27bbe2e5b37e1874d3beb36,,1,214,1,Nepal,HTML table 1; row 214; column 1,review_required
S027,217d731bacf8971f6d53204b7903227b632c869ba27bbe2e5b37e1874d3beb36,,1,214,2,The Project for the Rehabilitation of Irrigation System in Eastern Terai Area,HTML table 1; row 214; column 2,review_required
S027,217d731bacf8971f6d53204b7903227b632c869ba27bbe2e5b37e1874d3beb36,,1,214,3,GA,HTML table 1; row 214; column 3,review_required
S027,217d731bacf8971f6d53204b7903227b632c869ba27bbe2e5b37e1874d3beb36,,1,214,4,2010,HTML table 1; row 214; column 4,review_required
S027,217d731bacf8971f6d53204b7903227b632c869ba27bbe2e5b37e1874d3beb36,,1,214,5,B,HTML table 1; row 214; column 5,review_required
S027,217d731bacf8971f6d53204b7903227b632c869ba27bbe2e5b37e1874d3beb36,,1,214,6,-,HTML table 1; row 214; column 6,review_required
S027,217d731bacf8971f6d53204b7903227b632c869ba27bbe2e5b37e1874d3beb36,,1,214,7,-,HTML table 1; row 214; column 7,review_required
S027,217d731bacf8971f6d53204b7903227b632c869ba27bbe2e5b37e1874d3beb36,,1,214,8,·Environmental Review (Japanese) (PDF/285KB),HTML table 1; row 214; column 8,review_required
S027,217d731bacf8971f6d53204b7903227b632c869ba27bbe2e5b37e1874d3beb36,,1,214,9,·Result of Environmental Monitoring (2025Q4) (PDF/266KB),HTML table 1; row 214; column 9,review_required
S027,217d731bacf8971f6d53204b7903227b632c869ba27bbe2e5b37e1874d3beb36,,1,215,1,Nepal,HTML table 1; row 215; column 1,review_required
S027,217d731bacf8971f6d53204b7903227b632c869ba27bbe2e5b37e1874d3beb36,,1,215,2,The Project for Improvement of Water Supply in Pokhara,HTML table 1; row 215; column 2,review_required
S027,217d731bacf8971f6d53204b7903227b632c869ba27bbe2e5b37e1874d3beb36,,1,215,3,GA,HTML table 1; row 215; column 3,review_required
S027,217d731bacf8971f6d53204b7903227b632c869ba27bbe2e5b37e1874d3beb36,,1,215,4,2010,HTML table 1; row 215; column 4,review_required
S027,217d731bacf8971f6d53204b7903227b632c869ba27bbe2e5b37e1874d3beb36,,1,215,5,B,HTML table 1; row 215; column 5,review_required
S027,217d731bacf8971f6d53204b7903227b632c869ba27bbe2e5b37e1874d3beb36,,1,215,6,·Preparatory Survey（PDF/7.34MB） ·Appendix 1（PDF/6.15MB） ·Appendix 2（PDF/8.71MB）,HTML table 1; row 215; column 6,review_required
S027,217d731bacf8971f6d53204b7903227b632c869ba27bbe2e5b37e1874d3beb36,,1,215,7,"·EIA (PDF/12.6MB) ·EPC (PDF/62KB) ·RAP (June.9, 2025) (PDF/2.95MB)",HTML table 1; row 215; column 7,review_required
S027,217d731bacf8971f6d53204b7903227b632c869ba27bbe2e5b37e1874d3beb36,,1,215,8,·Environmental Review (In Japanese)（PDF/294.7KB）,HTML table 1; row 215; column 8,review_required
S027,217d731bacf8971f6d53204b7903227b632c869ba27bbe2e5b37e1874d3beb36,,1,215,9,·Result of Monitoring (2024Q2) (PDF/1.7MB),HTML table 1; row 215; column 9,review_required
S027,217d731bacf8971f6d53204b7903227b632c869ba27bbe2e5b37e1874d3beb36,,1,216,1,Nepal,HTML table 1; row 216; column 1,review_required
S027,217d731bacf8971f6d53204b7903227b632c869ba27bbe2e5b37e1874d3beb36,,1,216,2,The Project for the Improvement of Dhulikhel Hospital Trauma and Emergency Center,HTML table 1; row 216; column 2,review_required
S027,217d731bacf8971f6d53204b7903227b632c869ba27bbe2e5b37e1874d3beb36,,1,216,3,GA,HTML table 1; row 216; column 3,review_required
S027,217d731bacf8971f6d53204b7903227b632c869ba27bbe2e5b37e1874d3beb36,,1,216,4,2010,HTML table 1; row 216; column 4,review_required
S027,217d731bacf8971f6d53204b7903227b632c869ba27bbe2e5b37e1874d3beb36,,1,216,5,B,HTML table 1; row 216; column 5,review_required
S027,217d731bacf8971f6d53204b7903227b632c869ba27bbe2e5b37e1874d3beb36,,1,216,6,·JICA Report (PDF/28.5 MB),HTML table 1; row 216; column 6,review_required
S027,217d731bacf8971f6d53204b7903227b632c869ba27bbe2e5b37e1874d3beb36,,1,216,7,"·EIA (Jan.8, 2026) (PDF/120MB) ·RAP (Jan.8, 2026) (PDF/3.19MB)",HTML table 1; row 216; column 7,review_required
S027,217d731bacf8971f6d53204b7903227b632c869ba27bbe2e5b37e1874d3beb36,,1,216,8,·Environmental Review (Japanese) (PDF/412KB),HTML table 1; row 216; column 8,review_required
S027,217d731bacf8971f6d53204b7903227b632c869ba27bbe2e5b37e1874d3beb36,,1,216,9,·Result of Environmental Monitoring (2026Q3) (PDF/1.1MB),HTML table 1; row 216; column 9,review_required
S027,217d731bacf8971f6d53204b7903227b632c869ba27bbe2e5b37e1874d3beb36,,1,217,1,Nepal,HTML table 1; row 217; column 1,review_required
S027,217d731bacf8971f6d53204b7903227b632c869ba27bbe2e5b37e1874d3beb36,,1,217,2,The Project for Improvement of Aviation Safety Facilities in Major Airports,HTML table 1; row 217; column 2,review_required
S027,217d731bacf8971f6d53204b7903227b632c869ba27bbe2e5b37e1874d3beb36,,1,217,3,GA,HTML table 1; row 217; column 3,review_required
S027,217d731bacf8971f6d53204b7903227b632c869ba27bbe2e5b37e1874d3beb36,,1,217,4,2010,HTML table 1; row 217; column 4,review_required
S027,217d731bacf8971f6d53204b7903227b632c869ba27bbe2e5b37e1874d3beb36,,1,217,5,B,HTML table 1; row 217; column 5,review_required
S027,217d731bacf8971f6d53204b7903227b632c869ba27bbe2e5b37e1874d3beb36,,1,217,6,·Preparatory survey report on the project for improvement of aviation safety facilities in major airports in the federal democratic Republic of Nepal,HTML table 1; row 217; column 6,review_required
S027,217d731bacf8971f6d53204b7903227b632c869ba27bbe2e5b37e1874d3beb36,,1,217,7,-,HTML table 1; row 217; column 7,review_required
S027,217d731bacf8971f6d53204b7903227b632c869ba27bbe2e5b37e1874d3beb36,,1,217,8,-,HTML table 1; row 217; column 8,review_required
S027,217d731bacf8971f6d53204b7903227b632c869ba27bbe2e5b37e1874d3beb36,,1,217,9,-,HTML table 1; row 217; column 9,review_required
S027,217d731bacf8971f6d53204b7903227b632c869ba27bbe2e5b37e1874d3beb36,,1,218,1,Nepal,HTML table 1; row 218; column 1,review_required
S027,217d731bacf8971f6d53204b7903227b632c869ba27bbe2e5b37e1874d3beb36,,1,218,2,The Project for the Improvement of Water Supply in Biratnagar,HTML table 1; row 218; column 2,review_required
S027,217d731bacf8971f6d53204b7903227b632c869ba27bbe2e5b37e1874d3beb36,,1,218,3,GA,HTML table 1; row 218; column 3,review_required
S027,217d731bacf8971f6d53204b7903227b632c869ba27bbe2e5b37e1874d3beb36,,1,218,4,2010,HTML table 1; row 218; column 4,review_required
S027,217d731bacf8971f6d53204b7903227b632c869ba27bbe2e5b37e1874d3beb36,,1,218,5,B,HTML table 1; row 218; column 5,review_required
S027,217d731bacf8971f6d53204b7903227b632c869ba27bbe2e5b37e1874d3beb36,,1,218,6,-,HTML table 1; row 218; column 6,review_required
S027,217d731bacf8971f6d53204b7903227b632c869ba27bbe2e5b37e1874d3beb36,,1,218,7,"·IEE(May.15, 2025) (PDF/27.8MB)",HTML table 1; row 218; column 7,review_required
S027,217d731bacf8971f6d53204b7903227b632c869ba27bbe2e5b37e1874d3beb36,,1,218,8,·Environmental Review (Japanese) (PDF/364KB),HTML table 1; row 218; column 8,review_required
S027,217d731bacf8971f6d53204b7903227b632c869ba27bbe2e5b37e1874d3beb36,,1,218,9,·Result of Monitoring (2026Q1) (PDF/223KB),HTML table 1; row 218; column 9,review_required
S027,217d731bacf8971f6d53204b7903227b632c869ba27bbe2e5b37e1874d3beb36,,1,219,1,Nepal,HTML table 1; row 219; column 1,review_required
S027,217d731bacf8971f6d53204b7903227b632c869ba27bbe2e5b37e1874d3beb36,,1,219,2,The Project for Micro-Hydropower Improvement in Western Area,HTML table 1; row 219; column 2,review_required
S027,217d731bacf8971f6d53204b7903227b632c869ba27bbe2e5b37e1874d3beb36,,1,219,3,GA,HTML table 1; row 219; column 3,review_required
S027,217d731bacf8971f6d53204b7903227b632c869ba27bbe2e5b37e1874d3beb36,,1,219,4,2010,HTML table 1; row 219; column 4,review_required
S027,217d731bacf8971f6d53204b7903227b632c869ba27bbe2e5b37e1874d3beb36,,1,219,5,B,HTML table 1; row 219; column 5,review_required
S027,217d731bacf8971f6d53204b7903227b632c869ba27bbe2e5b37e1874d3beb36,,1,219,6,-,HTML table 1; row 219; column 6,review_required
S027,217d731bacf8971f6d53204b7903227b632c869ba27bbe2e5b37e1874d3beb36,,1,219,7,-,HTML table 1; row 219; column 7,review_required
S027,217d731bacf8971f6d53204b7903227b632c869ba27bbe2e5b37e1874d3beb36,,1,219,8,·Apr-14 (Japanese) (PDF),HTML table 1; row 219; column 8,review_required
S027,217d731bacf8971f6d53204b7903227b632c869ba27bbe2e5b37e1874d3beb36,,1,219,9,-,HTML table 1; row 219; column 9,review_required
S027,217d731bacf8971f6d53204b7903227b632c869ba27bbe2e5b37e1874d3beb36,,1,220,1,Nepal,HTML table 1; row 220; column 1,review_required
S027,217d731bacf8971f6d53204b7903227b632c869ba27bbe2e5b37e1874d3beb36,,1,220,2,The Project for the Sindhuli Road Earthquake Rehabilitation,HTML table 1; row 220; column 2,review_required
S027,217d731bacf8971f6d53204b7903227b632c869ba27bbe2e5b37e1874d3beb36,,1,220,3,GA,HTML table 1; row 220; column 3,review_required
S027,217d731bacf8971f6d53204b7903227b632c869ba27bbe2e5b37e1874d3beb36,,1,220,4,2010,HTML table 1; row 220; column 4,review_required
S027,217d731bacf8971f6d53204b7903227b632c869ba27bbe2e5b37e1874d3beb36,,1,220,5,B,HTML table 1; row 220; column 5,review_required
S027,217d731bacf8971f6d53204b7903227b632c869ba27bbe2e5b37e1874d3beb36,,1,220,6,-,HTML table 1; row 220; column 6,review_required
S027,217d731bacf8971f6d53204b7903227b632c869ba27bbe2e5b37e1874d3beb36,,1,220,7,-,HTML table 1; row 220; column 7,review_required
S027,217d731bacf8971f6d53204b7903227b632c869ba27bbe2e5b37e1874d3beb36,,1,220,8,-,HTML table 1; row 220; column 8,review_required
S027,217d731bacf8971f6d53204b7903227b632c869ba27bbe2e5b37e1874d3beb36,,1,220,9,-,HTML table 1; row 220; column 9,review_required
S027,217d731bacf8971f6d53204b7903227b632c869ba27bbe2e5b37e1874d3beb36,,1,221,1,Nepal,HTML table 1; row 221; column 1,review_required
S027,217d731bacf8971f6d53204b7903227b632c869ba27bbe2e5b37e1874d3beb36,,1,221,2,Education Sector Emergency Reconstruction Project,HTML table 1; row 221; column 2,review_required
S027,217d731bacf8971f6d53204b7903227b632c869ba27bbe2e5b37e1874d3beb36,,1,221,3,L,HTML table 1; row 221; column 3,review_required
S027,217d731bacf8971f6d53204b7903227b632c869ba27bbe2e5b37e1874d3beb36,,1,221,4,2010,HTML table 1; row 221; column 4,review_required
S027,217d731bacf8971f6d53204b7903227b632c869ba27bbe2e5b37e1874d3beb36,,1,221,5,FI,HTML table 1; row 221; column 5,review_required
S027,217d731bacf8971f6d53204b7903227b632c869ba27bbe2e5b37e1874d3beb36,,1,221,6,-,HTML table 1; row 221; column 6,review_required
S027,217d731bacf8971f6d53204b7903227b632c869ba27bbe2e5b37e1874d3beb36,,1,221,7,-,HTML table 1; row 221; column 7,review_required
S027,217d731bacf8971f6d53204b7903227b632c869ba27bbe2e5b37e1874d3beb36,,1,221,8,-,HTML table 1; row 221; column 8,review_required
S027,217d731bacf8971f6d53204b7903227b632c869ba27bbe2e5b37e1874d3beb36,,1,221,9,-,HTML table 1; row 221; column 9,review_required
S027,217d731bacf8971f6d53204b7903227b632c869ba27bbe2e5b37e1874d3beb36,,1,222,1,Nepal,HTML table 1; row 222; column 1,review_required
S027,217d731bacf8971f6d53204b7903227b632c869ba27bbe2e5b37e1874d3beb36,,1,222,2,Housing Emergency Recovery Project,HTML table 1; row 222; column 2,review_required
S027,217d731bacf8971f6d53204b7903227b632c869ba27bbe2e5b37e1874d3beb36,,1,222,3,L,HTML table 1; row 222; column 3,review_required
S027,217d731bacf8971f6d53204b7903227b632c869ba27bbe2e5b37e1874d3beb36,,1,222,4,2010,HTML table 1; row 222; column 4,review_required
S027,217d731bacf8971f6d53204b7903227b632c869ba27bbe2e5b37e1874d3beb36,,1,222,5,FI,HTML table 1; row 222; column 5,review_required
S027,217d731bacf8971f6d53204b7903227b632c869ba27bbe2e5b37e1874d3beb36,,1,222,6,-,HTML table 1; row 222; column 6,review_required
S027,217d731bacf8971f6d53204b7903227b632c869ba27bbe2e5b37e1874d3beb36,,1,222,7,-,HTML table 1; row 222; column 7,review_required
S027,217d731bacf8971f6d53204b7903227b632c869ba27bbe2e5b37e1874d3beb36,,1,222,8,-,HTML table 1; row 222; column 8,review_required
S027,217d731bacf8971f6d53204b7903227b632c869ba27bbe2e5b37e1874d3beb36,,1,222,9,-,HTML table 1; row 222; column 9,review_required
S027,217d731bacf8971f6d53204b7903227b632c869ba27bbe2e5b37e1874d3beb36,,1,223,1,Nepal,HTML table 1; row 223; column 1,review_required
S027,217d731bacf8971f6d53204b7903227b632c869ba27bbe2e5b37e1874d3beb36,,1,223,2,Impact Investment Promotion Project,HTML table 1; row 223; column 2,review_required
S027,217d731bacf8971f6d53204b7903227b632c869ba27bbe2e5b37e1874d3beb36,,1,223,3,L,HTML table 1; row 223; column 3,review_required
S027,217d731bacf8971f6d53204b7903227b632c869ba27bbe2e5b37e1874d3beb36,,1,223,4,2022,HTML table 1; row 223; column 4,review_required
S027,217d731bacf8971f6d53204b7903227b632c869ba27bbe2e5b37e1874d3beb36,,1,223,5,FI,HTML table 1; row 223; column 5,review_required
S027,217d731bacf8971f6d53204b7903227b632c869ba27bbe2e5b37e1874d3beb36,,1,223,6,-,HTML table 1; row 223; column 6,review_required
S027,217d731bacf8971f6d53204b7903227b632c869ba27bbe2e5b37e1874d3beb36,,1,223,7,-,HTML table 1; row 223; column 7,review_required
S027,217d731bacf8971f6d53204b7903227b632c869ba27bbe2e5b37e1874d3beb36,,1,223,8,-,HTML table 1; row 223; column 8,review_required
S027,217d731bacf8971f6d53204b7903227b632c869ba27bbe2e5b37e1874d3beb36,,1,223,9,-,HTML table 1; row 223; column 9,review_required
S027,217d731bacf8971f6d53204b7903227b632c869ba27bbe2e5b37e1874d3beb36,,1,224,1,Nepal,HTML table 1; row 224; column 1,review_required
S027,217d731bacf8971f6d53204b7903227b632c869ba27bbe2e5b37e1874d3beb36,,1,224,2,Urban Transmission and Distribution System Improvement Project,HTML table 1; row 224; column 2,review_required
S027,217d731bacf8971f6d53204b7903227b632c869ba27bbe2e5b37e1874d3beb36,,1,224,3,L,HTML table 1; row 224; column 3,review_required
S027,217d731bacf8971f6d53204b7903227b632c869ba27bbe2e5b37e1874d3beb36,,1,224,4,2010,HTML table 1; row 224; column 4,review_required
S027,217d731bacf8971f6d53204b7903227b632c869ba27bbe2e5b37e1874d3beb36,,1,224,5,FI,HTML table 1; row 224; column 5,review_required
S027,217d731bacf8971f6d53204b7903227b632c869ba27bbe2e5b37e1874d3beb36,,1,224,6,-,HTML table 1; row 224; column 6,review_required
S027,217d731bacf8971f6d53204b7903227b632c869ba27bbe2e5b37e1874d3beb36,,1,224,7,-,HTML table 1; row 224; column 7,review_required
S027,217d731bacf8971f6d53204b7903227b632c869ba27bbe2e5b37e1874d3beb36,,1,224,8,-,HTML table 1; row 224; column 8,review_required
S027,217d731bacf8971f6d53204b7903227b632c869ba27bbe2e5b37e1874d3beb36,,1,224,9,-,HTML table 1; row 224; column 9,review_required
S027,217d731bacf8971f6d53204b7903227b632c869ba27bbe2e5b37e1874d3beb36,,1,225,1,Nepal,HTML table 1; row 225; column 1,review_required
S027,217d731bacf8971f6d53204b7903227b632c869ba27bbe2e5b37e1874d3beb36,,1,225,2,The Program for Rehabilitation and Recovery from Nepal Earthquake,HTML table 1; row 225; column 2,review_required
S027,217d731bacf8971f6d53204b7903227b632c869ba27bbe2e5b37e1874d3beb36,,1,225,3,GA,HTML table 1; row 225; column 3,review_required
S027,217d731bacf8971f6d53204b7903227b632c869ba27bbe2e5b37e1874d3beb36,,1,225,4,2010,HTML table 1; row 225; column 4,review_required
S027,217d731bacf8971f6d53204b7903227b632c869ba27bbe2e5b37e1874d3beb36,,1,225,5,FI,HTML table 1; row 225; column 5,review_required
S027,217d731bacf8971f6d53204b7903227b632c869ba27bbe2e5b37e1874d3beb36,,1,225,6,-,HTML table 1; row 225; column 6,review_required
S027,217d731bacf8971f6d53204b7903227b632c869ba27bbe2e5b37e1874d3beb36,,1,225,7,-,HTML table 1; row 225; column 7,review_required
S027,217d731bacf8971f6d53204b7903227b632c869ba27bbe2e5b37e1874d3beb36,,1,225,8,-,HTML table 1; row 225; column 8,review_required
S027,217d731bacf8971f6d53204b7903227b632c869ba27bbe2e5b37e1874d3beb36,,1,225,9,-,HTML table 1; row 225; column 9,review_required
S027,217d731bacf8971f6d53204b7903227b632c869ba27bbe2e5b37e1874d3beb36,,1,226,1,Nepal,HTML table 1; row 226; column 1,review_required
S027,217d731bacf8971f6d53204b7903227b632c869ba27bbe2e5b37e1874d3beb36,,1,226,2,The Project for Formulation of Landslide Disaster Risk Reduction Plan,HTML table 1; row 226; column 2,review_required
S027,217d731bacf8971f6d53204b7903227b632c869ba27bbe2e5b37e1874d3beb36,,1,226,3,TCDP,HTML table 1; row 226; column 3,review_required
S027,217d731bacf8971f6d53204b7903227b632c869ba27bbe2e5b37e1874d3beb36,,1,226,4,2022,HTML table 1; row 226; column 4,review_required
S027,217d731bacf8971f6d53204b7903227b632c869ba27bbe2e5b37e1874d3beb36,,1,226,5,B,HTML table 1; row 226; column 5,review_required
S027,217d731bacf8971f6d53204b7903227b632c869ba27bbe2e5b37e1874d3beb36,,1,226,6,-,HTML table 1; row 226; column 6,review_required
S027,217d731bacf8971f6d53204b7903227b632c869ba27bbe2e5b37e1874d3beb36,,1,226,7,-,HTML table 1; row 226; column 7,review_required
S027,217d731bacf8971f6d53204b7903227b632c869ba27bbe2e5b37e1874d3beb36,,1,226,8,-,HTML table 1; row 226; column 8,review_required
S027,217d731bacf8971f6d53204b7903227b632c869ba27bbe2e5b37e1874d3beb36,,1,226,9,-,HTML table 1; row 226; column 9,review_required
S027,217d731bacf8971f6d53204b7903227b632c869ba27bbe2e5b37e1874d3beb36,,1,227,1,Nepal,HTML table 1; row 227; column 1,review_required
S027,217d731bacf8971f6d53204b7903227b632c869ba27bbe2e5b37e1874d3beb36,,1,227,2,The Programme for Emergency Rehabilitation of Sindhuli Road Affected by Flood,HTML table 1; row 227; column 2,review_required
S027,217d731bacf8971f6d53204b7903227b632c869ba27bbe2e5b37e1874d3beb36,,1,227,3,GA,HTML table 1; row 227; column 3,review_required
S027,217d731bacf8971f6d53204b7903227b632c869ba27bbe2e5b37e1874d3beb36,,1,227,4,2022,HTML table 1; row 227; column 4,review_required
S027,217d731bacf8971f6d53204b7903227b632c869ba27bbe2e5b37e1874d3beb36,,1,227,5,B,HTML table 1; row 227; column 5,review_required
S027,217d731bacf8971f6d53204b7903227b632c869ba27bbe2e5b37e1874d3beb36,,1,227,6,-,HTML table 1; row 227; column 6,review_required
S027,217d731bacf8971f6d53204b7903227b632c869ba27bbe2e5b37e1874d3beb36,,1,227,7,-,HTML table 1; row 227; column 7,review_required
S027,217d731bacf8971f6d53204b7903227b632c869ba27bbe2e5b37e1874d3beb36,,1,227,8,·Environmental Review (Japanese)(PDF/422KB),HTML table 1; row 227; column 8,review_required
S027,217d731bacf8971f6d53204b7903227b632c869ba27bbe2e5b37e1874d3beb36,,1,227,9,-,HTML table 1; row 227; column 9,review_required
S027,217d731bacf8971f6d53204b7903227b632c869ba27bbe2e5b37e1874d3beb36,,1,228,1,Nepal,HTML table 1; row 228; column 1,review_required
S027,217d731bacf8971f6d53204b7903227b632c869ba27bbe2e5b37e1874d3beb36,,1,228,2,Upper Arun Hydropower Project,HTML table 1; row 228; column 2,review_required
S027,217d731bacf8971f6d53204b7903227b632c869ba27bbe2e5b37e1874d3beb36,,1,228,3,L,HTML table 1; row 228; column 3,review_required
S027,217d731bacf8971f6d53204b7903227b632c869ba27bbe2e5b37e1874d3beb36,,1,228,4,2022,HTML table 1; row 228; column 4,review_required
S027,217d731bacf8971f6d53204b7903227b632c869ba27bbe2e5b37e1874d3beb36,,1,228,5,A,HTML table 1; row 228; column 5,review_required
S027,217d731bacf8971f6d53204b7903227b632c869ba27bbe2e5b37e1874d3beb36,,1,228,6,-,HTML table 1; row 228; column 6,review_required
S027,217d731bacf8971f6d53204b7903227b632c869ba27bbe2e5b37e1874d3beb36,,1,228,7,-,HTML table 1; row 228; column 7,review_required
S027,217d731bacf8971f6d53204b7903227b632c869ba27bbe2e5b37e1874d3beb36,,1,228,8,-,HTML table 1; row 228; column 8,review_required
S027,217d731bacf8971f6d53204b7903227b632c869ba27bbe2e5b37e1874d3beb36,,1,228,9,-,HTML table 1; row 228; column 9,review_required
S027,217d731bacf8971f6d53204b7903227b632c869ba27bbe2e5b37e1874d3beb36,,1,229,1,Pakistan,HTML table 1; row 229; column 1,review_required
S027,217d731bacf8971f6d53204b7903227b632c869ba27bbe2e5b37e1874d3beb36,,1,229,2,Thar Coal Fired Thermal Power Plant Construction Project,HTML table 1; row 229; column 2,review_required
S027,217d731bacf8971f6d53204b7903227b632c869ba27bbe2e5b37e1874d3beb36,,1,229,3,L,HTML table 1; row 229; column 3,review_required
S027,217d731bacf8971f6d53204b7903227b632c869ba27bbe2e5b37e1874d3beb36,,1,229,4,2010,HTML table 1; row 229; column 4,review_required
S027,217d731bacf8971f6d53204b7903227b632c869ba27bbe2e5b37e1874d3beb36,,1,229,5,A,HTML table 1; row 229; column 5,review_required
S027,217d731bacf8971f6d53204b7903227b632c869ba27bbe2e5b37e1874d3beb36,,1,229,6,-,HTML table 1; row 229; column 6,review_required
S027,217d731bacf8971f6d53204b7903227b632c869ba27bbe2e5b37e1874d3beb36,,1,229,7,-,HTML table 1; row 229; column 7,review_required
S027,217d731bacf8971f6d53204b7903227b632c869ba27bbe2e5b37e1874d3beb36,,1,229,8,-,HTML table 1; row 229; column 8,review_required
S027,217d731bacf8971f6d53204b7903227b632c869ba27bbe2e5b37e1874d3beb36,,1,229,9,-,HTML table 1; row 229; column 9,review_required
S027,217d731bacf8971f6d53204b7903227b632c869ba27bbe2e5b37e1874d3beb36,,1,230,1,Pakistan,HTML table 1; row 230; column 1,review_required
S027,217d731bacf8971f6d53204b7903227b632c869ba27bbe2e5b37e1874d3beb36,,1,230,2,Transmission System Network Reinforcement Project in Islamabad and Burhan(New In/out Line to Islamabad University Substation),HTML table 1; row 230; column 2,review_required
S027,217d731bacf8971f6d53204b7903227b632c869ba27bbe2e5b37e1874d3beb36,,1,230,3,L,HTML table 1; row 230; column 3,review_required
S027,217d731bacf8971f6d53204b7903227b632c869ba27bbe2e5b37e1874d3beb36,,1,230,4,2010,HTML table 1; row 230; column 4,review_required
S027,217d731bacf8971f6d53204b7903227b632c869ba27bbe2e5b37e1874d3beb36,,1,230,5,A,HTML table 1; row 230; column 5,review_required
S027,217d731bacf8971f6d53204b7903227b632c869ba27bbe2e5b37e1874d3beb36,,1,230,6,-,HTML table 1; row 230; column 6,review_required
S027,217d731bacf8971f6d53204b7903227b632c869ba27bbe2e5b37e1874d3beb36,,1,230,7,-,HTML table 1; row 230; column 7,review_required
S027,217d731bacf8971f6d53204b7903227b632c869ba27bbe2e5b37e1874d3beb36,,1,230,8,-,HTML table 1; row 230; column 8,review_required
S027,217d731bacf8971f6d53204b7903227b632c869ba27bbe2e5b37e1874d3beb36,,1,230,9,-,HTML table 1; row 230; column 9,review_required
S027,217d731bacf8971f6d53204b7903227b632c869ba27bbe2e5b37e1874d3beb36,,1,231,1,Pakistan,HTML table 1; row 231; column 1,review_required
S027,217d731bacf8971f6d53204b7903227b632c869ba27bbe2e5b37e1874d3beb36,,1,231,2,Technical support project to review and update National Disaster Management Plan（NDMP）,HTML table 1; row 231; column 2,review_required
S027,217d731bacf8971f6d53204b7903227b632c869ba27bbe2e5b37e1874d3beb36,,1,231,3,TCDP,HTML table 1; row 231; column 3,review_required
S027,217d731bacf8971f6d53204b7903227b632c869ba27bbe2e5b37e1874d3beb36,,1,231,4,2010,HTML table 1; row 231; column 4,review_required
S027,217d731bacf8971f6d53204b7903227b632c869ba27bbe2e5b37e1874d3beb36,,1,231,5,B,HTML table 1; row 231; column 5,review_required
S027,217d731bacf8971f6d53204b7903227b632c869ba27bbe2e5b37e1874d3beb36,,1,231,6,-,HTML table 1; row 231; column 6,review_required
S027,217d731bacf8971f6d53204b7903227b632c869ba27bbe2e5b37e1874d3beb36,,1,231,7,-,HTML table 1; row 231; column 7,review_required
S027,217d731bacf8971f6d53204b7903227b632c869ba27bbe2e5b37e1874d3beb36,,1,231,8,·Environmental Review (PDF/420KB),HTML table 1; row 231; column 8,review_required
S027,217d731bacf8971f6d53204b7903227b632c869ba27bbe2e5b37e1874d3beb36,,1,231,9,-,HTML table 1; row 231; column 9,review_required
S027,217d731bacf8971f6d53204b7903227b632c869ba27bbe2e5b37e1874d3beb36,,1,232,1,Pakistan,HTML table 1; row 232; column 1,review_required
S027,217d731bacf8971f6d53204b7903227b632c869ba27bbe2e5b37e1874d3beb36,,1,232,2,Project for Integrated Solid Waste Management Master Plan in Gujranwala,HTML table 1; row 232; column 2,review_required
S027,217d731bacf8971f6d53204b7903227b632c869ba27bbe2e5b37e1874d3beb36,,1,232,3,TCDP,HTML table 1; row 232; column 3,review_required
S027,217d731bacf8971f6d53204b7903227b632c869ba27bbe2e5b37e1874d3beb36,,1,232,4,2010,HTML table 1; row 232; column 4,review_required
S027,217d731bacf8971f6d53204b7903227b632c869ba27bbe2e5b37e1874d3beb36,,1,232,5,B,HTML table 1; row 232; column 5,review_required
S027,217d731bacf8971f6d53204b7903227b632c869ba27bbe2e5b37e1874d3beb36,,1,232,6,"·R/D(Feb.20,2013) (PDF/878KB) ·(in Japanese) Environmental and Social Considerations in Detailed Planning Survey (PDF/317KB) ·GE JR15150 ISWM_Supporting 07(Nov,2015) (PDF/3.04MB)",HTML table 1; row 232; column 6,review_required
S027,217d731bacf8971f6d53204b7903227b632c869ba27bbe2e5b37e1874d3beb36,,1,232,7,-,HTML table 1; row 232; column 7,review_required
S027,217d731bacf8971f6d53204b7903227b632c869ba27bbe2e5b37e1874d3beb36,,1,232,8,-,HTML table 1; row 232; column 8,review_required
S027,217d731bacf8971f6d53204b7903227b632c869ba27bbe2e5b37e1874d3beb36,,1,232,9,-,HTML table 1; row 232; column 9,review_required
S027,217d731bacf8971f6d53204b7903227b632c869ba27bbe2e5b37e1874d3beb36,,1,233,1,Pakistan,HTML table 1; row 233; column 1,review_required
S027,217d731bacf8971f6d53204b7903227b632c869ba27bbe2e5b37e1874d3beb36,,1,233,2,"The Project for Water Supply, Swerage and Drainage Master Plan of Faisalabad",HTML table 1; row 233; column 2,review_required
S027,217d731bacf8971f6d53204b7903227b632c869ba27bbe2e5b37e1874d3beb36,,1,233,3,TCDP,HTML table 1; row 233; column 3,review_required
S027,217d731bacf8971f6d53204b7903227b632c869ba27bbe2e5b37e1874d3beb36,,1,233,4,2010,HTML table 1; row 233; column 4,review_required
S027,217d731bacf8971f6d53204b7903227b632c869ba27bbe2e5b37e1874d3beb36,,1,233,5,B,HTML table 1; row 233; column 5,review_required
S027,217d731bacf8971f6d53204b7903227b632c869ba27bbe2e5b37e1874d3beb36,,1,233,6,·R/D (PDF/1.73MB) ·Environmental and Social Considerations in Detailed Planning Stage (PDF/678KB),HTML table 1; row 233; column 6,review_required
S027,217d731bacf8971f6d53204b7903227b632c869ba27bbe2e5b37e1874d3beb36,,1,233,7,-,HTML table 1; row 233; column 7,review_required
S027,217d731bacf8971f6d53204b7903227b632c869ba27bbe2e5b37e1874d3beb36,,1,233,8,-,HTML table 1; row 233; column 8,review_required
S027,217d731bacf8971f6d53204b7903227b632c869ba27bbe2e5b37e1874d3beb36,,1,233,9,-,HTML table 1; row 233; column 9,review_required
S027,217d731bacf8971f6d53204b7903227b632c869ba27bbe2e5b37e1874d3beb36,,1,234,1,Pakistan,HTML table 1; row 234; column 1,review_required
S027,217d731bacf8971f6d53204b7903227b632c869ba27bbe2e5b37e1874d3beb36,,1,234,2,The Project for the Study of Upgrading National Power System Expansion Plan,HTML table 1; row 234; column 2,review_required
S027,217d731bacf8971f6d53204b7903227b632c869ba27bbe2e5b37e1874d3beb36,,1,234,3,TCDP,HTML table 1; row 234; column 3,review_required
S027,217d731bacf8971f6d53204b7903227b632c869ba27bbe2e5b37e1874d3beb36,,1,234,4,2010,HTML table 1; row 234; column 4,review_required
S027,217d731bacf8971f6d53204b7903227b632c869ba27bbe2e5b37e1874d3beb36,,1,234,5,B,HTML table 1; row 234; column 5,review_required
S027,217d731bacf8971f6d53204b7903227b632c869ba27bbe2e5b37e1874d3beb36,,1,234,6,"·Environmental and Social Considerations in Detailed Planning Survey (Word/1,021KB) ·Minutes of Meeting (PDF/728KB)",HTML table 1; row 234; column 6,review_required
S027,217d731bacf8971f6d53204b7903227b632c869ba27bbe2e5b37e1874d3beb36,,1,234,7,-,HTML table 1; row 234; column 7,review_required
S027,217d731bacf8971f6d53204b7903227b632c869ba27bbe2e5b37e1874d3beb36,,1,234,8,-,HTML table 1; row 234; column 8,review_required
S027,217d731bacf8971f6d53204b7903227b632c869ba27bbe2e5b37e1874d3beb36,,1,234,9,-,HTML table 1; row 234; column 9,review_required
S027,217d731bacf8971f6d53204b7903227b632c869ba27bbe2e5b37e1874d3beb36,,1,235,1,Pakistan,HTML table 1; row 235; column 1,review_required
S027,217d731bacf8971f6d53204b7903227b632c869ba27bbe2e5b37e1874d3beb36,,1,235,2,Energy Sector Reform Program,HTML table 1; row 235; column 2,review_required
S027,217d731bacf8971f6d53204b7903227b632c869ba27bbe2e5b37e1874d3beb36,,1,235,3,L,HTML table 1; row 235; column 3,review_required
S027,217d731bacf8971f6d53204b7903227b632c869ba27bbe2e5b37e1874d3beb36,,1,235,4,2010,HTML table 1; row 235; column 4,review_required
S027,217d731bacf8971f6d53204b7903227b632c869ba27bbe2e5b37e1874d3beb36,,1,235,5,B,HTML table 1; row 235; column 5,review_required
S027,217d731bacf8971f6d53204b7903227b632c869ba27bbe2e5b37e1874d3beb36,,1,235,6,-,HTML table 1; row 235; column 6,review_required
S027,217d731bacf8971f6d53204b7903227b632c869ba27bbe2e5b37e1874d3beb36,,1,235,7,-,HTML table 1; row 235; column 7,review_required
S027,217d731bacf8971f6d53204b7903227b632c869ba27bbe2e5b37e1874d3beb36,,1,235,8,-,HTML table 1; row 235; column 8,review_required
S027,217d731bacf8971f6d53204b7903227b632c869ba27bbe2e5b37e1874d3beb36,,1,235,9,-,HTML table 1; row 235; column 9,review_required
S027,217d731bacf8971f6d53204b7903227b632c869ba27bbe2e5b37e1874d3beb36,,1,236,1,Pakistan,HTML table 1; row 236; column 1,review_required
S027,217d731bacf8971f6d53204b7903227b632c869ba27bbe2e5b37e1874d3beb36,,1,236,2,Energy Sector Reform Progtam (II),HTML table 1; row 236; column 2,review_required
S027,217d731bacf8971f6d53204b7903227b632c869ba27bbe2e5b37e1874d3beb36,,1,236,3,L,HTML table 1; row 236; column 3,review_required
S027,217d731bacf8971f6d53204b7903227b632c869ba27bbe2e5b37e1874d3beb36,,1,236,4,2010,HTML table 1; row 236; column 4,review_required
S027,217d731bacf8971f6d53204b7903227b632c869ba27bbe2e5b37e1874d3beb36,,1,236,5,B,HTML table 1; row 236; column 5,review_required
S027,217d731bacf8971f6d53204b7903227b632c869ba27bbe2e5b37e1874d3beb36,,1,236,6,-,HTML table 1; row 236; column 6,review_required
S027,217d731bacf8971f6d53204b7903227b632c869ba27bbe2e5b37e1874d3beb36,,1,236,7,-,HTML table 1; row 236; column 7,review_required
S027,217d731bacf8971f6d53204b7903227b632c869ba27bbe2e5b37e1874d3beb36,,1,236,8,-,HTML table 1; row 236; column 8,review_required
S027,217d731bacf8971f6d53204b7903227b632c869ba27bbe2e5b37e1874d3beb36,,1,236,9,-,HTML table 1; row 236; column 9,review_required
S027,217d731bacf8971f6d53204b7903227b632c869ba27bbe2e5b37e1874d3beb36,,1,237,1,Pakistan,HTML table 1; row 237; column 1,review_required
S027,217d731bacf8971f6d53204b7903227b632c869ba27bbe2e5b37e1874d3beb36,,1,237,2,Khyber Pakhtunkhwa Rural Roads Improvement and Rehabilitation Project,HTML table 1; row 237; column 2,review_required
S027,217d731bacf8971f6d53204b7903227b632c869ba27bbe2e5b37e1874d3beb36,,1,237,3,L,HTML table 1; row 237; column 3,review_required
S027,217d731bacf8971f6d53204b7903227b632c869ba27bbe2e5b37e1874d3beb36,,1,237,4,2010,HTML table 1; row 237; column 4,review_required
S027,217d731bacf8971f6d53204b7903227b632c869ba27bbe2e5b37e1874d3beb36,,1,237,5,B,HTML table 1; row 237; column 5,review_required
S027,217d731bacf8971f6d53204b7903227b632c869ba27bbe2e5b37e1874d3beb36,,1,237,6,-,HTML table 1; row 237; column 6,review_required
S027,217d731bacf8971f6d53204b7903227b632c869ba27bbe2e5b37e1874d3beb36,,1,237,7,-,HTML table 1; row 237; column 7,review_required
S027,217d731bacf8971f6d53204b7903227b632c869ba27bbe2e5b37e1874d3beb36,,1,237,8,-,HTML table 1; row 237; column 8,review_required
S027,217d731bacf8971f6d53204b7903227b632c869ba27bbe2e5b37e1874d3beb36,,1,237,9,-,HTML table 1; row 237; column 9,review_required
S027,217d731bacf8971f6d53204b7903227b632c869ba27bbe2e5b37e1874d3beb36,,1,238,1,Pakistan,HTML table 1; row 238; column 1,review_required
S027,217d731bacf8971f6d53204b7903227b632c869ba27bbe2e5b37e1874d3beb36,,1,238,2,Transmission System Network Reinforcement Project in Islamabad and Burhan (Tarbela-Burhan-Islamabad Peshawar Road Substation),HTML table 1; row 238; column 2,review_required
S027,217d731bacf8971f6d53204b7903227b632c869ba27bbe2e5b37e1874d3beb36,,1,238,3,L,HTML table 1; row 238; column 3,review_required
S027,217d731bacf8971f6d53204b7903227b632c869ba27bbe2e5b37e1874d3beb36,,1,238,4,2010,HTML table 1; row 238; column 4,review_required
S027,217d731bacf8971f6d53204b7903227b632c869ba27bbe2e5b37e1874d3beb36,,1,238,5,B,HTML table 1; row 238; column 5,review_required
S027,217d731bacf8971f6d53204b7903227b632c869ba27bbe2e5b37e1874d3beb36,,1,238,6,-,HTML table 1; row 238; column 6,review_required
S027,217d731bacf8971f6d53204b7903227b632c869ba27bbe2e5b37e1874d3beb36,,1,238,7,-,HTML table 1; row 238; column 7,review_required
S027,217d731bacf8971f6d53204b7903227b632c869ba27bbe2e5b37e1874d3beb36,,1,238,8,-,HTML table 1; row 238; column 8,review_required
S027,217d731bacf8971f6d53204b7903227b632c869ba27bbe2e5b37e1874d3beb36,,1,238,9,-,HTML table 1; row 238; column 9,review_required
S027,217d731bacf8971f6d53204b7903227b632c869ba27bbe2e5b37e1874d3beb36,,1,239,1,Pakistan,HTML table 1; row 239; column 1,review_required
S027,217d731bacf8971f6d53204b7903227b632c869ba27bbe2e5b37e1874d3beb36,,1,239,2,The Project for Flood Management Enhancement in the Indus Basin,HTML table 1; row 239; column 2,review_required
S027,217d731bacf8971f6d53204b7903227b632c869ba27bbe2e5b37e1874d3beb36,,1,239,3,GA,HTML table 1; row 239; column 3,review_required
S027,217d731bacf8971f6d53204b7903227b632c869ba27bbe2e5b37e1874d3beb36,,1,239,4,2022,HTML table 1; row 239; column 4,review_required
S027,217d731bacf8971f6d53204b7903227b632c869ba27bbe2e5b37e1874d3beb36,,1,239,5,B,HTML table 1; row 239; column 5,review_required
S027,217d731bacf8971f6d53204b7903227b632c869ba27bbe2e5b37e1874d3beb36,,1,239,6,-,HTML table 1; row 239; column 6,review_required
S027,217d731bacf8971f6d53204b7903227b632c869ba27bbe2e5b37e1874d3beb36,,1,239,7,-,HTML table 1; row 239; column 7,review_required
S027,217d731bacf8971f6d53204b7903227b632c869ba27bbe2e5b37e1874d3beb36,,1,239,8,-,HTML table 1; row 239; column 8,review_required
S027,217d731bacf8971f6d53204b7903227b632c869ba27bbe2e5b37e1874d3beb36,,1,239,9,-,HTML table 1; row 239; column 9,review_required
S027,217d731bacf8971f6d53204b7903227b632c869ba27bbe2e5b37e1874d3beb36,,1,240,1,Pakistan,HTML table 1; row 240; column 1,review_required
S027,217d731bacf8971f6d53204b7903227b632c869ba27bbe2e5b37e1874d3beb36,,1,240,2,The Project for the Improvement of Water Treatment Plant and Water Distribution System in Faisalabad,HTML table 1; row 240; column 2,review_required
S027,217d731bacf8971f6d53204b7903227b632c869ba27bbe2e5b37e1874d3beb36,,1,240,3,GA,HTML table 1; row 240; column 3,review_required
S027,217d731bacf8971f6d53204b7903227b632c869ba27bbe2e5b37e1874d3beb36,,1,240,4,2010,HTML table 1; row 240; column 4,review_required
S027,217d731bacf8971f6d53204b7903227b632c869ba27bbe2e5b37e1874d3beb36,,1,240,5,B,HTML table 1; row 240; column 5,review_required
S027,217d731bacf8971f6d53204b7903227b632c869ba27bbe2e5b37e1874d3beb36,,1,240,6,-,HTML table 1; row 240; column 6,review_required
S027,217d731bacf8971f6d53204b7903227b632c869ba27bbe2e5b37e1874d3beb36,,1,240,7,-,HTML table 1; row 240; column 7,review_required
S027,217d731bacf8971f6d53204b7903227b632c869ba27bbe2e5b37e1874d3beb36,,1,240,8,·Environmental Review (Japanese) (PDF/425KB),HTML table 1; row 240; column 8,review_required
S027,217d731bacf8971f6d53204b7903227b632c869ba27bbe2e5b37e1874d3beb36,,1,240,9,·Result of Monitoring (2025Q1) (PDF/158KB),HTML table 1; row 240; column 9,review_required
S027,217d731bacf8971f6d53204b7903227b632c869ba27bbe2e5b37e1874d3beb36,,1,241,1,Pakistan,HTML table 1; row 241; column 1,review_required
S027,217d731bacf8971f6d53204b7903227b632c869ba27bbe2e5b37e1874d3beb36,,1,241,2,Flood Damaged Road Rehabilitation Project,HTML table 1; row 241; column 2,review_required
S027,217d731bacf8971f6d53204b7903227b632c869ba27bbe2e5b37e1874d3beb36,,1,241,3,L,HTML table 1; row 241; column 3,review_required
S027,217d731bacf8971f6d53204b7903227b632c869ba27bbe2e5b37e1874d3beb36,,1,241,4,2010,HTML table 1; row 241; column 4,review_required
S027,217d731bacf8971f6d53204b7903227b632c869ba27bbe2e5b37e1874d3beb36,,1,241,5,FI,HTML table 1; row 241; column 5,review_required
S027,217d731bacf8971f6d53204b7903227b632c869ba27bbe2e5b37e1874d3beb36,,1,241,6,-,HTML table 1; row 241; column 6,review_required
S027,217d731bacf8971f6d53204b7903227b632c869ba27bbe2e5b37e1874d3beb36,,1,241,7,-,HTML table 1; row 241; column 7,review_required
S027,217d731bacf8971f6d53204b7903227b632c869ba27bbe2e5b37e1874d3beb36,,1,241,8,-,HTML table 1; row 241; column 8,review_required
S027,217d731bacf8971f6d53204b7903227b632c869ba27bbe2e5b37e1874d3beb36,,1,241,9,-,HTML table 1; row 241; column 9,review_required
S027,217d731bacf8971f6d53204b7903227b632c869ba27bbe2e5b37e1874d3beb36,,1,242,1,Pakistan,HTML table 1; row 242; column 1,review_required
S027,217d731bacf8971f6d53204b7903227b632c869ba27bbe2e5b37e1874d3beb36,,1,242,2,"The Project for Water Supply, Sewerage and Drainage Master Plan in Islamabad",HTML table 1; row 242; column 2,review_required
S027,217d731bacf8971f6d53204b7903227b632c869ba27bbe2e5b37e1874d3beb36,,1,242,3,TCDP,HTML table 1; row 242; column 3,review_required
S027,217d731bacf8971f6d53204b7903227b632c869ba27bbe2e5b37e1874d3beb36,,1,242,4,2022,HTML table 1; row 242; column 4,review_required
S027,217d731bacf8971f6d53204b7903227b632c869ba27bbe2e5b37e1874d3beb36,,1,242,5,B,HTML table 1; row 242; column 5,review_required
S027,217d731bacf8971f6d53204b7903227b632c869ba27bbe2e5b37e1874d3beb36,,1,242,6,-,HTML table 1; row 242; column 6,review_required
S027,217d731bacf8971f6d53204b7903227b632c869ba27bbe2e5b37e1874d3beb36,,1,242,7,-,HTML table 1; row 242; column 7,review_required
S027,217d731bacf8971f6d53204b7903227b632c869ba27bbe2e5b37e1874d3beb36,,1,242,8,-,HTML table 1; row 242; column 8,review_required
S027,217d731bacf8971f6d53204b7903227b632c869ba27bbe2e5b37e1874d3beb36,,1,242,9,-,HTML table 1; row 242; column 9,review_required
S027,217d731bacf8971f6d53204b7903227b632c869ba27bbe2e5b37e1874d3beb36,,1,243,1,Pakistan,HTML table 1; row 243; column 1,review_required
S027,217d731bacf8971f6d53204b7903227b632c869ba27bbe2e5b37e1874d3beb36,,1,243,2,Water Supply Improvement Project in Faisalabad,HTML table 1; row 243; column 2,review_required
S027,217d731bacf8971f6d53204b7903227b632c869ba27bbe2e5b37e1874d3beb36,,1,243,3,L,HTML table 1; row 243; column 3,review_required
S027,217d731bacf8971f6d53204b7903227b632c869ba27bbe2e5b37e1874d3beb36,,1,243,4,2022,HTML table 1; row 243; column 4,review_required
S027,217d731bacf8971f6d53204b7903227b632c869ba27bbe2e5b37e1874d3beb36,,1,243,5,B,HTML table 1; row 243; column 5,review_required
S027,217d731bacf8971f6d53204b7903227b632c869ba27bbe2e5b37e1874d3beb36,,1,243,6,-,HTML table 1; row 243; column 6,review_required
S027,217d731bacf8971f6d53204b7903227b632c869ba27bbe2e5b37e1874d3beb36,,1,243,7,-,HTML table 1; row 243; column 7,review_required
S027,217d731bacf8971f6d53204b7903227b632c869ba27bbe2e5b37e1874d3beb36,,1,243,8,-,HTML table 1; row 243; column 8,review_required
S027,217d731bacf8971f6d53204b7903227b632c869ba27bbe2e5b37e1874d3beb36,,1,243,9,-,HTML table 1; row 243; column 9,review_required
S027,217d731bacf8971f6d53204b7903227b632c869ba27bbe2e5b37e1874d3beb36,,1,244,1,Pakistan,HTML table 1; row 244; column 1,review_required
S027,217d731bacf8971f6d53204b7903227b632c869ba27bbe2e5b37e1874d3beb36,,1,244,2,The Project for Haripur City Water Supply Improvement,HTML table 1; row 244; column 2,review_required
S027,217d731bacf8971f6d53204b7903227b632c869ba27bbe2e5b37e1874d3beb36,,1,244,3,GA,HTML table 1; row 244; column 3,review_required
S027,217d731bacf8971f6d53204b7903227b632c869ba27bbe2e5b37e1874d3beb36,,1,244,4,2022,HTML table 1; row 244; column 4,review_required
S027,217d731bacf8971f6d53204b7903227b632c869ba27bbe2e5b37e1874d3beb36,,1,244,5,B,HTML table 1; row 244; column 5,review_required
S027,217d731bacf8971f6d53204b7903227b632c869ba27bbe2e5b37e1874d3beb36,,1,244,6,-,HTML table 1; row 244; column 6,review_required
S027,217d731bacf8971f6d53204b7903227b632c869ba27bbe2e5b37e1874d3beb36,,1,244,7,-,HTML table 1; row 244; column 7,review_required
S027,217d731bacf8971f6d53204b7903227b632c869ba27bbe2e5b37e1874d3beb36,,1,244,8,-,HTML table 1; row 244; column 8,review_required
S027,217d731bacf8971f6d53204b7903227b632c869ba27bbe2e5b37e1874d3beb36,,1,244,9,-,HTML table 1; row 244; column 9,review_required
S027,217d731bacf8971f6d53204b7903227b632c869ba27bbe2e5b37e1874d3beb36,,1,245,1,Pakistan,HTML table 1; row 245; column 1,review_required
S027,217d731bacf8971f6d53204b7903227b632c869ba27bbe2e5b37e1874d3beb36,,1,245,2,The Project for Flood Protection and Dike Improvement on Indus River in Sindh Province,HTML table 1; row 245; column 2,review_required
S027,217d731bacf8971f6d53204b7903227b632c869ba27bbe2e5b37e1874d3beb36,,1,245,3,GA,HTML table 1; row 245; column 3,review_required
S027,217d731bacf8971f6d53204b7903227b632c869ba27bbe2e5b37e1874d3beb36,,1,245,4,2022,HTML table 1; row 245; column 4,review_required
S027,217d731bacf8971f6d53204b7903227b632c869ba27bbe2e5b37e1874d3beb36,,1,245,5,B,HTML table 1; row 245; column 5,review_required
S027,217d731bacf8971f6d53204b7903227b632c869ba27bbe2e5b37e1874d3beb36,,1,245,6,-,HTML table 1; row 245; column 6,review_required
S027,217d731bacf8971f6d53204b7903227b632c869ba27bbe2e5b37e1874d3beb36,,1,245,7,"·IEE (May.13, 2026) (PDF/15.0MB) ·RAP (May.13, 2026) (PDF/6.57MB)",HTML table 1; row 245; column 7,review_required
S027,217d731bacf8971f6d53204b7903227b632c869ba27bbe2e5b37e1874d3beb36,,1,245,8,-,HTML table 1; row 245; column 8,review_required
S027,217d731bacf8971f6d53204b7903227b632c869ba27bbe2e5b37e1874d3beb36,,1,245,9,-,HTML table 1; row 245; column 9,review_required
S027,217d731bacf8971f6d53204b7903227b632c869ba27bbe2e5b37e1874d3beb36,,1,246,1,Sri Lanka,HTML table 1; row 246; column 1,review_required
S027,217d731bacf8971f6d53204b7903227b632c869ba27bbe2e5b37e1874d3beb36,,1,246,2,Container Terminals for Colombo South Harbor Development Project,HTML table 1; row 246; column 2,review_required
S027,217d731bacf8971f6d53204b7903227b632c869ba27bbe2e5b37e1874d3beb36,,1,246,3,L,HTML table 1; row 246; column 3,review_required
S027,217d731bacf8971f6d53204b7903227b632c869ba27bbe2e5b37e1874d3beb36,,1,246,4,2010,HTML table 1; row 246; column 4,review_required
S027,217d731bacf8971f6d53204b7903227b632c869ba27bbe2e5b37e1874d3beb36,,1,246,5,A,HTML table 1; row 246; column 5,review_required
S027,217d731bacf8971f6d53204b7903227b632c869ba27bbe2e5b37e1874d3beb36,,1,246,6,-,HTML table 1; row 246; column 6,review_required
S027,217d731bacf8971f6d53204b7903227b632c869ba27bbe2e5b37e1874d3beb36,,1,246,7,-,HTML table 1; row 246; column 7,review_required
S027,217d731bacf8971f6d53204b7903227b632c869ba27bbe2e5b37e1874d3beb36,,1,246,8,-,HTML table 1; row 246; column 8,review_required
S027,217d731bacf8971f6d53204b7903227b632c869ba27bbe2e5b37e1874d3beb36,,1,246,9,-,HTML table 1; row 246; column 9,review_required
S027,217d731bacf8971f6d53204b7903227b632c869ba27bbe2e5b37e1874d3beb36,,1,247,1,Sri Lanka,HTML table 1; row 247; column 1,review_required
S027,217d731bacf8971f6d53204b7903227b632c869ba27bbe2e5b37e1874d3beb36,,1,247,2,Moragahakanda Development Project,HTML table 1; row 247; column 2,review_required
S027,217d731bacf8971f6d53204b7903227b632c869ba27bbe2e5b37e1874d3beb36,,1,247,3,L,HTML table 1; row 247; column 3,review_required
S027,217d731bacf8971f6d53204b7903227b632c869ba27bbe2e5b37e1874d3beb36,,1,247,4,2010,HTML table 1; row 247; column 4,review_required
S027,217d731bacf8971f6d53204b7903227b632c869ba27bbe2e5b37e1874d3beb36,,1,247,5,A,HTML table 1; row 247; column 5,review_required
S027,217d731bacf8971f6d53204b7903227b632c869ba27bbe2e5b37e1874d3beb36,,1,247,6,"·EPC (Oct. 1, 2010) (PDF/935KB)",HTML table 1; row 247; column 6,review_required
S027,217d731bacf8971f6d53204b7903227b632c869ba27bbe2e5b37e1874d3beb36,,1,247,7,"·EIA (Oct. 1, 2010) (PDF/80.1MB) ·RAP (Oct. 1, 2010) (PDF/36.5MB)",HTML table 1; row 247; column 7,review_required
S027,217d731bacf8971f6d53204b7903227b632c869ba27bbe2e5b37e1874d3beb36,,1,247,8,·TBA,HTML table 1; row 247; column 8,review_required
S027,217d731bacf8971f6d53204b7903227b632c869ba27bbe2e5b37e1874d3beb36,,1,247,9,-,HTML table 1; row 247; column 9,review_required
S027,217d731bacf8971f6d53204b7903227b632c869ba27bbe2e5b37e1874d3beb36,,1,248,1,Sri Lanka,HTML table 1; row 248; column 1,review_required
S027,217d731bacf8971f6d53204b7903227b632c869ba27bbe2e5b37e1874d3beb36,,1,248,2,New Bridge Construction Project over the Kelani River,HTML table 1; row 248; column 2,review_required
S027,217d731bacf8971f6d53204b7903227b632c869ba27bbe2e5b37e1874d3beb36,,1,248,3,L,HTML table 1; row 248; column 3,review_required
S027,217d731bacf8971f6d53204b7903227b632c869ba27bbe2e5b37e1874d3beb36,,1,248,4,2010,HTML table 1; row 248; column 4,review_required
S027,217d731bacf8971f6d53204b7903227b632c869ba27bbe2e5b37e1874d3beb36,,1,248,5,A,HTML table 1; row 248; column 5,review_required
S027,217d731bacf8971f6d53204b7903227b632c869ba27bbe2e5b37e1874d3beb36,,1,248,6,·-Preparatory Survey Volume 1:Cover～5 ·-Volume 1: 5～14 ·-Volume 1: Appendix ; 1～4 ·-Volume 1: Appendix ; 4～9 ·-Volume 2: Cover～Plan ·-Volume 2: Profile～Substructure General Drawing ·-Volume 3: Cover～Vol.I ·-Volume 3: Vol.II ·-Volume 3: Vol.II ·-Volume 4: Cover～Appendix2 ·-Volume 4: Appendix ; 2～3 ·-Volume 4: Appendix 4～5 ·-Volume 4: Appendix 5 ·-Volume 4: Appendix 5 ·-Volume 4: Appendix ; 5～10.2,HTML table 1; row 248; column 6,review_required
S027,217d731bacf8971f6d53204b7903227b632c869ba27bbe2e5b37e1874d3beb36,,1,248,7,"·EIA (Nov. 1, 2013) (PDF/29.2MB) ·RAP(PDF/7.64MB) (PDF/7.64MB)",HTML table 1; row 248; column 7,review_required
S027,217d731bacf8971f6d53204b7903227b632c869ba27bbe2e5b37e1874d3beb36,,1,248,8,·Ex-Ante Evaluation (PDF/43.44KB),HTML table 1; row 248; column 8,review_required
S027,217d731bacf8971f6d53204b7903227b632c869ba27bbe2e5b37e1874d3beb36,,1,248,9,-,HTML table 1; row 248; column 9,review_required
S027,217d731bacf8971f6d53204b7903227b632c869ba27bbe2e5b37e1874d3beb36,,1,249,1,Sri Lanka,HTML table 1; row 249; column 1,review_required
S027,217d731bacf8971f6d53204b7903227b632c869ba27bbe2e5b37e1874d3beb36,,1,249,2,Project for Establishment of New Light Rail Transit System in Colombo,HTML table 1; row 249; column 2,review_required
S027,217d731bacf8971f6d53204b7903227b632c869ba27bbe2e5b37e1874d3beb36,,1,249,3,L,HTML table 1; row 249; column 3,review_required
S027,217d731bacf8971f6d53204b7903227b632c869ba27bbe2e5b37e1874d3beb36,,1,249,4,2010,HTML table 1; row 249; column 4,review_required
S027,217d731bacf8971f6d53204b7903227b632c869ba27bbe2e5b37e1874d3beb36,,1,249,5,A,HTML table 1; row 249; column 5,review_required
S027,217d731bacf8971f6d53204b7903227b632c869ba27bbe2e5b37e1874d3beb36,,1,249,6,"·Preparatory survey on the project for establishment of new light rail transit system in Colombo final reprot (May. 31, 2018)",HTML table 1; row 249; column 6,review_required
S027,217d731bacf8971f6d53204b7903227b632c869ba27bbe2e5b37e1874d3beb36,,1,249,7,"·RAPJuly. 24, 2018 (PDF/5.84MB) ·EPCJuly. 25, 2018 (PDF/8.04MB) ·EIAJuly. 25, 2018 (PDF/54.1MB) ·EIA(ADDENDUM) July. 25, 2018 (PDF/6.81MB)",HTML table 1; row 249; column 7,review_required
S027,217d731bacf8971f6d53204b7903227b632c869ba27bbe2e5b37e1874d3beb36,,1,249,8,·Environmental Review (PDF/144KB),HTML table 1; row 249; column 8,review_required
S027,217d731bacf8971f6d53204b7903227b632c869ba27bbe2e5b37e1874d3beb36,,1,249,9,·Latest Monitoring Report (December 2019) (PDF/236KB),HTML table 1; row 249; column 9,review_required
S027,217d731bacf8971f6d53204b7903227b632c869ba27bbe2e5b37e1874d3beb36,,1,250,1,Sri Lanka,HTML table 1; row 250; column 1,review_required
S027,217d731bacf8971f6d53204b7903227b632c869ba27bbe2e5b37e1874d3beb36,,1,250,2,Traffic Improvement Project around New Kelani Bridge,HTML table 1; row 250; column 2,review_required
S027,217d731bacf8971f6d53204b7903227b632c869ba27bbe2e5b37e1874d3beb36,,1,250,3,L,HTML table 1; row 250; column 3,review_required
S027,217d731bacf8971f6d53204b7903227b632c869ba27bbe2e5b37e1874d3beb36,,1,250,4,2010,HTML table 1; row 250; column 4,review_required
S027,217d731bacf8971f6d53204b7903227b632c869ba27bbe2e5b37e1874d3beb36,,1,250,5,A,HTML table 1; row 250; column 5,review_required
S027,217d731bacf8971f6d53204b7903227b632c869ba27bbe2e5b37e1874d3beb36,,1,250,6,-,HTML table 1; row 250; column 6,review_required
S027,217d731bacf8971f6d53204b7903227b632c869ba27bbe2e5b37e1874d3beb36,,1,250,7,-,HTML table 1; row 250; column 7,review_required
S027,217d731bacf8971f6d53204b7903227b632c869ba27bbe2e5b37e1874d3beb36,,1,250,8,-,HTML table 1; row 250; column 8,review_required
S027,217d731bacf8971f6d53204b7903227b632c869ba27bbe2e5b37e1874d3beb36,,1,250,9,-,HTML table 1; row 250; column 9,review_required
S027,217d731bacf8971f6d53204b7903227b632c869ba27bbe2e5b37e1874d3beb36,,1,251,1,Sri Lanka,HTML table 1; row 251; column 1,review_required
S027,217d731bacf8971f6d53204b7903227b632c869ba27bbe2e5b37e1874d3beb36,,1,251,2,Feasibility Survey for Environmental Protective Slope Protection Technology Using GEOFIBER Method (Continuous Fiber Reinforced Soil Method),HTML table 1; row 251; column 2,review_required
S027,217d731bacf8971f6d53204b7903227b632c869ba27bbe2e5b37e1874d3beb36,,1,251,3,SDGs-SS,HTML table 1; row 251; column 3,review_required
S027,217d731bacf8971f6d53204b7903227b632c869ba27bbe2e5b37e1874d3beb36,,1,251,4,2010,HTML table 1; row 251; column 4,review_required
S027,217d731bacf8971f6d53204b7903227b632c869ba27bbe2e5b37e1874d3beb36,,1,251,5,B,HTML table 1; row 251; column 5,review_required
S027,217d731bacf8971f6d53204b7903227b632c869ba27bbe2e5b37e1874d3beb36,,1,251,6,·Final Report (in Japanese)(PDF/5.46MB),HTML table 1; row 251; column 6,review_required
S027,217d731bacf8971f6d53204b7903227b632c869ba27bbe2e5b37e1874d3beb36,,1,251,7,-,HTML table 1; row 251; column 7,review_required
S027,217d731bacf8971f6d53204b7903227b632c869ba27bbe2e5b37e1874d3beb36,,1,251,8,-,HTML table 1; row 251; column 8,review_required
S027,217d731bacf8971f6d53204b7903227b632c869ba27bbe2e5b37e1874d3beb36,,1,251,9,-,HTML table 1; row 251; column 9,review_required
S027,217d731bacf8971f6d53204b7903227b632c869ba27bbe2e5b37e1874d3beb36,,1,252,1,Sri Lanka,HTML table 1; row 252; column 1,review_required
S027,217d731bacf8971f6d53204b7903227b632c869ba27bbe2e5b37e1874d3beb36,,1,252,2,Feasibility Survey for Incineration Treatment of Medical Wastes in Sri Lanka,HTML table 1; row 252; column 2,review_required
S027,217d731bacf8971f6d53204b7903227b632c869ba27bbe2e5b37e1874d3beb36,,1,252,3,SDGs-SS,HTML table 1; row 252; column 3,review_required
S027,217d731bacf8971f6d53204b7903227b632c869ba27bbe2e5b37e1874d3beb36,,1,252,4,2010,HTML table 1; row 252; column 4,review_required
S027,217d731bacf8971f6d53204b7903227b632c869ba27bbe2e5b37e1874d3beb36,,1,252,5,B,HTML table 1; row 252; column 5,review_required
S027,217d731bacf8971f6d53204b7903227b632c869ba27bbe2e5b37e1874d3beb36,,1,252,6,·Final Report (in Japanese)(PDF/6.53MB),HTML table 1; row 252; column 6,review_required
S027,217d731bacf8971f6d53204b7903227b632c869ba27bbe2e5b37e1874d3beb36,,1,252,7,-,HTML table 1; row 252; column 7,review_required
S027,217d731bacf8971f6d53204b7903227b632c869ba27bbe2e5b37e1874d3beb36,,1,252,8,-,HTML table 1; row 252; column 8,review_required
S027,217d731bacf8971f6d53204b7903227b632c869ba27bbe2e5b37e1874d3beb36,,1,252,9,-,HTML table 1; row 252; column 9,review_required
S027,217d731bacf8971f6d53204b7903227b632c869ba27bbe2e5b37e1874d3beb36,,1,253,1,Sri Lanka,HTML table 1; row 253; column 1,review_required
S027,217d731bacf8971f6d53204b7903227b632c869ba27bbe2e5b37e1874d3beb36,,1,253,2,Feasibility Survey for Introducing Self-treatment Type Flush Bio-toilet by Utilizing Oyster Shell,HTML table 1; row 253; column 2,review_required
S027,217d731bacf8971f6d53204b7903227b632c869ba27bbe2e5b37e1874d3beb36,,1,253,3,SDGs-SS,HTML table 1; row 253; column 3,review_required
S027,217d731bacf8971f6d53204b7903227b632c869ba27bbe2e5b37e1874d3beb36,,1,253,4,2010,HTML table 1; row 253; column 4,review_required
S027,217d731bacf8971f6d53204b7903227b632c869ba27bbe2e5b37e1874d3beb36,,1,253,5,B,HTML table 1; row 253; column 5,review_required
S027,217d731bacf8971f6d53204b7903227b632c869ba27bbe2e5b37e1874d3beb36,,1,253,6,·final report in japanese,HTML table 1; row 253; column 6,review_required
S027,217d731bacf8971f6d53204b7903227b632c869ba27bbe2e5b37e1874d3beb36,,1,253,7,-,HTML table 1; row 253; column 7,review_required
S027,217d731bacf8971f6d53204b7903227b632c869ba27bbe2e5b37e1874d3beb36,,1,253,8,-,HTML table 1; row 253; column 8,review_required
S027,217d731bacf8971f6d53204b7903227b632c869ba27bbe2e5b37e1874d3beb36,,1,253,9,-,HTML table 1; row 253; column 9,review_required
S027,217d731bacf8971f6d53204b7903227b632c869ba27bbe2e5b37e1874d3beb36,,1,254,1,Sri Lanka,HTML table 1; row 254; column 1,review_required
S027,217d731bacf8971f6d53204b7903227b632c869ba27bbe2e5b37e1874d3beb36,,1,254,2,Feasibility Survey for manufacturing and development engineer personnel training program in the industrial education sector.,HTML table 1; row 254; column 2,review_required
S027,217d731bacf8971f6d53204b7903227b632c869ba27bbe2e5b37e1874d3beb36,,1,254,3,SDGs-SS,HTML table 1; row 254; column 3,review_required
S027,217d731bacf8971f6d53204b7903227b632c869ba27bbe2e5b37e1874d3beb36,,1,254,4,2010,HTML table 1; row 254; column 4,review_required
S027,217d731bacf8971f6d53204b7903227b632c869ba27bbe2e5b37e1874d3beb36,,1,254,5,B,HTML table 1; row 254; column 5,review_required
S027,217d731bacf8971f6d53204b7903227b632c869ba27bbe2e5b37e1874d3beb36,,1,254,6,·final report in japanese,HTML table 1; row 254; column 6,review_required
S027,217d731bacf8971f6d53204b7903227b632c869ba27bbe2e5b37e1874d3beb36,,1,254,7,-,HTML table 1; row 254; column 7,review_required
S027,217d731bacf8971f6d53204b7903227b632c869ba27bbe2e5b37e1874d3beb36,,1,254,8,-,HTML table 1; row 254; column 8,review_required
S027,217d731bacf8971f6d53204b7903227b632c869ba27bbe2e5b37e1874d3beb36,,1,254,9,-,HTML table 1; row 254; column 9,review_required
S027,217d731bacf8971f6d53204b7903227b632c869ba27bbe2e5b37e1874d3beb36,,1,255,1,Sri Lanka,HTML table 1; row 255; column 1,review_required
S027,217d731bacf8971f6d53204b7903227b632c869ba27bbe2e5b37e1874d3beb36,,1,255,2,Verification Survey with the Private Sector for Disseminating Japanese Technologies for Municipal Solid Waste Material Recovery Facility,HTML table 1; row 255; column 2,review_required
S027,217d731bacf8971f6d53204b7903227b632c869ba27bbe2e5b37e1874d3beb36,,1,255,3,SDGs-SS,HTML table 1; row 255; column 3,review_required
S027,217d731bacf8971f6d53204b7903227b632c869ba27bbe2e5b37e1874d3beb36,,1,255,4,2010,HTML table 1; row 255; column 4,review_required
S027,217d731bacf8971f6d53204b7903227b632c869ba27bbe2e5b37e1874d3beb36,,1,255,5,B,HTML table 1; row 255; column 5,review_required
S027,217d731bacf8971f6d53204b7903227b632c869ba27bbe2e5b37e1874d3beb36,,1,255,6,·Final Report (In Japanese),HTML table 1; row 255; column 6,review_required
S027,217d731bacf8971f6d53204b7903227b632c869ba27bbe2e5b37e1874d3beb36,,1,255,7,-,HTML table 1; row 255; column 7,review_required
S027,217d731bacf8971f6d53204b7903227b632c869ba27bbe2e5b37e1874d3beb36,,1,255,8,·Environmental Review (In Japanese) (PDF/169KB),HTML table 1; row 255; column 8,review_required
S027,217d731bacf8971f6d53204b7903227b632c869ba27bbe2e5b37e1874d3beb36,,1,255,9,·Final Report (In Japanese),HTML table 1; row 255; column 9,review_required
S027,217d731bacf8971f6d53204b7903227b632c869ba27bbe2e5b37e1874d3beb36,,1,256,1,Sri Lanka,HTML table 1; row 256; column 1,review_required
S027,217d731bacf8971f6d53204b7903227b632c869ba27bbe2e5b37e1874d3beb36,,1,256,2,Verification Survey with the Private Sector for Disseminating Japanese Technologies for Pre-stressed Concrete Tanks for Water Supply and Sewage Treatment Systems in Sri Lanka,HTML table 1; row 256; column 2,review_required
S027,217d731bacf8971f6d53204b7903227b632c869ba27bbe2e5b37e1874d3beb36,,1,256,3,SDGs-SS,HTML table 1; row 256; column 3,review_required
S027,217d731bacf8971f6d53204b7903227b632c869ba27bbe2e5b37e1874d3beb36,,1,256,4,2010,HTML table 1; row 256; column 4,review_required
S027,217d731bacf8971f6d53204b7903227b632c869ba27bbe2e5b37e1874d3beb36,,1,256,5,B,HTML table 1; row 256; column 5,review_required
S027,217d731bacf8971f6d53204b7903227b632c869ba27bbe2e5b37e1874d3beb36,,1,256,6,·Final Report (In Japanese) (PDF/16.6MB),HTML table 1; row 256; column 6,review_required
S027,217d731bacf8971f6d53204b7903227b632c869ba27bbe2e5b37e1874d3beb36,,1,256,7,-,HTML table 1; row 256; column 7,review_required
S027,217d731bacf8971f6d53204b7903227b632c869ba27bbe2e5b37e1874d3beb36,,1,256,8,··Environmental Review(Japanese) (PDF/142KB),HTML table 1; row 256; column 8,review_required
S027,217d731bacf8971f6d53204b7903227b632c869ba27bbe2e5b37e1874d3beb36,,1,256,9,·Final Report (In Japanese) (PDF/16.6MB),HTML table 1; row 256; column 9,review_required
S027,217d731bacf8971f6d53204b7903227b632c869ba27bbe2e5b37e1874d3beb36,,1,257,1,Sri Lanka,HTML table 1; row 257; column 1,review_required
S027,217d731bacf8971f6d53204b7903227b632c869ba27bbe2e5b37e1874d3beb36,,1,257,2,Verification Survey with the Private Sector for Disseminating Japanese Technologies for Recycling Project of Organic Garbage and Agricultural Waste by Screw Type Composting Plant,HTML table 1; row 257; column 2,review_required
S027,217d731bacf8971f6d53204b7903227b632c869ba27bbe2e5b37e1874d3beb36,,1,257,3,SDGs-SS,HTML table 1; row 257; column 3,review_required
S027,217d731bacf8971f6d53204b7903227b632c869ba27bbe2e5b37e1874d3beb36,,1,257,4,2010,HTML table 1; row 257; column 4,review_required
S027,217d731bacf8971f6d53204b7903227b632c869ba27bbe2e5b37e1874d3beb36,,1,257,5,B,HTML table 1; row 257; column 5,review_required
S027,217d731bacf8971f6d53204b7903227b632c869ba27bbe2e5b37e1874d3beb36,,1,257,6,·Final Report （In Japanese）,HTML table 1; row 257; column 6,review_required
S027,217d731bacf8971f6d53204b7903227b632c869ba27bbe2e5b37e1874d3beb36,,1,257,7,"·Environmental Recommendation (Apr.6,2016) (PDF/192KB)",HTML table 1; row 257; column 7,review_required
S027,217d731bacf8971f6d53204b7903227b632c869ba27bbe2e5b37e1874d3beb36,,1,257,8,·Environmental Review(Japanese) (PDF/183KB),HTML table 1; row 257; column 8,review_required
S027,217d731bacf8971f6d53204b7903227b632c869ba27bbe2e5b37e1874d3beb36,,1,257,9,·Final Report （In Japanese）,HTML table 1; row 257; column 9,review_required
S027,217d731bacf8971f6d53204b7903227b632c869ba27bbe2e5b37e1874d3beb36,,1,258,1,Sri Lanka,HTML table 1; row 258; column 1,review_required
S027,217d731bacf8971f6d53204b7903227b632c869ba27bbe2e5b37e1874d3beb36,,1,258,2,Verification Survey with the Private Sector for Disseminating Japanese Technologies for Wastewater Treatment by Ozone Oxidation Method with Swirling Jet,HTML table 1; row 258; column 2,review_required
S027,217d731bacf8971f6d53204b7903227b632c869ba27bbe2e5b37e1874d3beb36,,1,258,3,SDGs-SS,HTML table 1; row 258; column 3,review_required
S027,217d731bacf8971f6d53204b7903227b632c869ba27bbe2e5b37e1874d3beb36,,1,258,4,2010,HTML table 1; row 258; column 4,review_required
S027,217d731bacf8971f6d53204b7903227b632c869ba27bbe2e5b37e1874d3beb36,,1,258,5,B,HTML table 1; row 258; column 5,review_required
S027,217d731bacf8971f6d53204b7903227b632c869ba27bbe2e5b37e1874d3beb36,,1,258,6,·Final Report (In Japanese) (PDF/6.33MB),HTML table 1; row 258; column 6,review_required
S027,217d731bacf8971f6d53204b7903227b632c869ba27bbe2e5b37e1874d3beb36,,1,258,7,-,HTML table 1; row 258; column 7,review_required
S027,217d731bacf8971f6d53204b7903227b632c869ba27bbe2e5b37e1874d3beb36,,1,258,8,·Environmental Review(Japanese) (PDF/131KB),HTML table 1; row 258; column 8,review_required
S027,217d731bacf8971f6d53204b7903227b632c869ba27bbe2e5b37e1874d3beb36,,1,258,9,·Final Report (In Japanese) (PDF/6.33MB),HTML table 1; row 258; column 9,review_required
S027,217d731bacf8971f6d53204b7903227b632c869ba27bbe2e5b37e1874d3beb36,,1,259,1,Sri Lanka,HTML table 1; row 259; column 1,review_required
S027,217d731bacf8971f6d53204b7903227b632c869ba27bbe2e5b37e1874d3beb36,,1,259,2,BOP business on water supply in non-supply areas,HTML table 1; row 259; column 2,review_required
S027,217d731bacf8971f6d53204b7903227b632c869ba27bbe2e5b37e1874d3beb36,,1,259,3,TCP,HTML table 1; row 259; column 3,review_required
S027,217d731bacf8971f6d53204b7903227b632c869ba27bbe2e5b37e1874d3beb36,,1,259,4,2010,HTML table 1; row 259; column 4,review_required
S027,217d731bacf8971f6d53204b7903227b632c869ba27bbe2e5b37e1874d3beb36,,1,259,5,B,HTML table 1; row 259; column 5,review_required
S027,217d731bacf8971f6d53204b7903227b632c869ba27bbe2e5b37e1874d3beb36,,1,259,6,-,HTML table 1; row 259; column 6,review_required
S027,217d731bacf8971f6d53204b7903227b632c869ba27bbe2e5b37e1874d3beb36,,1,259,7,-,HTML table 1; row 259; column 7,review_required
S027,217d731bacf8971f6d53204b7903227b632c869ba27bbe2e5b37e1874d3beb36,,1,259,8,-,HTML table 1; row 259; column 8,review_required
S027,217d731bacf8971f6d53204b7903227b632c869ba27bbe2e5b37e1874d3beb36,,1,259,9,-,HTML table 1; row 259; column 9,review_required
S027,217d731bacf8971f6d53204b7903227b632c869ba27bbe2e5b37e1874d3beb36,,1,260,1,Sri Lanka,HTML table 1; row 260; column 1,review_required
S027,217d731bacf8971f6d53204b7903227b632c869ba27bbe2e5b37e1874d3beb36,,1,260,2,Project for Formulation of Western Province Solid Waste Management Master Plan,HTML table 1; row 260; column 2,review_required
S027,217d731bacf8971f6d53204b7903227b632c869ba27bbe2e5b37e1874d3beb36,,1,260,3,TCP,HTML table 1; row 260; column 3,review_required
S027,217d731bacf8971f6d53204b7903227b632c869ba27bbe2e5b37e1874d3beb36,,1,260,4,2010,HTML table 1; row 260; column 4,review_required
S027,217d731bacf8971f6d53204b7903227b632c869ba27bbe2e5b37e1874d3beb36,,1,260,5,B,HTML table 1; row 260; column 5,review_required
S027,217d731bacf8971f6d53204b7903227b632c869ba27bbe2e5b37e1874d3beb36,,1,260,6,"·Detailed Planning Survey(April,19 2019) (PDF/963KB)",HTML table 1; row 260; column 6,review_required
S027,217d731bacf8971f6d53204b7903227b632c869ba27bbe2e5b37e1874d3beb36,,1,260,7,-,HTML table 1; row 260; column 7,review_required
S027,217d731bacf8971f6d53204b7903227b632c869ba27bbe2e5b37e1874d3beb36,,1,260,8,-,HTML table 1; row 260; column 8,review_required
S027,217d731bacf8971f6d53204b7903227b632c869ba27bbe2e5b37e1874d3beb36,,1,260,9,-,HTML table 1; row 260; column 9,review_required
S027,217d731bacf8971f6d53204b7903227b632c869ba27bbe2e5b37e1874d3beb36,,1,261,1,Sri Lanka,HTML table 1; row 261; column 1,review_required
S027,217d731bacf8971f6d53204b7903227b632c869ba27bbe2e5b37e1874d3beb36,,1,261,2,Project for Formulation of Western Province Solid Waste Management Master Plan,HTML table 1; row 261; column 2,review_required
S027,217d731bacf8971f6d53204b7903227b632c869ba27bbe2e5b37e1874d3beb36,,1,261,3,TCP,HTML table 1; row 261; column 3,review_required
S027,217d731bacf8971f6d53204b7903227b632c869ba27bbe2e5b37e1874d3beb36,,1,261,4,2010,HTML table 1; row 261; column 4,review_required
S027,217d731bacf8971f6d53204b7903227b632c869ba27bbe2e5b37e1874d3beb36,,1,261,5,B,HTML table 1; row 261; column 5,review_required
S027,217d731bacf8971f6d53204b7903227b632c869ba27bbe2e5b37e1874d3beb36,,1,261,6,-,HTML table 1; row 261; column 6,review_required
S027,217d731bacf8971f6d53204b7903227b632c869ba27bbe2e5b37e1874d3beb36,,1,261,7,-,HTML table 1; row 261; column 7,review_required
S027,217d731bacf8971f6d53204b7903227b632c869ba27bbe2e5b37e1874d3beb36,,1,261,8,-,HTML table 1; row 261; column 8,review_required
S027,217d731bacf8971f6d53204b7903227b632c869ba27bbe2e5b37e1874d3beb36,,1,261,9,-,HTML table 1; row 261; column 9,review_required
S027,217d731bacf8971f6d53204b7903227b632c869ba27bbe2e5b37e1874d3beb36,,1,262,1,Sri Lanka,HTML table 1; row 262; column 1,review_required
S027,217d731bacf8971f6d53204b7903227b632c869ba27bbe2e5b37e1874d3beb36,,1,262,2,Project for Flood Mitigation Master Plan for Colombo Metropolitan Region,HTML table 1; row 262; column 2,review_required
S027,217d731bacf8971f6d53204b7903227b632c869ba27bbe2e5b37e1874d3beb36,,1,262,3,TCDP,HTML table 1; row 262; column 3,review_required
S027,217d731bacf8971f6d53204b7903227b632c869ba27bbe2e5b37e1874d3beb36,,1,262,4,2010,HTML table 1; row 262; column 4,review_required
S027,217d731bacf8971f6d53204b7903227b632c869ba27bbe2e5b37e1874d3beb36,,1,262,5,B,HTML table 1; row 262; column 5,review_required
S027,217d731bacf8971f6d53204b7903227b632c869ba27bbe2e5b37e1874d3beb36,,1,262,6,-,HTML table 1; row 262; column 6,review_required
S027,217d731bacf8971f6d53204b7903227b632c869ba27bbe2e5b37e1874d3beb36,,1,262,7,-,HTML table 1; row 262; column 7,review_required
S027,217d731bacf8971f6d53204b7903227b632c869ba27bbe2e5b37e1874d3beb36,,1,262,8,-,HTML table 1; row 262; column 8,review_required
S027,217d731bacf8971f6d53204b7903227b632c869ba27bbe2e5b37e1874d3beb36,,1,262,9,-,HTML table 1; row 262; column 9,review_required
S027,217d731bacf8971f6d53204b7903227b632c869ba27bbe2e5b37e1874d3beb36,,1,263,1,Sri Lanka,HTML table 1; row 263; column 1,review_required
S027,217d731bacf8971f6d53204b7903227b632c869ba27bbe2e5b37e1874d3beb36,,1,263,2,Project on Generation and Transmission Master Plan Study,HTML table 1; row 263; column 2,review_required
S027,217d731bacf8971f6d53204b7903227b632c869ba27bbe2e5b37e1874d3beb36,,1,263,3,TCDP,HTML table 1; row 263; column 3,review_required
S027,217d731bacf8971f6d53204b7903227b632c869ba27bbe2e5b37e1874d3beb36,,1,263,4,2010,HTML table 1; row 263; column 4,review_required
S027,217d731bacf8971f6d53204b7903227b632c869ba27bbe2e5b37e1874d3beb36,,1,263,5,B,HTML table 1; row 263; column 5,review_required
S027,217d731bacf8971f6d53204b7903227b632c869ba27bbe2e5b37e1874d3beb36,,1,263,6,·ESC in Detailed Planning Survey (PDF/865KB),HTML table 1; row 263; column 6,review_required
S027,217d731bacf8971f6d53204b7903227b632c869ba27bbe2e5b37e1874d3beb36,,1,263,7,-,HTML table 1; row 263; column 7,review_required
S027,217d731bacf8971f6d53204b7903227b632c869ba27bbe2e5b37e1874d3beb36,,1,263,8,-,HTML table 1; row 263; column 8,review_required
S027,217d731bacf8971f6d53204b7903227b632c869ba27bbe2e5b37e1874d3beb36,,1,263,9,-,HTML table 1; row 263; column 9,review_required
S027,217d731bacf8971f6d53204b7903227b632c869ba27bbe2e5b37e1874d3beb36,,1,264,1,Sri Lanka,HTML table 1; row 264; column 1,review_required
S027,217d731bacf8971f6d53204b7903227b632c869ba27bbe2e5b37e1874d3beb36,,1,264,2,The Project for Formulating Cascade System Development Plan under North Central Province Canal,HTML table 1; row 264; column 2,review_required
S027,217d731bacf8971f6d53204b7903227b632c869ba27bbe2e5b37e1874d3beb36,,1,264,3,TCDP,HTML table 1; row 264; column 3,review_required
S027,217d731bacf8971f6d53204b7903227b632c869ba27bbe2e5b37e1874d3beb36,,1,264,4,2010,HTML table 1; row 264; column 4,review_required
S027,217d731bacf8971f6d53204b7903227b632c869ba27bbe2e5b37e1874d3beb36,,1,264,5,B,HTML table 1; row 264; column 5,review_required
S027,217d731bacf8971f6d53204b7903227b632c869ba27bbe2e5b37e1874d3beb36,,1,264,6,-,HTML table 1; row 264; column 6,review_required
S027,217d731bacf8971f6d53204b7903227b632c869ba27bbe2e5b37e1874d3beb36,,1,264,7,-,HTML table 1; row 264; column 7,review_required
S027,217d731bacf8971f6d53204b7903227b632c869ba27bbe2e5b37e1874d3beb36,,1,264,8,-,HTML table 1; row 264; column 8,review_required
S027,217d731bacf8971f6d53204b7903227b632c869ba27bbe2e5b37e1874d3beb36,,1,264,9,-,HTML table 1; row 264; column 9,review_required
S027,217d731bacf8971f6d53204b7903227b632c869ba27bbe2e5b37e1874d3beb36,,1,265,1,Sri Lanka,HTML table 1; row 265; column 1,review_required
S027,217d731bacf8971f6d53204b7903227b632c869ba27bbe2e5b37e1874d3beb36,,1,265,2,The Project for The Strategic Master Plan Under Sewerage Sector,HTML table 1; row 265; column 2,review_required
S027,217d731bacf8971f6d53204b7903227b632c869ba27bbe2e5b37e1874d3beb36,,1,265,3,TCDP,HTML table 1; row 265; column 3,review_required
S027,217d731bacf8971f6d53204b7903227b632c869ba27bbe2e5b37e1874d3beb36,,1,265,4,2010,HTML table 1; row 265; column 4,review_required
S027,217d731bacf8971f6d53204b7903227b632c869ba27bbe2e5b37e1874d3beb36,,1,265,5,B,HTML table 1; row 265; column 5,review_required
S027,217d731bacf8971f6d53204b7903227b632c869ba27bbe2e5b37e1874d3beb36,,1,265,6,"·Environmental and Social Considerations in Detailed Planning Survey(May.15,2015) (PDF/860KB) ·RD Sewerage MP(Aug.31,2015) (PDF/939KB)",HTML table 1; row 265; column 6,review_required
S027,217d731bacf8971f6d53204b7903227b632c869ba27bbe2e5b37e1874d3beb36,,1,265,7,-,HTML table 1; row 265; column 7,review_required
S027,217d731bacf8971f6d53204b7903227b632c869ba27bbe2e5b37e1874d3beb36,,1,265,8,-,HTML table 1; row 265; column 8,review_required
S027,217d731bacf8971f6d53204b7903227b632c869ba27bbe2e5b37e1874d3beb36,,1,265,9,-,HTML table 1; row 265; column 9,review_required
S027,217d731bacf8971f6d53204b7903227b632c869ba27bbe2e5b37e1874d3beb36,,1,266,1,Sri Lanka,HTML table 1; row 266; column 1,review_required
S027,217d731bacf8971f6d53204b7903227b632c869ba27bbe2e5b37e1874d3beb36,,1,266,2,Urban Transport System Development Project for Colombo Metropolitan Region and Suburbs,HTML table 1; row 266; column 2,review_required
S027,217d731bacf8971f6d53204b7903227b632c869ba27bbe2e5b37e1874d3beb36,,1,266,3,TCDP,HTML table 1; row 266; column 3,review_required
S027,217d731bacf8971f6d53204b7903227b632c869ba27bbe2e5b37e1874d3beb36,,1,266,4,2010,HTML table 1; row 266; column 4,review_required
S027,217d731bacf8971f6d53204b7903227b632c869ba27bbe2e5b37e1874d3beb36,,1,266,5,B,HTML table 1; row 266; column 5,review_required
S027,217d731bacf8971f6d53204b7903227b632c869ba27bbe2e5b37e1874d3beb36,,1,266,6,·Urban Transport System Development Project for Colombo Metropolitan Region and Suburbs-Final Report,HTML table 1; row 266; column 6,review_required
S027,217d731bacf8971f6d53204b7903227b632c869ba27bbe2e5b37e1874d3beb36,,1,266,7,-,HTML table 1; row 266; column 7,review_required
S027,217d731bacf8971f6d53204b7903227b632c869ba27bbe2e5b37e1874d3beb36,,1,266,8,-,HTML table 1; row 266; column 8,review_required
S027,217d731bacf8971f6d53204b7903227b632c869ba27bbe2e5b37e1874d3beb36,,1,266,9,-,HTML table 1; row 266; column 9,review_required
S027,217d731bacf8971f6d53204b7903227b632c869ba27bbe2e5b37e1874d3beb36,,1,267,1,Sri Lanka,HTML table 1; row 267; column 1,review_required
S027,217d731bacf8971f6d53204b7903227b632c869ba27bbe2e5b37e1874d3beb36,,1,267,2,Anuradhapura North Water Supply Project (Phase1),HTML table 1; row 267; column 2,review_required
S027,217d731bacf8971f6d53204b7903227b632c869ba27bbe2e5b37e1874d3beb36,,1,267,3,L,HTML table 1; row 267; column 3,review_required
S027,217d731bacf8971f6d53204b7903227b632c869ba27bbe2e5b37e1874d3beb36,,1,267,4,2010,HTML table 1; row 267; column 4,review_required
S027,217d731bacf8971f6d53204b7903227b632c869ba27bbe2e5b37e1874d3beb36,,1,267,5,B,HTML table 1; row 267; column 5,review_required
S027,217d731bacf8971f6d53204b7903227b632c869ba27bbe2e5b37e1874d3beb36,,1,267,6,·Preparatory Survey Volume 1(PDF/2.76MB) ·Volume 2(PDF/7.51MB) ·Volume 3(PDF/8.22MB) ·Volume 4: Cover～Drawings(PDF/10.5MB) ·Volume 4: Drawings(PDF/13.5MB),HTML table 1; row 267; column 6,review_required
S027,217d731bacf8971f6d53204b7903227b632c869ba27bbe2e5b37e1874d3beb36,,1,267,7,-,HTML table 1; row 267; column 7,review_required
S027,217d731bacf8971f6d53204b7903227b632c869ba27bbe2e5b37e1874d3beb36,,1,267,8,·Environmental Review,HTML table 1; row 267; column 8,review_required
S027,217d731bacf8971f6d53204b7903227b632c869ba27bbe2e5b37e1874d3beb36,,1,267,9,·EIA/RAP (PDF/130KB),HTML table 1; row 267; column 9,review_required
S027,217d731bacf8971f6d53204b7903227b632c869ba27bbe2e5b37e1874d3beb36,,1,268,1,Sri Lanka,HTML table 1; row 268; column 1,review_required
S027,217d731bacf8971f6d53204b7903227b632c869ba27bbe2e5b37e1874d3beb36,,1,268,2,Anuradhapura North Water Supply Project Phase 2,HTML table 1; row 268; column 2,review_required
S027,217d731bacf8971f6d53204b7903227b632c869ba27bbe2e5b37e1874d3beb36,,1,268,3,L,HTML table 1; row 268; column 3,review_required
S027,217d731bacf8971f6d53204b7903227b632c869ba27bbe2e5b37e1874d3beb36,,1,268,4,2010,HTML table 1; row 268; column 4,review_required
S027,217d731bacf8971f6d53204b7903227b632c869ba27bbe2e5b37e1874d3beb36,,1,268,5,B,HTML table 1; row 268; column 5,review_required
S027,217d731bacf8971f6d53204b7903227b632c869ba27bbe2e5b37e1874d3beb36,,1,268,6,"·Preparatory Survey Volume 1 (summary) (PDF/2.49MB) ·Volume 2 (main, cover - chapter 4) (PDF/4.10MB) ·Volume 2 (main, chapter 5 - chapter 10) (PDF/3.56MB) ·Volume 3 (appendix, cover - chapter 5) (PDF/4.44MB) ·Volume 3 (appendix, chapter 6 - chapter 7) (PDF/1.67MB) ·Supplemental Study (PDF/10.1MB)",HTML table 1; row 268; column 6,review_required
S027,217d731bacf8971f6d53204b7903227b632c869ba27bbe2e5b37e1874d3beb36,,1,268,7,-,HTML table 1; row 268; column 7,review_required
S027,217d731bacf8971f6d53204b7903227b632c869ba27bbe2e5b37e1874d3beb36,,1,268,8,·Environmental Review,HTML table 1; row 268; column 8,review_required
S027,217d731bacf8971f6d53204b7903227b632c869ba27bbe2e5b37e1874d3beb36,,1,268,9,-,HTML table 1; row 268; column 9,review_required
S027,217d731bacf8971f6d53204b7903227b632c869ba27bbe2e5b37e1874d3beb36,,1,269,1,Sri Lanka,HTML table 1; row 269; column 1,review_required
S027,217d731bacf8971f6d53204b7903227b632c869ba27bbe2e5b37e1874d3beb36,,1,269,2,Bandaranaike International Airport Development Project 2 (II),HTML table 1; row 269; column 2,review_required
S027,217d731bacf8971f6d53204b7903227b632c869ba27bbe2e5b37e1874d3beb36,,1,269,3,L,HTML table 1; row 269; column 3,review_required
S027,217d731bacf8971f6d53204b7903227b632c869ba27bbe2e5b37e1874d3beb36,,1,269,4,2010,HTML table 1; row 269; column 4,review_required
S027,217d731bacf8971f6d53204b7903227b632c869ba27bbe2e5b37e1874d3beb36,,1,269,5,B,HTML table 1; row 269; column 5,review_required
S027,217d731bacf8971f6d53204b7903227b632c869ba27bbe2e5b37e1874d3beb36,,1,269,6,-,HTML table 1; row 269; column 6,review_required
S027,217d731bacf8971f6d53204b7903227b632c869ba27bbe2e5b37e1874d3beb36,,1,269,7,-,HTML table 1; row 269; column 7,review_required
S027,217d731bacf8971f6d53204b7903227b632c869ba27bbe2e5b37e1874d3beb36,,1,269,8,·Environmental Review,HTML table 1; row 269; column 8,review_required
S027,217d731bacf8971f6d53204b7903227b632c869ba27bbe2e5b37e1874d3beb36,,1,269,9,·Result of Monitoring (2022Q2) (PDF/165KB),HTML table 1; row 269; column 9,review_required
S027,217d731bacf8971f6d53204b7903227b632c869ba27bbe2e5b37e1874d3beb36,,1,270,1,Sri Lanka,HTML table 1; row 270; column 1,review_required
S027,217d731bacf8971f6d53204b7903227b632c869ba27bbe2e5b37e1874d3beb36,,1,270,2,Bandaranaike International Airport Development Project Phase2,HTML table 1; row 270; column 2,review_required
S027,217d731bacf8971f6d53204b7903227b632c869ba27bbe2e5b37e1874d3beb36,,1,270,3,L,HTML table 1; row 270; column 3,review_required
S027,217d731bacf8971f6d53204b7903227b632c869ba27bbe2e5b37e1874d3beb36,,1,270,4,2010,HTML table 1; row 270; column 4,review_required
S027,217d731bacf8971f6d53204b7903227b632c869ba27bbe2e5b37e1874d3beb36,,1,270,5,B,HTML table 1; row 270; column 5,review_required
S027,217d731bacf8971f6d53204b7903227b632c869ba27bbe2e5b37e1874d3beb36,,1,270,6,-,HTML table 1; row 270; column 6,review_required
S027,217d731bacf8971f6d53204b7903227b632c869ba27bbe2e5b37e1874d3beb36,,1,270,7,-,HTML table 1; row 270; column 7,review_required
S027,217d731bacf8971f6d53204b7903227b632c869ba27bbe2e5b37e1874d3beb36,,1,270,8,·Environmental Review,HTML table 1; row 270; column 8,review_required
S027,217d731bacf8971f6d53204b7903227b632c869ba27bbe2e5b37e1874d3beb36,,1,270,9,·Result of Monitoring (2022Q2) (PDF/165KB),HTML table 1; row 270; column 9,review_required
S027,217d731bacf8971f6d53204b7903227b632c869ba27bbe2e5b37e1874d3beb36,,1,271,1,Sri Lanka,HTML table 1; row 271; column 1,review_required
S027,217d731bacf8971f6d53204b7903227b632c869ba27bbe2e5b37e1874d3beb36,,1,271,2,Feasibility Study for Cascade System Development Project in North Central Province,HTML table 1; row 271; column 2,review_required
S027,217d731bacf8971f6d53204b7903227b632c869ba27bbe2e5b37e1874d3beb36,,1,271,3,L,HTML table 1; row 271; column 3,review_required
S027,217d731bacf8971f6d53204b7903227b632c869ba27bbe2e5b37e1874d3beb36,,1,271,4,2010,HTML table 1; row 271; column 4,review_required
S027,217d731bacf8971f6d53204b7903227b632c869ba27bbe2e5b37e1874d3beb36,,1,271,5,B,HTML table 1; row 271; column 5,review_required
S027,217d731bacf8971f6d53204b7903227b632c869ba27bbe2e5b37e1874d3beb36,,1,271,6,-,HTML table 1; row 271; column 6,review_required
S027,217d731bacf8971f6d53204b7903227b632c869ba27bbe2e5b37e1874d3beb36,,1,271,7,-,HTML table 1; row 271; column 7,review_required
S027,217d731bacf8971f6d53204b7903227b632c869ba27bbe2e5b37e1874d3beb36,,1,271,8,-,HTML table 1; row 271; column 8,review_required
S027,217d731bacf8971f6d53204b7903227b632c869ba27bbe2e5b37e1874d3beb36,,1,271,9,-,HTML table 1; row 271; column 9,review_required
S027,217d731bacf8971f6d53204b7903227b632c869ba27bbe2e5b37e1874d3beb36,,1,272,1,Sri Lanka,HTML table 1; row 272; column 1,review_required
S027,217d731bacf8971f6d53204b7903227b632c869ba27bbe2e5b37e1874d3beb36,,1,272,2,Greater Colombo Transmission and Distribution Loss Reduction Project,HTML table 1; row 272; column 2,review_required
S027,217d731bacf8971f6d53204b7903227b632c869ba27bbe2e5b37e1874d3beb36,,1,272,3,L,HTML table 1; row 272; column 3,review_required
S027,217d731bacf8971f6d53204b7903227b632c869ba27bbe2e5b37e1874d3beb36,,1,272,4,2010,HTML table 1; row 272; column 4,review_required
S027,217d731bacf8971f6d53204b7903227b632c869ba27bbe2e5b37e1874d3beb36,,1,272,5,B,HTML table 1; row 272; column 5,review_required
S027,217d731bacf8971f6d53204b7903227b632c869ba27bbe2e5b37e1874d3beb36,,1,272,6,-,HTML table 1; row 272; column 6,review_required
S027,217d731bacf8971f6d53204b7903227b632c869ba27bbe2e5b37e1874d3beb36,,1,272,7,-,HTML table 1; row 272; column 7,review_required
S027,217d731bacf8971f6d53204b7903227b632c869ba27bbe2e5b37e1874d3beb36,,1,272,8,·Environmental Review,HTML table 1; row 272; column 8,review_required
S027,217d731bacf8971f6d53204b7903227b632c869ba27bbe2e5b37e1874d3beb36,,1,272,9,·EIA (PDF/2.00MB),HTML table 1; row 272; column 9,review_required
S027,217d731bacf8971f6d53204b7903227b632c869ba27bbe2e5b37e1874d3beb36,,1,273,1,Sri Lanka,HTML table 1; row 273; column 1,review_required
S027,217d731bacf8971f6d53204b7903227b632c869ba27bbe2e5b37e1874d3beb36,,1,273,2,Greater Colombo Transmission and Distribution Loss Reduction Project Phase2,HTML table 1; row 273; column 2,review_required
S027,217d731bacf8971f6d53204b7903227b632c869ba27bbe2e5b37e1874d3beb36,,1,273,3,L,HTML table 1; row 273; column 3,review_required
S027,217d731bacf8971f6d53204b7903227b632c869ba27bbe2e5b37e1874d3beb36,,1,273,4,2010,HTML table 1; row 273; column 4,review_required
S027,217d731bacf8971f6d53204b7903227b632c869ba27bbe2e5b37e1874d3beb36,,1,273,5,B,HTML table 1; row 273; column 5,review_required
S027,217d731bacf8971f6d53204b7903227b632c869ba27bbe2e5b37e1874d3beb36,,1,273,6,-,HTML table 1; row 273; column 6,review_required
S027,217d731bacf8971f6d53204b7903227b632c869ba27bbe2e5b37e1874d3beb36,,1,273,7,-,HTML table 1; row 273; column 7,review_required
S027,217d731bacf8971f6d53204b7903227b632c869ba27bbe2e5b37e1874d3beb36,,1,273,8,-,HTML table 1; row 273; column 8,review_required
S027,217d731bacf8971f6d53204b7903227b632c869ba27bbe2e5b37e1874d3beb36,,1,273,9,-,HTML table 1; row 273; column 9,review_required
S027,217d731bacf8971f6d53204b7903227b632c869ba27bbe2e5b37e1874d3beb36,,1,274,1,Sri Lanka,HTML table 1; row 274; column 1,review_required
S027,217d731bacf8971f6d53204b7903227b632c869ba27bbe2e5b37e1874d3beb36,,1,274,2,Habarana-Veyangoda Transmission Line Construction Project,HTML table 1; row 274; column 2,review_required
S027,217d731bacf8971f6d53204b7903227b632c869ba27bbe2e5b37e1874d3beb36,,1,274,3,L,HTML table 1; row 274; column 3,review_required
S027,217d731bacf8971f6d53204b7903227b632c869ba27bbe2e5b37e1874d3beb36,,1,274,4,2010,HTML table 1; row 274; column 4,review_required
S027,217d731bacf8971f6d53204b7903227b632c869ba27bbe2e5b37e1874d3beb36,,1,274,5,B,HTML table 1; row 274; column 5,review_required
S027,217d731bacf8971f6d53204b7903227b632c869ba27bbe2e5b37e1874d3beb36,,1,274,6,-,HTML table 1; row 274; column 6,review_required
S027,217d731bacf8971f6d53204b7903227b632c869ba27bbe2e5b37e1874d3beb36,,1,274,7,-,HTML table 1; row 274; column 7,review_required
S027,217d731bacf8971f6d53204b7903227b632c869ba27bbe2e5b37e1874d3beb36,,1,274,8,·Environmental Review,HTML table 1; row 274; column 8,review_required
S027,217d731bacf8971f6d53204b7903227b632c869ba27bbe2e5b37e1874d3beb36,,1,274,9,·Result of Monitoring (PDF/1.65MB),HTML table 1; row 274; column 9,review_required
S027,217d731bacf8971f6d53204b7903227b632c869ba27bbe2e5b37e1874d3beb36,,1,275,1,Sri Lanka,HTML table 1; row 275; column 1,review_required
S027,217d731bacf8971f6d53204b7903227b632c869ba27bbe2e5b37e1874d3beb36,,1,275,2,Health and Medical Service Improvement Project,HTML table 1; row 275; column 2,review_required
S027,217d731bacf8971f6d53204b7903227b632c869ba27bbe2e5b37e1874d3beb36,,1,275,3,L,HTML table 1; row 275; column 3,review_required
S027,217d731bacf8971f6d53204b7903227b632c869ba27bbe2e5b37e1874d3beb36,,1,275,4,2010,HTML table 1; row 275; column 4,review_required
S027,217d731bacf8971f6d53204b7903227b632c869ba27bbe2e5b37e1874d3beb36,,1,275,5,B,HTML table 1; row 275; column 5,review_required
S027,217d731bacf8971f6d53204b7903227b632c869ba27bbe2e5b37e1874d3beb36,,1,275,6,·Preparatory Survey(PDF/3.38MB),HTML table 1; row 275; column 6,review_required
S027,217d731bacf8971f6d53204b7903227b632c869ba27bbe2e5b37e1874d3beb36,,1,275,7,-,HTML table 1; row 275; column 7,review_required
S027,217d731bacf8971f6d53204b7903227b632c869ba27bbe2e5b37e1874d3beb36,,1,275,8,·Environmental Review (PDF/193KB),HTML table 1; row 275; column 8,review_required
S027,217d731bacf8971f6d53204b7903227b632c869ba27bbe2e5b37e1874d3beb36,,1,275,9,-,HTML table 1; row 275; column 9,review_required
S027,217d731bacf8971f6d53204b7903227b632c869ba27bbe2e5b37e1874d3beb36,,1,276,1,Sri Lanka,HTML table 1; row 276; column 1,review_required
S027,217d731bacf8971f6d53204b7903227b632c869ba27bbe2e5b37e1874d3beb36,,1,276,2,Landslide Disaster Protection Project of the National Road Network,HTML table 1; row 276; column 2,review_required
S027,217d731bacf8971f6d53204b7903227b632c869ba27bbe2e5b37e1874d3beb36,,1,276,3,L,HTML table 1; row 276; column 3,review_required
S027,217d731bacf8971f6d53204b7903227b632c869ba27bbe2e5b37e1874d3beb36,,1,276,4,2010,HTML table 1; row 276; column 4,review_required
S027,217d731bacf8971f6d53204b7903227b632c869ba27bbe2e5b37e1874d3beb36,,1,276,5,B,HTML table 1; row 276; column 5,review_required
S027,217d731bacf8971f6d53204b7903227b632c869ba27bbe2e5b37e1874d3beb36,,1,276,6,-,HTML table 1; row 276; column 6,review_required
S027,217d731bacf8971f6d53204b7903227b632c869ba27bbe2e5b37e1874d3beb36,,1,276,7,-,HTML table 1; row 276; column 7,review_required
S027,217d731bacf8971f6d53204b7903227b632c869ba27bbe2e5b37e1874d3beb36,,1,276,8,·Ex-Ante Evaluation,HTML table 1; row 276; column 8,review_required
S027,217d731bacf8971f6d53204b7903227b632c869ba27bbe2e5b37e1874d3beb36,,1,276,9,·Environment Monitoring (December 2019) (PDF/1.08MB),HTML table 1; row 276; column 9,review_required
S027,217d731bacf8971f6d53204b7903227b632c869ba27bbe2e5b37e1874d3beb36,,1,277,1,Sri Lanka,HTML table 1; row 277; column 1,review_required
S027,217d731bacf8971f6d53204b7903227b632c869ba27bbe2e5b37e1874d3beb36,,1,277,2,Landslide Disaster Protection Project of the National Road Network Phase 2,HTML table 1; row 277; column 2,review_required
S027,217d731bacf8971f6d53204b7903227b632c869ba27bbe2e5b37e1874d3beb36,,1,277,3,L,HTML table 1; row 277; column 3,review_required
S027,217d731bacf8971f6d53204b7903227b632c869ba27bbe2e5b37e1874d3beb36,,1,277,4,2010,HTML table 1; row 277; column 4,review_required
S027,217d731bacf8971f6d53204b7903227b632c869ba27bbe2e5b37e1874d3beb36,,1,277,5,B,HTML table 1; row 277; column 5,review_required
S027,217d731bacf8971f6d53204b7903227b632c869ba27bbe2e5b37e1874d3beb36,,1,277,6,·Preparatory Survey: Cover～Chapter10(PDF/9.77MB) ·Appendix1～Appendix4(PDF/6.95MB) ·Appendix4（PDF/10.86MB） ·Appendix4 site37～Appendix6(PDF/9.07MB),HTML table 1; row 277; column 6,review_required
S027,217d731bacf8971f6d53204b7903227b632c869ba27bbe2e5b37e1874d3beb36,,1,277,7,-,HTML table 1; row 277; column 7,review_required
S027,217d731bacf8971f6d53204b7903227b632c869ba27bbe2e5b37e1874d3beb36,,1,277,8,-,HTML table 1; row 277; column 8,review_required
S027,217d731bacf8971f6d53204b7903227b632c869ba27bbe2e5b37e1874d3beb36,,1,277,9,-,HTML table 1; row 277; column 9,review_required
S027,217d731bacf8971f6d53204b7903227b632c869ba27bbe2e5b37e1874d3beb36,,1,278,1,Sri Lanka,HTML table 1; row 278; column 1,review_required
S027,217d731bacf8971f6d53204b7903227b632c869ba27bbe2e5b37e1874d3beb36,,1,278,2,Major Bridges Construction Project of the National Road Network,HTML table 1; row 278; column 2,review_required
S027,217d731bacf8971f6d53204b7903227b632c869ba27bbe2e5b37e1874d3beb36,,1,278,3,L,HTML table 1; row 278; column 3,review_required
S027,217d731bacf8971f6d53204b7903227b632c869ba27bbe2e5b37e1874d3beb36,,1,278,4,2010,HTML table 1; row 278; column 4,review_required
S027,217d731bacf8971f6d53204b7903227b632c869ba27bbe2e5b37e1874d3beb36,,1,278,5,B,HTML table 1; row 278; column 5,review_required
S027,217d731bacf8971f6d53204b7903227b632c869ba27bbe2e5b37e1874d3beb36,,1,278,6,-,HTML table 1; row 278; column 6,review_required
S027,217d731bacf8971f6d53204b7903227b632c869ba27bbe2e5b37e1874d3beb36,,1,278,7,-,HTML table 1; row 278; column 7,review_required
S027,217d731bacf8971f6d53204b7903227b632c869ba27bbe2e5b37e1874d3beb36,,1,278,8,·Ex-Ante Evaluation (PDF/244.66KB),HTML table 1; row 278; column 8,review_required
S027,217d731bacf8971f6d53204b7903227b632c869ba27bbe2e5b37e1874d3beb36,,1,278,9,-,HTML table 1; row 278; column 9,review_required
S027,217d731bacf8971f6d53204b7903227b632c869ba27bbe2e5b37e1874d3beb36,,1,279,1,Sri Lanka,HTML table 1; row 279; column 1,review_required
S027,217d731bacf8971f6d53204b7903227b632c869ba27bbe2e5b37e1874d3beb36,,1,279,2,National Transmission and Distribution Network Development and Efficiency Improvement Project,HTML table 1; row 279; column 2,review_required
S027,217d731bacf8971f6d53204b7903227b632c869ba27bbe2e5b37e1874d3beb36,,1,279,3,L,HTML table 1; row 279; column 3,review_required
S027,217d731bacf8971f6d53204b7903227b632c869ba27bbe2e5b37e1874d3beb36,,1,279,4,2010,HTML table 1; row 279; column 4,review_required
S027,217d731bacf8971f6d53204b7903227b632c869ba27bbe2e5b37e1874d3beb36,,1,279,5,B,HTML table 1; row 279; column 5,review_required
S027,217d731bacf8971f6d53204b7903227b632c869ba27bbe2e5b37e1874d3beb36,,1,279,6,-,HTML table 1; row 279; column 6,review_required
S027,217d731bacf8971f6d53204b7903227b632c869ba27bbe2e5b37e1874d3beb36,,1,279,7,-,HTML table 1; row 279; column 7,review_required
S027,217d731bacf8971f6d53204b7903227b632c869ba27bbe2e5b37e1874d3beb36,,1,279,8,·Environmental Review,HTML table 1; row 279; column 8,review_required
S027,217d731bacf8971f6d53204b7903227b632c869ba27bbe2e5b37e1874d3beb36,,1,279,9,-,HTML table 1; row 279; column 9,review_required
S027,217d731bacf8971f6d53204b7903227b632c869ba27bbe2e5b37e1874d3beb36,,1,280,1,Sri Lanka,HTML table 1; row 280; column 1,review_required
S027,217d731bacf8971f6d53204b7903227b632c869ba27bbe2e5b37e1874d3beb36,,1,280,2,National Transmission and Distribution Network Development and Efficiency Improvement Project (II),HTML table 1; row 280; column 2,review_required
S027,217d731bacf8971f6d53204b7903227b632c869ba27bbe2e5b37e1874d3beb36,,1,280,3,L,HTML table 1; row 280; column 3,review_required
S027,217d731bacf8971f6d53204b7903227b632c869ba27bbe2e5b37e1874d3beb36,,1,280,4,2010,HTML table 1; row 280; column 4,review_required
S027,217d731bacf8971f6d53204b7903227b632c869ba27bbe2e5b37e1874d3beb36,,1,280,5,B,HTML table 1; row 280; column 5,review_required
S027,217d731bacf8971f6d53204b7903227b632c869ba27bbe2e5b37e1874d3beb36,,1,280,6,·Preparatory Survey: Cover～Chapter 16(PDF/6.10MB) ·Annex 3.6～Annex 10.5-1(PDF/9.60MB) ·Annex 11.2-1～Annex 12.2-3(PDF/7.34MB),HTML table 1; row 280; column 6,review_required
S027,217d731bacf8971f6d53204b7903227b632c869ba27bbe2e5b37e1874d3beb36,,1,280,7,-,HTML table 1; row 280; column 7,review_required
S027,217d731bacf8971f6d53204b7903227b632c869ba27bbe2e5b37e1874d3beb36,,1,280,8,-,HTML table 1; row 280; column 8,review_required
S027,217d731bacf8971f6d53204b7903227b632c869ba27bbe2e5b37e1874d3beb36,,1,280,9,-,HTML table 1; row 280; column 9,review_required
S027,217d731bacf8971f6d53204b7903227b632c869ba27bbe2e5b37e1874d3beb36,,1,281,1,Sri Lanka,HTML table 1; row 281; column 1,review_required
S027,217d731bacf8971f6d53204b7903227b632c869ba27bbe2e5b37e1874d3beb36,,1,281,2,Preparatory survey for New Integrated Urban Public Transport System Introduction Project,HTML table 1; row 281; column 2,review_required
S027,217d731bacf8971f6d53204b7903227b632c869ba27bbe2e5b37e1874d3beb36,,1,281,3,L,HTML table 1; row 281; column 3,review_required
S027,217d731bacf8971f6d53204b7903227b632c869ba27bbe2e5b37e1874d3beb36,,1,281,4,2010,HTML table 1; row 281; column 4,review_required
S027,217d731bacf8971f6d53204b7903227b632c869ba27bbe2e5b37e1874d3beb36,,1,281,5,B,HTML table 1; row 281; column 5,review_required
S027,217d731bacf8971f6d53204b7903227b632c869ba27bbe2e5b37e1874d3beb36,,1,281,6,·Preparatory survey 1/13（PDF/2.12MB） ·2/13（PDF/9.03MB） ·3/13（PDF/8.12MB） ·4/13（PDF/7.01MB） ·5/13（PDF/6.98MB） ·6/13（PDF/4.99MB） ·7/13（PDF/5.84MB） ·8/13（PDF/8.40MB） ·9/13（PDF/6.12MB） ·10/13（PDF/9.10MB） ·11/13（PDF/5.66MB） ·12/13（PDF/4.89MB） ·13/13（PDF/6.80MB）,HTML table 1; row 281; column 6,review_required
S027,217d731bacf8971f6d53204b7903227b632c869ba27bbe2e5b37e1874d3beb36,,1,281,7,-,HTML table 1; row 281; column 7,review_required
S027,217d731bacf8971f6d53204b7903227b632c869ba27bbe2e5b37e1874d3beb36,,1,281,8,-,HTML table 1; row 281; column 8,review_required
S027,217d731bacf8971f6d53204b7903227b632c869ba27bbe2e5b37e1874d3beb36,,1,281,9,-,HTML table 1; row 281; column 9,review_required
S027,217d731bacf8971f6d53204b7903227b632c869ba27bbe2e5b37e1874d3beb36,,1,282,1,Sri Lanka,HTML table 1; row 282; column 1,review_required
S027,217d731bacf8971f6d53204b7903227b632c869ba27bbe2e5b37e1874d3beb36,,1,282,2,Project for Development of East Container Terminal in Colombo Port,HTML table 1; row 282; column 2,review_required
S027,217d731bacf8971f6d53204b7903227b632c869ba27bbe2e5b37e1874d3beb36,,1,282,3,L,HTML table 1; row 282; column 3,review_required
S027,217d731bacf8971f6d53204b7903227b632c869ba27bbe2e5b37e1874d3beb36,,1,282,4,2010,HTML table 1; row 282; column 4,review_required
S027,217d731bacf8971f6d53204b7903227b632c869ba27bbe2e5b37e1874d3beb36,,1,282,5,B,HTML table 1; row 282; column 5,review_required
S027,217d731bacf8971f6d53204b7903227b632c869ba27bbe2e5b37e1874d3beb36,,1,282,6,-,HTML table 1; row 282; column 6,review_required
S027,217d731bacf8971f6d53204b7903227b632c869ba27bbe2e5b37e1874d3beb36,,1,282,7,-,HTML table 1; row 282; column 7,review_required
S027,217d731bacf8971f6d53204b7903227b632c869ba27bbe2e5b37e1874d3beb36,,1,282,8,-,HTML table 1; row 282; column 8,review_required
S027,217d731bacf8971f6d53204b7903227b632c869ba27bbe2e5b37e1874d3beb36,,1,282,9,-,HTML table 1; row 282; column 9,review_required
S027,217d731bacf8971f6d53204b7903227b632c869ba27bbe2e5b37e1874d3beb36,,1,283,1,Sri Lanka,HTML table 1; row 283; column 1,review_required
S027,217d731bacf8971f6d53204b7903227b632c869ba27bbe2e5b37e1874d3beb36,,1,283,2,"Rural Infrastructure Development Project (Northern Province, Eastern Province, North Central Province and Uva Province)",HTML table 1; row 283; column 2,review_required
S027,217d731bacf8971f6d53204b7903227b632c869ba27bbe2e5b37e1874d3beb36,,1,283,3,L,HTML table 1; row 283; column 3,review_required
S027,217d731bacf8971f6d53204b7903227b632c869ba27bbe2e5b37e1874d3beb36,,1,283,4,2010,HTML table 1; row 283; column 4,review_required
S027,217d731bacf8971f6d53204b7903227b632c869ba27bbe2e5b37e1874d3beb36,,1,283,5,B,HTML table 1; row 283; column 5,review_required
S027,217d731bacf8971f6d53204b7903227b632c869ba27bbe2e5b37e1874d3beb36,,1,283,6,-,HTML table 1; row 283; column 6,review_required
S027,217d731bacf8971f6d53204b7903227b632c869ba27bbe2e5b37e1874d3beb36,,1,283,7,-,HTML table 1; row 283; column 7,review_required
S027,217d731bacf8971f6d53204b7903227b632c869ba27bbe2e5b37e1874d3beb36,,1,283,8,·Environmental Review(PDF/308KB),HTML table 1; row 283; column 8,review_required
S027,217d731bacf8971f6d53204b7903227b632c869ba27bbe2e5b37e1874d3beb36,,1,283,9,-,HTML table 1; row 283; column 9,review_required
S027,217d731bacf8971f6d53204b7903227b632c869ba27bbe2e5b37e1874d3beb36,,1,284,1,Sri Lanka,HTML table 1; row 284; column 1,review_required
S027,217d731bacf8971f6d53204b7903227b632c869ba27bbe2e5b37e1874d3beb36,,1,284,2,Sri Jayawardenepura Kotte Sewerage Construction Project,HTML table 1; row 284; column 2,review_required
S027,217d731bacf8971f6d53204b7903227b632c869ba27bbe2e5b37e1874d3beb36,,1,284,3,L,HTML table 1; row 284; column 3,review_required
S027,217d731bacf8971f6d53204b7903227b632c869ba27bbe2e5b37e1874d3beb36,,1,284,4,2010,HTML table 1; row 284; column 4,review_required
S027,217d731bacf8971f6d53204b7903227b632c869ba27bbe2e5b37e1874d3beb36,,1,284,5,B,HTML table 1; row 284; column 5,review_required
S027,217d731bacf8971f6d53204b7903227b632c869ba27bbe2e5b37e1874d3beb36,,1,284,6,·Preparatory survey: main report(PDF/8.03MB) ·additional study(PDF/4.24MB),HTML table 1; row 284; column 6,review_required
S027,217d731bacf8971f6d53204b7903227b632c869ba27bbe2e5b37e1874d3beb36,,1,284,7,-,HTML table 1; row 284; column 7,review_required
S027,217d731bacf8971f6d53204b7903227b632c869ba27bbe2e5b37e1874d3beb36,,1,284,8,-,HTML table 1; row 284; column 8,review_required
S027,217d731bacf8971f6d53204b7903227b632c869ba27bbe2e5b37e1874d3beb36,,1,284,9,-,HTML table 1; row 284; column 9,review_required
S027,217d731bacf8971f6d53204b7903227b632c869ba27bbe2e5b37e1874d3beb36,,1,285,1,Sri Lanka,HTML table 1; row 285; column 1,review_required
S027,217d731bacf8971f6d53204b7903227b632c869ba27bbe2e5b37e1874d3beb36,,1,285,2,Kalu Ganga Water Supply Expansion Project (I),HTML table 1; row 285; column 2,review_required
S027,217d731bacf8971f6d53204b7903227b632c869ba27bbe2e5b37e1874d3beb36,,1,285,3,L,HTML table 1; row 285; column 3,review_required
S027,217d731bacf8971f6d53204b7903227b632c869ba27bbe2e5b37e1874d3beb36,,1,285,4,2010,HTML table 1; row 285; column 4,review_required
S027,217d731bacf8971f6d53204b7903227b632c869ba27bbe2e5b37e1874d3beb36,,1,285,5,B,HTML table 1; row 285; column 5,review_required
S027,217d731bacf8971f6d53204b7903227b632c869ba27bbe2e5b37e1874d3beb36,,1,285,6,"·The Preparatory Survey on Water Sector Development Project Ⅲ in the Democratic Socialist Republic of Srilanka Final Report Volume1 Executive Summary (June 19, 2015) (PDF/5.91MB)",HTML table 1; row 285; column 6,review_required
S027,217d731bacf8971f6d53204b7903227b632c869ba27bbe2e5b37e1874d3beb36,,1,285,7,-,HTML table 1; row 285; column 7,review_required
S027,217d731bacf8971f6d53204b7903227b632c869ba27bbe2e5b37e1874d3beb36,,1,285,8,-,HTML table 1; row 285; column 8,review_required
S027,217d731bacf8971f6d53204b7903227b632c869ba27bbe2e5b37e1874d3beb36,,1,285,9,-,HTML table 1; row 285; column 9,review_required
S027,217d731bacf8971f6d53204b7903227b632c869ba27bbe2e5b37e1874d3beb36,,1,286,1,Sri Lanka,HTML table 1; row 286; column 1,review_required
S027,217d731bacf8971f6d53204b7903227b632c869ba27bbe2e5b37e1874d3beb36,,1,286,2,The Project for Rehabilitation of Killinochchi Water Supply Scheme,HTML table 1; row 286; column 2,review_required
S027,217d731bacf8971f6d53204b7903227b632c869ba27bbe2e5b37e1874d3beb36,,1,286,3,GA,HTML table 1; row 286; column 3,review_required
S027,217d731bacf8971f6d53204b7903227b632c869ba27bbe2e5b37e1874d3beb36,,1,286,4,2010,HTML table 1; row 286; column 4,review_required
S027,217d731bacf8971f6d53204b7903227b632c869ba27bbe2e5b37e1874d3beb36,,1,286,5,B,HTML table 1; row 286; column 5,review_required
S027,217d731bacf8971f6d53204b7903227b632c869ba27bbe2e5b37e1874d3beb36,,1,286,6,·Preparatory Survey Volume 1（PDF/2.84MB） ·Volume 2（PDF/2.93MB） ·Appendix 1（PDF/3.91MB） ·Appendix 2（PDF/3.31MB） ·Appendix 3（PDF/2.93MB）,HTML table 1; row 286; column 6,review_required
S027,217d731bacf8971f6d53204b7903227b632c869ba27bbe2e5b37e1874d3beb36,,1,286,7,-,HTML table 1; row 286; column 7,review_required
S027,217d731bacf8971f6d53204b7903227b632c869ba27bbe2e5b37e1874d3beb36,,1,286,8,·Environmental Review (In Japanese)（PDF/219.8KB）,HTML table 1; row 286; column 8,review_required
S027,217d731bacf8971f6d53204b7903227b632c869ba27bbe2e5b37e1874d3beb36,,1,286,9,-,HTML table 1; row 286; column 9,review_required
S027,217d731bacf8971f6d53204b7903227b632c869ba27bbe2e5b37e1874d3beb36,,1,287,1,Sri Lanka,HTML table 1; row 287; column 1,review_required
S027,217d731bacf8971f6d53204b7903227b632c869ba27bbe2e5b37e1874d3beb36,,1,287,2,The Project for the Improvement of Infectious Waste Management,HTML table 1; row 287; column 2,review_required
S027,217d731bacf8971f6d53204b7903227b632c869ba27bbe2e5b37e1874d3beb36,,1,287,3,GA,HTML table 1; row 287; column 3,review_required
S027,217d731bacf8971f6d53204b7903227b632c869ba27bbe2e5b37e1874d3beb36,,1,287,4,2022,HTML table 1; row 287; column 4,review_required
S027,217d731bacf8971f6d53204b7903227b632c869ba27bbe2e5b37e1874d3beb36,,1,287,5,B,HTML table 1; row 287; column 5,review_required
S027,217d731bacf8971f6d53204b7903227b632c869ba27bbe2e5b37e1874d3beb36,,1,287,6,-,HTML table 1; row 287; column 6,review_required
S027,217d731bacf8971f6d53204b7903227b632c869ba27bbe2e5b37e1874d3beb36,,1,287,7,-,HTML table 1; row 287; column 7,review_required
S027,217d731bacf8971f6d53204b7903227b632c869ba27bbe2e5b37e1874d3beb36,,1,287,8,-,HTML table 1; row 287; column 8,review_required
S027,217d731bacf8971f6d53204b7903227b632c869ba27bbe2e5b37e1874d3beb36,,1,287,9,-,HTML table 1; row 287; column 9,review_required
S027,217d731bacf8971f6d53204b7903227b632c869ba27bbe2e5b37e1874d3beb36,,1,288,1,Sri Lanka,HTML table 1; row 288; column 1,review_required
S027,217d731bacf8971f6d53204b7903227b632c869ba27bbe2e5b37e1874d3beb36,,1,288,2,Emergency Natural Disaster Rehabilitation Project,HTML table 1; row 288; column 2,review_required
S027,217d731bacf8971f6d53204b7903227b632c869ba27bbe2e5b37e1874d3beb36,,1,288,3,L,HTML table 1; row 288; column 3,review_required
S027,217d731bacf8971f6d53204b7903227b632c869ba27bbe2e5b37e1874d3beb36,,1,288,4,2010,HTML table 1; row 288; column 4,review_required
S027,217d731bacf8971f6d53204b7903227b632c869ba27bbe2e5b37e1874d3beb36,,1,288,5,FI,HTML table 1; row 288; column 5,review_required
S027,217d731bacf8971f6d53204b7903227b632c869ba27bbe2e5b37e1874d3beb36,,1,288,6,-,HTML table 1; row 288; column 6,review_required
S027,217d731bacf8971f6d53204b7903227b632c869ba27bbe2e5b37e1874d3beb36,,1,288,7,-,HTML table 1; row 288; column 7,review_required
S027,217d731bacf8971f6d53204b7903227b632c869ba27bbe2e5b37e1874d3beb36,,1,288,8,·Environmental Review (PDF/100KB),HTML table 1; row 288; column 8,review_required
S027,217d731bacf8971f6d53204b7903227b632c869ba27bbe2e5b37e1874d3beb36,,1,288,9,-,HTML table 1; row 288; column 9,review_required
S027,217d731bacf8971f6d53204b7903227b632c869ba27bbe2e5b37e1874d3beb36,,1,289,1,Sri Lanka,HTML table 1; row 289; column 1,review_required
S027,217d731bacf8971f6d53204b7903227b632c869ba27bbe2e5b37e1874d3beb36,,1,289,2,The Project for Updating Colombo Urban Transport Master Plan,HTML table 1; row 289; column 2,review_required
S027,217d731bacf8971f6d53204b7903227b632c869ba27bbe2e5b37e1874d3beb36,,1,289,3,TCDP,HTML table 1; row 289; column 3,review_required
S027,217d731bacf8971f6d53204b7903227b632c869ba27bbe2e5b37e1874d3beb36,,1,289,4,2022,HTML table 1; row 289; column 4,review_required
S027,217d731bacf8971f6d53204b7903227b632c869ba27bbe2e5b37e1874d3beb36,,1,289,5,B,HTML table 1; row 289; column 5,review_required
S027,217d731bacf8971f6d53204b7903227b632c869ba27bbe2e5b37e1874d3beb36,,1,289,6,-,HTML table 1; row 289; column 6,review_required
S027,217d731bacf8971f6d53204b7903227b632c869ba27bbe2e5b37e1874d3beb36,,1,289,7,-,HTML table 1; row 289; column 7,review_required
S027,217d731bacf8971f6d53204b7903227b632c869ba27bbe2e5b37e1874d3beb36,,1,289,8,-,HTML table 1; row 289; column 8,review_required
S027,217d731bacf8971f6d53204b7903227b632c869ba27bbe2e5b37e1874d3beb36,,1,289,9,-,HTML table 1; row 289; column 9,review_required
S027,217d731bacf8971f6d53204b7903227b632c869ba27bbe2e5b37e1874d3beb36,,1,290,1,Sri Lanka,HTML table 1; row 290; column 1,review_required
S027,217d731bacf8971f6d53204b7903227b632c869ba27bbe2e5b37e1874d3beb36,,1,290,2,The Project for the Improvement of Waste Management in the Western Province,HTML table 1; row 290; column 2,review_required
S027,217d731bacf8971f6d53204b7903227b632c869ba27bbe2e5b37e1874d3beb36,,1,290,3,GA,HTML table 1; row 290; column 3,review_required
S027,217d731bacf8971f6d53204b7903227b632c869ba27bbe2e5b37e1874d3beb36,,1,290,4,2022,HTML table 1; row 290; column 4,review_required
S027,217d731bacf8971f6d53204b7903227b632c869ba27bbe2e5b37e1874d3beb36,,1,290,5,B,HTML table 1; row 290; column 5,review_required
S027,217d731bacf8971f6d53204b7903227b632c869ba27bbe2e5b37e1874d3beb36,,1,290,6,-,HTML table 1; row 290; column 6,review_required
S027,217d731bacf8971f6d53204b7903227b632c869ba27bbe2e5b37e1874d3beb36,,1,290,7,-,HTML table 1; row 290; column 7,review_required
S027,217d731bacf8971f6d53204b7903227b632c869ba27bbe2e5b37e1874d3beb36,,1,290,8,-,HTML table 1; row 290; column 8,review_required
S027,217d731bacf8971f6d53204b7903227b632c869ba27bbe2e5b37e1874d3beb36,,1,290,9,-,HTML table 1; row 290; column 9,review_required
S027,217d731bacf8971f6d53204b7903227b632c869ba27bbe2e5b37e1874d3beb36,,1,291,1,Sri Lanka,HTML table 1; row 291; column 1,review_required
S027,217d731bacf8971f6d53204b7903227b632c869ba27bbe2e5b37e1874d3beb36,,1,291,2,The Project for Construction of Pumping Station in Kelani River Basin,HTML table 1; row 291; column 2,review_required
S027,217d731bacf8971f6d53204b7903227b632c869ba27bbe2e5b37e1874d3beb36,,1,291,3,GA,HTML table 1; row 291; column 3,review_required
S027,217d731bacf8971f6d53204b7903227b632c869ba27bbe2e5b37e1874d3beb36,,1,291,4,2022,HTML table 1; row 291; column 4,review_required
S027,217d731bacf8971f6d53204b7903227b632c869ba27bbe2e5b37e1874d3beb36,,1,291,5,B,HTML table 1; row 291; column 5,review_required
S027,217d731bacf8971f6d53204b7903227b632c869ba27bbe2e5b37e1874d3beb36,,1,291,6,-,HTML table 1; row 291; column 6,review_required
S027,217d731bacf8971f6d53204b7903227b632c869ba27bbe2e5b37e1874d3beb36,,1,291,7,-,HTML table 1; row 291; column 7,review_required
S027,217d731bacf8971f6d53204b7903227b632c869ba27bbe2e5b37e1874d3beb36,,1,291,8,-,HTML table 1; row 291; column 8,review_required
S027,217d731bacf8971f6d53204b7903227b632c869ba27bbe2e5b37e1874d3beb36,,1,291,9,-,HTML table 1; row 291; column 9,review_required
