project_id,source_id,url,reason,source_reference,search_parameters,expected_data,action,detail
REAL_001,S001,https://morth.nic.in/sites/default/files/other_files/Annual_Report_English_2018-19.pdf,download_failed,,annual_report_2018_19,Original pdf,Try official portal manually; do not bypass restrictions or disable TLS verification.,RuntimeError: expected_pdf_received_html
REAL_001,S031,https://nhai.gov.in/nhai/sites/default/files/2025-09/NHAI-Annual_Report_2023-24_English.pdf,identity_or_record_scope_review,,"[""Delhi-Mumbai Expressway"", ""Delhi-Vadodara Expressway"", ""Delhi-Vadodara Greenfield Expressway"", ""Delhi-Vadodara Access Controlled Greenfield Alignment"", ""NH-148N"", ""DME"", ""NE-4""]","Exact project, authority, phase/package, geography and reference number",Review source before project assignment.,
REAL_001,S031,https://nhai.gov.in/nhai/sites/default/files/2025-09/NHAI-Annual_Report_2023-24_English.pdf,scanned_or_sparse_page_needs_visual_review,1,,,Visual/OCR/table review; do not use unverified extraction as ML data.,"{""page"": 1, ""reason"": ""scanned_or_sparse_page_needs_visual_review""}"
REAL_001,S031,https://nhai.gov.in/nhai/sites/default/files/2025-09/NHAI-Annual_Report_2023-24_English.pdf,scanned_or_sparse_page_needs_visual_review,73,,,Visual/OCR/table review; do not use unverified extraction as ML data.,"{""page"": 73, ""reason"": ""scanned_or_sparse_page_needs_visual_review""}"
REAL_001,S031,https://nhai.gov.in/nhai/sites/default/files/2025-09/NHAI-Annual_Report_2023-24_English.pdf,scanned_or_sparse_page_needs_visual_review,141,,,Visual/OCR/table review; do not use unverified extraction as ML data.,"{""page"": 141, ""reason"": ""scanned_or_sparse_page_needs_visual_review""}"
REAL_001,S031,https://nhai.gov.in/nhai/sites/default/files/2025-09/NHAI-Annual_Report_2023-24_English.pdf,scanned_or_sparse_page_needs_visual_review,147,,,Visual/OCR/table review; do not use unverified extraction as ML data.,"{""page"": 147, ""reason"": ""scanned_or_sparse_page_needs_visual_review""}"
REAL_001,S031,https://nhai.gov.in/nhai/sites/default/files/2025-09/NHAI-Annual_Report_2023-24_English.pdf,scanned_or_sparse_page_needs_visual_review,151,,,Visual/OCR/table review; do not use unverified extraction as ML data.,"{""page"": 151, ""reason"": ""scanned_or_sparse_page_needs_visual_review""}"
REAL_001,S031,https://nhai.gov.in/nhai/sites/default/files/2025-09/NHAI-Annual_Report_2023-24_English.pdf,scanned_or_sparse_page_needs_visual_review,163,,,Visual/OCR/table review; do not use unverified extraction as ML data.,"{""page"": 163, ""reason"": ""scanned_or_sparse_page_needs_visual_review""}"
REAL_001,S031,https://nhai.gov.in/nhai/sites/default/files/2025-09/NHAI-Annual_Report_2023-24_English.pdf,table_extraction_remaining_pages,"[82, 86, 88, 93, 97, 100, 107, 108, 110, 113, 114, 116, 121, 124, 128, 129, 134, 139, 149, 150, 152, 157, 162]",,,Visual/OCR/table review; do not use unverified extraction as ML data.,"{""reason"": ""table_extraction_remaining_pages"", ""pages"": [82, 86, 88, 93, 97, 100, 107, 108, 110, 113, 114, 116, 121, 124, 128, 129, 134, 139, 149, 150, 152, 157, 162]}"
REAL_001,S033,https://bhoomirashi.gov.in/auth/revamp/login1.cshtml,identity_or_record_scope_review,,"[""Delhi-Mumbai Expressway"", ""Delhi-Vadodara Expressway"", ""Delhi-Vadodara Greenfield Expressway"", ""Delhi-Vadodara Access Controlled Greenfield Alignment"", ""NH-148N"", ""DME"", ""NE-4""]","Exact project, authority, phase/package, geography and reference number",Review source before project assignment.,
REAL_001,S016,https://environmentclearance.nic.in/auth/FORM_A_PDF.aspx?cat_id=IA%2FRJ%2FNCP%2F226198%2F2021&pid=New,identity_or_record_scope_review,,"[""Delhi-Mumbai Expressway"", ""Delhi-Vadodara Expressway"", ""Delhi-Vadodara Greenfield Expressway"", ""Delhi-Vadodara Access Controlled Greenfield Alignment"", ""NH-148N"", ""DME"", ""NE-4""]","Exact project, authority, phase/package, geography and reference number",Review source before project assignment.,
REAL_001,S019,https://www.imdpune.gov.in/Reports/Monsoon_Report/monsoon_report_2024.pdf,identity_or_record_scope_review,,"[""Delhi-Mumbai Expressway"", ""Delhi-Vadodara Expressway"", ""Delhi-Vadodara Greenfield Expressway"", ""Delhi-Vadodara Access Controlled Greenfield Alignment"", ""NH-148N"", ""DME"", ""NE-4""]","Exact project, authority, phase/package, geography and reference number",Review source before project assignment.,
REAL_001,S019,https://www.imdpune.gov.in/Reports/Monsoon_Report/monsoon_report_2024.pdf,scanned_or_sparse_page_needs_visual_review,114,,,Visual/OCR/table review; do not use unverified extraction as ML data.,"{""page"": 114, ""reason"": ""scanned_or_sparse_page_needs_visual_review""}"
REAL_001,S019,https://www.imdpune.gov.in/Reports/Monsoon_Report/monsoon_report_2024.pdf,scanned_or_sparse_page_needs_visual_review,127,,,Visual/OCR/table review; do not use unverified extraction as ML data.,"{""page"": 127, ""reason"": ""scanned_or_sparse_page_needs_visual_review""}"
REAL_001,S019,https://www.imdpune.gov.in/Reports/Monsoon_Report/monsoon_report_2024.pdf,scanned_or_sparse_page_needs_visual_review,139,,,Visual/OCR/table review; do not use unverified extraction as ML data.,"{""page"": 139, ""reason"": ""scanned_or_sparse_page_needs_visual_review""}"
REAL_001,S019,https://www.imdpune.gov.in/Reports/Monsoon_Report/monsoon_report_2024.pdf,scanned_or_sparse_page_needs_visual_review,140,,,Visual/OCR/table review; do not use unverified extraction as ML data.,"{""page"": 140, ""reason"": ""scanned_or_sparse_page_needs_visual_review""}"
REAL_001,S019,https://www.imdpune.gov.in/Reports/Monsoon_Report/monsoon_report_2024.pdf,scanned_or_sparse_page_needs_visual_review,141,,,Visual/OCR/table review; do not use unverified extraction as ML data.,"{""page"": 141, ""reason"": ""scanned_or_sparse_page_needs_visual_review""}"
REAL_001,S019,https://www.imdpune.gov.in/Reports/Monsoon_Report/monsoon_report_2024.pdf,scanned_or_sparse_page_needs_visual_review,239,,,Visual/OCR/table review; do not use unverified extraction as ML data.,"{""page"": 239, ""reason"": ""scanned_or_sparse_page_needs_visual_review""}"
REAL_001,S019,https://www.imdpune.gov.in/Reports/Monsoon_Report/monsoon_report_2024.pdf,table_extraction_remaining_pages,"[38, 39, 40, 41, 42, 44, 45, 48, 50, 51, 53, 60, 61, 62, 63, 66, 67, 68, 69, 70, 71, 72, 73, 75, 76, 77, 79, 80, 81, 82, 83, 84, 85, 87, 88, 89, 90, 91, 93, 94, 98, 99, 100, 101, 102, 104, 105, 106, 107, 108, 109, 110, 111, 112, 113, 116, 117, 118, 119, 120, 121, 122, 123, 124, 125, 126, 128, 129, 130, 131, 132, 133, 134, 135, 136, 138, 142, 143, 144, 145, 146, 147, 148, 149, 150, 154, 155, 157, 158, 159, 160, 161, 162, 163, 164, 165, 166, 167, 168, 169, 170, 171, 172, 173, 174, 175, 176, 177, 178, 179, 180, 181, 182, 183, 184, 185, 186, 187, 188, 189, 190, 191, 192, 193, 194, 195, 196, 197, 198, 199, 200, 201, 202, 203, 204, 205, 206, 208, 210, 211, 212, 213, 214, 215, 216, 217, 218, 219, 220, 222, 223, 224, 225, 226, 227, 228, 229, 230, 231, 232, 233, 234, 235, 236, 237, 238, 240, 241, 242, 243, 244, 245, 246, 260, 263, 265, 266, 267, 268, 269, 270, 271, 272, 273, 274, 275, 276, 277, 278, 279, 281, 282, 283, 284, 285, 290, 298, 299, 300, 301, 302, 303, 304, 305, 306]",,,Visual/OCR/table review; do not use unverified extraction as ML data.,"{""reason"": ""table_extraction_remaining_pages"", ""pages"": [38, 39, 40, 41, 42, 44, 45, 48, 50, 51, 53, 60, 61, 62, 63, 66, 67, 68, 69, 70, 71, 72, 73, 75, 76, 77, 79, 80, 81, 82, 83, 84, 85, 87, 88, 89, 90, 91, 93, 94, 98, 99, 100, 101, 102, 104, 105, 106, 107, 108, 109, 110, 111, 112, 113, 116, 117, 118, 119, 120, 121, 122, 123, 124, 125, 126, 128, 129, 130, 131, 132, 133, 134, 135, 136, 138, 142, 143, 144, 145, 146, 147, 148, 149, 150, 154, 155, 157, 158, 159, 160, 161, 162, 163, 164, 165, 166, 167, 168, 169, 170, 171, 172, 173, 174, 175, 176, 177, 178, 179, 180, 181, 182, 183, 184, 185, 186, 187, 188, 189, 190, 191, 192, 193, 194, 195, 196, 197, 198, 199, 200, 201, 202, 203, 204, 205, 206, 208, 210, 211, 212, 213, 214, 215, 216, 217, 218, 219, 220, 222, 223, 224, 225, 226, 227, 228, 229, 230, 231, 232, 233, 234, 235, 236, 237, 238, 240, 241, 242, 243, 244, 245, 246, 260, 263, 265, 266, 267, 268, 269, 270, 271, 272, 273, 274, 275, 276, 277, 278, 279, 281, 282, 283, 284, 285, 290, 298, 299, 300, 301, 302, 303, 304, 305, 306]}"
REAL_001,S030,https://mausam.imd.gov.in/Rainfall/DISTRICT_DISTRIBUTION_STATEWISE_COUNTRY_INDIA_cd.pdf,identity_or_record_scope_review,,"[""Delhi-Mumbai Expressway"", ""Delhi-Vadodara Expressway"", ""Delhi-Vadodara Greenfield Expressway"", ""Delhi-Vadodara Access Controlled Greenfield Alignment"", ""NH-148N"", ""DME"", ""NE-4""]","Exact project, authority, phase/package, geography and reference number",Review source before project assignment.,
REAL_001,S039,https://dmrelief.rajasthan.gov.in/content/dam/dmr/files/documents/ddmp2025/Dausa.pdf,identity_or_record_scope_review,,"[""Delhi-Mumbai Expressway"", ""Delhi-Vadodara Expressway"", ""Delhi-Vadodara Greenfield Expressway"", ""Delhi-Vadodara Access Controlled Greenfield Alignment"", ""NH-148N"", ""DME"", ""NE-4""]","Exact project, authority, phase/package, geography and reference number",Review source before project assignment.,
REAL_001,S039,https://dmrelief.rajasthan.gov.in/content/dam/dmr/files/documents/ddmp2025/Dausa.pdf,scanned_or_sparse_page_needs_visual_review,255,,,Visual/OCR/table review; do not use unverified extraction as ML data.,"{""page"": 255, ""reason"": ""scanned_or_sparse_page_needs_visual_review""}"
REAL_001,S039,https://dmrelief.rajasthan.gov.in/content/dam/dmr/files/documents/ddmp2025/Dausa.pdf,scanned_or_sparse_page_needs_visual_review,256,,,Visual/OCR/table review; do not use unverified extraction as ML data.,"{""page"": 256, ""reason"": ""scanned_or_sparse_page_needs_visual_review""}"
REAL_001,S039,https://dmrelief.rajasthan.gov.in/content/dam/dmr/files/documents/ddmp2025/Dausa.pdf,scanned_or_sparse_page_needs_visual_review,257,,,Visual/OCR/table review; do not use unverified extraction as ML data.,"{""page"": 257, ""reason"": ""scanned_or_sparse_page_needs_visual_review""}"
REAL_001,S039,https://dmrelief.rajasthan.gov.in/content/dam/dmr/files/documents/ddmp2025/Dausa.pdf,scanned_or_sparse_page_needs_visual_review,258,,,Visual/OCR/table review; do not use unverified extraction as ML data.,"{""page"": 258, ""reason"": ""scanned_or_sparse_page_needs_visual_review""}"
REAL_001,S039,https://dmrelief.rajasthan.gov.in/content/dam/dmr/files/documents/ddmp2025/Dausa.pdf,scanned_or_sparse_page_needs_visual_review,259,,,Visual/OCR/table review; do not use unverified extraction as ML data.,"{""page"": 259, ""reason"": ""scanned_or_sparse_page_needs_visual_review""}"
REAL_001,S039,https://dmrelief.rajasthan.gov.in/content/dam/dmr/files/documents/ddmp2025/Dausa.pdf,scanned_or_sparse_page_needs_visual_review,260,,,Visual/OCR/table review; do not use unverified extraction as ML data.,"{""page"": 260, ""reason"": ""scanned_or_sparse_page_needs_visual_review""}"
REAL_002,S002,https://upeida.up.gov.in/en/article/ganga-expressway?brd=2,identity_or_record_scope_review,,"[""Ganga Expressway"", ""Ganga Expressway Project"", ""Uttar Pradesh Ganga Expressway""]","Exact project, authority, phase/package, geography and reference number",Review source before project assignment.,
REAL_002,G001,https://upeida.up.gov.in/downloadmedia/siteContent/202604271802004244Ganga Pdf.pdf,identity_or_record_scope_review,,"[""Ganga Expressway"", ""Ganga Expressway Project"", ""Uttar Pradesh Ganga Expressway""]","Exact project, authority, phase/package, geography and reference number",Review source before project assignment.,
REAL_002,G038,https://upeida.up.gov.in/downloadmedia/siteContent/202108021709176988Ganga Express way land.pdf,identity_or_record_scope_review,,"[""Ganga Expressway"", ""Ganga Expressway Project"", ""Uttar Pradesh Ganga Expressway""]","Exact project, authority, phase/package, geography and reference number",Review source before project assignment.,
REAL_002,G039,https://upeida.up.gov.in/downloadmedia/siteContent/202108121140551822GE 31 MAY.pdf,identity_or_record_scope_review,,"[""Ganga Expressway"", ""Ganga Expressway Project"", ""Uttar Pradesh Ganga Expressway""]","Exact project, authority, phase/package, geography and reference number",Review source before project assignment.,
REAL_002,G040,https://upeida.up.gov.in/downloadmedia/siteContent/202108121409301734note-1.pdf,identity_or_record_scope_review,,"[""Ganga Expressway"", ""Ganga Expressway Project"", ""Uttar Pradesh Ganga Expressway""]","Exact project, authority, phase/package, geography and reference number",Review source before project assignment.,
REAL_002,G040,https://upeida.up.gov.in/downloadmedia/siteContent/202108121409301734note-1.pdf,scanned_or_sparse_page_needs_visual_review,1,,,Visual/OCR/table review; do not use unverified extraction as ML data.,"{""page"": 1, ""reason"": ""scanned_or_sparse_page_needs_visual_review""}"
REAL_002,G040,https://upeida.up.gov.in/downloadmedia/siteContent/202108121409301734note-1.pdf,scanned_or_sparse_page_needs_visual_review,2,,,Visual/OCR/table review; do not use unverified extraction as ML data.,"{""page"": 2, ""reason"": ""scanned_or_sparse_page_needs_visual_review""}"
REAL_002,G040,https://upeida.up.gov.in/downloadmedia/siteContent/202108121409301734note-1.pdf,scanned_or_sparse_page_needs_visual_review,3,,,Visual/OCR/table review; do not use unverified extraction as ML data.,"{""page"": 3, ""reason"": ""scanned_or_sparse_page_needs_visual_review""}"
REAL_002,G040,https://upeida.up.gov.in/downloadmedia/siteContent/202108121409301734note-1.pdf,scanned_or_sparse_page_needs_visual_review,4,,,Visual/OCR/table review; do not use unverified extraction as ML data.,"{""page"": 4, ""reason"": ""scanned_or_sparse_page_needs_visual_review""}"
REAL_002,G040,https://upeida.up.gov.in/downloadmedia/siteContent/202108121409301734note-1.pdf,scanned_or_sparse_page_needs_visual_review,5,,,Visual/OCR/table review; do not use unverified extraction as ML data.,"{""page"": 5, ""reason"": ""scanned_or_sparse_page_needs_visual_review""}"
REAL_002,G040,https://upeida.up.gov.in/downloadmedia/siteContent/202108121409301734note-1.pdf,scanned_or_sparse_page_needs_visual_review,6,,,Visual/OCR/table review; do not use unverified extraction as ML data.,"{""page"": 6, ""reason"": ""scanned_or_sparse_page_needs_visual_review""}"
REAL_002,G040,https://upeida.up.gov.in/downloadmedia/siteContent/202108121409301734note-1.pdf,scanned_or_sparse_page_needs_visual_review,7,,,Visual/OCR/table review; do not use unverified extraction as ML data.,"{""page"": 7, ""reason"": ""scanned_or_sparse_page_needs_visual_review""}"
REAL_002,G041,https://upeida.up.gov.in/downloadmedia/siteContent/202108121411383818note.pdf,identity_or_record_scope_review,,"[""Ganga Expressway"", ""Ganga Expressway Project"", ""Uttar Pradesh Ganga Expressway""]","Exact project, authority, phase/package, geography and reference number",Review source before project assignment.,
REAL_002,G041,https://upeida.up.gov.in/downloadmedia/siteContent/202108121411383818note.pdf,scanned_or_sparse_page_needs_visual_review,1,,,Visual/OCR/table review; do not use unverified extraction as ML data.,"{""page"": 1, ""reason"": ""scanned_or_sparse_page_needs_visual_review""}"
REAL_002,G041,https://upeida.up.gov.in/downloadmedia/siteContent/202108121411383818note.pdf,scanned_or_sparse_page_needs_visual_review,2,,,Visual/OCR/table review; do not use unverified extraction as ML data.,"{""page"": 2, ""reason"": ""scanned_or_sparse_page_needs_visual_review""}"
REAL_002,G041,https://upeida.up.gov.in/downloadmedia/siteContent/202108121411383818note.pdf,scanned_or_sparse_page_needs_visual_review,3,,,Visual/OCR/table review; do not use unverified extraction as ML data.,"{""page"": 3, ""reason"": ""scanned_or_sparse_page_needs_visual_review""}"
REAL_002,G041,https://upeida.up.gov.in/downloadmedia/siteContent/202108121411383818note.pdf,scanned_or_sparse_page_needs_visual_review,4,,,Visual/OCR/table review; do not use unverified extraction as ML data.,"{""page"": 4, ""reason"": ""scanned_or_sparse_page_needs_visual_review""}"
REAL_002,G041,https://upeida.up.gov.in/downloadmedia/siteContent/202108121411383818note.pdf,scanned_or_sparse_page_needs_visual_review,5,,,Visual/OCR/table review; do not use unverified extraction as ML data.,"{""page"": 5, ""reason"": ""scanned_or_sparse_page_needs_visual_review""}"
REAL_002,G041,https://upeida.up.gov.in/downloadmedia/siteContent/202108121411383818note.pdf,scanned_or_sparse_page_needs_visual_review,6,,,Visual/OCR/table review; do not use unverified extraction as ML data.,"{""page"": 6, ""reason"": ""scanned_or_sparse_page_needs_visual_review""}"
REAL_002,G041,https://upeida.up.gov.in/downloadmedia/siteContent/202108121411383818note.pdf,scanned_or_sparse_page_needs_visual_review,7,,,Visual/OCR/table review; do not use unverified extraction as ML data.,"{""page"": 7, ""reason"": ""scanned_or_sparse_page_needs_visual_review""}"
REAL_002,G041,https://upeida.up.gov.in/downloadmedia/siteContent/202108121411383818note.pdf,scanned_or_sparse_page_needs_visual_review,8,,,Visual/OCR/table review; do not use unverified extraction as ML data.,"{""page"": 8, ""reason"": ""scanned_or_sparse_page_needs_visual_review""}"
REAL_002,G041,https://upeida.up.gov.in/downloadmedia/siteContent/202108121411383818note.pdf,scanned_or_sparse_page_needs_visual_review,9,,,Visual/OCR/table review; do not use unverified extraction as ML data.,"{""page"": 9, ""reason"": ""scanned_or_sparse_page_needs_visual_review""}"
REAL_002,G041,https://upeida.up.gov.in/downloadmedia/siteContent/202108121411383818note.pdf,scanned_or_sparse_page_needs_visual_review,10,,,Visual/OCR/table review; do not use unverified extraction as ML data.,"{""page"": 10, ""reason"": ""scanned_or_sparse_page_needs_visual_review""}"
REAL_002,G041,https://upeida.up.gov.in/downloadmedia/siteContent/202108121411383818note.pdf,scanned_or_sparse_page_needs_visual_review,11,,,Visual/OCR/table review; do not use unverified extraction as ML data.,"{""page"": 11, ""reason"": ""scanned_or_sparse_page_needs_visual_review""}"
REAL_002,G041,https://upeida.up.gov.in/downloadmedia/siteContent/202108121411383818note.pdf,scanned_or_sparse_page_needs_visual_review,12,,,Visual/OCR/table review; do not use unverified extraction as ML data.,"{""page"": 12, ""reason"": ""scanned_or_sparse_page_needs_visual_review""}"
REAL_002,G041,https://upeida.up.gov.in/downloadmedia/siteContent/202108121411383818note.pdf,scanned_or_sparse_page_needs_visual_review,13,,,Visual/OCR/table review; do not use unverified extraction as ML data.,"{""page"": 13, ""reason"": ""scanned_or_sparse_page_needs_visual_review""}"
REAL_002,G041,https://upeida.up.gov.in/downloadmedia/siteContent/202108121411383818note.pdf,scanned_or_sparse_page_needs_visual_review,14,,,Visual/OCR/table review; do not use unverified extraction as ML data.,"{""page"": 14, ""reason"": ""scanned_or_sparse_page_needs_visual_review""}"
REAL_002,G041,https://upeida.up.gov.in/downloadmedia/siteContent/202108121411383818note.pdf,scanned_or_sparse_page_needs_visual_review,15,,,Visual/OCR/table review; do not use unverified extraction as ML data.,"{""page"": 15, ""reason"": ""scanned_or_sparse_page_needs_visual_review""}"
REAL_002,G041,https://upeida.up.gov.in/downloadmedia/siteContent/202108121411383818note.pdf,scanned_or_sparse_page_needs_visual_review,16,,,Visual/OCR/table review; do not use unverified extraction as ML data.,"{""page"": 16, ""reason"": ""scanned_or_sparse_page_needs_visual_review""}"
REAL_002,G041,https://upeida.up.gov.in/downloadmedia/siteContent/202108121411383818note.pdf,scanned_or_sparse_page_needs_visual_review,17,,,Visual/OCR/table review; do not use unverified extraction as ML data.,"{""page"": 17, ""reason"": ""scanned_or_sparse_page_needs_visual_review""}"
REAL_002,G041,https://upeida.up.gov.in/downloadmedia/siteContent/202108121411383818note.pdf,scanned_or_sparse_page_needs_visual_review,18,,,Visual/OCR/table review; do not use unverified extraction as ML data.,"{""page"": 18, ""reason"": ""scanned_or_sparse_page_needs_visual_review""}"
REAL_002,G041,https://upeida.up.gov.in/downloadmedia/siteContent/202108121411383818note.pdf,scanned_or_sparse_page_needs_visual_review,19,,,Visual/OCR/table review; do not use unverified extraction as ML data.,"{""page"": 19, ""reason"": ""scanned_or_sparse_page_needs_visual_review""}"
REAL_002,G041,https://upeida.up.gov.in/downloadmedia/siteContent/202108121411383818note.pdf,scanned_or_sparse_page_needs_visual_review,20,,,Visual/OCR/table review; do not use unverified extraction as ML data.,"{""page"": 20, ""reason"": ""scanned_or_sparse_page_needs_visual_review""}"
REAL_002,G041,https://upeida.up.gov.in/downloadmedia/siteContent/202108121411383818note.pdf,scanned_or_sparse_page_needs_visual_review,21,,,Visual/OCR/table review; do not use unverified extraction as ML data.,"{""page"": 21, ""reason"": ""scanned_or_sparse_page_needs_visual_review""}"
REAL_002,G041,https://upeida.up.gov.in/downloadmedia/siteContent/202108121411383818note.pdf,scanned_or_sparse_page_needs_visual_review,22,,,Visual/OCR/table review; do not use unverified extraction as ML data.,"{""page"": 22, ""reason"": ""scanned_or_sparse_page_needs_visual_review""}"
REAL_002,G041,https://upeida.up.gov.in/downloadmedia/siteContent/202108121411383818note.pdf,scanned_or_sparse_page_needs_visual_review,23,,,Visual/OCR/table review; do not use unverified extraction as ML data.,"{""page"": 23, ""reason"": ""scanned_or_sparse_page_needs_visual_review""}"
REAL_002,G041,https://upeida.up.gov.in/downloadmedia/siteContent/202108121411383818note.pdf,scanned_or_sparse_page_needs_visual_review,24,,,Visual/OCR/table review; do not use unverified extraction as ML data.,"{""page"": 24, ""reason"": ""scanned_or_sparse_page_needs_visual_review""}"
REAL_002,G041,https://upeida.up.gov.in/downloadmedia/siteContent/202108121411383818note.pdf,scanned_or_sparse_page_needs_visual_review,25,,,Visual/OCR/table review; do not use unverified extraction as ML data.,"{""page"": 25, ""reason"": ""scanned_or_sparse_page_needs_visual_review""}"
REAL_002,G041,https://upeida.up.gov.in/downloadmedia/siteContent/202108121411383818note.pdf,scanned_or_sparse_page_needs_visual_review,26,,,Visual/OCR/table review; do not use unverified extraction as ML data.,"{""page"": 26, ""reason"": ""scanned_or_sparse_page_needs_visual_review""}"
REAL_002,G041,https://upeida.up.gov.in/downloadmedia/siteContent/202108121411383818note.pdf,scanned_or_sparse_page_needs_visual_review,27,,,Visual/OCR/table review; do not use unverified extraction as ML data.,"{""page"": 27, ""reason"": ""scanned_or_sparse_page_needs_visual_review""}"
REAL_002,G041,https://upeida.up.gov.in/downloadmedia/siteContent/202108121411383818note.pdf,scanned_or_sparse_page_needs_visual_review,28,,,Visual/OCR/table review; do not use unverified extraction as ML data.,"{""page"": 28, ""reason"": ""scanned_or_sparse_page_needs_visual_review""}"
REAL_002,G041,https://upeida.up.gov.in/downloadmedia/siteContent/202108121411383818note.pdf,scanned_or_sparse_page_needs_visual_review,29,,,Visual/OCR/table review; do not use unverified extraction as ML data.,"{""page"": 29, ""reason"": ""scanned_or_sparse_page_needs_visual_review""}"
REAL_002,G041,https://upeida.up.gov.in/downloadmedia/siteContent/202108121411383818note.pdf,scanned_or_sparse_page_needs_visual_review,30,,,Visual/OCR/table review; do not use unverified extraction as ML data.,"{""page"": 30, ""reason"": ""scanned_or_sparse_page_needs_visual_review""}"
REAL_002,G041,https://upeida.up.gov.in/downloadmedia/siteContent/202108121411383818note.pdf,scanned_or_sparse_page_needs_visual_review,31,,,Visual/OCR/table review; do not use unverified extraction as ML data.,"{""page"": 31, ""reason"": ""scanned_or_sparse_page_needs_visual_review""}"
REAL_002,G041,https://upeida.up.gov.in/downloadmedia/siteContent/202108121411383818note.pdf,scanned_or_sparse_page_needs_visual_review,32,,,Visual/OCR/table review; do not use unverified extraction as ML data.,"{""page"": 32, ""reason"": ""scanned_or_sparse_page_needs_visual_review""}"
REAL_002,G041,https://upeida.up.gov.in/downloadmedia/siteContent/202108121411383818note.pdf,scanned_or_sparse_page_needs_visual_review,33,,,Visual/OCR/table review; do not use unverified extraction as ML data.,"{""page"": 33, ""reason"": ""scanned_or_sparse_page_needs_visual_review""}"
REAL_002,G041,https://upeida.up.gov.in/downloadmedia/siteContent/202108121411383818note.pdf,scanned_or_sparse_page_needs_visual_review,34,,,Visual/OCR/table review; do not use unverified extraction as ML data.,"{""page"": 34, ""reason"": ""scanned_or_sparse_page_needs_visual_review""}"
REAL_002,G041,https://upeida.up.gov.in/downloadmedia/siteContent/202108121411383818note.pdf,scanned_or_sparse_page_needs_visual_review,35,,,Visual/OCR/table review; do not use unverified extraction as ML data.,"{""page"": 35, ""reason"": ""scanned_or_sparse_page_needs_visual_review""}"
REAL_002,G041,https://upeida.up.gov.in/downloadmedia/siteContent/202108121411383818note.pdf,scanned_or_sparse_page_needs_visual_review,36,,,Visual/OCR/table review; do not use unverified extraction as ML data.,"{""page"": 36, ""reason"": ""scanned_or_sparse_page_needs_visual_review""}"
REAL_002,G041,https://upeida.up.gov.in/downloadmedia/siteContent/202108121411383818note.pdf,scanned_or_sparse_page_needs_visual_review,37,,,Visual/OCR/table review; do not use unverified extraction as ML data.,"{""page"": 37, ""reason"": ""scanned_or_sparse_page_needs_visual_review""}"
REAL_002,G041,https://upeida.up.gov.in/downloadmedia/siteContent/202108121411383818note.pdf,scanned_or_sparse_page_needs_visual_review,38,,,Visual/OCR/table review; do not use unverified extraction as ML data.,"{""page"": 38, ""reason"": ""scanned_or_sparse_page_needs_visual_review""}"
REAL_002,G041,https://upeida.up.gov.in/downloadmedia/siteContent/202108121411383818note.pdf,scanned_or_sparse_page_needs_visual_review,39,,,Visual/OCR/table review; do not use unverified extraction as ML data.,"{""page"": 39, ""reason"": ""scanned_or_sparse_page_needs_visual_review""}"
REAL_002,G041,https://upeida.up.gov.in/downloadmedia/siteContent/202108121411383818note.pdf,scanned_or_sparse_page_needs_visual_review,40,,,Visual/OCR/table review; do not use unverified extraction as ML data.,"{""page"": 40, ""reason"": ""scanned_or_sparse_page_needs_visual_review""}"
REAL_002,G041,https://upeida.up.gov.in/downloadmedia/siteContent/202108121411383818note.pdf,scanned_or_sparse_page_needs_visual_review,41,,,Visual/OCR/table review; do not use unverified extraction as ML data.,"{""page"": 41, ""reason"": ""scanned_or_sparse_page_needs_visual_review""}"
REAL_002,G041,https://upeida.up.gov.in/downloadmedia/siteContent/202108121411383818note.pdf,scanned_or_sparse_page_needs_visual_review,42,,,Visual/OCR/table review; do not use unverified extraction as ML data.,"{""page"": 42, ""reason"": ""scanned_or_sparse_page_needs_visual_review""}"
REAL_002,G041,https://upeida.up.gov.in/downloadmedia/siteContent/202108121411383818note.pdf,scanned_or_sparse_page_needs_visual_review,43,,,Visual/OCR/table review; do not use unverified extraction as ML data.,"{""page"": 43, ""reason"": ""scanned_or_sparse_page_needs_visual_review""}"
REAL_002,G041,https://upeida.up.gov.in/downloadmedia/siteContent/202108121411383818note.pdf,scanned_or_sparse_page_needs_visual_review,44,,,Visual/OCR/table review; do not use unverified extraction as ML data.,"{""page"": 44, ""reason"": ""scanned_or_sparse_page_needs_visual_review""}"
REAL_002,G041,https://upeida.up.gov.in/downloadmedia/siteContent/202108121411383818note.pdf,scanned_or_sparse_page_needs_visual_review,45,,,Visual/OCR/table review; do not use unverified extraction as ML data.,"{""page"": 45, ""reason"": ""scanned_or_sparse_page_needs_visual_review""}"
REAL_002,G041,https://upeida.up.gov.in/downloadmedia/siteContent/202108121411383818note.pdf,scanned_or_sparse_page_needs_visual_review,46,,,Visual/OCR/table review; do not use unverified extraction as ML data.,"{""page"": 46, ""reason"": ""scanned_or_sparse_page_needs_visual_review""}"
REAL_002,G041,https://upeida.up.gov.in/downloadmedia/siteContent/202108121411383818note.pdf,scanned_or_sparse_page_needs_visual_review,47,,,Visual/OCR/table review; do not use unverified extraction as ML data.,"{""page"": 47, ""reason"": ""scanned_or_sparse_page_needs_visual_review""}"
REAL_002,G041,https://upeida.up.gov.in/downloadmedia/siteContent/202108121411383818note.pdf,scanned_or_sparse_page_needs_visual_review,48,,,Visual/OCR/table review; do not use unverified extraction as ML data.,"{""page"": 48, ""reason"": ""scanned_or_sparse_page_needs_visual_review""}"
REAL_002,G041,https://upeida.up.gov.in/downloadmedia/siteContent/202108121411383818note.pdf,scanned_or_sparse_page_needs_visual_review,49,,,Visual/OCR/table review; do not use unverified extraction as ML data.,"{""page"": 49, ""reason"": ""scanned_or_sparse_page_needs_visual_review""}"
REAL_002,G041,https://upeida.up.gov.in/downloadmedia/siteContent/202108121411383818note.pdf,scanned_or_sparse_page_needs_visual_review,50,,,Visual/OCR/table review; do not use unverified extraction as ML data.,"{""page"": 50, ""reason"": ""scanned_or_sparse_page_needs_visual_review""}"
REAL_002,G041,https://upeida.up.gov.in/downloadmedia/siteContent/202108121411383818note.pdf,scanned_or_sparse_page_needs_visual_review,51,,,Visual/OCR/table review; do not use unverified extraction as ML data.,"{""page"": 51, ""reason"": ""scanned_or_sparse_page_needs_visual_review""}"
REAL_002,G041,https://upeida.up.gov.in/downloadmedia/siteContent/202108121411383818note.pdf,scanned_or_sparse_page_needs_visual_review,52,,,Visual/OCR/table review; do not use unverified extraction as ML data.,"{""page"": 52, ""reason"": ""scanned_or_sparse_page_needs_visual_review""}"
REAL_002,G041,https://upeida.up.gov.in/downloadmedia/siteContent/202108121411383818note.pdf,scanned_or_sparse_page_needs_visual_review,53,,,Visual/OCR/table review; do not use unverified extraction as ML data.,"{""page"": 53, ""reason"": ""scanned_or_sparse_page_needs_visual_review""}"
REAL_002,G041,https://upeida.up.gov.in/downloadmedia/siteContent/202108121411383818note.pdf,scanned_or_sparse_page_needs_visual_review,54,,,Visual/OCR/table review; do not use unverified extraction as ML data.,"{""page"": 54, ""reason"": ""scanned_or_sparse_page_needs_visual_review""}"
REAL_002,G041,https://upeida.up.gov.in/downloadmedia/siteContent/202108121411383818note.pdf,scanned_or_sparse_page_needs_visual_review,55,,,Visual/OCR/table review; do not use unverified extraction as ML data.,"{""page"": 55, ""reason"": ""scanned_or_sparse_page_needs_visual_review""}"
REAL_002,G041,https://upeida.up.gov.in/downloadmedia/siteContent/202108121411383818note.pdf,scanned_or_sparse_page_needs_visual_review,56,,,Visual/OCR/table review; do not use unverified extraction as ML data.,"{""page"": 56, ""reason"": ""scanned_or_sparse_page_needs_visual_review""}"
REAL_002,G041,https://upeida.up.gov.in/downloadmedia/siteContent/202108121411383818note.pdf,scanned_or_sparse_page_needs_visual_review,57,,,Visual/OCR/table review; do not use unverified extraction as ML data.,"{""page"": 57, ""reason"": ""scanned_or_sparse_page_needs_visual_review""}"
REAL_002,G041,https://upeida.up.gov.in/downloadmedia/siteContent/202108121411383818note.pdf,scanned_or_sparse_page_needs_visual_review,58,,,Visual/OCR/table review; do not use unverified extraction as ML data.,"{""page"": 58, ""reason"": ""scanned_or_sparse_page_needs_visual_review""}"
REAL_002,G041,https://upeida.up.gov.in/downloadmedia/siteContent/202108121411383818note.pdf,scanned_or_sparse_page_needs_visual_review,59,,,Visual/OCR/table review; do not use unverified extraction as ML data.,"{""page"": 59, ""reason"": ""scanned_or_sparse_page_needs_visual_review""}"
REAL_002,G041,https://upeida.up.gov.in/downloadmedia/siteContent/202108121411383818note.pdf,scanned_or_sparse_page_needs_visual_review,60,,,Visual/OCR/table review; do not use unverified extraction as ML data.,"{""page"": 60, ""reason"": ""scanned_or_sparse_page_needs_visual_review""}"
REAL_002,G041,https://upeida.up.gov.in/downloadmedia/siteContent/202108121411383818note.pdf,scanned_or_sparse_page_needs_visual_review,61,,,Visual/OCR/table review; do not use unverified extraction as ML data.,"{""page"": 61, ""reason"": ""scanned_or_sparse_page_needs_visual_review""}"
REAL_002,G041,https://upeida.up.gov.in/downloadmedia/siteContent/202108121411383818note.pdf,scanned_or_sparse_page_needs_visual_review,62,,,Visual/OCR/table review; do not use unverified extraction as ML data.,"{""page"": 62, ""reason"": ""scanned_or_sparse_page_needs_visual_review""}"
REAL_002,G041,https://upeida.up.gov.in/downloadmedia/siteContent/202108121411383818note.pdf,scanned_or_sparse_page_needs_visual_review,63,,,Visual/OCR/table review; do not use unverified extraction as ML data.,"{""page"": 63, ""reason"": ""scanned_or_sparse_page_needs_visual_review""}"
REAL_002,G041,https://upeida.up.gov.in/downloadmedia/siteContent/202108121411383818note.pdf,scanned_or_sparse_page_needs_visual_review,64,,,Visual/OCR/table review; do not use unverified extraction as ML data.,"{""page"": 64, ""reason"": ""scanned_or_sparse_page_needs_visual_review""}"
REAL_002,G041,https://upeida.up.gov.in/downloadmedia/siteContent/202108121411383818note.pdf,scanned_or_sparse_page_needs_visual_review,65,,,Visual/OCR/table review; do not use unverified extraction as ML data.,"{""page"": 65, ""reason"": ""scanned_or_sparse_page_needs_visual_review""}"
REAL_002,G041,https://upeida.up.gov.in/downloadmedia/siteContent/202108121411383818note.pdf,scanned_or_sparse_page_needs_visual_review,66,,,Visual/OCR/table review; do not use unverified extraction as ML data.,"{""page"": 66, ""reason"": ""scanned_or_sparse_page_needs_visual_review""}"
REAL_002,G041,https://upeida.up.gov.in/downloadmedia/siteContent/202108121411383818note.pdf,scanned_or_sparse_page_needs_visual_review,67,,,Visual/OCR/table review; do not use unverified extraction as ML data.,"{""page"": 67, ""reason"": ""scanned_or_sparse_page_needs_visual_review""}"
REAL_002,G041,https://upeida.up.gov.in/downloadmedia/siteContent/202108121411383818note.pdf,scanned_or_sparse_page_needs_visual_review,68,,,Visual/OCR/table review; do not use unverified extraction as ML data.,"{""page"": 68, ""reason"": ""scanned_or_sparse_page_needs_visual_review""}"
REAL_002,G041,https://upeida.up.gov.in/downloadmedia/siteContent/202108121411383818note.pdf,scanned_or_sparse_page_needs_visual_review,69,,,Visual/OCR/table review; do not use unverified extraction as ML data.,"{""page"": 69, ""reason"": ""scanned_or_sparse_page_needs_visual_review""}"
REAL_002,G041,https://upeida.up.gov.in/downloadmedia/siteContent/202108121411383818note.pdf,scanned_or_sparse_page_needs_visual_review,70,,,Visual/OCR/table review; do not use unverified extraction as ML data.,"{""page"": 70, ""reason"": ""scanned_or_sparse_page_needs_visual_review""}"
REAL_002,G041,https://upeida.up.gov.in/downloadmedia/siteContent/202108121411383818note.pdf,scanned_or_sparse_page_needs_visual_review,71,,,Visual/OCR/table review; do not use unverified extraction as ML data.,"{""page"": 71, ""reason"": ""scanned_or_sparse_page_needs_visual_review""}"
REAL_002,G041,https://upeida.up.gov.in/downloadmedia/siteContent/202108121411383818note.pdf,scanned_or_sparse_page_needs_visual_review,72,,,Visual/OCR/table review; do not use unverified extraction as ML data.,"{""page"": 72, ""reason"": ""scanned_or_sparse_page_needs_visual_review""}"
REAL_002,G041,https://upeida.up.gov.in/downloadmedia/siteContent/202108121411383818note.pdf,scanned_or_sparse_page_needs_visual_review,73,,,Visual/OCR/table review; do not use unverified extraction as ML data.,"{""page"": 73, ""reason"": ""scanned_or_sparse_page_needs_visual_review""}"
REAL_002,G041,https://upeida.up.gov.in/downloadmedia/siteContent/202108121411383818note.pdf,scanned_or_sparse_page_needs_visual_review,74,,,Visual/OCR/table review; do not use unverified extraction as ML data.,"{""page"": 74, ""reason"": ""scanned_or_sparse_page_needs_visual_review""}"
REAL_002,G041,https://upeida.up.gov.in/downloadmedia/siteContent/202108121411383818note.pdf,scanned_or_sparse_page_needs_visual_review,75,,,Visual/OCR/table review; do not use unverified extraction as ML data.,"{""page"": 75, ""reason"": ""scanned_or_sparse_page_needs_visual_review""}"
REAL_002,G041,https://upeida.up.gov.in/downloadmedia/siteContent/202108121411383818note.pdf,scanned_or_sparse_page_needs_visual_review,76,,,Visual/OCR/table review; do not use unverified extraction as ML data.,"{""page"": 76, ""reason"": ""scanned_or_sparse_page_needs_visual_review""}"
REAL_002,G041,https://upeida.up.gov.in/downloadmedia/siteContent/202108121411383818note.pdf,scanned_or_sparse_page_needs_visual_review,77,,,Visual/OCR/table review; do not use unverified extraction as ML data.,"{""page"": 77, ""reason"": ""scanned_or_sparse_page_needs_visual_review""}"
REAL_002,G041,https://upeida.up.gov.in/downloadmedia/siteContent/202108121411383818note.pdf,scanned_or_sparse_page_needs_visual_review,78,,,Visual/OCR/table review; do not use unverified extraction as ML data.,"{""page"": 78, ""reason"": ""scanned_or_sparse_page_needs_visual_review""}"
REAL_002,G041,https://upeida.up.gov.in/downloadmedia/siteContent/202108121411383818note.pdf,scanned_or_sparse_page_needs_visual_review,79,,,Visual/OCR/table review; do not use unverified extraction as ML data.,"{""page"": 79, ""reason"": ""scanned_or_sparse_page_needs_visual_review""}"
REAL_002,G041,https://upeida.up.gov.in/downloadmedia/siteContent/202108121411383818note.pdf,scanned_or_sparse_page_needs_visual_review,80,,,Visual/OCR/table review; do not use unverified extraction as ML data.,"{""page"": 80, ""reason"": ""scanned_or_sparse_page_needs_visual_review""}"
REAL_002,G041,https://upeida.up.gov.in/downloadmedia/siteContent/202108121411383818note.pdf,scanned_or_sparse_page_needs_visual_review,81,,,Visual/OCR/table review; do not use unverified extraction as ML data.,"{""page"": 81, ""reason"": ""scanned_or_sparse_page_needs_visual_review""}"
REAL_002,G041,https://upeida.up.gov.in/downloadmedia/siteContent/202108121411383818note.pdf,scanned_or_sparse_page_needs_visual_review,82,,,Visual/OCR/table review; do not use unverified extraction as ML data.,"{""page"": 82, ""reason"": ""scanned_or_sparse_page_needs_visual_review""}"
REAL_002,G041,https://upeida.up.gov.in/downloadmedia/siteContent/202108121411383818note.pdf,scanned_or_sparse_page_needs_visual_review,83,,,Visual/OCR/table review; do not use unverified extraction as ML data.,"{""page"": 83, ""reason"": ""scanned_or_sparse_page_needs_visual_review""}"
REAL_002,G041,https://upeida.up.gov.in/downloadmedia/siteContent/202108121411383818note.pdf,scanned_or_sparse_page_needs_visual_review,84,,,Visual/OCR/table review; do not use unverified extraction as ML data.,"{""page"": 84, ""reason"": ""scanned_or_sparse_page_needs_visual_review""}"
REAL_002,G041,https://upeida.up.gov.in/downloadmedia/siteContent/202108121411383818note.pdf,scanned_or_sparse_page_needs_visual_review,85,,,Visual/OCR/table review; do not use unverified extraction as ML data.,"{""page"": 85, ""reason"": ""scanned_or_sparse_page_needs_visual_review""}"
REAL_002,G041,https://upeida.up.gov.in/downloadmedia/siteContent/202108121411383818note.pdf,scanned_or_sparse_page_needs_visual_review,86,,,Visual/OCR/table review; do not use unverified extraction as ML data.,"{""page"": 86, ""reason"": ""scanned_or_sparse_page_needs_visual_review""}"
REAL_002,G041,https://upeida.up.gov.in/downloadmedia/siteContent/202108121411383818note.pdf,scanned_or_sparse_page_needs_visual_review,87,,,Visual/OCR/table review; do not use unverified extraction as ML data.,"{""page"": 87, ""reason"": ""scanned_or_sparse_page_needs_visual_review""}"
REAL_002,G041,https://upeida.up.gov.in/downloadmedia/siteContent/202108121411383818note.pdf,scanned_or_sparse_page_needs_visual_review,88,,,Visual/OCR/table review; do not use unverified extraction as ML data.,"{""page"": 88, ""reason"": ""scanned_or_sparse_page_needs_visual_review""}"
REAL_002,G041,https://upeida.up.gov.in/downloadmedia/siteContent/202108121411383818note.pdf,scanned_or_sparse_page_needs_visual_review,89,,,Visual/OCR/table review; do not use unverified extraction as ML data.,"{""page"": 89, ""reason"": ""scanned_or_sparse_page_needs_visual_review""}"
REAL_002,G041,https://upeida.up.gov.in/downloadmedia/siteContent/202108121411383818note.pdf,scanned_or_sparse_page_needs_visual_review,90,,,Visual/OCR/table review; do not use unverified extraction as ML data.,"{""page"": 90, ""reason"": ""scanned_or_sparse_page_needs_visual_review""}"
REAL_002,G041,https://upeida.up.gov.in/downloadmedia/siteContent/202108121411383818note.pdf,scanned_or_sparse_page_needs_visual_review,91,,,Visual/OCR/table review; do not use unverified extraction as ML data.,"{""page"": 91, ""reason"": ""scanned_or_sparse_page_needs_visual_review""}"
REAL_002,G041,https://upeida.up.gov.in/downloadmedia/siteContent/202108121411383818note.pdf,scanned_or_sparse_page_needs_visual_review,92,,,Visual/OCR/table review; do not use unverified extraction as ML data.,"{""page"": 92, ""reason"": ""scanned_or_sparse_page_needs_visual_review""}"
REAL_002,G041,https://upeida.up.gov.in/downloadmedia/siteContent/202108121411383818note.pdf,scanned_or_sparse_page_needs_visual_review,93,,,Visual/OCR/table review; do not use unverified extraction as ML data.,"{""page"": 93, ""reason"": ""scanned_or_sparse_page_needs_visual_review""}"
REAL_002,G041,https://upeida.up.gov.in/downloadmedia/siteContent/202108121411383818note.pdf,scanned_or_sparse_page_needs_visual_review,94,,,Visual/OCR/table review; do not use unverified extraction as ML data.,"{""page"": 94, ""reason"": ""scanned_or_sparse_page_needs_visual_review""}"
REAL_002,G041,https://upeida.up.gov.in/downloadmedia/siteContent/202108121411383818note.pdf,scanned_or_sparse_page_needs_visual_review,95,,,Visual/OCR/table review; do not use unverified extraction as ML data.,"{""page"": 95, ""reason"": ""scanned_or_sparse_page_needs_visual_review""}"
REAL_002,G041,https://upeida.up.gov.in/downloadmedia/siteContent/202108121411383818note.pdf,scanned_or_sparse_page_needs_visual_review,96,,,Visual/OCR/table review; do not use unverified extraction as ML data.,"{""page"": 96, ""reason"": ""scanned_or_sparse_page_needs_visual_review""}"
REAL_002,G041,https://upeida.up.gov.in/downloadmedia/siteContent/202108121411383818note.pdf,scanned_or_sparse_page_needs_visual_review,97,,,Visual/OCR/table review; do not use unverified extraction as ML data.,"{""page"": 97, ""reason"": ""scanned_or_sparse_page_needs_visual_review""}"
REAL_002,G041,https://upeida.up.gov.in/downloadmedia/siteContent/202108121411383818note.pdf,scanned_or_sparse_page_needs_visual_review,98,,,Visual/OCR/table review; do not use unverified extraction as ML data.,"{""page"": 98, ""reason"": ""scanned_or_sparse_page_needs_visual_review""}"
REAL_002,G041,https://upeida.up.gov.in/downloadmedia/siteContent/202108121411383818note.pdf,scanned_or_sparse_page_needs_visual_review,99,,,Visual/OCR/table review; do not use unverified extraction as ML data.,"{""page"": 99, ""reason"": ""scanned_or_sparse_page_needs_visual_review""}"
REAL_002,G041,https://upeida.up.gov.in/downloadmedia/siteContent/202108121411383818note.pdf,scanned_or_sparse_page_needs_visual_review,100,,,Visual/OCR/table review; do not use unverified extraction as ML data.,"{""page"": 100, ""reason"": ""scanned_or_sparse_page_needs_visual_review""}"
REAL_002,G041,https://upeida.up.gov.in/downloadmedia/siteContent/202108121411383818note.pdf,scanned_or_sparse_page_needs_visual_review,101,,,Visual/OCR/table review; do not use unverified extraction as ML data.,"{""page"": 101, ""reason"": ""scanned_or_sparse_page_needs_visual_review""}"
REAL_002,G041,https://upeida.up.gov.in/downloadmedia/siteContent/202108121411383818note.pdf,scanned_or_sparse_page_needs_visual_review,102,,,Visual/OCR/table review; do not use unverified extraction as ML data.,"{""page"": 102, ""reason"": ""scanned_or_sparse_page_needs_visual_review""}"
REAL_002,G041,https://upeida.up.gov.in/downloadmedia/siteContent/202108121411383818note.pdf,scanned_or_sparse_page_needs_visual_review,103,,,Visual/OCR/table review; do not use unverified extraction as ML data.,"{""page"": 103, ""reason"": ""scanned_or_sparse_page_needs_visual_review""}"
REAL_002,G041,https://upeida.up.gov.in/downloadmedia/siteContent/202108121411383818note.pdf,scanned_or_sparse_page_needs_visual_review,104,,,Visual/OCR/table review; do not use unverified extraction as ML data.,"{""page"": 104, ""reason"": ""scanned_or_sparse_page_needs_visual_review""}"
REAL_002,G041,https://upeida.up.gov.in/downloadmedia/siteContent/202108121411383818note.pdf,scanned_or_sparse_page_needs_visual_review,105,,,Visual/OCR/table review; do not use unverified extraction as ML data.,"{""page"": 105, ""reason"": ""scanned_or_sparse_page_needs_visual_review""}"
REAL_002,G041,https://upeida.up.gov.in/downloadmedia/siteContent/202108121411383818note.pdf,scanned_or_sparse_page_needs_visual_review,106,,,Visual/OCR/table review; do not use unverified extraction as ML data.,"{""page"": 106, ""reason"": ""scanned_or_sparse_page_needs_visual_review""}"
REAL_002,G041,https://upeida.up.gov.in/downloadmedia/siteContent/202108121411383818note.pdf,scanned_or_sparse_page_needs_visual_review,107,,,Visual/OCR/table review; do not use unverified extraction as ML data.,"{""page"": 107, ""reason"": ""scanned_or_sparse_page_needs_visual_review""}"
REAL_002,G041,https://upeida.up.gov.in/downloadmedia/siteContent/202108121411383818note.pdf,scanned_or_sparse_page_needs_visual_review,108,,,Visual/OCR/table review; do not use unverified extraction as ML data.,"{""page"": 108, ""reason"": ""scanned_or_sparse_page_needs_visual_review""}"
REAL_003,S003,https://morth.nic.in/sites/default/files/PragatiKiNayiGati/pdf/uttarakhand.pdf,download_failed,,uttarakhand_project_booklet,Original pdf,Try official portal manually; do not bypass restrictions or disable TLS verification.,RuntimeError: expected_pdf_received_html
REAL_003,S020,https://morth.nic.in/sites/default/files/Induction_Material%20May_2019.pdf,download_failed,,induction_material_2019,Original pdf,Try official portal manually; do not bypass restrictions or disable TLS verification.,RuntimeError: expected_pdf_received_html
REAL_003,S032,https://morth.gov.in/backend/documents/uploaded/1755600919_Annual-Report-English-with-Cover.pdf,identity_or_record_scope_review,,"[""Char Dham Mahamarg"", ""Char Dham Highway"", ""Char Dham All Weather Road"", ""Char Dham Road Project"", ""Chardham"", ""Char Dham Pariyojana""]","Exact project, authority, phase/package, geography and reference number",Review source before project assignment.,
REAL_003,S032,https://morth.gov.in/backend/documents/uploaded/1755600919_Annual-Report-English-with-Cover.pdf,scanned_or_sparse_page_needs_visual_review,1,,,Visual/OCR/table review; do not use unverified extraction as ML data.,"{""page"": 1, ""reason"": ""scanned_or_sparse_page_needs_visual_review""}"
REAL_003,S032,https://morth.gov.in/backend/documents/uploaded/1755600919_Annual-Report-English-with-Cover.pdf,scanned_or_sparse_page_needs_visual_review,2,,,Visual/OCR/table review; do not use unverified extraction as ML data.,"{""page"": 2, ""reason"": ""scanned_or_sparse_page_needs_visual_review""}"
REAL_003,S032,https://morth.gov.in/backend/documents/uploaded/1755600919_Annual-Report-English-with-Cover.pdf,scanned_or_sparse_page_needs_visual_review,52,,,Visual/OCR/table review; do not use unverified extraction as ML data.,"{""page"": 52, ""reason"": ""scanned_or_sparse_page_needs_visual_review""}"
REAL_003,S032,https://morth.gov.in/backend/documents/uploaded/1755600919_Annual-Report-English-with-Cover.pdf,scanned_or_sparse_page_needs_visual_review,86,,,Visual/OCR/table review; do not use unverified extraction as ML data.,"{""page"": 86, ""reason"": ""scanned_or_sparse_page_needs_visual_review""}"
REAL_003,S032,https://morth.gov.in/backend/documents/uploaded/1755600919_Annual-Report-English-with-Cover.pdf,scanned_or_sparse_page_needs_visual_review,142,,,Visual/OCR/table review; do not use unverified extraction as ML data.,"{""page"": 142, ""reason"": ""scanned_or_sparse_page_needs_visual_review""}"
REAL_003,S032,https://morth.gov.in/backend/documents/uploaded/1755600919_Annual-Report-English-with-Cover.pdf,scanned_or_sparse_page_needs_visual_review,143,,,Visual/OCR/table review; do not use unverified extraction as ML data.,"{""page"": 143, ""reason"": ""scanned_or_sparse_page_needs_visual_review""}"
REAL_003,S032,https://morth.gov.in/backend/documents/uploaded/1755600919_Annual-Report-English-with-Cover.pdf,scanned_or_sparse_page_needs_visual_review,144,,,Visual/OCR/table review; do not use unverified extraction as ML data.,"{""page"": 144, ""reason"": ""scanned_or_sparse_page_needs_visual_review""}"
REAL_003,S032,https://morth.gov.in/backend/documents/uploaded/1755600919_Annual-Report-English-with-Cover.pdf,table_extraction_remaining_pages,"[72, 75, 76, 79, 80, 81, 86, 88, 89, 90, 92, 94, 99, 104, 105, 107, 108, 114, 115, 117, 125, 126, 129, 134, 141]",,,Visual/OCR/table review; do not use unverified extraction as ML data.,"{""reason"": ""table_extraction_remaining_pages"", ""pages"": [72, 75, 76, 79, 80, 81, 86, 88, 89, 90, 92, 94, 99, 104, 105, 107, 108, 114, 115, 117, 125, 126, 129, 134, 141]}"
REAL_003,S038,https://api.sci.gov.in/supremecourt/2020/22369/22369_2020_4_1503_32125_Judgement_14-Dec-2021.pdf,table_extraction_remaining_pages,"[54, 55, 56, 58, 59, 60, 62, 63, 65, 67, 68, 69, 70, 71, 72, 73, 74, 75, 76, 77, 78, 82]",,,Visual/OCR/table review; do not use unverified extraction as ML data.,"{""reason"": ""table_extraction_remaining_pages"", ""pages"": [54, 55, 56, 58, 59, 60, 62, 63, 65, 67, 68, 69, 70, 71, 72, 73, 74, 75, 76, 77, 78, 82]}"
REAL_004,S004,https://corporate.mmrcl.com/sites/default/files/sia-report.pdf,download_failed,,line_3_SIA,Original pdf,Try official portal manually; do not bypass restrictions or disable TLS verification.,RuntimeError: expected_pdf_received_html
REAL_004,S024,https://www.jica.go.jp/english/our_work/social_environmental/id/asia/south/india/c8h0vm0000935z0n-att/c8h0vm0000fdf6vp.pdf,scanned_or_sparse_page_needs_visual_review,3,,,Visual/OCR/table review; do not use unverified extraction as ML data.,"{""page"": 3, ""reason"": ""scanned_or_sparse_page_needs_visual_review""}"
REAL_004,S024,https://www.jica.go.jp/english/our_work/social_environmental/id/asia/south/india/c8h0vm0000935z0n-att/c8h0vm0000fdf6vp.pdf,table_extraction_remaining_pages,"[38, 39, 40, 41, 43, 44, 45, 47, 49, 51, 52, 54, 55, 56, 57, 58, 60, 61, 63, 64, 65, 66, 67, 69, 70, 71, 72, 73, 78, 79, 80, 81, 82, 83, 84, 85, 86, 87, 88, 89, 90, 91, 92, 93, 94, 95, 96, 97, 100, 101, 102, 103, 104, 105, 106, 107, 108, 109, 110, 111, 112, 113, 114, 115, 116, 117, 118, 119, 120, 121, 122, 123]",,,Visual/OCR/table review; do not use unverified extraction as ML data.,"{""reason"": ""table_extraction_remaining_pages"", ""pages"": [38, 39, 40, 41, 43, 44, 45, 47, 49, 51, 52, 54, 55, 56, 57, 58, 60, 61, 63, 64, 65, 66, 67, 69, 70, 71, 72, 73, 78, 79, 80, 81, 82, 83, 84, 85, 86, 87, 88, 89, 90, 91, 92, 93, 94, 95, 96, 97, 100, 101, 102, 103, 104, 105, 106, 107, 108, 109, 110, 111, 112, 113, 114, 115, 116, 117, 118, 119, 120, 121, 122, 123]}"
REAL_004,S025,https://libportal.jica.go.jp/library/Data/DocforEnvironment/EIA-EPC/EastAsia-SouthwesternAsian/MumbaiMetoroL3P/SIA.pdf,identity_or_record_scope_review,,"[""Mumbai Metro Line 3"", ""Aqua Line"", ""Colaba-Bandra-SEEPZ Metro"", ""Metro 3"", ""Mumbai Metro Line-III"", ""Colaba-Bandra-SEEPZ""]","Exact project, authority, phase/package, geography and reference number",Review source before project assignment.,
REAL_004,S025,https://libportal.jica.go.jp/library/Data/DocforEnvironment/EIA-EPC/EastAsia-SouthwesternAsian/MumbaiMetoroL3P/SIA.pdf,scanned_or_sparse_page_needs_visual_review,90,,,Visual/OCR/table review; do not use unverified extraction as ML data.,"{""page"": 90, ""reason"": ""scanned_or_sparse_page_needs_visual_review""}"
REAL_004,S025,https://libportal.jica.go.jp/library/Data/DocforEnvironment/EIA-EPC/EastAsia-SouthwesternAsian/MumbaiMetoroL3P/SIA.pdf,scanned_or_sparse_page_needs_visual_review,91,,,Visual/OCR/table review; do not use unverified extraction as ML data.,"{""page"": 91, ""reason"": ""scanned_or_sparse_page_needs_visual_review""}"
REAL_004,S025,https://libportal.jica.go.jp/library/Data/DocforEnvironment/EIA-EPC/EastAsia-SouthwesternAsian/MumbaiMetoroL3P/SIA.pdf,scanned_or_sparse_page_needs_visual_review,93,,,Visual/OCR/table review; do not use unverified extraction as ML data.,"{""page"": 93, ""reason"": ""scanned_or_sparse_page_needs_visual_review""}"
REAL_004,S025,https://libportal.jica.go.jp/library/Data/DocforEnvironment/EIA-EPC/EastAsia-SouthwesternAsian/MumbaiMetoroL3P/SIA.pdf,scanned_or_sparse_page_needs_visual_review,94,,,Visual/OCR/table review; do not use unverified extraction as ML data.,"{""page"": 94, ""reason"": ""scanned_or_sparse_page_needs_visual_review""}"
REAL_004,S025,https://libportal.jica.go.jp/library/Data/DocforEnvironment/EIA-EPC/EastAsia-SouthwesternAsian/MumbaiMetoroL3P/SIA.pdf,scanned_or_sparse_page_needs_visual_review,95,,,Visual/OCR/table review; do not use unverified extraction as ML data.,"{""page"": 95, ""reason"": ""scanned_or_sparse_page_needs_visual_review""}"
REAL_004,S025,https://libportal.jica.go.jp/library/Data/DocforEnvironment/EIA-EPC/EastAsia-SouthwesternAsian/MumbaiMetoroL3P/SIA.pdf,scanned_or_sparse_page_needs_visual_review,96,,,Visual/OCR/table review; do not use unverified extraction as ML data.,"{""page"": 96, ""reason"": ""scanned_or_sparse_page_needs_visual_review""}"
REAL_004,S025,https://libportal.jica.go.jp/library/Data/DocforEnvironment/EIA-EPC/EastAsia-SouthwesternAsian/MumbaiMetoroL3P/SIA.pdf,scanned_or_sparse_page_needs_visual_review,97,,,Visual/OCR/table review; do not use unverified extraction as ML data.,"{""page"": 97, ""reason"": ""scanned_or_sparse_page_needs_visual_review""}"
REAL_004,S025,https://libportal.jica.go.jp/library/Data/DocforEnvironment/EIA-EPC/EastAsia-SouthwesternAsian/MumbaiMetoroL3P/SIA.pdf,scanned_or_sparse_page_needs_visual_review,98,,,Visual/OCR/table review; do not use unverified extraction as ML data.,"{""page"": 98, ""reason"": ""scanned_or_sparse_page_needs_visual_review""}"
REAL_004,S025,https://libportal.jica.go.jp/library/Data/DocforEnvironment/EIA-EPC/EastAsia-SouthwesternAsian/MumbaiMetoroL3P/SIA.pdf,scanned_or_sparse_page_needs_visual_review,99,,,Visual/OCR/table review; do not use unverified extraction as ML data.,"{""page"": 99, ""reason"": ""scanned_or_sparse_page_needs_visual_review""}"
REAL_004,S025,https://libportal.jica.go.jp/library/Data/DocforEnvironment/EIA-EPC/EastAsia-SouthwesternAsian/MumbaiMetoroL3P/SIA.pdf,scanned_or_sparse_page_needs_visual_review,100,,,Visual/OCR/table review; do not use unverified extraction as ML data.,"{""page"": 100, ""reason"": ""scanned_or_sparse_page_needs_visual_review""}"
REAL_004,S025,https://libportal.jica.go.jp/library/Data/DocforEnvironment/EIA-EPC/EastAsia-SouthwesternAsian/MumbaiMetoroL3P/SIA.pdf,scanned_or_sparse_page_needs_visual_review,101,,,Visual/OCR/table review; do not use unverified extraction as ML data.,"{""page"": 101, ""reason"": ""scanned_or_sparse_page_needs_visual_review""}"
REAL_004,S025,https://libportal.jica.go.jp/library/Data/DocforEnvironment/EIA-EPC/EastAsia-SouthwesternAsian/MumbaiMetoroL3P/SIA.pdf,scanned_or_sparse_page_needs_visual_review,102,,,Visual/OCR/table review; do not use unverified extraction as ML data.,"{""page"": 102, ""reason"": ""scanned_or_sparse_page_needs_visual_review""}"
REAL_004,S025,https://libportal.jica.go.jp/library/Data/DocforEnvironment/EIA-EPC/EastAsia-SouthwesternAsian/MumbaiMetoroL3P/SIA.pdf,scanned_or_sparse_page_needs_visual_review,103,,,Visual/OCR/table review; do not use unverified extraction as ML data.,"{""page"": 103, ""reason"": ""scanned_or_sparse_page_needs_visual_review""}"
REAL_004,S025,https://libportal.jica.go.jp/library/Data/DocforEnvironment/EIA-EPC/EastAsia-SouthwesternAsian/MumbaiMetoroL3P/SIA.pdf,scanned_or_sparse_page_needs_visual_review,104,,,Visual/OCR/table review; do not use unverified extraction as ML data.,"{""page"": 104, ""reason"": ""scanned_or_sparse_page_needs_visual_review""}"
REAL_004,S025,https://libportal.jica.go.jp/library/Data/DocforEnvironment/EIA-EPC/EastAsia-SouthwesternAsian/MumbaiMetoroL3P/SIA.pdf,scanned_or_sparse_page_needs_visual_review,105,,,Visual/OCR/table review; do not use unverified extraction as ML data.,"{""page"": 105, ""reason"": ""scanned_or_sparse_page_needs_visual_review""}"
REAL_004,S025,https://libportal.jica.go.jp/library/Data/DocforEnvironment/EIA-EPC/EastAsia-SouthwesternAsian/MumbaiMetoroL3P/SIA.pdf,scanned_or_sparse_page_needs_visual_review,106,,,Visual/OCR/table review; do not use unverified extraction as ML data.,"{""page"": 106, ""reason"": ""scanned_or_sparse_page_needs_visual_review""}"
REAL_004,S025,https://libportal.jica.go.jp/library/Data/DocforEnvironment/EIA-EPC/EastAsia-SouthwesternAsian/MumbaiMetoroL3P/SIA.pdf,scanned_or_sparse_page_needs_visual_review,107,,,Visual/OCR/table review; do not use unverified extraction as ML data.,"{""page"": 107, ""reason"": ""scanned_or_sparse_page_needs_visual_review""}"
REAL_004,S025,https://libportal.jica.go.jp/library/Data/DocforEnvironment/EIA-EPC/EastAsia-SouthwesternAsian/MumbaiMetoroL3P/SIA.pdf,scanned_or_sparse_page_needs_visual_review,108,,,Visual/OCR/table review; do not use unverified extraction as ML data.,"{""page"": 108, ""reason"": ""scanned_or_sparse_page_needs_visual_review""}"
REAL_004,S025,https://libportal.jica.go.jp/library/Data/DocforEnvironment/EIA-EPC/EastAsia-SouthwesternAsian/MumbaiMetoroL3P/SIA.pdf,scanned_or_sparse_page_needs_visual_review,115,,,Visual/OCR/table review; do not use unverified extraction as ML data.,"{""page"": 115, ""reason"": ""scanned_or_sparse_page_needs_visual_review""}"
REAL_004,S025,https://libportal.jica.go.jp/library/Data/DocforEnvironment/EIA-EPC/EastAsia-SouthwesternAsian/MumbaiMetoroL3P/SIA.pdf,scanned_or_sparse_page_needs_visual_review,116,,,Visual/OCR/table review; do not use unverified extraction as ML data.,"{""page"": 116, ""reason"": ""scanned_or_sparse_page_needs_visual_review""}"
REAL_004,S025,https://libportal.jica.go.jp/library/Data/DocforEnvironment/EIA-EPC/EastAsia-SouthwesternAsian/MumbaiMetoroL3P/SIA.pdf,table_extraction_remaining_pages,"[41, 44, 45, 46, 47, 49, 50, 51, 52, 53, 54, 55, 56, 57, 58, 59, 60, 61, 62, 63, 64, 65, 66, 67, 68, 70, 71, 72, 73, 74, 75, 76, 77, 78, 79, 80, 81, 82, 83, 84, 85, 86, 87, 88, 89, 110, 111, 112, 113, 117, 118, 120, 121, 122, 123, 124, 125]",,,Visual/OCR/table review; do not use unverified extraction as ML data.,"{""reason"": ""table_extraction_remaining_pages"", ""pages"": [41, 44, 45, 46, 47, 49, 50, 51, 52, 53, 54, 55, 56, 57, 58, 59, 60, 61, 62, 63, 64, 65, 66, 67, 68, 70, 71, 72, 73, 74, 75, 76, 77, 78, 79, 80, 81, 82, 83, 84, 85, 86, 87, 88, 89, 110, 111, 112, 113, 117, 118, 120, 121, 122, 123, 124, 125]}"
REAL_005,S027,https://www.jica.go.jp/english/about/policy/environment/id/asia/south/a_b_fi/index.html,identity_or_record_scope_review,,"[""Delhi Metro Phase IV"", ""Delhi Metro Phase 4"", ""DMRC Phase IV"", ""Delhi Metro Phase-IV"", ""Delhi Metro Phase IV-2""]","Exact project, authority, phase/package, geography and reference number",Review source before project assignment.,
REAL_005,S005,https://backend.delhimetrorail.com/documents/7524/SIA_Nov26_2024.pdf,download_failed,,phase_IV_2_SIA,Original pdf,Try official portal manually; do not bypass restrictions or disable TLS verification.,"RuntimeError: verified_windows_http_error: curl: (60) schannel: SEC_E_UNTRUSTED_ROOT (0x80090325) - The certificate chain was issued by an authority that is not trusted.
More details here: https://curl.se/docs/sslcerts.html

curl failed to verify the legitimacy of the server and therefore could not
establish a secure connection to it. To learn more about this situation and
how to fix it, please visit the webpage mentioned above."
REAL_005,S006,https://delhimetrorail.com/otherdocuments/SIA_Phase-IVPriorityCorridorsDecember2020.pdf,download_failed,,phase_IV_priority_SIA,Original pdf,Try official portal manually; do not bypass restrictions or disable TLS verification.,"RuntimeError: verified_windows_http_error: curl: (60) schannel: SEC_E_UNTRUSTED_ROOT (0x80090325) - The certificate chain was issued by an authority that is not trusted.
More details here: https://curl.se/docs/sslcerts.html

curl failed to verify the legitimacy of the server and therefore could not
establish a secure connection to it. To learn more about this situation and
how to fix it, please visit the webpage mentioned above."
REAL_005,S034,https://www.jica.go.jp/english/our_work/social_environmental/id/asia/south/india/c8h0vm0000f88o6o-att/c8h0vm0000f88o9q.pdf,scanned_or_sparse_page_needs_visual_review,94,,,Visual/OCR/table review; do not use unverified extraction as ML data.,"{""page"": 94, ""reason"": ""scanned_or_sparse_page_needs_visual_review""}"
REAL_005,S034,https://www.jica.go.jp/english/our_work/social_environmental/id/asia/south/india/c8h0vm0000f88o6o-att/c8h0vm0000f88o9q.pdf,scanned_or_sparse_page_needs_visual_review,95,,,Visual/OCR/table review; do not use unverified extraction as ML data.,"{""page"": 95, ""reason"": ""scanned_or_sparse_page_needs_visual_review""}"
REAL_005,S034,https://www.jica.go.jp/english/our_work/social_environmental/id/asia/south/india/c8h0vm0000f88o6o-att/c8h0vm0000f88o9q.pdf,scanned_or_sparse_page_needs_visual_review,96,,,Visual/OCR/table review; do not use unverified extraction as ML data.,"{""page"": 96, ""reason"": ""scanned_or_sparse_page_needs_visual_review""}"
REAL_005,S034,https://www.jica.go.jp/english/our_work/social_environmental/id/asia/south/india/c8h0vm0000f88o6o-att/c8h0vm0000f88o9q.pdf,scanned_or_sparse_page_needs_visual_review,97,,,Visual/OCR/table review; do not use unverified extraction as ML data.,"{""page"": 97, ""reason"": ""scanned_or_sparse_page_needs_visual_review""}"
REAL_005,S034,https://www.jica.go.jp/english/our_work/social_environmental/id/asia/south/india/c8h0vm0000f88o6o-att/c8h0vm0000f88o9q.pdf,scanned_or_sparse_page_needs_visual_review,98,,,Visual/OCR/table review; do not use unverified extraction as ML data.,"{""page"": 98, ""reason"": ""scanned_or_sparse_page_needs_visual_review""}"
REAL_005,S034,https://www.jica.go.jp/english/our_work/social_environmental/id/asia/south/india/c8h0vm0000f88o6o-att/c8h0vm0000f88o9q.pdf,scanned_or_sparse_page_needs_visual_review,99,,,Visual/OCR/table review; do not use unverified extraction as ML data.,"{""page"": 99, ""reason"": ""scanned_or_sparse_page_needs_visual_review""}"
REAL_005,S034,https://www.jica.go.jp/english/our_work/social_environmental/id/asia/south/india/c8h0vm0000f88o6o-att/c8h0vm0000f88o9q.pdf,scanned_or_sparse_page_needs_visual_review,100,,,Visual/OCR/table review; do not use unverified extraction as ML data.,"{""page"": 100, ""reason"": ""scanned_or_sparse_page_needs_visual_review""}"
REAL_005,S034,https://www.jica.go.jp/english/our_work/social_environmental/id/asia/south/india/c8h0vm0000f88o6o-att/c8h0vm0000f88o9q.pdf,scanned_or_sparse_page_needs_visual_review,101,,,Visual/OCR/table review; do not use unverified extraction as ML data.,"{""page"": 101, ""reason"": ""scanned_or_sparse_page_needs_visual_review""}"
REAL_005,S034,https://www.jica.go.jp/english/our_work/social_environmental/id/asia/south/india/c8h0vm0000f88o6o-att/c8h0vm0000f88o9q.pdf,scanned_or_sparse_page_needs_visual_review,102,,,Visual/OCR/table review; do not use unverified extraction as ML data.,"{""page"": 102, ""reason"": ""scanned_or_sparse_page_needs_visual_review""}"
REAL_005,S034,https://www.jica.go.jp/english/our_work/social_environmental/id/asia/south/india/c8h0vm0000f88o6o-att/c8h0vm0000f88o9q.pdf,scanned_or_sparse_page_needs_visual_review,103,,,Visual/OCR/table review; do not use unverified extraction as ML data.,"{""page"": 103, ""reason"": ""scanned_or_sparse_page_needs_visual_review""}"
REAL_005,S034,https://www.jica.go.jp/english/our_work/social_environmental/id/asia/south/india/c8h0vm0000f88o6o-att/c8h0vm0000f88o9q.pdf,scanned_or_sparse_page_needs_visual_review,104,,,Visual/OCR/table review; do not use unverified extraction as ML data.,"{""page"": 104, ""reason"": ""scanned_or_sparse_page_needs_visual_review""}"
REAL_005,S034,https://www.jica.go.jp/english/our_work/social_environmental/id/asia/south/india/c8h0vm0000f88o6o-att/c8h0vm0000f88o9q.pdf,scanned_or_sparse_page_needs_visual_review,105,,,Visual/OCR/table review; do not use unverified extraction as ML data.,"{""page"": 105, ""reason"": ""scanned_or_sparse_page_needs_visual_review""}"
REAL_005,S034,https://www.jica.go.jp/english/our_work/social_environmental/id/asia/south/india/c8h0vm0000f88o6o-att/c8h0vm0000f88o9q.pdf,scanned_or_sparse_page_needs_visual_review,106,,,Visual/OCR/table review; do not use unverified extraction as ML data.,"{""page"": 106, ""reason"": ""scanned_or_sparse_page_needs_visual_review""}"
REAL_005,S034,https://www.jica.go.jp/english/our_work/social_environmental/id/asia/south/india/c8h0vm0000f88o6o-att/c8h0vm0000f88o9q.pdf,scanned_or_sparse_page_needs_visual_review,107,,,Visual/OCR/table review; do not use unverified extraction as ML data.,"{""page"": 107, ""reason"": ""scanned_or_sparse_page_needs_visual_review""}"
REAL_005,S034,https://www.jica.go.jp/english/our_work/social_environmental/id/asia/south/india/c8h0vm0000f88o6o-att/c8h0vm0000f88o9q.pdf,scanned_or_sparse_page_needs_visual_review,108,,,Visual/OCR/table review; do not use unverified extraction as ML data.,"{""page"": 108, ""reason"": ""scanned_or_sparse_page_needs_visual_review""}"
REAL_005,S034,https://www.jica.go.jp/english/our_work/social_environmental/id/asia/south/india/c8h0vm0000f88o6o-att/c8h0vm0000f88o9q.pdf,scanned_or_sparse_page_needs_visual_review,109,,,Visual/OCR/table review; do not use unverified extraction as ML data.,"{""page"": 109, ""reason"": ""scanned_or_sparse_page_needs_visual_review""}"
REAL_005,S034,https://www.jica.go.jp/english/our_work/social_environmental/id/asia/south/india/c8h0vm0000f88o6o-att/c8h0vm0000f88o9q.pdf,scanned_or_sparse_page_needs_visual_review,110,,,Visual/OCR/table review; do not use unverified extraction as ML data.,"{""page"": 110, ""reason"": ""scanned_or_sparse_page_needs_visual_review""}"
REAL_005,S034,https://www.jica.go.jp/english/our_work/social_environmental/id/asia/south/india/c8h0vm0000f88o6o-att/c8h0vm0000f88o9q.pdf,scanned_or_sparse_page_needs_visual_review,111,,,Visual/OCR/table review; do not use unverified extraction as ML data.,"{""page"": 111, ""reason"": ""scanned_or_sparse_page_needs_visual_review""}"
REAL_005,S034,https://www.jica.go.jp/english/our_work/social_environmental/id/asia/south/india/c8h0vm0000f88o6o-att/c8h0vm0000f88o9q.pdf,scanned_or_sparse_page_needs_visual_review,112,,,Visual/OCR/table review; do not use unverified extraction as ML data.,"{""page"": 112, ""reason"": ""scanned_or_sparse_page_needs_visual_review""}"
REAL_005,S034,https://www.jica.go.jp/english/our_work/social_environmental/id/asia/south/india/c8h0vm0000f88o6o-att/c8h0vm0000f88o9q.pdf,scanned_or_sparse_page_needs_visual_review,113,,,Visual/OCR/table review; do not use unverified extraction as ML data.,"{""page"": 113, ""reason"": ""scanned_or_sparse_page_needs_visual_review""}"
REAL_005,S034,https://www.jica.go.jp/english/our_work/social_environmental/id/asia/south/india/c8h0vm0000f88o6o-att/c8h0vm0000f88o9q.pdf,table_extraction_remaining_pages,"[52, 53, 54, 55, 56, 57, 58, 59, 60, 61, 62, 63, 64, 65, 66, 67, 68, 69, 70, 71, 72, 73, 74, 75, 76, 77, 78, 79, 80, 81, 82, 83, 84, 85, 86, 87, 88, 89, 91, 92, 93, 114, 115, 116, 117, 118]",,,Visual/OCR/table review; do not use unverified extraction as ML data.,"{""reason"": ""table_extraction_remaining_pages"", ""pages"": [52, 53, 54, 55, 56, 57, 58, 59, 60, 61, 62, 63, 64, 65, 66, 67, 68, 69, 70, 71, 72, 73, 74, 75, 76, 77, 78, 79, 80, 81, 82, 83, 84, 85, 86, 87, 88, 89, 91, 92, 93, 114, 115, 116, 117, 118]}"
REAL_005,S035,https://www.jica.go.jp/english/our_work/social_environmental/id/asia/south/india/c8h0vm0000f88o6o-att/c8h0vm0000fgpcfo.pdf,identity_or_record_scope_review,,"[""Delhi Metro Phase IV"", ""Delhi Metro Phase 4"", ""DMRC Phase IV"", ""Delhi Metro Phase-IV"", ""Delhi Metro Phase IV-2""]","Exact project, authority, phase/package, geography and reference number",Review source before project assignment.,
REAL_005,S026,https://www.jica.go.jp/english/about/policy/environment/id/asia/south/a_b_fi/india/__icsFiles/afieldfile/2024/11/26/EIA-Nov26_2024_1.pdf,identity_or_record_scope_review,,"[""Delhi Metro Phase IV"", ""Delhi Metro Phase 4"", ""DMRC Phase IV"", ""Delhi Metro Phase-IV"", ""Delhi Metro Phase IV-2""]","Exact project, authority, phase/package, geography and reference number",Review source before project assignment.,
REAL_005,S026,https://www.jica.go.jp/english/about/policy/environment/id/asia/south/a_b_fi/india/__icsFiles/afieldfile/2024/11/26/EIA-Nov26_2024_1.pdf,table_extraction_remaining_pages,"[68, 69, 73, 74, 75, 76, 77, 78, 79, 81, 82, 83, 84, 85, 86, 87, 88, 90, 91, 93, 96, 97, 98, 99, 101, 102, 103, 104, 105, 106, 107, 109, 110, 111, 113, 114, 115, 117, 118, 119, 121, 124, 125, 126, 127, 128, 132, 133, 134, 144, 145, 146, 147, 148, 149, 150, 151, 180, 184, 190, 197, 201, 202, 205, 206, 207, 209, 214, 215, 219, 221, 223, 224, 225, 226, 227, 228, 229, 231, 232, 233, 235, 236, 238, 239, 242, 243, 244, 245, 246, 247, 248, 249, 250, 253, 254, 255, 257, 259, 260, 261, 262, 263, 265, 266, 268, 270, 272, 276, 277, 279, 281, 282, 283, 284, 285, 286, 287, 288, 290, 291, 295, 296, 297, 298, 299, 300, 302, 303, 304, 306, 307, 308, 312, 313, 314, 315, 320, 321, 322]",,,Visual/OCR/table review; do not use unverified extraction as ML data.,"{""reason"": ""table_extraction_remaining_pages"", ""pages"": [68, 69, 73, 74, 75, 76, 77, 78, 79, 81, 82, 83, 84, 85, 86, 87, 88, 90, 91, 93, 96, 97, 98, 99, 101, 102, 103, 104, 105, 106, 107, 109, 110, 111, 113, 114, 115, 117, 118, 119, 121, 124, 125, 126, 127, 128, 132, 133, 134, 144, 145, 146, 147, 148, 149, 150, 151, 180, 184, 190, 197, 201, 202, 205, 206, 207, 209, 214, 215, 219, 221, 223, 224, 225, 226, 227, 228, 229, 231, 232, 233, 235, 236, 238, 239, 242, 243, 244, 245, 246, 247, 248, 249, 250, 253, 254, 255, 257, 259, 260, 261, 262, 263, 265, 266, 268, 270, 272, 276, 277, 279, 281, 282, 283, 284, 285, 286, 287, 288, 290, 291, 295, 296, 297, 298, 299, 300, 302, 303, 304, 306, 307, 308, 312, 313, 314, 315, 320, 321, 322]}"
REAL_006,S007,https://wcag.chennaimetrorail.org/wp-content/uploads/sites/3/2023/12/Approved-Social-Impact-Assessment-Resettlement-Plan-Corridor-4-1.pdf,table_extraction_remaining_pages,"[31, 32, 33, 34, 35, 36, 37, 38, 39, 40, 41, 42, 43, 44, 45, 46, 47, 48, 49, 50, 51, 52, 53, 54, 55, 56, 57, 58, 59, 60, 61, 62, 63, 64, 65, 66, 67, 68, 69, 70, 71, 72, 73, 74, 75, 76, 77, 78, 79, 80, 81, 82, 83, 84, 85, 86, 87, 88, 89, 90, 91, 92, 93, 94, 95, 96, 97, 98, 99, 100, 101, 102, 103, 104, 105, 106, 107, 108, 109, 110, 111]",,,Visual/OCR/table review; do not use unverified extraction as ML data.,"{""reason"": ""table_extraction_remaining_pages"", ""pages"": [31, 32, 33, 34, 35, 36, 37, 38, 39, 40, 41, 42, 43, 44, 45, 46, 47, 48, 49, 50, 51, 52, 53, 54, 55, 56, 57, 58, 59, 60, 61, 62, 63, 64, 65, 66, 67, 68, 69, 70, 71, 72, 73, 74, 75, 76, 77, 78, 79, 80, 81, 82, 83, 84, 85, 86, 87, 88, 89, 90, 91, 92, 93, 94, 95, 96, 97, 98, 99, 100, 101, 102, 103, 104, 105, 106, 107, 108, 109, 110, 111]}"
REAL_006,S008,https://chennaimetrorail.org/wp-content/uploads/2023/12/Approved-Social-Impact-Assessment-Resettlement-Plan-Corridor-5-1.pdf,table_extraction_remaining_pages,"[31, 32, 33, 34, 35, 36, 37, 38, 39, 40, 41, 42, 43, 44, 45, 46, 47, 48, 49, 50, 51, 52, 53, 54, 55, 56, 57, 58, 59, 60, 61, 62, 63, 64, 65, 66, 67, 68, 69, 70, 71, 72, 73, 74, 75, 76, 77, 78, 79, 80, 81, 82, 83, 84, 85, 86, 87, 88, 89, 90, 91, 92, 93, 94, 95, 96, 97, 98, 99, 100, 101, 102, 103, 104, 105, 106, 107, 108, 109, 110, 111, 112, 113, 114, 115, 116, 117, 118, 119, 120, 121, 122, 123, 124, 125, 126, 127, 128, 129, 130, 131, 132]",,,Visual/OCR/table review; do not use unverified extraction as ML data.,"{""reason"": ""table_extraction_remaining_pages"", ""pages"": [31, 32, 33, 34, 35, 36, 37, 38, 39, 40, 41, 42, 43, 44, 45, 46, 47, 48, 49, 50, 51, 52, 53, 54, 55, 56, 57, 58, 59, 60, 61, 62, 63, 64, 65, 66, 67, 68, 69, 70, 71, 72, 73, 74, 75, 76, 77, 78, 79, 80, 81, 82, 83, 84, 85, 86, 87, 88, 89, 90, 91, 92, 93, 94, 95, 96, 97, 98, 99, 100, 101, 102, 103, 104, 105, 106, 107, 108, 109, 110, 111, 112, 113, 114, 115, 116, 117, 118, 119, 120, 121, 122, 123, 124, 125, 126, 127, 128, 129, 130, 131, 132]}"
REAL_006,S015,https://wcag.chennaimetrorail.org/phase-ii-land/,identity_or_record_scope_review,,"[""Chennai Metro"", ""Chennai Metro Rail"", ""Chennai Metro Rail Project"", ""CMRL""]","Exact project, authority, phase/package, geography and reference number",Review source before project assignment.,
REAL_008,S010,https://www.nhidcl.com/en/presentation-zojila-tunnel,identity_or_record_scope_review,,"[""Zojila Tunnel"", ""Zoji La Tunnel"", ""Zoji-la Tunnel""]","Exact project, authority, phase/package, geography and reference number",Review source before project assignment.,
REAL_008,S036,https://www.nhidcl.com/sites/default/files/2024-05/zozila-tunnel-presentation-final.pdf,scanned_or_sparse_page_needs_visual_review,1,,,Visual/OCR/table review; do not use unverified extraction as ML data.,"{""page"": 1, ""reason"": ""scanned_or_sparse_page_needs_visual_review""}"
REAL_008,S036,https://www.nhidcl.com/sites/default/files/2024-05/zozila-tunnel-presentation-final.pdf,scanned_or_sparse_page_needs_visual_review,3,,,Visual/OCR/table review; do not use unverified extraction as ML data.,"{""page"": 3, ""reason"": ""scanned_or_sparse_page_needs_visual_review""}"
REAL_008,S036,https://www.nhidcl.com/sites/default/files/2024-05/zozila-tunnel-presentation-final.pdf,scanned_or_sparse_page_needs_visual_review,5,,,Visual/OCR/table review; do not use unverified extraction as ML data.,"{""page"": 5, ""reason"": ""scanned_or_sparse_page_needs_visual_review""}"
REAL_008,S036,https://www.nhidcl.com/sites/default/files/2024-05/zozila-tunnel-presentation-final.pdf,scanned_or_sparse_page_needs_visual_review,12,,,Visual/OCR/table review; do not use unverified extraction as ML data.,"{""page"": 12, ""reason"": ""scanned_or_sparse_page_needs_visual_review""}"
REAL_008,S036,https://www.nhidcl.com/sites/default/files/2024-05/zozila-tunnel-presentation-final.pdf,scanned_or_sparse_page_needs_visual_review,13,,,Visual/OCR/table review; do not use unverified extraction as ML data.,"{""page"": 13, ""reason"": ""scanned_or_sparse_page_needs_visual_review""}"
REAL_008,S036,https://www.nhidcl.com/sites/default/files/2024-05/zozila-tunnel-presentation-final.pdf,scanned_or_sparse_page_needs_visual_review,15,,,Visual/OCR/table review; do not use unverified extraction as ML data.,"{""page"": 15, ""reason"": ""scanned_or_sparse_page_needs_visual_review""}"
REAL_008,S036,https://www.nhidcl.com/sites/default/files/2024-05/zozila-tunnel-presentation-final.pdf,scanned_or_sparse_page_needs_visual_review,16,,,Visual/OCR/table review; do not use unverified extraction as ML data.,"{""page"": 16, ""reason"": ""scanned_or_sparse_page_needs_visual_review""}"
REAL_008,S011,https://www.nhidcl.com/sites/default/files/tenders/tendors/uploads/815b2/PKG%20III_Main%20Report%20%20Pkg%20III.pdf,identity_or_record_scope_review,,"[""Zojila Tunnel"", ""Zoji La Tunnel"", ""Zoji-la Tunnel""]","Exact project, authority, phase/package, geography and reference number",Review source before project assignment.,
REAL_008,S011,https://www.nhidcl.com/sites/default/files/tenders/tendors/uploads/815b2/PKG%20III_Main%20Report%20%20Pkg%20III.pdf,table_extraction_remaining_pages,"[56, 59, 62, 63, 64, 65, 85, 106, 109, 110, 112, 117, 124, 125, 127, 128, 132, 135, 137, 139, 144, 148, 149, 150, 151, 153, 157, 158, 161, 166]",,,Visual/OCR/table review; do not use unverified extraction as ML data.,"{""reason"": ""table_extraction_remaining_pages"", ""pages"": [56, 59, 62, 63, 64, 65, 85, 106, 109, 110, 112, 117, 124, 125, 127, 128, 132, 135, 137, 139, 144, 148, 149, 150, 151, 153, 157, 158, 161, 166]}"
REAL_009,S012,https://msrdc.in/Site/Information/ViewFrmEvents.aspx?Doctype=P,identity_or_record_scope_review,,"[""Mumbai Nagpur Expressway"", ""Mumbai-Nagpur Expressway"", ""Samruddhi Mahamarg"", ""Maharashtra Samruddhi Mahamarg"", ""Nagpur-Mumbai Super Communication Expressway"", ""Nagpur Mumbai Super Communication""]","Exact project, authority, phase/package, geography and reference number",Review source before project assignment.,
REAL_009,S029,https://environmentclearance.nic.in/writereaddata/Online/TOR/27_Apr_2016_200147460W2515LFYAnnexure-ProposedTORFile.pdf,identity_or_record_scope_review,,"[""Mumbai Nagpur Expressway"", ""Mumbai-Nagpur Expressway"", ""Samruddhi Mahamarg"", ""Maharashtra Samruddhi Mahamarg"", ""Nagpur-Mumbai Super Communication Expressway"", ""Nagpur Mumbai Super Communication""]","Exact project, authority, phase/package, geography and reference number",Review source before project assignment.,
REAL_010,S014,https://dfccil.com/images/uploads/img/Revised-01-12-2020-corporate-plan_SX71.pdf,identity_or_record_scope_review,,"[""Eastern Dedicated Freight Corridor"", ""EDFC"", ""Eastern DFC"", ""DFCCIL Eastern Dedicated Freight Corridor"", ""Eastern Dedicated Frieght Corridor""]","Exact project, authority, phase/package, geography and reference number",Review source before project assignment.,
REAL_010,S014,https://dfccil.com/images/uploads/img/Revised-01-12-2020-corporate-plan_SX71.pdf,scanned_or_sparse_page_needs_visual_review,9,,,Visual/OCR/table review; do not use unverified extraction as ML data.,"{""page"": 9, ""reason"": ""scanned_or_sparse_page_needs_visual_review""}"
REAL_010,S014,https://dfccil.com/images/uploads/img/Revised-01-12-2020-corporate-plan_SX71.pdf,scanned_or_sparse_page_needs_visual_review,11,,,Visual/OCR/table review; do not use unverified extraction as ML data.,"{""page"": 11, ""reason"": ""scanned_or_sparse_page_needs_visual_review""}"
REAL_010,S014,https://dfccil.com/images/uploads/img/Revised-01-12-2020-corporate-plan_SX71.pdf,scanned_or_sparse_page_needs_visual_review,52,,,Visual/OCR/table review; do not use unverified extraction as ML data.,"{""page"": 52, ""reason"": ""scanned_or_sparse_page_needs_visual_review""}"
REAL_010,S014,https://dfccil.com/images/uploads/img/Revised-01-12-2020-corporate-plan_SX71.pdf,table_extraction_remaining_pages,"[72, 73, 76, 78, 79]",,,Visual/OCR/table review; do not use unverified extraction as ML data.,"{""reason"": ""table_extraction_remaining_pages"", ""pages"": [72, 73, 76, 78, 79]}"
REAL_010,S013,https://dfccil.com/upload/Addendum-2__2018__to_Resettlement_Policy_Framework__2011__Revised_in_2015_14_12_2018.pdf,scanned_or_sparse_page_needs_visual_review,7,,,Visual/OCR/table review; do not use unverified extraction as ML data.,"{""page"": 7, ""reason"": ""scanned_or_sparse_page_needs_visual_review""}"
REAL_010,S013,https://dfccil.com/upload/Addendum-2__2018__to_Resettlement_Policy_Framework__2011__Revised_in_2015_14_12_2018.pdf,scanned_or_sparse_page_needs_visual_review,8,,,Visual/OCR/table review; do not use unverified extraction as ML data.,"{""page"": 8, ""reason"": ""scanned_or_sparse_page_needs_visual_review""}"
REAL_010,S013,https://dfccil.com/upload/Addendum-2__2018__to_Resettlement_Policy_Framework__2011__Revised_in_2015_14_12_2018.pdf,scanned_or_sparse_page_needs_visual_review,9,,,Visual/OCR/table review; do not use unverified extraction as ML data.,"{""page"": 9, ""reason"": ""scanned_or_sparse_page_needs_visual_review""}"
REAL_010,S013,https://dfccil.com/upload/Addendum-2__2018__to_Resettlement_Policy_Framework__2011__Revised_in_2015_14_12_2018.pdf,scanned_or_sparse_page_needs_visual_review,10,,,Visual/OCR/table review; do not use unverified extraction as ML data.,"{""page"": 10, ""reason"": ""scanned_or_sparse_page_needs_visual_review""}"
REAL_010,S013,https://dfccil.com/upload/Addendum-2__2018__to_Resettlement_Policy_Framework__2011__Revised_in_2015_14_12_2018.pdf,scanned_or_sparse_page_needs_visual_review,11,,,Visual/OCR/table review; do not use unverified extraction as ML data.,"{""page"": 11, ""reason"": ""scanned_or_sparse_page_needs_visual_review""}"
REAL_010,S013,https://dfccil.com/upload/Addendum-2__2018__to_Resettlement_Policy_Framework__2011__Revised_in_2015_14_12_2018.pdf,scanned_or_sparse_page_needs_visual_review,12,,,Visual/OCR/table review; do not use unverified extraction as ML data.,"{""page"": 12, ""reason"": ""scanned_or_sparse_page_needs_visual_review""}"
REAL_010,S013,https://dfccil.com/upload/Addendum-2__2018__to_Resettlement_Policy_Framework__2011__Revised_in_2015_14_12_2018.pdf,scanned_or_sparse_page_needs_visual_review,13,,,Visual/OCR/table review; do not use unverified extraction as ML data.,"{""page"": 13, ""reason"": ""scanned_or_sparse_page_needs_visual_review""}"
REAL_010,S013,https://dfccil.com/upload/Addendum-2__2018__to_Resettlement_Policy_Framework__2011__Revised_in_2015_14_12_2018.pdf,scanned_or_sparse_page_needs_visual_review,14,,,Visual/OCR/table review; do not use unverified extraction as ML data.,"{""page"": 14, ""reason"": ""scanned_or_sparse_page_needs_visual_review""}"
REAL_010,S013,https://dfccil.com/upload/Addendum-2__2018__to_Resettlement_Policy_Framework__2011__Revised_in_2015_14_12_2018.pdf,scanned_or_sparse_page_needs_visual_review,15,,,Visual/OCR/table review; do not use unverified extraction as ML data.,"{""page"": 15, ""reason"": ""scanned_or_sparse_page_needs_visual_review""}"
REAL_010,S013,https://dfccil.com/upload/Addendum-2__2018__to_Resettlement_Policy_Framework__2011__Revised_in_2015_14_12_2018.pdf,scanned_or_sparse_page_needs_visual_review,16,,,Visual/OCR/table review; do not use unverified extraction as ML data.,"{""page"": 16, ""reason"": ""scanned_or_sparse_page_needs_visual_review""}"
REAL_010,S013,https://dfccil.com/upload/Addendum-2__2018__to_Resettlement_Policy_Framework__2011__Revised_in_2015_14_12_2018.pdf,scanned_or_sparse_page_needs_visual_review,17,,,Visual/OCR/table review; do not use unverified extraction as ML data.,"{""page"": 17, ""reason"": ""scanned_or_sparse_page_needs_visual_review""}"
REAL_010,S013,https://dfccil.com/upload/Addendum-2__2018__to_Resettlement_Policy_Framework__2011__Revised_in_2015_14_12_2018.pdf,scanned_or_sparse_page_needs_visual_review,18,,,Visual/OCR/table review; do not use unverified extraction as ML data.,"{""page"": 18, ""reason"": ""scanned_or_sparse_page_needs_visual_review""}"
REAL_010,S013,https://dfccil.com/upload/Addendum-2__2018__to_Resettlement_Policy_Framework__2011__Revised_in_2015_14_12_2018.pdf,scanned_or_sparse_page_needs_visual_review,19,,,Visual/OCR/table review; do not use unverified extraction as ML data.,"{""page"": 19, ""reason"": ""scanned_or_sparse_page_needs_visual_review""}"
REAL_010,S013,https://dfccil.com/upload/Addendum-2__2018__to_Resettlement_Policy_Framework__2011__Revised_in_2015_14_12_2018.pdf,scanned_or_sparse_page_needs_visual_review,20,,,Visual/OCR/table review; do not use unverified extraction as ML data.,"{""page"": 20, ""reason"": ""scanned_or_sparse_page_needs_visual_review""}"
REAL_010,S013,https://dfccil.com/upload/Addendum-2__2018__to_Resettlement_Policy_Framework__2011__Revised_in_2015_14_12_2018.pdf,scanned_or_sparse_page_needs_visual_review,32,,,Visual/OCR/table review; do not use unverified extraction as ML data.,"{""page"": 32, ""reason"": ""scanned_or_sparse_page_needs_visual_review""}"
REAL_010,S013,https://dfccil.com/upload/Addendum-2__2018__to_Resettlement_Policy_Framework__2011__Revised_in_2015_14_12_2018.pdf,scanned_or_sparse_page_needs_visual_review,37,,,Visual/OCR/table review; do not use unverified extraction as ML data.,"{""page"": 37, ""reason"": ""scanned_or_sparse_page_needs_visual_review""}"
REAL_010,S013,https://dfccil.com/upload/Addendum-2__2018__to_Resettlement_Policy_Framework__2011__Revised_in_2015_14_12_2018.pdf,scanned_or_sparse_page_needs_visual_review,38,,,Visual/OCR/table review; do not use unverified extraction as ML data.,"{""page"": 38, ""reason"": ""scanned_or_sparse_page_needs_visual_review""}"
REAL_010,S013,https://dfccil.com/upload/Addendum-2__2018__to_Resettlement_Policy_Framework__2011__Revised_in_2015_14_12_2018.pdf,scanned_or_sparse_page_needs_visual_review,39,,,Visual/OCR/table review; do not use unverified extraction as ML data.,"{""page"": 39, ""reason"": ""scanned_or_sparse_page_needs_visual_review""}"
REAL_002,G004,https://upeida.up.gov.in/downloadmedia/siteContent/202204111648409590Land Detail Ganga.pdf,land_accounting_or_percentage_inconsistency,,,,Review original district table; preserve discrepancy and do not repair values silently.,
REAL_002,G004,https://upeida.up.gov.in/downloadmedia/siteContent/202204111648409590Land Detail Ganga.pdf,land_accounting_or_percentage_inconsistency,,,,Review original district table; preserve discrepancy and do not repair values silently.,
REAL_002,G005,https://upeida.up.gov.in/downloadmedia/siteContent/202204041748485440Ganga Land Details.pdf,land_accounting_or_percentage_inconsistency,,,,Review original district table; preserve discrepancy and do not repair values silently.,
REAL_002,G005,https://upeida.up.gov.in/downloadmedia/siteContent/202204041748485440Ganga Land Details.pdf,land_accounting_or_percentage_inconsistency,,,,Review original district table; preserve discrepancy and do not repair values silently.,
REAL_002,G006,https://upeida.up.gov.in/downloadmedia/siteContent/202203281516296165ganga Exp Land detail.pdf,land_accounting_or_percentage_inconsistency,,,,Review original district table; preserve discrepancy and do not repair values silently.,
REAL_002,G007,https://upeida.up.gov.in/downloadmedia/siteContent/202203211754002711LD ganga Exp.pdf,land_accounting_or_percentage_inconsistency,,,,Review original district table; preserve discrepancy and do not repair values silently.,
REAL_002,G008,https://upeida.up.gov.in/downloadmedia/siteContent/202202081327545916Ganga LS.pdf,land_accounting_or_percentage_inconsistency,,,,Review original district table; preserve discrepancy and do not repair values silently.,
REAL_002,G009,https://upeida.up.gov.in/downloadmedia/siteContent/202201171338564535Land St Ganga Expressway.pdf,land_accounting_or_percentage_inconsistency,,,,Review original district table; preserve discrepancy and do not repair values silently.,
REAL_002,G010,https://upeida.up.gov.in/downloadmedia/siteContent/202201111200537749Ganga Exp Land.pdf,land_accounting_or_percentage_inconsistency,,,,Review original district table; preserve discrepancy and do not repair values silently.,
REAL_002,G011,https://upeida.up.gov.in/downloadmedia/siteContent/202201031727193756Ganga Express LS.pdf,land_accounting_or_percentage_inconsistency,,,,Review original district table; preserve discrepancy and do not repair values silently.,
REAL_002,G012,https://upeida.up.gov.in/downloadmedia/siteContent/202112271312540868Ganga ExpressLandStatus.pdf,land_accounting_or_percentage_inconsistency,,,,Review original district table; preserve discrepancy and do not repair values silently.,
REAL_002,G013,https://upeida.up.gov.in/downloadmedia/siteContent/202112201610291424Ganga Expway.pdf,land_accounting_or_percentage_inconsistency,,,,Review original district table; preserve discrepancy and do not repair values silently.,
REAL_002,G014,https://upeida.up.gov.in/downloadmedia/siteContent/202112131241258910Ganga ExpresswayLS.pdf,land_accounting_or_percentage_inconsistency,,,,Review original district table; preserve discrepancy and do not repair values silently.,
REAL_002,G015,https://upeida.up.gov.in/downloadmedia/siteContent/202112061716382247Ganga Land Exp.pdf,land_accounting_or_percentage_inconsistency,,,,Review original district table; preserve discrepancy and do not repair values silently.,
REAL_002,G016,https://upeida.up.gov.in/downloadmedia/siteContent/202112021536079747Ganga Express Land.pdf,land_accounting_or_percentage_inconsistency,,,,Review original district table; preserve discrepancy and do not repair values silently.,
REAL_002,G017,https://upeida.up.gov.in/downloadmedia/siteContent/202111231729228123GangaEXP.pdf,land_accounting_or_percentage_inconsistency,,,,Review original district table; preserve discrepancy and do not repair values silently.,
REAL_002,G018,https://upeida.up.gov.in/downloadmedia/siteContent/202111081434191447GangaLand.pdf,land_accounting_or_percentage_inconsistency,,,,Review original district table; preserve discrepancy and do not repair values silently.,
REAL_002,G019,https://upeida.up.gov.in/downloadmedia/siteContent/202111011452564203ganga exp land.pdf,land_accounting_or_percentage_inconsistency,,,,Review original district table; preserve discrepancy and do not repair values silently.,
REAL_002,G020,https://upeida.up.gov.in/downloadmedia/siteContent/202110251458450630Land GE.pdf,land_accounting_or_percentage_inconsistency,,,,Review original district table; preserve discrepancy and do not repair values silently.,
REAL_002,G021,https://upeida.up.gov.in/downloadmedia/siteContent/202110181500413199land Ganga.pdf,land_accounting_or_percentage_inconsistency,,,,Review original district table; preserve discrepancy and do not repair values silently.,
REAL_002,G022,https://upeida.up.gov.in/downloadmedia/siteContent/202110111212236140Ganga Exp Land.pdf,land_accounting_or_percentage_inconsistency,,,,Review original district table; preserve discrepancy and do not repair values silently.,
REAL_002,G023,https://upeida.up.gov.in/downloadmedia/siteContent/202110041233151932Ganga Express LAND Status.pdf,land_accounting_or_percentage_inconsistency,,,,Review original district table; preserve discrepancy and do not repair values silently.,
REAL_002,G024,https://upeida.up.gov.in/downloadmedia/siteContent/202109271438122041ganga land.pdf,land_accounting_or_percentage_inconsistency,,,,Review original district table; preserve discrepancy and do not repair values silently.,
REAL_002,G025,https://upeida.up.gov.in/downloadmedia/siteContent/202109201233023162Ganga ExpresswayLS.pdf,land_accounting_or_percentage_inconsistency,,,,Review original district table; preserve discrepancy and do not repair values silently.,
REAL_002,G025,https://upeida.up.gov.in/downloadmedia/siteContent/202109201233023162Ganga ExpresswayLS.pdf,land_accounting_or_percentage_inconsistency,,,,Review original district table; preserve discrepancy and do not repair values silently.,
REAL_002,G026,https://upeida.up.gov.in/downloadmedia/siteContent/202109061442263780Ganga Expressway land status 06 sept.pdf,land_accounting_or_percentage_inconsistency,,,,Review original district table; preserve discrepancy and do not repair values silently.,
REAL_002,G026,https://upeida.up.gov.in/downloadmedia/siteContent/202109061442263780Ganga Expressway land status 06 sept.pdf,land_accounting_or_percentage_inconsistency,,,,Review original district table; preserve discrepancy and do not repair values silently.,
REAL_002,G027,https://upeida.up.gov.in/downloadmedia/siteContent/202108311430071978Ganga Exp LS.pdf,land_accounting_or_percentage_inconsistency,,,,Review original district table; preserve discrepancy and do not repair values silently.,
REAL_002,G027,https://upeida.up.gov.in/downloadmedia/siteContent/202108311430071978Ganga Exp LS.pdf,land_accounting_or_percentage_inconsistency,,,,Review original district table; preserve discrepancy and do not repair values silently.,
REAL_002,G028,https://upeida.up.gov.in/downloadmedia/siteContent/202108241457383301Ganga Expresswayland.pdf,land_accounting_or_percentage_inconsistency,,,,Review original district table; preserve discrepancy and do not repair values silently.,
REAL_002,G028,https://upeida.up.gov.in/downloadmedia/siteContent/202108241457383301Ganga Expresswayland.pdf,land_accounting_or_percentage_inconsistency,,,,Review original district table; preserve discrepancy and do not repair values silently.,
REAL_002,G029,https://upeida.up.gov.in/downloadmedia/siteContent/202108161419308176Ganga Expressway Land 16 Aug.pdf,land_accounting_or_percentage_inconsistency,,,,Review original district table; preserve discrepancy and do not repair values silently.,
REAL_002,G029,https://upeida.up.gov.in/downloadmedia/siteContent/202108161419308176Ganga Expressway Land 16 Aug.pdf,land_accounting_or_percentage_inconsistency,,,,Review original district table; preserve discrepancy and do not repair values silently.,
REAL_002,G030,https://upeida.up.gov.in/downloadmedia/siteContent/202108021416431645land detail GE.pdf,land_accounting_or_percentage_inconsistency,,,,Review original district table; preserve discrepancy and do not repair values silently.,
REAL_002,G031,https://upeida.up.gov.in/downloadmedia/siteContent/202107271116493612Ganga Exp land.pdf,land_accounting_or_percentage_inconsistency,,,,Review original district table; preserve discrepancy and do not repair values silently.,
REAL_002,G031,https://upeida.up.gov.in/downloadmedia/siteContent/202107271116493612Ganga Exp land.pdf,land_accounting_or_percentage_inconsistency,,,,Review original district table; preserve discrepancy and do not repair values silently.,
REAL_002,G032,https://upeida.up.gov.in/downloadmedia/siteContent/202108021720426483GE land.pdf,land_accounting_or_percentage_inconsistency,,,,Review original district table; preserve discrepancy and do not repair values silently.,
REAL_002,G032,https://upeida.up.gov.in/downloadmedia/siteContent/202108021720426483GE land.pdf,land_accounting_or_percentage_inconsistency,,,,Review original district table; preserve discrepancy and do not repair values silently.,
REAL_002,G032,https://upeida.up.gov.in/downloadmedia/siteContent/202108021720426483GE land.pdf,land_accounting_or_percentage_inconsistency,,,,Review original district table; preserve discrepancy and do not repair values silently.,
REAL_002,G033,https://upeida.up.gov.in/downloadmedia/siteContent/202108021719268953Ganga Expressway status.pdf,land_accounting_or_percentage_inconsistency,,,,Review original district table; preserve discrepancy and do not repair values silently.,
REAL_002,G033,https://upeida.up.gov.in/downloadmedia/siteContent/202108021719268953Ganga Expressway status.pdf,land_accounting_or_percentage_inconsistency,,,,Review original district table; preserve discrepancy and do not repair values silently.,
REAL_002,G034,https://upeida.up.gov.in/downloadmedia/siteContent/202108021718090796Ganga Expressway.pdf,land_accounting_or_percentage_inconsistency,,,,Review original district table; preserve discrepancy and do not repair values silently.,
REAL_002,G035,https://upeida.up.gov.in/downloadmedia/siteContent/202108021716461544Ganga Expressway LS.pdf,land_accounting_or_percentage_inconsistency,,,,Review original district table; preserve discrepancy and do not repair values silently.,
REAL_002,G035,https://upeida.up.gov.in/downloadmedia/siteContent/202108021716461544Ganga Expressway LS.pdf,land_accounting_or_percentage_inconsistency,,,,Review original district table; preserve discrepancy and do not repair values silently.,
REAL_002,G036,https://upeida.up.gov.in/downloadmedia/siteContent/202108021713556006Ganga Expressway land.pdf,land_accounting_or_percentage_inconsistency,,,,Review original district table; preserve discrepancy and do not repair values silently.,
REAL_002,G036,https://upeida.up.gov.in/downloadmedia/siteContent/202108021713556006Ganga Expressway land.pdf,land_accounting_or_percentage_inconsistency,,,,Review original district table; preserve discrepancy and do not repair values silently.,
REAL_002,G037,https://upeida.up.gov.in/downloadmedia/siteContent/202108021711408452Ganga Expressway land status.pdf,land_accounting_or_percentage_inconsistency,,,,Review original district table; preserve discrepancy and do not repair values silently.,
REAL_002,G037,https://upeida.up.gov.in/downloadmedia/siteContent/202108021711408452Ganga Expressway land status.pdf,land_accounting_or_percentage_inconsistency,,,,Review original district table; preserve discrepancy and do not repair values silently.,
REAL_002,G037,https://upeida.up.gov.in/downloadmedia/siteContent/202108021711408452Ganga Expressway land status.pdf,land_accounting_or_percentage_inconsistency,,,,Review original district table; preserve discrepancy and do not repair values silently.,
REAL_002,G038,https://upeida.up.gov.in/downloadmedia/siteContent/202108021709176988Ganga Express way land.pdf,land_accounting_or_percentage_inconsistency,,,,Review original district table; preserve discrepancy and do not repair values silently.,
REAL_002,G038,https://upeida.up.gov.in/downloadmedia/siteContent/202108021709176988Ganga Express way land.pdf,land_accounting_or_percentage_inconsistency,,,,Review original district table; preserve discrepancy and do not repair values silently.,
REAL_002,G038,https://upeida.up.gov.in/downloadmedia/siteContent/202108021709176988Ganga Express way land.pdf,land_accounting_or_percentage_inconsistency,,,,Review original district table; preserve discrepancy and do not repair values silently.,
REAL_002,G038,https://upeida.up.gov.in/downloadmedia/siteContent/202108021709176988Ganga Express way land.pdf,land_accounting_or_percentage_inconsistency,,,,Review original district table; preserve discrepancy and do not repair values silently.,
REAL_002,G038,https://upeida.up.gov.in/downloadmedia/siteContent/202108021709176988Ganga Express way land.pdf,land_accounting_or_percentage_inconsistency,,,,Review original district table; preserve discrepancy and do not repair values silently.,
REAL_002,G038,https://upeida.up.gov.in/downloadmedia/siteContent/202108021709176988Ganga Express way land.pdf,land_accounting_or_percentage_inconsistency,,,,Review original district table; preserve discrepancy and do not repair values silently.,
REAL_002,G038,https://upeida.up.gov.in/downloadmedia/siteContent/202108021709176988Ganga Express way land.pdf,land_accounting_or_percentage_inconsistency,,,,Review original district table; preserve discrepancy and do not repair values silently.,
REAL_002,G038,https://upeida.up.gov.in/downloadmedia/siteContent/202108021709176988Ganga Express way land.pdf,land_accounting_or_percentage_inconsistency,,,,Review original district table; preserve discrepancy and do not repair values silently.,
REAL_002,G038,https://upeida.up.gov.in/downloadmedia/siteContent/202108021709176988Ganga Express way land.pdf,land_accounting_or_percentage_inconsistency,,,,Review original district table; preserve discrepancy and do not repair values silently.,
REAL_002,G038,https://upeida.up.gov.in/downloadmedia/siteContent/202108021709176988Ganga Express way land.pdf,land_accounting_or_percentage_inconsistency,,,,Review original district table; preserve discrepancy and do not repair values silently.,
REAL_002,G038,https://upeida.up.gov.in/downloadmedia/siteContent/202108021709176988Ganga Express way land.pdf,land_accounting_or_percentage_inconsistency,,,,Review original district table; preserve discrepancy and do not repair values silently.,
REAL_002,G038,https://upeida.up.gov.in/downloadmedia/siteContent/202108021709176988Ganga Express way land.pdf,land_accounting_or_percentage_inconsistency,,,,Review original district table; preserve discrepancy and do not repair values silently.,
REAL_002,G039,https://upeida.up.gov.in/downloadmedia/siteContent/202108121140551822GE 31 MAY.pdf,land_accounting_or_percentage_inconsistency,,,,Review original district table; preserve discrepancy and do not repair values silently.,
REAL_002,G039,https://upeida.up.gov.in/downloadmedia/siteContent/202108121140551822GE 31 MAY.pdf,land_accounting_or_percentage_inconsistency,,,,Review original district table; preserve discrepancy and do not repair values silently.,
REAL_002,G039,https://upeida.up.gov.in/downloadmedia/siteContent/202108121140551822GE 31 MAY.pdf,land_accounting_or_percentage_inconsistency,,,,Review original district table; preserve discrepancy and do not repair values silently.,
REAL_002,G039,https://upeida.up.gov.in/downloadmedia/siteContent/202108121140551822GE 31 MAY.pdf,land_accounting_or_percentage_inconsistency,,,,Review original district table; preserve discrepancy and do not repair values silently.,
REAL_002,G039,https://upeida.up.gov.in/downloadmedia/siteContent/202108121140551822GE 31 MAY.pdf,land_accounting_or_percentage_inconsistency,,,,Review original district table; preserve discrepancy and do not repair values silently.,
REAL_002,G039,https://upeida.up.gov.in/downloadmedia/siteContent/202108121140551822GE 31 MAY.pdf,land_accounting_or_percentage_inconsistency,,,,Review original district table; preserve discrepancy and do not repair values silently.,
REAL_002,G039,https://upeida.up.gov.in/downloadmedia/siteContent/202108121140551822GE 31 MAY.pdf,land_accounting_or_percentage_inconsistency,,,,Review original district table; preserve discrepancy and do not repair values silently.,
REAL_002,G039,https://upeida.up.gov.in/downloadmedia/siteContent/202108121140551822GE 31 MAY.pdf,land_accounting_or_percentage_inconsistency,,,,Review original district table; preserve discrepancy and do not repair values silently.,
REAL_002,G039,https://upeida.up.gov.in/downloadmedia/siteContent/202108121140551822GE 31 MAY.pdf,land_accounting_or_percentage_inconsistency,,,,Review original district table; preserve discrepancy and do not repair values silently.,
REAL_002,G039,https://upeida.up.gov.in/downloadmedia/siteContent/202108121140551822GE 31 MAY.pdf,land_accounting_or_percentage_inconsistency,,,,Review original district table; preserve discrepancy and do not repair values silently.,
REAL_002,G039,https://upeida.up.gov.in/downloadmedia/siteContent/202108121140551822GE 31 MAY.pdf,land_accounting_or_percentage_inconsistency,,,,Review original district table; preserve discrepancy and do not repair values silently.,
REAL_002,G039,https://upeida.up.gov.in/downloadmedia/siteContent/202108121140551822GE 31 MAY.pdf,land_accounting_or_percentage_inconsistency,,,,Review original district table; preserve discrepancy and do not repair values silently.,
REAL_002,G040,https://upeida.up.gov.in/downloadmedia/siteContent/202108121409301734note-1.pdf,no_unambiguous_asof_date_or_adapter_not_applicable,,,,Review original district table; preserve discrepancy and do not repair values silently.,
REAL_002,G041,https://upeida.up.gov.in/downloadmedia/siteContent/202108121411383818note.pdf,no_unambiguous_asof_date_or_adapter_not_applicable,,,,Review original district table; preserve discrepancy and do not repair values silently.,
REAL_001,,https://services.ecourts.gov.in/,legal_case_search_not_completed,,"{""project"": ""Delhi-Mumbai Expressway"", ""authority"": ""NHAI"", ""state"": ""Rajasthan"", ""district"": ""Dausa"", ""aliases"": [""Delhi-Mumbai Expressway"", ""Delhi-Vadodara Expressway"", ""Delhi-Vadodara Greenfield Expressway"", ""Delhi-Vadodara Access Controlled Greenfield Alignment"", ""NH-148N"", ""DME"", ""NE-4""], ""package_number"": ""must be confirmed before parcel matching""}","Case number, CNR, court, case status, dated order, project relation",Use public search where available; if CAPTCHA/login is required use authorized manual access. No assertion is made that every portal is CAPTCHA-gated.,
REAL_001,,https://parivesh.nic.in/,approval_search_not_completed,,"{""project"": ""Delhi-Mumbai Expressway"", ""authority"": ""NHAI"", ""state"": ""Rajasthan"", ""district"": ""Dausa"", ""aliases"": [""Delhi-Mumbai Expressway"", ""Delhi-Vadodara Expressway"", ""Delhi-Vadodara Greenfield Expressway"", ""Delhi-Vadodara Access Controlled Greenfield Alignment"", ""NH-148N"", ""DME"", ""NE-4""], ""package_number"": ""must be confirmed before parcel matching""}","Proposal number, package, state/district, clearance stage and dated letter",Use public search where available; if CAPTCHA/login is required use authorized manual access. No assertion is made that every portal is CAPTCHA-gated.,
REAL_001,,https://bhuvan.nrsc.gov.in/,route_geometry_hazard_search_not_completed,,"{""project"": ""Delhi-Mumbai Expressway"", ""authority"": ""NHAI"", ""state"": ""Rajasthan"", ""district"": ""Dausa"", ""aliases"": [""Delhi-Mumbai Expressway"", ""Delhi-Vadodara Expressway"", ""Delhi-Vadodara Greenfield Expressway"", ""Delhi-Vadodara Access Controlled Greenfield Alignment"", ""NH-148N"", ""DME"", ""NE-4""], ""package_number"": ""must be confirmed before parcel matching""}","Public route/terrain layers, metadata, CRS, licence and spatial resolution",Use public search where available; if CAPTCHA/login is required use authorized manual access. No assertion is made that every portal is CAPTCHA-gated.,
REAL_001,,https://eprocure.gov.in/,tender_archive_search_not_completed,,"{""project"": ""Delhi-Mumbai Expressway"", ""authority"": ""NHAI"", ""state"": ""Rajasthan"", ""district"": ""Dausa"", ""aliases"": [""Delhi-Mumbai Expressway"", ""Delhi-Vadodara Expressway"", ""Delhi-Vadodara Greenfield Expressway"", ""Delhi-Vadodara Access Controlled Greenfield Alignment"", ""NH-148N"", ""DME"", ""NE-4""], ""package_number"": ""must be confirmed before parcel matching""}","Tender reference, package, award and contract PDFs",Use public search where available; if CAPTCHA/login is required use authorized manual access. No assertion is made that every portal is CAPTCHA-gated.,
REAL_001,,https://dsp.imdpune.gov.in/data_request_form_rainfall.php,historical_weather_request_not_completed,,"{""project"": ""Delhi-Mumbai Expressway"", ""authority"": ""NHAI"", ""state"": ""Rajasthan"", ""district"": ""Dausa"", ""aliases"": [""Delhi-Mumbai Expressway"", ""Delhi-Vadodara Expressway"", ""Delhi-Vadodara Greenfield Expressway"", ""Delhi-Vadodara Access Controlled Greenfield Alignment"", ""NH-148N"", ""DME"", ""NE-4""], ""package_number"": ""must be confirmed before parcel matching""}",District daily historical rainfall for the acquisition observation period; public or authorized access only,Use public search where available; if CAPTCHA/login is required use authorized manual access. No assertion is made that every portal is CAPTCHA-gated.,
REAL_001,,https://bhoomirashi.gov.in/auth/revamp/login1.cshtml,manual_portal_workflow,,"{""project"": ""Delhi-Mumbai Expressway"", ""authority"": ""NHAI"", ""state"": ""Rajasthan"", ""district"": ""Dausa"", ""aliases"": [""Delhi-Mumbai Expressway"", ""Delhi-Vadodara Expressway"", ""Delhi-Vadodara Greenfield Expressway"", ""Delhi-Vadodara Access Controlled Greenfield Alignment"", ""NH-148N"", ""DME"", ""NE-4""], ""package_number"": ""must be confirmed before parcel matching""}","Exact project/package, NH number, state/district, 3A/3D/award and CALA records; never use dashboard totals as project facts",Use public search where available; if CAPTCHA/login is required use authorized manual access. No assertion is made that every portal is CAPTCHA-gated.,
REAL_002,,https://services.ecourts.gov.in/,legal_case_search_not_completed,,"{""project"": ""Ganga Expressway"", ""authority"": ""UPEIDA"", ""state"": ""Uttar Pradesh"", ""district"": ""Meerut"", ""aliases"": [""Ganga Expressway"", ""Ganga Expressway Project"", ""Uttar Pradesh Ganga Expressway""], ""package_number"": ""must be confirmed before parcel matching""}","Case number, CNR, court, case status, dated order, project relation",Use public search where available; if CAPTCHA/login is required use authorized manual access. No assertion is made that every portal is CAPTCHA-gated.,
REAL_002,,https://parivesh.nic.in/,approval_search_not_completed,,"{""project"": ""Ganga Expressway"", ""authority"": ""UPEIDA"", ""state"": ""Uttar Pradesh"", ""district"": ""Meerut"", ""aliases"": [""Ganga Expressway"", ""Ganga Expressway Project"", ""Uttar Pradesh Ganga Expressway""], ""package_number"": ""must be confirmed before parcel matching""}","Proposal number, package, state/district, clearance stage and dated letter",Use public search where available; if CAPTCHA/login is required use authorized manual access. No assertion is made that every portal is CAPTCHA-gated.,
REAL_002,,https://bhuvan.nrsc.gov.in/,route_geometry_hazard_search_not_completed,,"{""project"": ""Ganga Expressway"", ""authority"": ""UPEIDA"", ""state"": ""Uttar Pradesh"", ""district"": ""Meerut"", ""aliases"": [""Ganga Expressway"", ""Ganga Expressway Project"", ""Uttar Pradesh Ganga Expressway""], ""package_number"": ""must be confirmed before parcel matching""}","Public route/terrain layers, metadata, CRS, licence and spatial resolution",Use public search where available; if CAPTCHA/login is required use authorized manual access. No assertion is made that every portal is CAPTCHA-gated.,
REAL_002,,https://eprocure.gov.in/,tender_archive_search_not_completed,,"{""project"": ""Ganga Expressway"", ""authority"": ""UPEIDA"", ""state"": ""Uttar Pradesh"", ""district"": ""Meerut"", ""aliases"": [""Ganga Expressway"", ""Ganga Expressway Project"", ""Uttar Pradesh Ganga Expressway""], ""package_number"": ""must be confirmed before parcel matching""}","Tender reference, package, award and contract PDFs",Use public search where available; if CAPTCHA/login is required use authorized manual access. No assertion is made that every portal is CAPTCHA-gated.,
REAL_002,,https://dsp.imdpune.gov.in/data_request_form_rainfall.php,historical_weather_request_not_completed,,"{""project"": ""Ganga Expressway"", ""authority"": ""UPEIDA"", ""state"": ""Uttar Pradesh"", ""district"": ""Meerut"", ""aliases"": [""Ganga Expressway"", ""Ganga Expressway Project"", ""Uttar Pradesh Ganga Expressway""], ""package_number"": ""must be confirmed before parcel matching""}",District daily historical rainfall for the acquisition observation period; public or authorized access only,Use public search where available; if CAPTCHA/login is required use authorized manual access. No assertion is made that every portal is CAPTCHA-gated.,
REAL_003,,https://services.ecourts.gov.in/,legal_case_search_not_completed,,"{""project"": ""Char Dham Highway Project"", ""authority"": ""MoRTH"", ""state"": ""Uttarakhand"", ""district"": ""Rudraprayag"", ""aliases"": [""Char Dham Mahamarg"", ""Char Dham Highway"", ""Char Dham All Weather Road"", ""Char Dham Road Project"", ""Chardham"", ""Char Dham Pariyojana""], ""package_number"": ""must be confirmed before parcel matching""}","Case number, CNR, court, case status, dated order, project relation",Use public search where available; if CAPTCHA/login is required use authorized manual access. No assertion is made that every portal is CAPTCHA-gated.,
REAL_003,,https://parivesh.nic.in/,approval_search_not_completed,,"{""project"": ""Char Dham Highway Project"", ""authority"": ""MoRTH"", ""state"": ""Uttarakhand"", ""district"": ""Rudraprayag"", ""aliases"": [""Char Dham Mahamarg"", ""Char Dham Highway"", ""Char Dham All Weather Road"", ""Char Dham Road Project"", ""Chardham"", ""Char Dham Pariyojana""], ""package_number"": ""must be confirmed before parcel matching""}","Proposal number, package, state/district, clearance stage and dated letter",Use public search where available; if CAPTCHA/login is required use authorized manual access. No assertion is made that every portal is CAPTCHA-gated.,
REAL_003,,https://bhuvan.nrsc.gov.in/,route_geometry_hazard_search_not_completed,,"{""project"": ""Char Dham Highway Project"", ""authority"": ""MoRTH"", ""state"": ""Uttarakhand"", ""district"": ""Rudraprayag"", ""aliases"": [""Char Dham Mahamarg"", ""Char Dham Highway"", ""Char Dham All Weather Road"", ""Char Dham Road Project"", ""Chardham"", ""Char Dham Pariyojana""], ""package_number"": ""must be confirmed before parcel matching""}","Public route/terrain layers, metadata, CRS, licence and spatial resolution",Use public search where available; if CAPTCHA/login is required use authorized manual access. No assertion is made that every portal is CAPTCHA-gated.,
REAL_003,,https://eprocure.gov.in/,tender_archive_search_not_completed,,"{""project"": ""Char Dham Highway Project"", ""authority"": ""MoRTH"", ""state"": ""Uttarakhand"", ""district"": ""Rudraprayag"", ""aliases"": [""Char Dham Mahamarg"", ""Char Dham Highway"", ""Char Dham All Weather Road"", ""Char Dham Road Project"", ""Chardham"", ""Char Dham Pariyojana""], ""package_number"": ""must be confirmed before parcel matching""}","Tender reference, package, award and contract PDFs",Use public search where available; if CAPTCHA/login is required use authorized manual access. No assertion is made that every portal is CAPTCHA-gated.,
REAL_003,,https://dsp.imdpune.gov.in/data_request_form_rainfall.php,historical_weather_request_not_completed,,"{""project"": ""Char Dham Highway Project"", ""authority"": ""MoRTH"", ""state"": ""Uttarakhand"", ""district"": ""Rudraprayag"", ""aliases"": [""Char Dham Mahamarg"", ""Char Dham Highway"", ""Char Dham All Weather Road"", ""Char Dham Road Project"", ""Chardham"", ""Char Dham Pariyojana""], ""package_number"": ""must be confirmed before parcel matching""}",District daily historical rainfall for the acquisition observation period; public or authorized access only,Use public search where available; if CAPTCHA/login is required use authorized manual access. No assertion is made that every portal is CAPTCHA-gated.,
REAL_003,,https://bhoomirashi.gov.in/auth/revamp/login1.cshtml,manual_portal_workflow,,"{""project"": ""Char Dham Highway Project"", ""authority"": ""MoRTH"", ""state"": ""Uttarakhand"", ""district"": ""Rudraprayag"", ""aliases"": [""Char Dham Mahamarg"", ""Char Dham Highway"", ""Char Dham All Weather Road"", ""Char Dham Road Project"", ""Chardham"", ""Char Dham Pariyojana""], ""package_number"": ""must be confirmed before parcel matching""}","Exact project/package, NH number, state/district, 3A/3D/award and CALA records; never use dashboard totals as project facts",Use public search where available; if CAPTCHA/login is required use authorized manual access. No assertion is made that every portal is CAPTCHA-gated.,
REAL_004,,https://services.ecourts.gov.in/,legal_case_search_not_completed,,"{""project"": ""Mumbai Metro Line 3"", ""authority"": ""MMRCL"", ""state"": ""Maharashtra"", ""district"": ""Mumbai"", ""aliases"": [""Mumbai Metro Line 3"", ""Aqua Line"", ""Colaba-Bandra-SEEPZ Metro"", ""Metro 3"", ""Mumbai Metro Line-III"", ""Colaba-Bandra-SEEPZ""], ""package_number"": ""must be confirmed before parcel matching""}","Case number, CNR, court, case status, dated order, project relation",Use public search where available; if CAPTCHA/login is required use authorized manual access. No assertion is made that every portal is CAPTCHA-gated.,
REAL_004,,https://parivesh.nic.in/,approval_search_not_completed,,"{""project"": ""Mumbai Metro Line 3"", ""authority"": ""MMRCL"", ""state"": ""Maharashtra"", ""district"": ""Mumbai"", ""aliases"": [""Mumbai Metro Line 3"", ""Aqua Line"", ""Colaba-Bandra-SEEPZ Metro"", ""Metro 3"", ""Mumbai Metro Line-III"", ""Colaba-Bandra-SEEPZ""], ""package_number"": ""must be confirmed before parcel matching""}","Proposal number, package, state/district, clearance stage and dated letter",Use public search where available; if CAPTCHA/login is required use authorized manual access. No assertion is made that every portal is CAPTCHA-gated.,
REAL_004,,https://bhuvan.nrsc.gov.in/,route_geometry_hazard_search_not_completed,,"{""project"": ""Mumbai Metro Line 3"", ""authority"": ""MMRCL"", ""state"": ""Maharashtra"", ""district"": ""Mumbai"", ""aliases"": [""Mumbai Metro Line 3"", ""Aqua Line"", ""Colaba-Bandra-SEEPZ Metro"", ""Metro 3"", ""Mumbai Metro Line-III"", ""Colaba-Bandra-SEEPZ""], ""package_number"": ""must be confirmed before parcel matching""}","Public route/terrain layers, metadata, CRS, licence and spatial resolution",Use public search where available; if CAPTCHA/login is required use authorized manual access. No assertion is made that every portal is CAPTCHA-gated.,
REAL_004,,https://eprocure.gov.in/,tender_archive_search_not_completed,,"{""project"": ""Mumbai Metro Line 3"", ""authority"": ""MMRCL"", ""state"": ""Maharashtra"", ""district"": ""Mumbai"", ""aliases"": [""Mumbai Metro Line 3"", ""Aqua Line"", ""Colaba-Bandra-SEEPZ Metro"", ""Metro 3"", ""Mumbai Metro Line-III"", ""Colaba-Bandra-SEEPZ""], ""package_number"": ""must be confirmed before parcel matching""}","Tender reference, package, award and contract PDFs",Use public search where available; if CAPTCHA/login is required use authorized manual access. No assertion is made that every portal is CAPTCHA-gated.,
REAL_004,,https://dsp.imdpune.gov.in/data_request_form_rainfall.php,historical_weather_request_not_completed,,"{""project"": ""Mumbai Metro Line 3"", ""authority"": ""MMRCL"", ""state"": ""Maharashtra"", ""district"": ""Mumbai"", ""aliases"": [""Mumbai Metro Line 3"", ""Aqua Line"", ""Colaba-Bandra-SEEPZ Metro"", ""Metro 3"", ""Mumbai Metro Line-III"", ""Colaba-Bandra-SEEPZ""], ""package_number"": ""must be confirmed before parcel matching""}",District daily historical rainfall for the acquisition observation period; public or authorized access only,Use public search where available; if CAPTCHA/login is required use authorized manual access. No assertion is made that every portal is CAPTCHA-gated.,
REAL_005,,https://services.ecourts.gov.in/,legal_case_search_not_completed,,"{""project"": ""Delhi Metro Phase IV"", ""authority"": ""DMRC"", ""state"": ""Delhi"", ""district"": ""New Delhi"", ""aliases"": [""Delhi Metro Phase IV"", ""Delhi Metro Phase 4"", ""DMRC Phase IV"", ""Delhi Metro Phase-IV"", ""Delhi Metro Phase IV-2""], ""package_number"": ""must be confirmed before parcel matching""}","Case number, CNR, court, case status, dated order, project relation",Use public search where available; if CAPTCHA/login is required use authorized manual access. No assertion is made that every portal is CAPTCHA-gated.,
REAL_005,,https://parivesh.nic.in/,approval_search_not_completed,,"{""project"": ""Delhi Metro Phase IV"", ""authority"": ""DMRC"", ""state"": ""Delhi"", ""district"": ""New Delhi"", ""aliases"": [""Delhi Metro Phase IV"", ""Delhi Metro Phase 4"", ""DMRC Phase IV"", ""Delhi Metro Phase-IV"", ""Delhi Metro Phase IV-2""], ""package_number"": ""must be confirmed before parcel matching""}","Proposal number, package, state/district, clearance stage and dated letter",Use public search where available; if CAPTCHA/login is required use authorized manual access. No assertion is made that every portal is CAPTCHA-gated.,
REAL_005,,https://bhuvan.nrsc.gov.in/,route_geometry_hazard_search_not_completed,,"{""project"": ""Delhi Metro Phase IV"", ""authority"": ""DMRC"", ""state"": ""Delhi"", ""district"": ""New Delhi"", ""aliases"": [""Delhi Metro Phase IV"", ""Delhi Metro Phase 4"", ""DMRC Phase IV"", ""Delhi Metro Phase-IV"", ""Delhi Metro Phase IV-2""], ""package_number"": ""must be confirmed before parcel matching""}","Public route/terrain layers, metadata, CRS, licence and spatial resolution",Use public search where available; if CAPTCHA/login is required use authorized manual access. No assertion is made that every portal is CAPTCHA-gated.,
REAL_005,,https://eprocure.gov.in/,tender_archive_search_not_completed,,"{""project"": ""Delhi Metro Phase IV"", ""authority"": ""DMRC"", ""state"": ""Delhi"", ""district"": ""New Delhi"", ""aliases"": [""Delhi Metro Phase IV"", ""Delhi Metro Phase 4"", ""DMRC Phase IV"", ""Delhi Metro Phase-IV"", ""Delhi Metro Phase IV-2""], ""package_number"": ""must be confirmed before parcel matching""}","Tender reference, package, award and contract PDFs",Use public search where available; if CAPTCHA/login is required use authorized manual access. No assertion is made that every portal is CAPTCHA-gated.,
REAL_005,,https://dsp.imdpune.gov.in/data_request_form_rainfall.php,historical_weather_request_not_completed,,"{""project"": ""Delhi Metro Phase IV"", ""authority"": ""DMRC"", ""state"": ""Delhi"", ""district"": ""New Delhi"", ""aliases"": [""Delhi Metro Phase IV"", ""Delhi Metro Phase 4"", ""DMRC Phase IV"", ""Delhi Metro Phase-IV"", ""Delhi Metro Phase IV-2""], ""package_number"": ""must be confirmed before parcel matching""}",District daily historical rainfall for the acquisition observation period; public or authorized access only,Use public search where available; if CAPTCHA/login is required use authorized manual access. No assertion is made that every portal is CAPTCHA-gated.,
REAL_006,,https://services.ecourts.gov.in/,legal_case_search_not_completed,,"{""project"": ""Chennai Metro Rail Project"", ""authority"": ""CMRL"", ""state"": ""Tamil Nadu"", ""district"": ""Chennai"", ""aliases"": [""Chennai Metro"", ""Chennai Metro Rail"", ""Chennai Metro Rail Project"", ""CMRL""], ""package_number"": ""must be confirmed before parcel matching""}","Case number, CNR, court, case status, dated order, project relation",Use public search where available; if CAPTCHA/login is required use authorized manual access. No assertion is made that every portal is CAPTCHA-gated.,
REAL_006,,https://parivesh.nic.in/,approval_search_not_completed,,"{""project"": ""Chennai Metro Rail Project"", ""authority"": ""CMRL"", ""state"": ""Tamil Nadu"", ""district"": ""Chennai"", ""aliases"": [""Chennai Metro"", ""Chennai Metro Rail"", ""Chennai Metro Rail Project"", ""CMRL""], ""package_number"": ""must be confirmed before parcel matching""}","Proposal number, package, state/district, clearance stage and dated letter",Use public search where available; if CAPTCHA/login is required use authorized manual access. No assertion is made that every portal is CAPTCHA-gated.,
REAL_006,,https://bhuvan.nrsc.gov.in/,route_geometry_hazard_search_not_completed,,"{""project"": ""Chennai Metro Rail Project"", ""authority"": ""CMRL"", ""state"": ""Tamil Nadu"", ""district"": ""Chennai"", ""aliases"": [""Chennai Metro"", ""Chennai Metro Rail"", ""Chennai Metro Rail Project"", ""CMRL""], ""package_number"": ""must be confirmed before parcel matching""}","Public route/terrain layers, metadata, CRS, licence and spatial resolution",Use public search where available; if CAPTCHA/login is required use authorized manual access. No assertion is made that every portal is CAPTCHA-gated.,
REAL_006,,https://eprocure.gov.in/,tender_archive_search_not_completed,,"{""project"": ""Chennai Metro Rail Project"", ""authority"": ""CMRL"", ""state"": ""Tamil Nadu"", ""district"": ""Chennai"", ""aliases"": [""Chennai Metro"", ""Chennai Metro Rail"", ""Chennai Metro Rail Project"", ""CMRL""], ""package_number"": ""must be confirmed before parcel matching""}","Tender reference, package, award and contract PDFs",Use public search where available; if CAPTCHA/login is required use authorized manual access. No assertion is made that every portal is CAPTCHA-gated.,
REAL_006,,https://dsp.imdpune.gov.in/data_request_form_rainfall.php,historical_weather_request_not_completed,,"{""project"": ""Chennai Metro Rail Project"", ""authority"": ""CMRL"", ""state"": ""Tamil Nadu"", ""district"": ""Chennai"", ""aliases"": [""Chennai Metro"", ""Chennai Metro Rail"", ""Chennai Metro Rail Project"", ""CMRL""], ""package_number"": ""must be confirmed before parcel matching""}",District daily historical rainfall for the acquisition observation period; public or authorized access only,Use public search where available; if CAPTCHA/login is required use authorized manual access. No assertion is made that every portal is CAPTCHA-gated.,
REAL_007,,https://services.ecourts.gov.in/,legal_case_search_not_completed,,"{""project"": ""Bharatmala Pariyojana"", ""authority"": ""NHAI / MoRTH"", ""state"": ""Multi-state"", ""district"": ""Multi-district"", ""aliases"": [""Bharatmala Pariyojana"", ""Bharatmala""], ""package_number"": ""must be confirmed before parcel matching""}","Case number, CNR, court, case status, dated order, project relation",Use public search where available; if CAPTCHA/login is required use authorized manual access. No assertion is made that every portal is CAPTCHA-gated.,
REAL_007,,https://parivesh.nic.in/,approval_search_not_completed,,"{""project"": ""Bharatmala Pariyojana"", ""authority"": ""NHAI / MoRTH"", ""state"": ""Multi-state"", ""district"": ""Multi-district"", ""aliases"": [""Bharatmala Pariyojana"", ""Bharatmala""], ""package_number"": ""must be confirmed before parcel matching""}","Proposal number, package, state/district, clearance stage and dated letter",Use public search where available; if CAPTCHA/login is required use authorized manual access. No assertion is made that every portal is CAPTCHA-gated.,
REAL_007,,https://bhuvan.nrsc.gov.in/,route_geometry_hazard_search_not_completed,,"{""project"": ""Bharatmala Pariyojana"", ""authority"": ""NHAI / MoRTH"", ""state"": ""Multi-state"", ""district"": ""Multi-district"", ""aliases"": [""Bharatmala Pariyojana"", ""Bharatmala""], ""package_number"": ""must be confirmed before parcel matching""}","Public route/terrain layers, metadata, CRS, licence and spatial resolution",Use public search where available; if CAPTCHA/login is required use authorized manual access. No assertion is made that every portal is CAPTCHA-gated.,
REAL_007,,https://eprocure.gov.in/,tender_archive_search_not_completed,,"{""project"": ""Bharatmala Pariyojana"", ""authority"": ""NHAI / MoRTH"", ""state"": ""Multi-state"", ""district"": ""Multi-district"", ""aliases"": [""Bharatmala Pariyojana"", ""Bharatmala""], ""package_number"": ""must be confirmed before parcel matching""}","Tender reference, package, award and contract PDFs",Use public search where available; if CAPTCHA/login is required use authorized manual access. No assertion is made that every portal is CAPTCHA-gated.,
REAL_007,,https://dsp.imdpune.gov.in/data_request_form_rainfall.php,historical_weather_request_not_completed,,"{""project"": ""Bharatmala Pariyojana"", ""authority"": ""NHAI / MoRTH"", ""state"": ""Multi-state"", ""district"": ""Multi-district"", ""aliases"": [""Bharatmala Pariyojana"", ""Bharatmala""], ""package_number"": ""must be confirmed before parcel matching""}",District daily historical rainfall for the acquisition observation period; public or authorized access only,Use public search where available; if CAPTCHA/login is required use authorized manual access. No assertion is made that every portal is CAPTCHA-gated.,
REAL_007,,https://bhoomirashi.gov.in/auth/revamp/login1.cshtml,manual_portal_workflow,,"{""project"": ""Bharatmala Pariyojana"", ""authority"": ""NHAI / MoRTH"", ""state"": ""Multi-state"", ""district"": ""Multi-district"", ""aliases"": [""Bharatmala Pariyojana"", ""Bharatmala""], ""package_number"": ""must be confirmed before parcel matching""}","Exact project/package, NH number, state/district, 3A/3D/award and CALA records; never use dashboard totals as project facts",Use public search where available; if CAPTCHA/login is required use authorized manual access. No assertion is made that every portal is CAPTCHA-gated.,
REAL_008,,https://services.ecourts.gov.in/,legal_case_search_not_completed,,"{""project"": ""Zojila Tunnel Project"", ""authority"": ""NHIDCL"", ""state"": ""Jammu & Kashmir"", ""district"": ""Ganderbal"", ""aliases"": [""Zojila Tunnel"", ""Zoji La Tunnel"", ""Zoji-la Tunnel""], ""package_number"": ""must be confirmed before parcel matching""}","Case number, CNR, court, case status, dated order, project relation",Use public search where available; if CAPTCHA/login is required use authorized manual access. No assertion is made that every portal is CAPTCHA-gated.,
REAL_008,,https://parivesh.nic.in/,approval_search_not_completed,,"{""project"": ""Zojila Tunnel Project"", ""authority"": ""NHIDCL"", ""state"": ""Jammu & Kashmir"", ""district"": ""Ganderbal"", ""aliases"": [""Zojila Tunnel"", ""Zoji La Tunnel"", ""Zoji-la Tunnel""], ""package_number"": ""must be confirmed before parcel matching""}","Proposal number, package, state/district, clearance stage and dated letter",Use public search where available; if CAPTCHA/login is required use authorized manual access. No assertion is made that every portal is CAPTCHA-gated.,
REAL_008,,https://bhuvan.nrsc.gov.in/,route_geometry_hazard_search_not_completed,,"{""project"": ""Zojila Tunnel Project"", ""authority"": ""NHIDCL"", ""state"": ""Jammu & Kashmir"", ""district"": ""Ganderbal"", ""aliases"": [""Zojila Tunnel"", ""Zoji La Tunnel"", ""Zoji-la Tunnel""], ""package_number"": ""must be confirmed before parcel matching""}","Public route/terrain layers, metadata, CRS, licence and spatial resolution",Use public search where available; if CAPTCHA/login is required use authorized manual access. No assertion is made that every portal is CAPTCHA-gated.,
REAL_008,,https://eprocure.gov.in/,tender_archive_search_not_completed,,"{""project"": ""Zojila Tunnel Project"", ""authority"": ""NHIDCL"", ""state"": ""Jammu & Kashmir"", ""district"": ""Ganderbal"", ""aliases"": [""Zojila Tunnel"", ""Zoji La Tunnel"", ""Zoji-la Tunnel""], ""package_number"": ""must be confirmed before parcel matching""}","Tender reference, package, award and contract PDFs",Use public search where available; if CAPTCHA/login is required use authorized manual access. No assertion is made that every portal is CAPTCHA-gated.,
REAL_008,,https://dsp.imdpune.gov.in/data_request_form_rainfall.php,historical_weather_request_not_completed,,"{""project"": ""Zojila Tunnel Project"", ""authority"": ""NHIDCL"", ""state"": ""Jammu & Kashmir"", ""district"": ""Ganderbal"", ""aliases"": [""Zojila Tunnel"", ""Zoji La Tunnel"", ""Zoji-la Tunnel""], ""package_number"": ""must be confirmed before parcel matching""}",District daily historical rainfall for the acquisition observation period; public or authorized access only,Use public search where available; if CAPTCHA/login is required use authorized manual access. No assertion is made that every portal is CAPTCHA-gated.,
REAL_008,,https://bhoomirashi.gov.in/auth/revamp/login1.cshtml,manual_portal_workflow,,"{""project"": ""Zojila Tunnel Project"", ""authority"": ""NHIDCL"", ""state"": ""Jammu & Kashmir"", ""district"": ""Ganderbal"", ""aliases"": [""Zojila Tunnel"", ""Zoji La Tunnel"", ""Zoji-la Tunnel""], ""package_number"": ""must be confirmed before parcel matching""}","Exact project/package, NH number, state/district, 3A/3D/award and CALA records; never use dashboard totals as project facts",Use public search where available; if CAPTCHA/login is required use authorized manual access. No assertion is made that every portal is CAPTCHA-gated.,
REAL_009,,https://services.ecourts.gov.in/,legal_case_search_not_completed,,"{""project"": ""Mumbai-Nagpur Expressway"", ""authority"": ""MSRDC"", ""state"": ""Maharashtra"", ""district"": ""Nagpur corridor"", ""aliases"": [""Mumbai Nagpur Expressway"", ""Mumbai-Nagpur Expressway"", ""Samruddhi Mahamarg"", ""Maharashtra Samruddhi Mahamarg"", ""Nagpur-Mumbai Super Communication Expressway"", ""Nagpur Mumbai Super Communication""], ""package_number"": ""must be confirmed before parcel matching""}","Case number, CNR, court, case status, dated order, project relation",Use public search where available; if CAPTCHA/login is required use authorized manual access. No assertion is made that every portal is CAPTCHA-gated.,
REAL_009,,https://parivesh.nic.in/,approval_search_not_completed,,"{""project"": ""Mumbai-Nagpur Expressway"", ""authority"": ""MSRDC"", ""state"": ""Maharashtra"", ""district"": ""Nagpur corridor"", ""aliases"": [""Mumbai Nagpur Expressway"", ""Mumbai-Nagpur Expressway"", ""Samruddhi Mahamarg"", ""Maharashtra Samruddhi Mahamarg"", ""Nagpur-Mumbai Super Communication Expressway"", ""Nagpur Mumbai Super Communication""], ""package_number"": ""must be confirmed before parcel matching""}","Proposal number, package, state/district, clearance stage and dated letter",Use public search where available; if CAPTCHA/login is required use authorized manual access. No assertion is made that every portal is CAPTCHA-gated.,
REAL_009,,https://bhuvan.nrsc.gov.in/,route_geometry_hazard_search_not_completed,,"{""project"": ""Mumbai-Nagpur Expressway"", ""authority"": ""MSRDC"", ""state"": ""Maharashtra"", ""district"": ""Nagpur corridor"", ""aliases"": [""Mumbai Nagpur Expressway"", ""Mumbai-Nagpur Expressway"", ""Samruddhi Mahamarg"", ""Maharashtra Samruddhi Mahamarg"", ""Nagpur-Mumbai Super Communication Expressway"", ""Nagpur Mumbai Super Communication""], ""package_number"": ""must be confirmed before parcel matching""}","Public route/terrain layers, metadata, CRS, licence and spatial resolution",Use public search where available; if CAPTCHA/login is required use authorized manual access. No assertion is made that every portal is CAPTCHA-gated.,
REAL_009,,https://eprocure.gov.in/,tender_archive_search_not_completed,,"{""project"": ""Mumbai-Nagpur Expressway"", ""authority"": ""MSRDC"", ""state"": ""Maharashtra"", ""district"": ""Nagpur corridor"", ""aliases"": [""Mumbai Nagpur Expressway"", ""Mumbai-Nagpur Expressway"", ""Samruddhi Mahamarg"", ""Maharashtra Samruddhi Mahamarg"", ""Nagpur-Mumbai Super Communication Expressway"", ""Nagpur Mumbai Super Communication""], ""package_number"": ""must be confirmed before parcel matching""}","Tender reference, package, award and contract PDFs",Use public search where available; if CAPTCHA/login is required use authorized manual access. No assertion is made that every portal is CAPTCHA-gated.,
REAL_009,,https://dsp.imdpune.gov.in/data_request_form_rainfall.php,historical_weather_request_not_completed,,"{""project"": ""Mumbai-Nagpur Expressway"", ""authority"": ""MSRDC"", ""state"": ""Maharashtra"", ""district"": ""Nagpur corridor"", ""aliases"": [""Mumbai Nagpur Expressway"", ""Mumbai-Nagpur Expressway"", ""Samruddhi Mahamarg"", ""Maharashtra Samruddhi Mahamarg"", ""Nagpur-Mumbai Super Communication Expressway"", ""Nagpur Mumbai Super Communication""], ""package_number"": ""must be confirmed before parcel matching""}",District daily historical rainfall for the acquisition observation period; public or authorized access only,Use public search where available; if CAPTCHA/login is required use authorized manual access. No assertion is made that every portal is CAPTCHA-gated.,
REAL_010,,https://services.ecourts.gov.in/,legal_case_search_not_completed,,"{""project"": ""Eastern Dedicated Freight Corridor"", ""authority"": ""DFCCIL"", ""state"": ""Uttar Pradesh"", ""district"": ""Prayagraj corridor"", ""aliases"": [""Eastern Dedicated Freight Corridor"", ""EDFC"", ""Eastern DFC"", ""DFCCIL Eastern Dedicated Freight Corridor"", ""Eastern Dedicated Frieght Corridor""], ""package_number"": ""must be confirmed before parcel matching""}","Case number, CNR, court, case status, dated order, project relation",Use public search where available; if CAPTCHA/login is required use authorized manual access. No assertion is made that every portal is CAPTCHA-gated.,
REAL_010,,https://parivesh.nic.in/,approval_search_not_completed,,"{""project"": ""Eastern Dedicated Freight Corridor"", ""authority"": ""DFCCIL"", ""state"": ""Uttar Pradesh"", ""district"": ""Prayagraj corridor"", ""aliases"": [""Eastern Dedicated Freight Corridor"", ""EDFC"", ""Eastern DFC"", ""DFCCIL Eastern Dedicated Freight Corridor"", ""Eastern Dedicated Frieght Corridor""], ""package_number"": ""must be confirmed before parcel matching""}","Proposal number, package, state/district, clearance stage and dated letter",Use public search where available; if CAPTCHA/login is required use authorized manual access. No assertion is made that every portal is CAPTCHA-gated.,
REAL_010,,https://bhuvan.nrsc.gov.in/,route_geometry_hazard_search_not_completed,,"{""project"": ""Eastern Dedicated Freight Corridor"", ""authority"": ""DFCCIL"", ""state"": ""Uttar Pradesh"", ""district"": ""Prayagraj corridor"", ""aliases"": [""Eastern Dedicated Freight Corridor"", ""EDFC"", ""Eastern DFC"", ""DFCCIL Eastern Dedicated Freight Corridor"", ""Eastern Dedicated Frieght Corridor""], ""package_number"": ""must be confirmed before parcel matching""}","Public route/terrain layers, metadata, CRS, licence and spatial resolution",Use public search where available; if CAPTCHA/login is required use authorized manual access. No assertion is made that every portal is CAPTCHA-gated.,
REAL_010,,https://eprocure.gov.in/,tender_archive_search_not_completed,,"{""project"": ""Eastern Dedicated Freight Corridor"", ""authority"": ""DFCCIL"", ""state"": ""Uttar Pradesh"", ""district"": ""Prayagraj corridor"", ""aliases"": [""Eastern Dedicated Freight Corridor"", ""EDFC"", ""Eastern DFC"", ""DFCCIL Eastern Dedicated Freight Corridor"", ""Eastern Dedicated Frieght Corridor""], ""package_number"": ""must be confirmed before parcel matching""}","Tender reference, package, award and contract PDFs",Use public search where available; if CAPTCHA/login is required use authorized manual access. No assertion is made that every portal is CAPTCHA-gated.,
REAL_010,,https://dsp.imdpune.gov.in/data_request_form_rainfall.php,historical_weather_request_not_completed,,"{""project"": ""Eastern Dedicated Freight Corridor"", ""authority"": ""DFCCIL"", ""state"": ""Uttar Pradesh"", ""district"": ""Prayagraj corridor"", ""aliases"": [""Eastern Dedicated Freight Corridor"", ""EDFC"", ""Eastern DFC"", ""DFCCIL Eastern Dedicated Freight Corridor"", ""Eastern Dedicated Frieght Corridor""], ""package_number"": ""must be confirmed before parcel matching""}",District daily historical rainfall for the acquisition observation period; public or authorized access only,Use public search where available; if CAPTCHA/login is required use authorized manual access. No assertion is made that every portal is CAPTCHA-gated.,
REAL_006,S008,,internal_corridor_header_conflict,Cover and pages 4/14: Corridor 5; later pages including 78: Corridor 4,,Corrected authoritative corridor attribution,Retain page-specific scope. Verify appendix ownership with CMRL before using later-page figures.,
REAL_006,S008,,conflicting_station_counts,PDF pages 4 and 14,,,Review 29 versus 30 station count; both values retained and conflict-flagged.,
REAL_002,,,compensation_units_and_payment_basis,Ganga district reports columns 13-16,,,Verify currency unit and proposed-versus-paid meaning before numeric compensation normalization. Scanned rate orders G040/G041 also require review.,
REAL_002,,https://drive.google.com/file/d/1eO-RZ9nUiSjV4NbMoMRNQqT3m-knVqNu/view?usp=sharing,official_index_external_hydrological_file_not_collected,,"UPEIDA Ganga Expressway Hydrological Report, index date 04-06-2021",Hydrological report PDF,Follow official UPEIDA link in a browser; download only if publicly accessible.,
REAL_002,,https://drive.google.com/file/d/1GdsDxxkMxogd9plXhKsKgZXYS0YpBc-q/view?usp=sharing,official_index_external_coordinates_file_not_collected,,"UPEIDA Interchange Coordinates of Ganga Expressway, index date 04-06-2021",Interchange coordinates with coordinate reference system,Follow official UPEIDA link; verify package/coordinate system; do not invent points.,
