project_id,category,field,normalized_evidence_count,status,scope_note,reason
REAL_001,identity,project_name,0,missing_or_not_yet_verified,Evidence is scoped and dated; presence does not imply current project-wide or study-district completeness.,No accepted normalized observation in this collection pass. Raw documents may contain unextracted information.
REAL_001,identity,authority,0,missing_or_not_yet_verified,Evidence is scoped and dated; presence does not imply current project-wide or study-district completeness.,No accepted normalized observation in this collection pass. Raw documents may contain unextracted information.
REAL_001,identity,project_number,0,missing_or_not_yet_verified,Evidence is scoped and dated; presence does not imply current project-wide or study-district completeness.,No accepted normalized observation in this collection pass. Raw documents may contain unextracted information.
REAL_001,identity,package_number,0,missing_or_not_yet_verified,Evidence is scoped and dated; presence does not imply current project-wide or study-district completeness.,No accepted normalized observation in this collection pass. Raw documents may contain unextracted information.
REAL_001,identity,state,6,partial_evidence_available,Evidence is scoped and dated; presence does not imply current project-wide or study-district completeness.,
REAL_001,identity,district,6,partial_evidence_available,Evidence is scoped and dated; presence does not imply current project-wide or study-district completeness.,
REAL_001,identity,tehsil,0,missing_or_not_yet_verified,Evidence is scoped and dated; presence does not imply current project-wide or study-district completeness.,No accepted normalized observation in this collection pass. Raw documents may contain unextracted information.
REAL_001,identity,village,0,missing_or_not_yet_verified,Evidence is scoped and dated; presence does not imply current project-wide or study-district completeness.,No accepted normalized observation in this collection pass. Raw documents may contain unextracted information.
REAL_001,identity,chainage_start,0,missing_or_not_yet_verified,Evidence is scoped and dated; presence does not imply current project-wide or study-district completeness.,No accepted normalized observation in this collection pass. Raw documents may contain unextracted information.
REAL_001,identity,chainage_end,0,missing_or_not_yet_verified,Evidence is scoped and dated; presence does not imply current project-wide or study-district completeness.,No accepted normalized observation in this collection pass. Raw documents may contain unextracted information.
REAL_001,identity,latitude,0,missing_or_not_yet_verified,Evidence is scoped and dated; presence does not imply current project-wide or study-district completeness.,No accepted normalized observation in this collection pass. Raw documents may contain unextracted information.
REAL_001,identity,longitude,0,missing_or_not_yet_verified,Evidence is scoped and dated; presence does not imply current project-wide or study-district completeness.,No accepted normalized observation in this collection pass. Raw documents may contain unextracted information.
REAL_001,land_acquisition,land_required_ha,0,missing_or_not_yet_verified,Evidence is scoped and dated; presence does not imply current project-wide or study-district completeness.,No accepted normalized observation in this collection pass. Raw documents may contain unextracted information.
REAL_001,land_acquisition,land_available_ha,0,missing_or_not_yet_verified,Evidence is scoped and dated; presence does not imply current project-wide or study-district completeness.,No accepted normalized observation in this collection pass. Raw documents may contain unextracted information.
REAL_001,land_acquisition,land_to_be_acquired_ha,0,missing_or_not_yet_verified,Evidence is scoped and dated; presence does not imply current project-wide or study-district completeness.,No accepted normalized observation in this collection pass. Raw documents may contain unextracted information.
REAL_001,land_acquisition,land_acquired_ha,0,missing_or_not_yet_verified,Evidence is scoped and dated; presence does not imply current project-wide or study-district completeness.,No accepted normalized observation in this collection pass. Raw documents may contain unextracted information.
REAL_001,land_acquisition,land_acquired_till_now_ha,0,missing_or_not_yet_verified,Evidence is scoped and dated; presence does not imply current project-wide or study-district completeness.,No accepted normalized observation in this collection pass. Raw documents may contain unextracted information.
REAL_001,land_acquisition,acquisition_progress_pct,0,missing_or_not_yet_verified,Evidence is scoped and dated; presence does not imply current project-wide or study-district completeness.,No accepted normalized observation in this collection pass. Raw documents may contain unextracted information.
REAL_001,land_acquisition,3A_notification_number,0,missing_or_not_yet_verified,Evidence is scoped and dated; presence does not imply current project-wide or study-district completeness.,No accepted normalized observation in this collection pass. Raw documents may contain unextracted information.
REAL_001,land_acquisition,3A_notification_date,0,missing_or_not_yet_verified,Evidence is scoped and dated; presence does not imply current project-wide or study-district completeness.,No accepted normalized observation in this collection pass. Raw documents may contain unextracted information.
REAL_001,land_acquisition,3D_notification_number,0,missing_or_not_yet_verified,Evidence is scoped and dated; presence does not imply current project-wide or study-district completeness.,No accepted normalized observation in this collection pass. Raw documents may contain unextracted information.
REAL_001,land_acquisition,3D_notification_date,0,missing_or_not_yet_verified,Evidence is scoped and dated; presence does not imply current project-wide or study-district completeness.,No accepted normalized observation in this collection pass. Raw documents may contain unextracted information.
REAL_001,land_acquisition,award_number,0,missing_or_not_yet_verified,Evidence is scoped and dated; presence does not imply current project-wide or study-district completeness.,No accepted normalized observation in this collection pass. Raw documents may contain unextracted information.
REAL_001,land_acquisition,award_date,0,missing_or_not_yet_verified,Evidence is scoped and dated; presence does not imply current project-wide or study-district completeness.,No accepted normalized observation in this collection pass. Raw documents may contain unextracted information.
REAL_001,land_acquisition,possession_date,0,missing_or_not_yet_verified,Evidence is scoped and dated; presence does not imply current project-wide or study-district completeness.,No accepted normalized observation in this collection pass. Raw documents may contain unextracted information.
REAL_001,land_acquisition,possession_percentage,0,missing_or_not_yet_verified,Evidence is scoped and dated; presence does not imply current project-wide or study-district completeness.,No accepted normalized observation in this collection pass. Raw documents may contain unextracted information.
REAL_001,land_acquisition,CALA,0,missing_or_not_yet_verified,Evidence is scoped and dated; presence does not imply current project-wide or study-district completeness.,No accepted normalized observation in this collection pass. Raw documents may contain unextracted information.
REAL_001,land_acquisition,acquisition_status,0,missing_or_not_yet_verified,Evidence is scoped and dated; presence does not imply current project-wide or study-district completeness.,No accepted normalized observation in this collection pass. Raw documents may contain unextracted information.
REAL_001,compensation,compensation_amount,0,missing_or_not_yet_verified,Evidence is scoped and dated; presence does not imply current project-wide or study-district completeness.,No accepted normalized observation in this collection pass. Raw documents may contain unextracted information.
REAL_001,compensation,compensation_awarded,0,missing_or_not_yet_verified,Evidence is scoped and dated; presence does not imply current project-wide or study-district completeness.,No accepted normalized observation in this collection pass. Raw documents may contain unextracted information.
REAL_001,compensation,compensation_paid,0,missing_or_not_yet_verified,Evidence is scoped and dated; presence does not imply current project-wide or study-district completeness.,No accepted normalized observation in this collection pass. Raw documents may contain unextracted information.
REAL_001,compensation,compensation_pending,0,missing_or_not_yet_verified,Evidence is scoped and dated; presence does not imply current project-wide or study-district completeness.,No accepted normalized observation in this collection pass. Raw documents may contain unextracted information.
REAL_001,compensation,payment_date,0,missing_or_not_yet_verified,Evidence is scoped and dated; presence does not imply current project-wide or study-district completeness.,No accepted normalized observation in this collection pass. Raw documents may contain unextracted information.
REAL_001,compensation,affected_families,0,missing_or_not_yet_verified,Evidence is scoped and dated; presence does not imply current project-wide or study-district completeness.,No accepted normalized observation in this collection pass. Raw documents may contain unextracted information.
REAL_001,compensation,landowners_count,0,missing_or_not_yet_verified,Evidence is scoped and dated; presence does not imply current project-wide or study-district completeness.,No accepted normalized observation in this collection pass. Raw documents may contain unextracted information.
REAL_001,compensation,payment_status,0,missing_or_not_yet_verified,Evidence is scoped and dated; presence does not imply current project-wide or study-district completeness.,No accepted normalized observation in this collection pass. Raw documents may contain unextracted information.
REAL_001,rr_social_impact,SIA_status,0,missing_or_not_yet_verified,Evidence is scoped and dated; presence does not imply current project-wide or study-district completeness.,No accepted normalized observation in this collection pass. Raw documents may contain unextracted information.
REAL_001,rr_social_impact,SIA_date,0,missing_or_not_yet_verified,Evidence is scoped and dated; presence does not imply current project-wide or study-district completeness.,No accepted normalized observation in this collection pass. Raw documents may contain unextracted information.
REAL_001,rr_social_impact,affected_families,0,missing_or_not_yet_verified,Evidence is scoped and dated; presence does not imply current project-wide or study-district completeness.,No accepted normalized observation in this collection pass. Raw documents may contain unextracted information.
REAL_001,rr_social_impact,RR_status,0,missing_or_not_yet_verified,Evidence is scoped and dated; presence does not imply current project-wide or study-district completeness.,No accepted normalized observation in this collection pass. Raw documents may contain unextracted information.
REAL_001,rr_social_impact,RR_progress,0,missing_or_not_yet_verified,Evidence is scoped and dated; presence does not imply current project-wide or study-district completeness.,No accepted normalized observation in this collection pass. Raw documents may contain unextracted information.
REAL_001,rr_social_impact,resettlement_sites,0,missing_or_not_yet_verified,Evidence is scoped and dated; presence does not imply current project-wide or study-district completeness.,No accepted normalized observation in this collection pass. Raw documents may contain unextracted information.
REAL_001,rr_social_impact,rehabilitation_status,0,missing_or_not_yet_verified,Evidence is scoped and dated; presence does not imply current project-wide or study-district completeness.,No accepted normalized observation in this collection pass. Raw documents may contain unextracted information.
REAL_001,legal,case_number,0,missing_or_not_yet_verified,Evidence is scoped and dated; presence does not imply current project-wide or study-district completeness.,No accepted normalized observation in this collection pass. Raw documents may contain unextracted information.
REAL_001,legal,court,0,missing_or_not_yet_verified,Evidence is scoped and dated; presence does not imply current project-wide or study-district completeness.,No accepted normalized observation in this collection pass. Raw documents may contain unextracted information.
REAL_001,legal,case_type,0,missing_or_not_yet_verified,Evidence is scoped and dated; presence does not imply current project-wide or study-district completeness.,No accepted normalized observation in this collection pass. Raw documents may contain unextracted information.
REAL_001,legal,filing_date,0,missing_or_not_yet_verified,Evidence is scoped and dated; presence does not imply current project-wide or study-district completeness.,No accepted normalized observation in this collection pass. Raw documents may contain unextracted information.
REAL_001,legal,case_status,0,missing_or_not_yet_verified,Evidence is scoped and dated; presence does not imply current project-wide or study-district completeness.,No accepted normalized observation in this collection pass. Raw documents may contain unextracted information.
REAL_001,legal,last_hearing_date,0,missing_or_not_yet_verified,Evidence is scoped and dated; presence does not imply current project-wide or study-district completeness.,No accepted normalized observation in this collection pass. Raw documents may contain unextracted information.
REAL_001,legal,legal_issue,0,missing_or_not_yet_verified,Evidence is scoped and dated; presence does not imply current project-wide or study-district completeness.,No accepted normalized observation in this collection pass. Raw documents may contain unextracted information.
REAL_001,legal,project_relation,0,missing_or_not_yet_verified,Evidence is scoped and dated; presence does not imply current project-wide or study-district completeness.,No accepted normalized observation in this collection pass. Raw documents may contain unextracted information.
REAL_001,approvals,approval_type,0,missing_or_not_yet_verified,Evidence is scoped and dated; presence does not imply current project-wide or study-district completeness.,No accepted normalized observation in this collection pass. Raw documents may contain unextracted information.
REAL_001,approvals,proposal_number,0,missing_or_not_yet_verified,Evidence is scoped and dated; presence does not imply current project-wide or study-district completeness.,No accepted normalized observation in this collection pass. Raw documents may contain unextracted information.
REAL_001,approvals,approval_number,0,missing_or_not_yet_verified,Evidence is scoped and dated; presence does not imply current project-wide or study-district completeness.,No accepted normalized observation in this collection pass. Raw documents may contain unextracted information.
REAL_001,approvals,approval_status,0,missing_or_not_yet_verified,Evidence is scoped and dated; presence does not imply current project-wide or study-district completeness.,No accepted normalized observation in this collection pass. Raw documents may contain unextracted information.
REAL_001,approvals,application_date,0,missing_or_not_yet_verified,Evidence is scoped and dated; presence does not imply current project-wide or study-district completeness.,No accepted normalized observation in this collection pass. Raw documents may contain unextracted information.
REAL_001,approvals,approval_date,0,missing_or_not_yet_verified,Evidence is scoped and dated; presence does not imply current project-wide or study-district completeness.,No accepted normalized observation in this collection pass. Raw documents may contain unextracted information.
REAL_001,approvals,expiry_date,0,missing_or_not_yet_verified,Evidence is scoped and dated; presence does not imply current project-wide or study-district completeness.,No accepted normalized observation in this collection pass. Raw documents may contain unextracted information.
REAL_001,climate,observation_date,7,partial_evidence_available,Evidence is scoped and dated; presence does not imply current project-wide or study-district completeness.,
REAL_001,climate,rainfall_mm,2,partial_evidence_available,Evidence is scoped and dated; presence does not imply current project-wide or study-district completeness.,
REAL_001,climate,temperature,0,missing_or_not_yet_verified,Evidence is scoped and dated; presence does not imply current project-wide or study-district completeness.,No accepted normalized observation in this collection pass. Raw documents may contain unextracted information.
REAL_001,climate,humidity,0,missing_or_not_yet_verified,Evidence is scoped and dated; presence does not imply current project-wide or study-district completeness.,No accepted normalized observation in this collection pass. Raw documents may contain unextracted information.
REAL_001,climate,weather_condition,0,missing_or_not_yet_verified,Evidence is scoped and dated; presence does not imply current project-wide or study-district completeness.,No accepted normalized observation in this collection pass. Raw documents may contain unextracted information.
REAL_001,climate,rainfall_category,2,partial_evidence_available,Evidence is scoped and dated; presence does not imply current project-wide or study-district completeness.,
REAL_001,climate,warning,0,missing_or_not_yet_verified,Evidence is scoped and dated; presence does not imply current project-wide or study-district completeness.,No accepted normalized observation in this collection pass. Raw documents may contain unextracted information.
REAL_001,climate,warning_date,0,missing_or_not_yet_verified,Evidence is scoped and dated; presence does not imply current project-wide or study-district completeness.,No accepted normalized observation in this collection pass. Raw documents may contain unextracted information.
REAL_001,terrain_landscape,elevation,0,missing_or_not_yet_verified,Evidence is scoped and dated; presence does not imply current project-wide or study-district completeness.,No accepted normalized observation in this collection pass. Raw documents may contain unextracted information.
REAL_001,terrain_landscape,slope,0,missing_or_not_yet_verified,Evidence is scoped and dated; presence does not imply current project-wide or study-district completeness.,No accepted normalized observation in this collection pass. Raw documents may contain unextracted information.
REAL_001,terrain_landscape,terrain_type,0,missing_or_not_yet_verified,Evidence is scoped and dated; presence does not imply current project-wide or study-district completeness.,No accepted normalized observation in this collection pass. Raw documents may contain unextracted information.
REAL_001,terrain_landscape,forest_intersection,0,missing_or_not_yet_verified,Evidence is scoped and dated; presence does not imply current project-wide or study-district completeness.,No accepted normalized observation in this collection pass. Raw documents may contain unextracted information.
REAL_001,terrain_landscape,waterbody_intersection,0,missing_or_not_yet_verified,Evidence is scoped and dated; presence does not imply current project-wide or study-district completeness.,No accepted normalized observation in this collection pass. Raw documents may contain unextracted information.
REAL_001,terrain_landscape,flood_risk,0,missing_or_not_yet_verified,Evidence is scoped and dated; presence does not imply current project-wide or study-district completeness.,No accepted normalized observation in this collection pass. Raw documents may contain unextracted information.
REAL_001,terrain_landscape,landslide_risk,0,missing_or_not_yet_verified,Evidence is scoped and dated; presence does not imply current project-wide or study-district completeness.,No accepted normalized observation in this collection pass. Raw documents may contain unextracted information.
REAL_001,terrain_landscape,access_constraint,0,missing_or_not_yet_verified,Evidence is scoped and dated; presence does not imply current project-wide or study-district completeness.,No accepted normalized observation in this collection pass. Raw documents may contain unextracted information.
REAL_001,barriers,barrier_type,0,missing_or_not_yet_verified,Evidence is scoped and dated; presence does not imply current project-wide or study-district completeness.,No accepted normalized observation in this collection pass. Raw documents may contain unextracted information.
REAL_001,barriers,barrier_description,0,missing_or_not_yet_verified,Evidence is scoped and dated; presence does not imply current project-wide or study-district completeness.,No accepted normalized observation in this collection pass. Raw documents may contain unextracted information.
REAL_001,barriers,severity,0,missing_or_not_yet_verified,Evidence is scoped and dated; presence does not imply current project-wide or study-district completeness.,No accepted normalized observation in this collection pass. Raw documents may contain unextracted information.
REAL_001,barriers,start_date,0,missing_or_not_yet_verified,Evidence is scoped and dated; presence does not imply current project-wide or study-district completeness.,No accepted normalized observation in this collection pass. Raw documents may contain unextracted information.
REAL_001,barriers,end_date,0,missing_or_not_yet_verified,Evidence is scoped and dated; presence does not imply current project-wide or study-district completeness.,No accepted normalized observation in this collection pass. Raw documents may contain unextracted information.
REAL_001,barriers,status,0,missing_or_not_yet_verified,Evidence is scoped and dated; presence does not imply current project-wide or study-district completeness.,No accepted normalized observation in this collection pass. Raw documents may contain unextracted information.
REAL_001,procurement_progress,tender_reference,0,missing_or_not_yet_verified,Evidence is scoped and dated; presence does not imply current project-wide or study-district completeness.,No accepted normalized observation in this collection pass. Raw documents may contain unextracted information.
REAL_001,procurement_progress,contractor_name,0,missing_or_not_yet_verified,Evidence is scoped and dated; presence does not imply current project-wide or study-district completeness.,No accepted normalized observation in this collection pass. Raw documents may contain unextracted information.
REAL_001,procurement_progress,contract_value,0,missing_or_not_yet_verified,Evidence is scoped and dated; presence does not imply current project-wide or study-district completeness.,No accepted normalized observation in this collection pass. Raw documents may contain unextracted information.
REAL_001,procurement_progress,physical_progress,1,partial_evidence_available,Evidence is scoped and dated; presence does not imply current project-wide or study-district completeness.,
REAL_001,procurement_progress,financial_progress,0,missing_or_not_yet_verified,Evidence is scoped and dated; presence does not imply current project-wide or study-district completeness.,No accepted normalized observation in this collection pass. Raw documents may contain unextracted information.
REAL_001,procurement_progress,construction_status,0,missing_or_not_yet_verified,Evidence is scoped and dated; presence does not imply current project-wide or study-district completeness.,No accepted normalized observation in this collection pass. Raw documents may contain unextracted information.
REAL_001,procurement_progress,completion_target,1,partial_evidence_available,Evidence is scoped and dated; presence does not imply current project-wide or study-district completeness.,
REAL_001,procurement_progress,delay,0,missing_or_not_yet_verified,Evidence is scoped and dated; presence does not imply current project-wide or study-district completeness.,No accepted normalized observation in this collection pass. Raw documents may contain unextracted information.
REAL_001,procurement_progress,EOT,0,missing_or_not_yet_verified,Evidence is scoped and dated; presence does not imply current project-wide or study-district completeness.,No accepted normalized observation in this collection pass. Raw documents may contain unextracted information.
REAL_001,procurement_progress,hindrance,0,missing_or_not_yet_verified,Evidence is scoped and dated; presence does not imply current project-wide or study-district completeness.,No accepted normalized observation in this collection pass. Raw documents may contain unextracted information.
REAL_002,identity,project_name,0,missing_or_not_yet_verified,Evidence is scoped and dated; presence does not imply current project-wide or study-district completeness.,No accepted normalized observation in this collection pass. Raw documents may contain unextracted information.
REAL_002,identity,authority,0,missing_or_not_yet_verified,Evidence is scoped and dated; presence does not imply current project-wide or study-district completeness.,No accepted normalized observation in this collection pass. Raw documents may contain unextracted information.
REAL_002,identity,project_number,0,missing_or_not_yet_verified,Evidence is scoped and dated; presence does not imply current project-wide or study-district completeness.,No accepted normalized observation in this collection pass. Raw documents may contain unextracted information.
REAL_002,identity,package_number,0,missing_or_not_yet_verified,Evidence is scoped and dated; presence does not imply current project-wide or study-district completeness.,No accepted normalized observation in this collection pass. Raw documents may contain unextracted information.
REAL_002,identity,state,4602,partial_evidence_available,Evidence is scoped and dated; presence does not imply current project-wide or study-district completeness.,
REAL_002,identity,district,4602,partial_evidence_available,Evidence is scoped and dated; presence does not imply current project-wide or study-district completeness.,
REAL_002,identity,tehsil,0,missing_or_not_yet_verified,Evidence is scoped and dated; presence does not imply current project-wide or study-district completeness.,No accepted normalized observation in this collection pass. Raw documents may contain unextracted information.
REAL_002,identity,village,0,missing_or_not_yet_verified,Evidence is scoped and dated; presence does not imply current project-wide or study-district completeness.,No accepted normalized observation in this collection pass. Raw documents may contain unextracted information.
REAL_002,identity,chainage_start,0,missing_or_not_yet_verified,Evidence is scoped and dated; presence does not imply current project-wide or study-district completeness.,No accepted normalized observation in this collection pass. Raw documents may contain unextracted information.
REAL_002,identity,chainage_end,0,missing_or_not_yet_verified,Evidence is scoped and dated; presence does not imply current project-wide or study-district completeness.,No accepted normalized observation in this collection pass. Raw documents may contain unextracted information.
REAL_002,identity,latitude,0,missing_or_not_yet_verified,Evidence is scoped and dated; presence does not imply current project-wide or study-district completeness.,No accepted normalized observation in this collection pass. Raw documents may contain unextracted information.
REAL_002,identity,longitude,0,missing_or_not_yet_verified,Evidence is scoped and dated; presence does not imply current project-wide or study-district completeness.,No accepted normalized observation in this collection pass. Raw documents may contain unextracted information.
REAL_002,land_acquisition,land_required_ha,383,partial_evidence_available,Evidence is scoped and dated; presence does not imply current project-wide or study-district completeness.,
REAL_002,land_acquisition,land_available_ha,0,missing_or_not_yet_verified,Evidence is scoped and dated; presence does not imply current project-wide or study-district completeness.,No accepted normalized observation in this collection pass. Raw documents may contain unextracted information.
REAL_002,land_acquisition,land_to_be_acquired_ha,0,missing_or_not_yet_verified,Evidence is scoped and dated; presence does not imply current project-wide or study-district completeness.,No accepted normalized observation in this collection pass. Raw documents may contain unextracted information.
REAL_002,land_acquisition,land_acquired_ha,383,partial_evidence_available,Evidence is scoped and dated; presence does not imply current project-wide or study-district completeness.,
REAL_002,land_acquisition,land_acquired_till_now_ha,0,missing_or_not_yet_verified,Evidence is scoped and dated; presence does not imply current project-wide or study-district completeness.,No accepted normalized observation in this collection pass. Raw documents may contain unextracted information.
REAL_002,land_acquisition,acquisition_progress_pct,383,partial_evidence_available,Evidence is scoped and dated; presence does not imply current project-wide or study-district completeness.,
REAL_002,land_acquisition,3A_notification_number,0,missing_or_not_yet_verified,Evidence is scoped and dated; presence does not imply current project-wide or study-district completeness.,No accepted normalized observation in this collection pass. Raw documents may contain unextracted information.
REAL_002,land_acquisition,3A_notification_date,0,missing_or_not_yet_verified,Evidence is scoped and dated; presence does not imply current project-wide or study-district completeness.,No accepted normalized observation in this collection pass. Raw documents may contain unextracted information.
REAL_002,land_acquisition,3D_notification_number,0,missing_or_not_yet_verified,Evidence is scoped and dated; presence does not imply current project-wide or study-district completeness.,No accepted normalized observation in this collection pass. Raw documents may contain unextracted information.
REAL_002,land_acquisition,3D_notification_date,0,missing_or_not_yet_verified,Evidence is scoped and dated; presence does not imply current project-wide or study-district completeness.,No accepted normalized observation in this collection pass. Raw documents may contain unextracted information.
REAL_002,land_acquisition,award_number,0,missing_or_not_yet_verified,Evidence is scoped and dated; presence does not imply current project-wide or study-district completeness.,No accepted normalized observation in this collection pass. Raw documents may contain unextracted information.
REAL_002,land_acquisition,award_date,0,missing_or_not_yet_verified,Evidence is scoped and dated; presence does not imply current project-wide or study-district completeness.,No accepted normalized observation in this collection pass. Raw documents may contain unextracted information.
REAL_002,land_acquisition,possession_date,0,missing_or_not_yet_verified,Evidence is scoped and dated; presence does not imply current project-wide or study-district completeness.,No accepted normalized observation in this collection pass. Raw documents may contain unextracted information.
REAL_002,land_acquisition,possession_percentage,0,missing_or_not_yet_verified,Evidence is scoped and dated; presence does not imply current project-wide or study-district completeness.,No accepted normalized observation in this collection pass. Raw documents may contain unextracted information.
REAL_002,land_acquisition,CALA,0,missing_or_not_yet_verified,Evidence is scoped and dated; presence does not imply current project-wide or study-district completeness.,No accepted normalized observation in this collection pass. Raw documents may contain unextracted information.
REAL_002,land_acquisition,acquisition_status,0,missing_or_not_yet_verified,Evidence is scoped and dated; presence does not imply current project-wide or study-district completeness.,No accepted normalized observation in this collection pass. Raw documents may contain unextracted information.
REAL_002,compensation,compensation_amount,0,missing_or_not_yet_verified,Evidence is scoped and dated; presence does not imply current project-wide or study-district completeness.,No accepted normalized observation in this collection pass. Raw documents may contain unextracted information.
REAL_002,compensation,compensation_awarded,0,missing_or_not_yet_verified,Evidence is scoped and dated; presence does not imply current project-wide or study-district completeness.,No accepted normalized observation in this collection pass. Raw documents may contain unextracted information.
REAL_002,compensation,compensation_paid,0,missing_or_not_yet_verified,Evidence is scoped and dated; presence does not imply current project-wide or study-district completeness.,No accepted normalized observation in this collection pass. Raw documents may contain unextracted information.
REAL_002,compensation,compensation_pending,0,missing_or_not_yet_verified,Evidence is scoped and dated; presence does not imply current project-wide or study-district completeness.,No accepted normalized observation in this collection pass. Raw documents may contain unextracted information.
REAL_002,compensation,payment_date,0,missing_or_not_yet_verified,Evidence is scoped and dated; presence does not imply current project-wide or study-district completeness.,No accepted normalized observation in this collection pass. Raw documents may contain unextracted information.
REAL_002,compensation,affected_families,0,missing_or_not_yet_verified,Evidence is scoped and dated; presence does not imply current project-wide or study-district completeness.,No accepted normalized observation in this collection pass. Raw documents may contain unextracted information.
REAL_002,compensation,landowners_count,0,missing_or_not_yet_verified,Evidence is scoped and dated; presence does not imply current project-wide or study-district completeness.,No accepted normalized observation in this collection pass. Raw documents may contain unextracted information.
REAL_002,compensation,payment_status,0,missing_or_not_yet_verified,Evidence is scoped and dated; presence does not imply current project-wide or study-district completeness.,No accepted normalized observation in this collection pass. Raw documents may contain unextracted information.
REAL_002,rr_social_impact,SIA_status,0,missing_or_not_yet_verified,Evidence is scoped and dated; presence does not imply current project-wide or study-district completeness.,No accepted normalized observation in this collection pass. Raw documents may contain unextracted information.
REAL_002,rr_social_impact,SIA_date,0,missing_or_not_yet_verified,Evidence is scoped and dated; presence does not imply current project-wide or study-district completeness.,No accepted normalized observation in this collection pass. Raw documents may contain unextracted information.
REAL_002,rr_social_impact,affected_families,0,missing_or_not_yet_verified,Evidence is scoped and dated; presence does not imply current project-wide or study-district completeness.,No accepted normalized observation in this collection pass. Raw documents may contain unextracted information.
REAL_002,rr_social_impact,RR_status,0,missing_or_not_yet_verified,Evidence is scoped and dated; presence does not imply current project-wide or study-district completeness.,No accepted normalized observation in this collection pass. Raw documents may contain unextracted information.
REAL_002,rr_social_impact,RR_progress,0,missing_or_not_yet_verified,Evidence is scoped and dated; presence does not imply current project-wide or study-district completeness.,No accepted normalized observation in this collection pass. Raw documents may contain unextracted information.
REAL_002,rr_social_impact,resettlement_sites,0,missing_or_not_yet_verified,Evidence is scoped and dated; presence does not imply current project-wide or study-district completeness.,No accepted normalized observation in this collection pass. Raw documents may contain unextracted information.
REAL_002,rr_social_impact,rehabilitation_status,0,missing_or_not_yet_verified,Evidence is scoped and dated; presence does not imply current project-wide or study-district completeness.,No accepted normalized observation in this collection pass. Raw documents may contain unextracted information.
REAL_002,legal,case_number,0,missing_or_not_yet_verified,Evidence is scoped and dated; presence does not imply current project-wide or study-district completeness.,No accepted normalized observation in this collection pass. Raw documents may contain unextracted information.
REAL_002,legal,court,0,missing_or_not_yet_verified,Evidence is scoped and dated; presence does not imply current project-wide or study-district completeness.,No accepted normalized observation in this collection pass. Raw documents may contain unextracted information.
REAL_002,legal,case_type,0,missing_or_not_yet_verified,Evidence is scoped and dated; presence does not imply current project-wide or study-district completeness.,No accepted normalized observation in this collection pass. Raw documents may contain unextracted information.
REAL_002,legal,filing_date,0,missing_or_not_yet_verified,Evidence is scoped and dated; presence does not imply current project-wide or study-district completeness.,No accepted normalized observation in this collection pass. Raw documents may contain unextracted information.
REAL_002,legal,case_status,0,missing_or_not_yet_verified,Evidence is scoped and dated; presence does not imply current project-wide or study-district completeness.,No accepted normalized observation in this collection pass. Raw documents may contain unextracted information.
REAL_002,legal,last_hearing_date,0,missing_or_not_yet_verified,Evidence is scoped and dated; presence does not imply current project-wide or study-district completeness.,No accepted normalized observation in this collection pass. Raw documents may contain unextracted information.
REAL_002,legal,legal_issue,0,missing_or_not_yet_verified,Evidence is scoped and dated; presence does not imply current project-wide or study-district completeness.,No accepted normalized observation in this collection pass. Raw documents may contain unextracted information.
REAL_002,legal,project_relation,0,missing_or_not_yet_verified,Evidence is scoped and dated; presence does not imply current project-wide or study-district completeness.,No accepted normalized observation in this collection pass. Raw documents may contain unextracted information.
REAL_002,approvals,approval_type,0,missing_or_not_yet_verified,Evidence is scoped and dated; presence does not imply current project-wide or study-district completeness.,No accepted normalized observation in this collection pass. Raw documents may contain unextracted information.
REAL_002,approvals,proposal_number,0,missing_or_not_yet_verified,Evidence is scoped and dated; presence does not imply current project-wide or study-district completeness.,No accepted normalized observation in this collection pass. Raw documents may contain unextracted information.
REAL_002,approvals,approval_number,0,missing_or_not_yet_verified,Evidence is scoped and dated; presence does not imply current project-wide or study-district completeness.,No accepted normalized observation in this collection pass. Raw documents may contain unextracted information.
REAL_002,approvals,approval_status,0,missing_or_not_yet_verified,Evidence is scoped and dated; presence does not imply current project-wide or study-district completeness.,No accepted normalized observation in this collection pass. Raw documents may contain unextracted information.
REAL_002,approvals,application_date,0,missing_or_not_yet_verified,Evidence is scoped and dated; presence does not imply current project-wide or study-district completeness.,No accepted normalized observation in this collection pass. Raw documents may contain unextracted information.
REAL_002,approvals,approval_date,0,missing_or_not_yet_verified,Evidence is scoped and dated; presence does not imply current project-wide or study-district completeness.,No accepted normalized observation in this collection pass. Raw documents may contain unextracted information.
REAL_002,approvals,expiry_date,0,missing_or_not_yet_verified,Evidence is scoped and dated; presence does not imply current project-wide or study-district completeness.,No accepted normalized observation in this collection pass. Raw documents may contain unextracted information.
REAL_002,climate,observation_date,4602,partial_evidence_available,Evidence is scoped and dated; presence does not imply current project-wide or study-district completeness.,
REAL_002,climate,rainfall_mm,2,partial_evidence_available,Evidence is scoped and dated; presence does not imply current project-wide or study-district completeness.,
REAL_002,climate,temperature,0,missing_or_not_yet_verified,Evidence is scoped and dated; presence does not imply current project-wide or study-district completeness.,No accepted normalized observation in this collection pass. Raw documents may contain unextracted information.
REAL_002,climate,humidity,0,missing_or_not_yet_verified,Evidence is scoped and dated; presence does not imply current project-wide or study-district completeness.,No accepted normalized observation in this collection pass. Raw documents may contain unextracted information.
REAL_002,climate,weather_condition,0,missing_or_not_yet_verified,Evidence is scoped and dated; presence does not imply current project-wide or study-district completeness.,No accepted normalized observation in this collection pass. Raw documents may contain unextracted information.
REAL_002,climate,rainfall_category,2,partial_evidence_available,Evidence is scoped and dated; presence does not imply current project-wide or study-district completeness.,
REAL_002,climate,warning,0,missing_or_not_yet_verified,Evidence is scoped and dated; presence does not imply current project-wide or study-district completeness.,No accepted normalized observation in this collection pass. Raw documents may contain unextracted information.
REAL_002,climate,warning_date,0,missing_or_not_yet_verified,Evidence is scoped and dated; presence does not imply current project-wide or study-district completeness.,No accepted normalized observation in this collection pass. Raw documents may contain unextracted information.
REAL_002,terrain_landscape,elevation,0,missing_or_not_yet_verified,Evidence is scoped and dated; presence does not imply current project-wide or study-district completeness.,No accepted normalized observation in this collection pass. Raw documents may contain unextracted information.
REAL_002,terrain_landscape,slope,0,missing_or_not_yet_verified,Evidence is scoped and dated; presence does not imply current project-wide or study-district completeness.,No accepted normalized observation in this collection pass. Raw documents may contain unextracted information.
REAL_002,terrain_landscape,terrain_type,0,missing_or_not_yet_verified,Evidence is scoped and dated; presence does not imply current project-wide or study-district completeness.,No accepted normalized observation in this collection pass. Raw documents may contain unextracted information.
REAL_002,terrain_landscape,forest_intersection,0,missing_or_not_yet_verified,Evidence is scoped and dated; presence does not imply current project-wide or study-district completeness.,No accepted normalized observation in this collection pass. Raw documents may contain unextracted information.
REAL_002,terrain_landscape,waterbody_intersection,0,missing_or_not_yet_verified,Evidence is scoped and dated; presence does not imply current project-wide or study-district completeness.,No accepted normalized observation in this collection pass. Raw documents may contain unextracted information.
REAL_002,terrain_landscape,flood_risk,0,missing_or_not_yet_verified,Evidence is scoped and dated; presence does not imply current project-wide or study-district completeness.,No accepted normalized observation in this collection pass. Raw documents may contain unextracted information.
REAL_002,terrain_landscape,landslide_risk,0,missing_or_not_yet_verified,Evidence is scoped and dated; presence does not imply current project-wide or study-district completeness.,No accepted normalized observation in this collection pass. Raw documents may contain unextracted information.
REAL_002,terrain_landscape,access_constraint,0,missing_or_not_yet_verified,Evidence is scoped and dated; presence does not imply current project-wide or study-district completeness.,No accepted normalized observation in this collection pass. Raw documents may contain unextracted information.
REAL_002,barriers,barrier_type,0,missing_or_not_yet_verified,Evidence is scoped and dated; presence does not imply current project-wide or study-district completeness.,No accepted normalized observation in this collection pass. Raw documents may contain unextracted information.
REAL_002,barriers,barrier_description,0,missing_or_not_yet_verified,Evidence is scoped and dated; presence does not imply current project-wide or study-district completeness.,No accepted normalized observation in this collection pass. Raw documents may contain unextracted information.
REAL_002,barriers,severity,0,missing_or_not_yet_verified,Evidence is scoped and dated; presence does not imply current project-wide or study-district completeness.,No accepted normalized observation in this collection pass. Raw documents may contain unextracted information.
REAL_002,barriers,start_date,0,missing_or_not_yet_verified,Evidence is scoped and dated; presence does not imply current project-wide or study-district completeness.,No accepted normalized observation in this collection pass. Raw documents may contain unextracted information.
REAL_002,barriers,end_date,0,missing_or_not_yet_verified,Evidence is scoped and dated; presence does not imply current project-wide or study-district completeness.,No accepted normalized observation in this collection pass. Raw documents may contain unextracted information.
REAL_002,barriers,status,0,missing_or_not_yet_verified,Evidence is scoped and dated; presence does not imply current project-wide or study-district completeness.,No accepted normalized observation in this collection pass. Raw documents may contain unextracted information.
REAL_002,procurement_progress,tender_reference,0,missing_or_not_yet_verified,Evidence is scoped and dated; presence does not imply current project-wide or study-district completeness.,No accepted normalized observation in this collection pass. Raw documents may contain unextracted information.
REAL_002,procurement_progress,contractor_name,0,missing_or_not_yet_verified,Evidence is scoped and dated; presence does not imply current project-wide or study-district completeness.,No accepted normalized observation in this collection pass. Raw documents may contain unextracted information.
REAL_002,procurement_progress,contract_value,0,missing_or_not_yet_verified,Evidence is scoped and dated; presence does not imply current project-wide or study-district completeness.,No accepted normalized observation in this collection pass. Raw documents may contain unextracted information.
REAL_002,procurement_progress,physical_progress,0,missing_or_not_yet_verified,Evidence is scoped and dated; presence does not imply current project-wide or study-district completeness.,No accepted normalized observation in this collection pass. Raw documents may contain unextracted information.
REAL_002,procurement_progress,financial_progress,0,missing_or_not_yet_verified,Evidence is scoped and dated; presence does not imply current project-wide or study-district completeness.,No accepted normalized observation in this collection pass. Raw documents may contain unextracted information.
REAL_002,procurement_progress,construction_status,0,missing_or_not_yet_verified,Evidence is scoped and dated; presence does not imply current project-wide or study-district completeness.,No accepted normalized observation in this collection pass. Raw documents may contain unextracted information.
REAL_002,procurement_progress,completion_target,0,missing_or_not_yet_verified,Evidence is scoped and dated; presence does not imply current project-wide or study-district completeness.,No accepted normalized observation in this collection pass. Raw documents may contain unextracted information.
REAL_002,procurement_progress,delay,0,missing_or_not_yet_verified,Evidence is scoped and dated; presence does not imply current project-wide or study-district completeness.,No accepted normalized observation in this collection pass. Raw documents may contain unextracted information.
REAL_002,procurement_progress,EOT,0,missing_or_not_yet_verified,Evidence is scoped and dated; presence does not imply current project-wide or study-district completeness.,No accepted normalized observation in this collection pass. Raw documents may contain unextracted information.
REAL_002,procurement_progress,hindrance,0,missing_or_not_yet_verified,Evidence is scoped and dated; presence does not imply current project-wide or study-district completeness.,No accepted normalized observation in this collection pass. Raw documents may contain unextracted information.
REAL_003,identity,project_name,0,missing_or_not_yet_verified,Evidence is scoped and dated; presence does not imply current project-wide or study-district completeness.,No accepted normalized observation in this collection pass. Raw documents may contain unextracted information.
REAL_003,identity,authority,0,missing_or_not_yet_verified,Evidence is scoped and dated; presence does not imply current project-wide or study-district completeness.,No accepted normalized observation in this collection pass. Raw documents may contain unextracted information.
REAL_003,identity,project_number,0,missing_or_not_yet_verified,Evidence is scoped and dated; presence does not imply current project-wide or study-district completeness.,No accepted normalized observation in this collection pass. Raw documents may contain unextracted information.
REAL_003,identity,package_number,0,missing_or_not_yet_verified,Evidence is scoped and dated; presence does not imply current project-wide or study-district completeness.,No accepted normalized observation in this collection pass. Raw documents may contain unextracted information.
REAL_003,identity,state,7,partial_evidence_available,Evidence is scoped and dated; presence does not imply current project-wide or study-district completeness.,
REAL_003,identity,district,6,partial_evidence_available,Evidence is scoped and dated; presence does not imply current project-wide or study-district completeness.,
REAL_003,identity,tehsil,0,missing_or_not_yet_verified,Evidence is scoped and dated; presence does not imply current project-wide or study-district completeness.,No accepted normalized observation in this collection pass. Raw documents may contain unextracted information.
REAL_003,identity,village,0,missing_or_not_yet_verified,Evidence is scoped and dated; presence does not imply current project-wide or study-district completeness.,No accepted normalized observation in this collection pass. Raw documents may contain unextracted information.
REAL_003,identity,chainage_start,0,missing_or_not_yet_verified,Evidence is scoped and dated; presence does not imply current project-wide or study-district completeness.,No accepted normalized observation in this collection pass. Raw documents may contain unextracted information.
REAL_003,identity,chainage_end,0,missing_or_not_yet_verified,Evidence is scoped and dated; presence does not imply current project-wide or study-district completeness.,No accepted normalized observation in this collection pass. Raw documents may contain unextracted information.
REAL_003,identity,latitude,0,missing_or_not_yet_verified,Evidence is scoped and dated; presence does not imply current project-wide or study-district completeness.,No accepted normalized observation in this collection pass. Raw documents may contain unextracted information.
REAL_003,identity,longitude,0,missing_or_not_yet_verified,Evidence is scoped and dated; presence does not imply current project-wide or study-district completeness.,No accepted normalized observation in this collection pass. Raw documents may contain unextracted information.
REAL_003,land_acquisition,land_required_ha,0,missing_or_not_yet_verified,Evidence is scoped and dated; presence does not imply current project-wide or study-district completeness.,No accepted normalized observation in this collection pass. Raw documents may contain unextracted information.
REAL_003,land_acquisition,land_available_ha,0,missing_or_not_yet_verified,Evidence is scoped and dated; presence does not imply current project-wide or study-district completeness.,No accepted normalized observation in this collection pass. Raw documents may contain unextracted information.
REAL_003,land_acquisition,land_to_be_acquired_ha,0,missing_or_not_yet_verified,Evidence is scoped and dated; presence does not imply current project-wide or study-district completeness.,No accepted normalized observation in this collection pass. Raw documents may contain unextracted information.
REAL_003,land_acquisition,land_acquired_ha,0,missing_or_not_yet_verified,Evidence is scoped and dated; presence does not imply current project-wide or study-district completeness.,No accepted normalized observation in this collection pass. Raw documents may contain unextracted information.
REAL_003,land_acquisition,land_acquired_till_now_ha,0,missing_or_not_yet_verified,Evidence is scoped and dated; presence does not imply current project-wide or study-district completeness.,No accepted normalized observation in this collection pass. Raw documents may contain unextracted information.
REAL_003,land_acquisition,acquisition_progress_pct,0,missing_or_not_yet_verified,Evidence is scoped and dated; presence does not imply current project-wide or study-district completeness.,No accepted normalized observation in this collection pass. Raw documents may contain unextracted information.
REAL_003,land_acquisition,3A_notification_number,0,missing_or_not_yet_verified,Evidence is scoped and dated; presence does not imply current project-wide or study-district completeness.,No accepted normalized observation in this collection pass. Raw documents may contain unextracted information.
REAL_003,land_acquisition,3A_notification_date,0,missing_or_not_yet_verified,Evidence is scoped and dated; presence does not imply current project-wide or study-district completeness.,No accepted normalized observation in this collection pass. Raw documents may contain unextracted information.
REAL_003,land_acquisition,3D_notification_number,0,missing_or_not_yet_verified,Evidence is scoped and dated; presence does not imply current project-wide or study-district completeness.,No accepted normalized observation in this collection pass. Raw documents may contain unextracted information.
REAL_003,land_acquisition,3D_notification_date,0,missing_or_not_yet_verified,Evidence is scoped and dated; presence does not imply current project-wide or study-district completeness.,No accepted normalized observation in this collection pass. Raw documents may contain unextracted information.
REAL_003,land_acquisition,award_number,0,missing_or_not_yet_verified,Evidence is scoped and dated; presence does not imply current project-wide or study-district completeness.,No accepted normalized observation in this collection pass. Raw documents may contain unextracted information.
REAL_003,land_acquisition,award_date,0,missing_or_not_yet_verified,Evidence is scoped and dated; presence does not imply current project-wide or study-district completeness.,No accepted normalized observation in this collection pass. Raw documents may contain unextracted information.
REAL_003,land_acquisition,possession_date,0,missing_or_not_yet_verified,Evidence is scoped and dated; presence does not imply current project-wide or study-district completeness.,No accepted normalized observation in this collection pass. Raw documents may contain unextracted information.
REAL_003,land_acquisition,possession_percentage,0,missing_or_not_yet_verified,Evidence is scoped and dated; presence does not imply current project-wide or study-district completeness.,No accepted normalized observation in this collection pass. Raw documents may contain unextracted information.
REAL_003,land_acquisition,CALA,0,missing_or_not_yet_verified,Evidence is scoped and dated; presence does not imply current project-wide or study-district completeness.,No accepted normalized observation in this collection pass. Raw documents may contain unextracted information.
REAL_003,land_acquisition,acquisition_status,0,missing_or_not_yet_verified,Evidence is scoped and dated; presence does not imply current project-wide or study-district completeness.,No accepted normalized observation in this collection pass. Raw documents may contain unextracted information.
REAL_003,compensation,compensation_amount,0,missing_or_not_yet_verified,Evidence is scoped and dated; presence does not imply current project-wide or study-district completeness.,No accepted normalized observation in this collection pass. Raw documents may contain unextracted information.
REAL_003,compensation,compensation_awarded,0,missing_or_not_yet_verified,Evidence is scoped and dated; presence does not imply current project-wide or study-district completeness.,No accepted normalized observation in this collection pass. Raw documents may contain unextracted information.
REAL_003,compensation,compensation_paid,0,missing_or_not_yet_verified,Evidence is scoped and dated; presence does not imply current project-wide or study-district completeness.,No accepted normalized observation in this collection pass. Raw documents may contain unextracted information.
REAL_003,compensation,compensation_pending,0,missing_or_not_yet_verified,Evidence is scoped and dated; presence does not imply current project-wide or study-district completeness.,No accepted normalized observation in this collection pass. Raw documents may contain unextracted information.
REAL_003,compensation,payment_date,0,missing_or_not_yet_verified,Evidence is scoped and dated; presence does not imply current project-wide or study-district completeness.,No accepted normalized observation in this collection pass. Raw documents may contain unextracted information.
REAL_003,compensation,affected_families,0,missing_or_not_yet_verified,Evidence is scoped and dated; presence does not imply current project-wide or study-district completeness.,No accepted normalized observation in this collection pass. Raw documents may contain unextracted information.
REAL_003,compensation,landowners_count,0,missing_or_not_yet_verified,Evidence is scoped and dated; presence does not imply current project-wide or study-district completeness.,No accepted normalized observation in this collection pass. Raw documents may contain unextracted information.
REAL_003,compensation,payment_status,0,missing_or_not_yet_verified,Evidence is scoped and dated; presence does not imply current project-wide or study-district completeness.,No accepted normalized observation in this collection pass. Raw documents may contain unextracted information.
REAL_003,rr_social_impact,SIA_status,0,missing_or_not_yet_verified,Evidence is scoped and dated; presence does not imply current project-wide or study-district completeness.,No accepted normalized observation in this collection pass. Raw documents may contain unextracted information.
REAL_003,rr_social_impact,SIA_date,0,missing_or_not_yet_verified,Evidence is scoped and dated; presence does not imply current project-wide or study-district completeness.,No accepted normalized observation in this collection pass. Raw documents may contain unextracted information.
REAL_003,rr_social_impact,affected_families,0,missing_or_not_yet_verified,Evidence is scoped and dated; presence does not imply current project-wide or study-district completeness.,No accepted normalized observation in this collection pass. Raw documents may contain unextracted information.
REAL_003,rr_social_impact,RR_status,0,missing_or_not_yet_verified,Evidence is scoped and dated; presence does not imply current project-wide or study-district completeness.,No accepted normalized observation in this collection pass. Raw documents may contain unextracted information.
REAL_003,rr_social_impact,RR_progress,0,missing_or_not_yet_verified,Evidence is scoped and dated; presence does not imply current project-wide or study-district completeness.,No accepted normalized observation in this collection pass. Raw documents may contain unextracted information.
REAL_003,rr_social_impact,resettlement_sites,0,missing_or_not_yet_verified,Evidence is scoped and dated; presence does not imply current project-wide or study-district completeness.,No accepted normalized observation in this collection pass. Raw documents may contain unextracted information.
REAL_003,rr_social_impact,rehabilitation_status,0,missing_or_not_yet_verified,Evidence is scoped and dated; presence does not imply current project-wide or study-district completeness.,No accepted normalized observation in this collection pass. Raw documents may contain unextracted information.
REAL_003,legal,case_number,4,partial_evidence_available,Evidence is scoped and dated; presence does not imply current project-wide or study-district completeness.,
REAL_003,legal,court,1,partial_evidence_available,Evidence is scoped and dated; presence does not imply current project-wide or study-district completeness.,
REAL_003,legal,case_type,0,missing_or_not_yet_verified,Evidence is scoped and dated; presence does not imply current project-wide or study-district completeness.,No accepted normalized observation in this collection pass. Raw documents may contain unextracted information.
REAL_003,legal,filing_date,0,missing_or_not_yet_verified,Evidence is scoped and dated; presence does not imply current project-wide or study-district completeness.,No accepted normalized observation in this collection pass. Raw documents may contain unextracted information.
REAL_003,legal,case_status,1,partial_evidence_available,Evidence is scoped and dated; presence does not imply current project-wide or study-district completeness.,
REAL_003,legal,last_hearing_date,0,missing_or_not_yet_verified,Evidence is scoped and dated; presence does not imply current project-wide or study-district completeness.,No accepted normalized observation in this collection pass. Raw documents may contain unextracted information.
REAL_003,legal,legal_issue,0,missing_or_not_yet_verified,Evidence is scoped and dated; presence does not imply current project-wide or study-district completeness.,No accepted normalized observation in this collection pass. Raw documents may contain unextracted information.
REAL_003,legal,project_relation,0,missing_or_not_yet_verified,Evidence is scoped and dated; presence does not imply current project-wide or study-district completeness.,No accepted normalized observation in this collection pass. Raw documents may contain unextracted information.
REAL_003,approvals,approval_type,0,missing_or_not_yet_verified,Evidence is scoped and dated; presence does not imply current project-wide or study-district completeness.,No accepted normalized observation in this collection pass. Raw documents may contain unextracted information.
REAL_003,approvals,proposal_number,0,missing_or_not_yet_verified,Evidence is scoped and dated; presence does not imply current project-wide or study-district completeness.,No accepted normalized observation in this collection pass. Raw documents may contain unextracted information.
REAL_003,approvals,approval_number,0,missing_or_not_yet_verified,Evidence is scoped and dated; presence does not imply current project-wide or study-district completeness.,No accepted normalized observation in this collection pass. Raw documents may contain unextracted information.
REAL_003,approvals,approval_status,0,missing_or_not_yet_verified,Evidence is scoped and dated; presence does not imply current project-wide or study-district completeness.,No accepted normalized observation in this collection pass. Raw documents may contain unextracted information.
REAL_003,approvals,application_date,0,missing_or_not_yet_verified,Evidence is scoped and dated; presence does not imply current project-wide or study-district completeness.,No accepted normalized observation in this collection pass. Raw documents may contain unextracted information.
REAL_003,approvals,approval_date,0,missing_or_not_yet_verified,Evidence is scoped and dated; presence does not imply current project-wide or study-district completeness.,No accepted normalized observation in this collection pass. Raw documents may contain unextracted information.
REAL_003,approvals,expiry_date,0,missing_or_not_yet_verified,Evidence is scoped and dated; presence does not imply current project-wide or study-district completeness.,No accepted normalized observation in this collection pass. Raw documents may contain unextracted information.
REAL_003,climate,observation_date,11,partial_evidence_available,Evidence is scoped and dated; presence does not imply current project-wide or study-district completeness.,
REAL_003,climate,rainfall_mm,2,partial_evidence_available,Evidence is scoped and dated; presence does not imply current project-wide or study-district completeness.,
REAL_003,climate,temperature,0,missing_or_not_yet_verified,Evidence is scoped and dated; presence does not imply current project-wide or study-district completeness.,No accepted normalized observation in this collection pass. Raw documents may contain unextracted information.
REAL_003,climate,humidity,0,missing_or_not_yet_verified,Evidence is scoped and dated; presence does not imply current project-wide or study-district completeness.,No accepted normalized observation in this collection pass. Raw documents may contain unextracted information.
REAL_003,climate,weather_condition,0,missing_or_not_yet_verified,Evidence is scoped and dated; presence does not imply current project-wide or study-district completeness.,No accepted normalized observation in this collection pass. Raw documents may contain unextracted information.
REAL_003,climate,rainfall_category,2,partial_evidence_available,Evidence is scoped and dated; presence does not imply current project-wide or study-district completeness.,
REAL_003,climate,warning,0,missing_or_not_yet_verified,Evidence is scoped and dated; presence does not imply current project-wide or study-district completeness.,No accepted normalized observation in this collection pass. Raw documents may contain unextracted information.
REAL_003,climate,warning_date,0,missing_or_not_yet_verified,Evidence is scoped and dated; presence does not imply current project-wide or study-district completeness.,No accepted normalized observation in this collection pass. Raw documents may contain unextracted information.
REAL_003,terrain_landscape,elevation,0,missing_or_not_yet_verified,Evidence is scoped and dated; presence does not imply current project-wide or study-district completeness.,No accepted normalized observation in this collection pass. Raw documents may contain unextracted information.
REAL_003,terrain_landscape,slope,0,missing_or_not_yet_verified,Evidence is scoped and dated; presence does not imply current project-wide or study-district completeness.,No accepted normalized observation in this collection pass. Raw documents may contain unextracted information.
REAL_003,terrain_landscape,terrain_type,0,missing_or_not_yet_verified,Evidence is scoped and dated; presence does not imply current project-wide or study-district completeness.,No accepted normalized observation in this collection pass. Raw documents may contain unextracted information.
REAL_003,terrain_landscape,forest_intersection,0,missing_or_not_yet_verified,Evidence is scoped and dated; presence does not imply current project-wide or study-district completeness.,No accepted normalized observation in this collection pass. Raw documents may contain unextracted information.
REAL_003,terrain_landscape,waterbody_intersection,0,missing_or_not_yet_verified,Evidence is scoped and dated; presence does not imply current project-wide or study-district completeness.,No accepted normalized observation in this collection pass. Raw documents may contain unextracted information.
REAL_003,terrain_landscape,flood_risk,0,missing_or_not_yet_verified,Evidence is scoped and dated; presence does not imply current project-wide or study-district completeness.,No accepted normalized observation in this collection pass. Raw documents may contain unextracted information.
REAL_003,terrain_landscape,landslide_risk,0,missing_or_not_yet_verified,Evidence is scoped and dated; presence does not imply current project-wide or study-district completeness.,No accepted normalized observation in this collection pass. Raw documents may contain unextracted information.
REAL_003,terrain_landscape,access_constraint,0,missing_or_not_yet_verified,Evidence is scoped and dated; presence does not imply current project-wide or study-district completeness.,No accepted normalized observation in this collection pass. Raw documents may contain unextracted information.
REAL_003,barriers,barrier_type,0,missing_or_not_yet_verified,Evidence is scoped and dated; presence does not imply current project-wide or study-district completeness.,No accepted normalized observation in this collection pass. Raw documents may contain unextracted information.
REAL_003,barriers,barrier_description,1,partial_evidence_available,Evidence is scoped and dated; presence does not imply current project-wide or study-district completeness.,
REAL_003,barriers,severity,0,missing_or_not_yet_verified,Evidence is scoped and dated; presence does not imply current project-wide or study-district completeness.,No accepted normalized observation in this collection pass. Raw documents may contain unextracted information.
REAL_003,barriers,start_date,0,missing_or_not_yet_verified,Evidence is scoped and dated; presence does not imply current project-wide or study-district completeness.,No accepted normalized observation in this collection pass. Raw documents may contain unextracted information.
REAL_003,barriers,end_date,0,missing_or_not_yet_verified,Evidence is scoped and dated; presence does not imply current project-wide or study-district completeness.,No accepted normalized observation in this collection pass. Raw documents may contain unextracted information.
REAL_003,barriers,status,0,missing_or_not_yet_verified,Evidence is scoped and dated; presence does not imply current project-wide or study-district completeness.,No accepted normalized observation in this collection pass. Raw documents may contain unextracted information.
REAL_003,procurement_progress,tender_reference,0,missing_or_not_yet_verified,Evidence is scoped and dated; presence does not imply current project-wide or study-district completeness.,No accepted normalized observation in this collection pass. Raw documents may contain unextracted information.
REAL_003,procurement_progress,contractor_name,0,missing_or_not_yet_verified,Evidence is scoped and dated; presence does not imply current project-wide or study-district completeness.,No accepted normalized observation in this collection pass. Raw documents may contain unextracted information.
REAL_003,procurement_progress,contract_value,0,missing_or_not_yet_verified,Evidence is scoped and dated; presence does not imply current project-wide or study-district completeness.,No accepted normalized observation in this collection pass. Raw documents may contain unextracted information.
REAL_003,procurement_progress,physical_progress,0,missing_or_not_yet_verified,Evidence is scoped and dated; presence does not imply current project-wide or study-district completeness.,No accepted normalized observation in this collection pass. Raw documents may contain unextracted information.
REAL_003,procurement_progress,financial_progress,0,missing_or_not_yet_verified,Evidence is scoped and dated; presence does not imply current project-wide or study-district completeness.,No accepted normalized observation in this collection pass. Raw documents may contain unextracted information.
REAL_003,procurement_progress,construction_status,0,missing_or_not_yet_verified,Evidence is scoped and dated; presence does not imply current project-wide or study-district completeness.,No accepted normalized observation in this collection pass. Raw documents may contain unextracted information.
REAL_003,procurement_progress,completion_target,0,missing_or_not_yet_verified,Evidence is scoped and dated; presence does not imply current project-wide or study-district completeness.,No accepted normalized observation in this collection pass. Raw documents may contain unextracted information.
REAL_003,procurement_progress,delay,0,missing_or_not_yet_verified,Evidence is scoped and dated; presence does not imply current project-wide or study-district completeness.,No accepted normalized observation in this collection pass. Raw documents may contain unextracted information.
REAL_003,procurement_progress,EOT,0,missing_or_not_yet_verified,Evidence is scoped and dated; presence does not imply current project-wide or study-district completeness.,No accepted normalized observation in this collection pass. Raw documents may contain unextracted information.
REAL_003,procurement_progress,hindrance,0,missing_or_not_yet_verified,Evidence is scoped and dated; presence does not imply current project-wide or study-district completeness.,No accepted normalized observation in this collection pass. Raw documents may contain unextracted information.
REAL_004,identity,project_name,0,missing_or_not_yet_verified,Evidence is scoped and dated; presence does not imply current project-wide or study-district completeness.,No accepted normalized observation in this collection pass. Raw documents may contain unextracted information.
REAL_004,identity,authority,0,missing_or_not_yet_verified,Evidence is scoped and dated; presence does not imply current project-wide or study-district completeness.,No accepted normalized observation in this collection pass. Raw documents may contain unextracted information.
REAL_004,identity,project_number,0,missing_or_not_yet_verified,Evidence is scoped and dated; presence does not imply current project-wide or study-district completeness.,No accepted normalized observation in this collection pass. Raw documents may contain unextracted information.
REAL_004,identity,package_number,0,missing_or_not_yet_verified,Evidence is scoped and dated; presence does not imply current project-wide or study-district completeness.,No accepted normalized observation in this collection pass. Raw documents may contain unextracted information.
REAL_004,identity,state,12,partial_evidence_available,Evidence is scoped and dated; presence does not imply current project-wide or study-district completeness.,
REAL_004,identity,district,12,partial_evidence_available,Evidence is scoped and dated; presence does not imply current project-wide or study-district completeness.,
REAL_004,identity,tehsil,0,missing_or_not_yet_verified,Evidence is scoped and dated; presence does not imply current project-wide or study-district completeness.,No accepted normalized observation in this collection pass. Raw documents may contain unextracted information.
REAL_004,identity,village,0,missing_or_not_yet_verified,Evidence is scoped and dated; presence does not imply current project-wide or study-district completeness.,No accepted normalized observation in this collection pass. Raw documents may contain unextracted information.
REAL_004,identity,chainage_start,0,missing_or_not_yet_verified,Evidence is scoped and dated; presence does not imply current project-wide or study-district completeness.,No accepted normalized observation in this collection pass. Raw documents may contain unextracted information.
REAL_004,identity,chainage_end,0,missing_or_not_yet_verified,Evidence is scoped and dated; presence does not imply current project-wide or study-district completeness.,No accepted normalized observation in this collection pass. Raw documents may contain unextracted information.
REAL_004,identity,latitude,0,missing_or_not_yet_verified,Evidence is scoped and dated; presence does not imply current project-wide or study-district completeness.,No accepted normalized observation in this collection pass. Raw documents may contain unextracted information.
REAL_004,identity,longitude,0,missing_or_not_yet_verified,Evidence is scoped and dated; presence does not imply current project-wide or study-district completeness.,No accepted normalized observation in this collection pass. Raw documents may contain unextracted information.
REAL_004,land_acquisition,land_required_ha,1,partial_evidence_available,Evidence is scoped and dated; presence does not imply current project-wide or study-district completeness.,
REAL_004,land_acquisition,land_available_ha,0,missing_or_not_yet_verified,Evidence is scoped and dated; presence does not imply current project-wide or study-district completeness.,No accepted normalized observation in this collection pass. Raw documents may contain unextracted information.
REAL_004,land_acquisition,land_to_be_acquired_ha,0,missing_or_not_yet_verified,Evidence is scoped and dated; presence does not imply current project-wide or study-district completeness.,No accepted normalized observation in this collection pass. Raw documents may contain unextracted information.
REAL_004,land_acquisition,land_acquired_ha,1,partial_evidence_available,Evidence is scoped and dated; presence does not imply current project-wide or study-district completeness.,
REAL_004,land_acquisition,land_acquired_till_now_ha,0,missing_or_not_yet_verified,Evidence is scoped and dated; presence does not imply current project-wide or study-district completeness.,No accepted normalized observation in this collection pass. Raw documents may contain unextracted information.
REAL_004,land_acquisition,acquisition_progress_pct,0,missing_or_not_yet_verified,Evidence is scoped and dated; presence does not imply current project-wide or study-district completeness.,No accepted normalized observation in this collection pass. Raw documents may contain unextracted information.
REAL_004,land_acquisition,3A_notification_number,0,missing_or_not_yet_verified,Evidence is scoped and dated; presence does not imply current project-wide or study-district completeness.,No accepted normalized observation in this collection pass. Raw documents may contain unextracted information.
REAL_004,land_acquisition,3A_notification_date,0,missing_or_not_yet_verified,Evidence is scoped and dated; presence does not imply current project-wide or study-district completeness.,No accepted normalized observation in this collection pass. Raw documents may contain unextracted information.
REAL_004,land_acquisition,3D_notification_number,0,missing_or_not_yet_verified,Evidence is scoped and dated; presence does not imply current project-wide or study-district completeness.,No accepted normalized observation in this collection pass. Raw documents may contain unextracted information.
REAL_004,land_acquisition,3D_notification_date,0,missing_or_not_yet_verified,Evidence is scoped and dated; presence does not imply current project-wide or study-district completeness.,No accepted normalized observation in this collection pass. Raw documents may contain unextracted information.
REAL_004,land_acquisition,award_number,0,missing_or_not_yet_verified,Evidence is scoped and dated; presence does not imply current project-wide or study-district completeness.,No accepted normalized observation in this collection pass. Raw documents may contain unextracted information.
REAL_004,land_acquisition,award_date,0,missing_or_not_yet_verified,Evidence is scoped and dated; presence does not imply current project-wide or study-district completeness.,No accepted normalized observation in this collection pass. Raw documents may contain unextracted information.
REAL_004,land_acquisition,possession_date,0,missing_or_not_yet_verified,Evidence is scoped and dated; presence does not imply current project-wide or study-district completeness.,No accepted normalized observation in this collection pass. Raw documents may contain unextracted information.
REAL_004,land_acquisition,possession_percentage,0,missing_or_not_yet_verified,Evidence is scoped and dated; presence does not imply current project-wide or study-district completeness.,No accepted normalized observation in this collection pass. Raw documents may contain unextracted information.
REAL_004,land_acquisition,CALA,0,missing_or_not_yet_verified,Evidence is scoped and dated; presence does not imply current project-wide or study-district completeness.,No accepted normalized observation in this collection pass. Raw documents may contain unextracted information.
REAL_004,land_acquisition,acquisition_status,0,missing_or_not_yet_verified,Evidence is scoped and dated; presence does not imply current project-wide or study-district completeness.,No accepted normalized observation in this collection pass. Raw documents may contain unextracted information.
REAL_004,compensation,compensation_amount,0,missing_or_not_yet_verified,Evidence is scoped and dated; presence does not imply current project-wide or study-district completeness.,No accepted normalized observation in this collection pass. Raw documents may contain unextracted information.
REAL_004,compensation,compensation_awarded,0,missing_or_not_yet_verified,Evidence is scoped and dated; presence does not imply current project-wide or study-district completeness.,No accepted normalized observation in this collection pass. Raw documents may contain unextracted information.
REAL_004,compensation,compensation_paid,0,missing_or_not_yet_verified,Evidence is scoped and dated; presence does not imply current project-wide or study-district completeness.,No accepted normalized observation in this collection pass. Raw documents may contain unextracted information.
REAL_004,compensation,compensation_pending,0,missing_or_not_yet_verified,Evidence is scoped and dated; presence does not imply current project-wide or study-district completeness.,No accepted normalized observation in this collection pass. Raw documents may contain unextracted information.
REAL_004,compensation,payment_date,0,missing_or_not_yet_verified,Evidence is scoped and dated; presence does not imply current project-wide or study-district completeness.,No accepted normalized observation in this collection pass. Raw documents may contain unextracted information.
REAL_004,compensation,affected_families,0,missing_or_not_yet_verified,Evidence is scoped and dated; presence does not imply current project-wide or study-district completeness.,No accepted normalized observation in this collection pass. Raw documents may contain unextracted information.
REAL_004,compensation,landowners_count,0,missing_or_not_yet_verified,Evidence is scoped and dated; presence does not imply current project-wide or study-district completeness.,No accepted normalized observation in this collection pass. Raw documents may contain unextracted information.
REAL_004,compensation,payment_status,0,missing_or_not_yet_verified,Evidence is scoped and dated; presence does not imply current project-wide or study-district completeness.,No accepted normalized observation in this collection pass. Raw documents may contain unextracted information.
REAL_004,rr_social_impact,SIA_status,0,missing_or_not_yet_verified,Evidence is scoped and dated; presence does not imply current project-wide or study-district completeness.,No accepted normalized observation in this collection pass. Raw documents may contain unextracted information.
REAL_004,rr_social_impact,SIA_date,0,missing_or_not_yet_verified,Evidence is scoped and dated; presence does not imply current project-wide or study-district completeness.,No accepted normalized observation in this collection pass. Raw documents may contain unextracted information.
REAL_004,rr_social_impact,affected_families,0,missing_or_not_yet_verified,Evidence is scoped and dated; presence does not imply current project-wide or study-district completeness.,No accepted normalized observation in this collection pass. Raw documents may contain unextracted information.
REAL_004,rr_social_impact,RR_status,0,missing_or_not_yet_verified,Evidence is scoped and dated; presence does not imply current project-wide or study-district completeness.,No accepted normalized observation in this collection pass. Raw documents may contain unextracted information.
REAL_004,rr_social_impact,RR_progress,0,missing_or_not_yet_verified,Evidence is scoped and dated; presence does not imply current project-wide or study-district completeness.,No accepted normalized observation in this collection pass. Raw documents may contain unextracted information.
REAL_004,rr_social_impact,resettlement_sites,0,missing_or_not_yet_verified,Evidence is scoped and dated; presence does not imply current project-wide or study-district completeness.,No accepted normalized observation in this collection pass. Raw documents may contain unextracted information.
REAL_004,rr_social_impact,rehabilitation_status,0,missing_or_not_yet_verified,Evidence is scoped and dated; presence does not imply current project-wide or study-district completeness.,No accepted normalized observation in this collection pass. Raw documents may contain unextracted information.
REAL_004,legal,case_number,0,missing_or_not_yet_verified,Evidence is scoped and dated; presence does not imply current project-wide or study-district completeness.,No accepted normalized observation in this collection pass. Raw documents may contain unextracted information.
REAL_004,legal,court,0,missing_or_not_yet_verified,Evidence is scoped and dated; presence does not imply current project-wide or study-district completeness.,No accepted normalized observation in this collection pass. Raw documents may contain unextracted information.
REAL_004,legal,case_type,0,missing_or_not_yet_verified,Evidence is scoped and dated; presence does not imply current project-wide or study-district completeness.,No accepted normalized observation in this collection pass. Raw documents may contain unextracted information.
REAL_004,legal,filing_date,0,missing_or_not_yet_verified,Evidence is scoped and dated; presence does not imply current project-wide or study-district completeness.,No accepted normalized observation in this collection pass. Raw documents may contain unextracted information.
REAL_004,legal,case_status,0,missing_or_not_yet_verified,Evidence is scoped and dated; presence does not imply current project-wide or study-district completeness.,No accepted normalized observation in this collection pass. Raw documents may contain unextracted information.
REAL_004,legal,last_hearing_date,0,missing_or_not_yet_verified,Evidence is scoped and dated; presence does not imply current project-wide or study-district completeness.,No accepted normalized observation in this collection pass. Raw documents may contain unextracted information.
REAL_004,legal,legal_issue,0,missing_or_not_yet_verified,Evidence is scoped and dated; presence does not imply current project-wide or study-district completeness.,No accepted normalized observation in this collection pass. Raw documents may contain unextracted information.
REAL_004,legal,project_relation,0,missing_or_not_yet_verified,Evidence is scoped and dated; presence does not imply current project-wide or study-district completeness.,No accepted normalized observation in this collection pass. Raw documents may contain unextracted information.
REAL_004,approvals,approval_type,0,missing_or_not_yet_verified,Evidence is scoped and dated; presence does not imply current project-wide or study-district completeness.,No accepted normalized observation in this collection pass. Raw documents may contain unextracted information.
REAL_004,approvals,proposal_number,0,missing_or_not_yet_verified,Evidence is scoped and dated; presence does not imply current project-wide or study-district completeness.,No accepted normalized observation in this collection pass. Raw documents may contain unextracted information.
REAL_004,approvals,approval_number,0,missing_or_not_yet_verified,Evidence is scoped and dated; presence does not imply current project-wide or study-district completeness.,No accepted normalized observation in this collection pass. Raw documents may contain unextracted information.
REAL_004,approvals,approval_status,0,missing_or_not_yet_verified,Evidence is scoped and dated; presence does not imply current project-wide or study-district completeness.,No accepted normalized observation in this collection pass. Raw documents may contain unextracted information.
REAL_004,approvals,application_date,0,missing_or_not_yet_verified,Evidence is scoped and dated; presence does not imply current project-wide or study-district completeness.,No accepted normalized observation in this collection pass. Raw documents may contain unextracted information.
REAL_004,approvals,approval_date,0,missing_or_not_yet_verified,Evidence is scoped and dated; presence does not imply current project-wide or study-district completeness.,No accepted normalized observation in this collection pass. Raw documents may contain unextracted information.
REAL_004,approvals,expiry_date,0,missing_or_not_yet_verified,Evidence is scoped and dated; presence does not imply current project-wide or study-district completeness.,No accepted normalized observation in this collection pass. Raw documents may contain unextracted information.
REAL_004,climate,observation_date,12,partial_evidence_available,Evidence is scoped and dated; presence does not imply current project-wide or study-district completeness.,
REAL_004,climate,rainfall_mm,4,partial_evidence_available,Evidence is scoped and dated; presence does not imply current project-wide or study-district completeness.,
REAL_004,climate,temperature,0,missing_or_not_yet_verified,Evidence is scoped and dated; presence does not imply current project-wide or study-district completeness.,No accepted normalized observation in this collection pass. Raw documents may contain unextracted information.
REAL_004,climate,humidity,0,missing_or_not_yet_verified,Evidence is scoped and dated; presence does not imply current project-wide or study-district completeness.,No accepted normalized observation in this collection pass. Raw documents may contain unextracted information.
REAL_004,climate,weather_condition,0,missing_or_not_yet_verified,Evidence is scoped and dated; presence does not imply current project-wide or study-district completeness.,No accepted normalized observation in this collection pass. Raw documents may contain unextracted information.
REAL_004,climate,rainfall_category,4,partial_evidence_available,Evidence is scoped and dated; presence does not imply current project-wide or study-district completeness.,
REAL_004,climate,warning,0,missing_or_not_yet_verified,Evidence is scoped and dated; presence does not imply current project-wide or study-district completeness.,No accepted normalized observation in this collection pass. Raw documents may contain unextracted information.
REAL_004,climate,warning_date,0,missing_or_not_yet_verified,Evidence is scoped and dated; presence does not imply current project-wide or study-district completeness.,No accepted normalized observation in this collection pass. Raw documents may contain unextracted information.
REAL_004,terrain_landscape,elevation,0,missing_or_not_yet_verified,Evidence is scoped and dated; presence does not imply current project-wide or study-district completeness.,No accepted normalized observation in this collection pass. Raw documents may contain unextracted information.
REAL_004,terrain_landscape,slope,0,missing_or_not_yet_verified,Evidence is scoped and dated; presence does not imply current project-wide or study-district completeness.,No accepted normalized observation in this collection pass. Raw documents may contain unextracted information.
REAL_004,terrain_landscape,terrain_type,0,missing_or_not_yet_verified,Evidence is scoped and dated; presence does not imply current project-wide or study-district completeness.,No accepted normalized observation in this collection pass. Raw documents may contain unextracted information.
REAL_004,terrain_landscape,forest_intersection,0,missing_or_not_yet_verified,Evidence is scoped and dated; presence does not imply current project-wide or study-district completeness.,No accepted normalized observation in this collection pass. Raw documents may contain unextracted information.
REAL_004,terrain_landscape,waterbody_intersection,0,missing_or_not_yet_verified,Evidence is scoped and dated; presence does not imply current project-wide or study-district completeness.,No accepted normalized observation in this collection pass. Raw documents may contain unextracted information.
REAL_004,terrain_landscape,flood_risk,0,missing_or_not_yet_verified,Evidence is scoped and dated; presence does not imply current project-wide or study-district completeness.,No accepted normalized observation in this collection pass. Raw documents may contain unextracted information.
REAL_004,terrain_landscape,landslide_risk,0,missing_or_not_yet_verified,Evidence is scoped and dated; presence does not imply current project-wide or study-district completeness.,No accepted normalized observation in this collection pass. Raw documents may contain unextracted information.
REAL_004,terrain_landscape,access_constraint,0,missing_or_not_yet_verified,Evidence is scoped and dated; presence does not imply current project-wide or study-district completeness.,No accepted normalized observation in this collection pass. Raw documents may contain unextracted information.
REAL_004,barriers,barrier_type,0,missing_or_not_yet_verified,Evidence is scoped and dated; presence does not imply current project-wide or study-district completeness.,No accepted normalized observation in this collection pass. Raw documents may contain unextracted information.
REAL_004,barriers,barrier_description,0,missing_or_not_yet_verified,Evidence is scoped and dated; presence does not imply current project-wide or study-district completeness.,No accepted normalized observation in this collection pass. Raw documents may contain unextracted information.
REAL_004,barriers,severity,0,missing_or_not_yet_verified,Evidence is scoped and dated; presence does not imply current project-wide or study-district completeness.,No accepted normalized observation in this collection pass. Raw documents may contain unextracted information.
REAL_004,barriers,start_date,0,missing_or_not_yet_verified,Evidence is scoped and dated; presence does not imply current project-wide or study-district completeness.,No accepted normalized observation in this collection pass. Raw documents may contain unextracted information.
REAL_004,barriers,end_date,0,missing_or_not_yet_verified,Evidence is scoped and dated; presence does not imply current project-wide or study-district completeness.,No accepted normalized observation in this collection pass. Raw documents may contain unextracted information.
REAL_004,barriers,status,0,missing_or_not_yet_verified,Evidence is scoped and dated; presence does not imply current project-wide or study-district completeness.,No accepted normalized observation in this collection pass. Raw documents may contain unextracted information.
REAL_004,procurement_progress,tender_reference,0,missing_or_not_yet_verified,Evidence is scoped and dated; presence does not imply current project-wide or study-district completeness.,No accepted normalized observation in this collection pass. Raw documents may contain unextracted information.
REAL_004,procurement_progress,contractor_name,0,missing_or_not_yet_verified,Evidence is scoped and dated; presence does not imply current project-wide or study-district completeness.,No accepted normalized observation in this collection pass. Raw documents may contain unextracted information.
REAL_004,procurement_progress,contract_value,0,missing_or_not_yet_verified,Evidence is scoped and dated; presence does not imply current project-wide or study-district completeness.,No accepted normalized observation in this collection pass. Raw documents may contain unextracted information.
REAL_004,procurement_progress,physical_progress,0,missing_or_not_yet_verified,Evidence is scoped and dated; presence does not imply current project-wide or study-district completeness.,No accepted normalized observation in this collection pass. Raw documents may contain unextracted information.
REAL_004,procurement_progress,financial_progress,0,missing_or_not_yet_verified,Evidence is scoped and dated; presence does not imply current project-wide or study-district completeness.,No accepted normalized observation in this collection pass. Raw documents may contain unextracted information.
REAL_004,procurement_progress,construction_status,0,missing_or_not_yet_verified,Evidence is scoped and dated; presence does not imply current project-wide or study-district completeness.,No accepted normalized observation in this collection pass. Raw documents may contain unextracted information.
REAL_004,procurement_progress,completion_target,0,missing_or_not_yet_verified,Evidence is scoped and dated; presence does not imply current project-wide or study-district completeness.,No accepted normalized observation in this collection pass. Raw documents may contain unextracted information.
REAL_004,procurement_progress,delay,0,missing_or_not_yet_verified,Evidence is scoped and dated; presence does not imply current project-wide or study-district completeness.,No accepted normalized observation in this collection pass. Raw documents may contain unextracted information.
REAL_004,procurement_progress,EOT,0,missing_or_not_yet_verified,Evidence is scoped and dated; presence does not imply current project-wide or study-district completeness.,No accepted normalized observation in this collection pass. Raw documents may contain unextracted information.
REAL_004,procurement_progress,hindrance,0,missing_or_not_yet_verified,Evidence is scoped and dated; presence does not imply current project-wide or study-district completeness.,No accepted normalized observation in this collection pass. Raw documents may contain unextracted information.
REAL_005,identity,project_name,0,missing_or_not_yet_verified,Evidence is scoped and dated; presence does not imply current project-wide or study-district completeness.,No accepted normalized observation in this collection pass. Raw documents may contain unextracted information.
REAL_005,identity,authority,0,missing_or_not_yet_verified,Evidence is scoped and dated; presence does not imply current project-wide or study-district completeness.,No accepted normalized observation in this collection pass. Raw documents may contain unextracted information.
REAL_005,identity,project_number,0,missing_or_not_yet_verified,Evidence is scoped and dated; presence does not imply current project-wide or study-district completeness.,No accepted normalized observation in this collection pass. Raw documents may contain unextracted information.
REAL_005,identity,package_number,0,missing_or_not_yet_verified,Evidence is scoped and dated; presence does not imply current project-wide or study-district completeness.,No accepted normalized observation in this collection pass. Raw documents may contain unextracted information.
REAL_005,identity,state,6,partial_evidence_available,Evidence is scoped and dated; presence does not imply current project-wide or study-district completeness.,
REAL_005,identity,district,6,partial_evidence_available,Evidence is scoped and dated; presence does not imply current project-wide or study-district completeness.,
REAL_005,identity,tehsil,0,missing_or_not_yet_verified,Evidence is scoped and dated; presence does not imply current project-wide or study-district completeness.,No accepted normalized observation in this collection pass. Raw documents may contain unextracted information.
REAL_005,identity,village,0,missing_or_not_yet_verified,Evidence is scoped and dated; presence does not imply current project-wide or study-district completeness.,No accepted normalized observation in this collection pass. Raw documents may contain unextracted information.
REAL_005,identity,chainage_start,0,missing_or_not_yet_verified,Evidence is scoped and dated; presence does not imply current project-wide or study-district completeness.,No accepted normalized observation in this collection pass. Raw documents may contain unextracted information.
REAL_005,identity,chainage_end,0,missing_or_not_yet_verified,Evidence is scoped and dated; presence does not imply current project-wide or study-district completeness.,No accepted normalized observation in this collection pass. Raw documents may contain unextracted information.
REAL_005,identity,latitude,0,missing_or_not_yet_verified,Evidence is scoped and dated; presence does not imply current project-wide or study-district completeness.,No accepted normalized observation in this collection pass. Raw documents may contain unextracted information.
REAL_005,identity,longitude,0,missing_or_not_yet_verified,Evidence is scoped and dated; presence does not imply current project-wide or study-district completeness.,No accepted normalized observation in this collection pass. Raw documents may contain unextracted information.
REAL_005,land_acquisition,land_required_ha,7,partial_evidence_available,Evidence is scoped and dated; presence does not imply current project-wide or study-district completeness.,
REAL_005,land_acquisition,land_available_ha,0,missing_or_not_yet_verified,Evidence is scoped and dated; presence does not imply current project-wide or study-district completeness.,No accepted normalized observation in this collection pass. Raw documents may contain unextracted information.
REAL_005,land_acquisition,land_to_be_acquired_ha,0,missing_or_not_yet_verified,Evidence is scoped and dated; presence does not imply current project-wide or study-district completeness.,No accepted normalized observation in this collection pass. Raw documents may contain unextracted information.
REAL_005,land_acquisition,land_acquired_ha,0,missing_or_not_yet_verified,Evidence is scoped and dated; presence does not imply current project-wide or study-district completeness.,No accepted normalized observation in this collection pass. Raw documents may contain unextracted information.
REAL_005,land_acquisition,land_acquired_till_now_ha,0,missing_or_not_yet_verified,Evidence is scoped and dated; presence does not imply current project-wide or study-district completeness.,No accepted normalized observation in this collection pass. Raw documents may contain unextracted information.
REAL_005,land_acquisition,acquisition_progress_pct,0,missing_or_not_yet_verified,Evidence is scoped and dated; presence does not imply current project-wide or study-district completeness.,No accepted normalized observation in this collection pass. Raw documents may contain unextracted information.
REAL_005,land_acquisition,3A_notification_number,0,missing_or_not_yet_verified,Evidence is scoped and dated; presence does not imply current project-wide or study-district completeness.,No accepted normalized observation in this collection pass. Raw documents may contain unextracted information.
REAL_005,land_acquisition,3A_notification_date,0,missing_or_not_yet_verified,Evidence is scoped and dated; presence does not imply current project-wide or study-district completeness.,No accepted normalized observation in this collection pass. Raw documents may contain unextracted information.
REAL_005,land_acquisition,3D_notification_number,0,missing_or_not_yet_verified,Evidence is scoped and dated; presence does not imply current project-wide or study-district completeness.,No accepted normalized observation in this collection pass. Raw documents may contain unextracted information.
REAL_005,land_acquisition,3D_notification_date,0,missing_or_not_yet_verified,Evidence is scoped and dated; presence does not imply current project-wide or study-district completeness.,No accepted normalized observation in this collection pass. Raw documents may contain unextracted information.
REAL_005,land_acquisition,award_number,0,missing_or_not_yet_verified,Evidence is scoped and dated; presence does not imply current project-wide or study-district completeness.,No accepted normalized observation in this collection pass. Raw documents may contain unextracted information.
REAL_005,land_acquisition,award_date,0,missing_or_not_yet_verified,Evidence is scoped and dated; presence does not imply current project-wide or study-district completeness.,No accepted normalized observation in this collection pass. Raw documents may contain unextracted information.
REAL_005,land_acquisition,possession_date,0,missing_or_not_yet_verified,Evidence is scoped and dated; presence does not imply current project-wide or study-district completeness.,No accepted normalized observation in this collection pass. Raw documents may contain unextracted information.
REAL_005,land_acquisition,possession_percentage,0,missing_or_not_yet_verified,Evidence is scoped and dated; presence does not imply current project-wide or study-district completeness.,No accepted normalized observation in this collection pass. Raw documents may contain unextracted information.
REAL_005,land_acquisition,CALA,0,missing_or_not_yet_verified,Evidence is scoped and dated; presence does not imply current project-wide or study-district completeness.,No accepted normalized observation in this collection pass. Raw documents may contain unextracted information.
REAL_005,land_acquisition,acquisition_status,0,missing_or_not_yet_verified,Evidence is scoped and dated; presence does not imply current project-wide or study-district completeness.,No accepted normalized observation in this collection pass. Raw documents may contain unextracted information.
REAL_005,compensation,compensation_amount,0,missing_or_not_yet_verified,Evidence is scoped and dated; presence does not imply current project-wide or study-district completeness.,No accepted normalized observation in this collection pass. Raw documents may contain unextracted information.
REAL_005,compensation,compensation_awarded,0,missing_or_not_yet_verified,Evidence is scoped and dated; presence does not imply current project-wide or study-district completeness.,No accepted normalized observation in this collection pass. Raw documents may contain unextracted information.
REAL_005,compensation,compensation_paid,0,missing_or_not_yet_verified,Evidence is scoped and dated; presence does not imply current project-wide or study-district completeness.,No accepted normalized observation in this collection pass. Raw documents may contain unextracted information.
REAL_005,compensation,compensation_pending,0,missing_or_not_yet_verified,Evidence is scoped and dated; presence does not imply current project-wide or study-district completeness.,No accepted normalized observation in this collection pass. Raw documents may contain unextracted information.
REAL_005,compensation,payment_date,0,missing_or_not_yet_verified,Evidence is scoped and dated; presence does not imply current project-wide or study-district completeness.,No accepted normalized observation in this collection pass. Raw documents may contain unextracted information.
REAL_005,compensation,affected_families,0,missing_or_not_yet_verified,Evidence is scoped and dated; presence does not imply current project-wide or study-district completeness.,No accepted normalized observation in this collection pass. Raw documents may contain unextracted information.
REAL_005,compensation,landowners_count,0,missing_or_not_yet_verified,Evidence is scoped and dated; presence does not imply current project-wide or study-district completeness.,No accepted normalized observation in this collection pass. Raw documents may contain unextracted information.
REAL_005,compensation,payment_status,0,missing_or_not_yet_verified,Evidence is scoped and dated; presence does not imply current project-wide or study-district completeness.,No accepted normalized observation in this collection pass. Raw documents may contain unextracted information.
REAL_005,rr_social_impact,SIA_status,0,missing_or_not_yet_verified,Evidence is scoped and dated; presence does not imply current project-wide or study-district completeness.,No accepted normalized observation in this collection pass. Raw documents may contain unextracted information.
REAL_005,rr_social_impact,SIA_date,0,missing_or_not_yet_verified,Evidence is scoped and dated; presence does not imply current project-wide or study-district completeness.,No accepted normalized observation in this collection pass. Raw documents may contain unextracted information.
REAL_005,rr_social_impact,affected_families,0,missing_or_not_yet_verified,Evidence is scoped and dated; presence does not imply current project-wide or study-district completeness.,No accepted normalized observation in this collection pass. Raw documents may contain unextracted information.
REAL_005,rr_social_impact,RR_status,0,missing_or_not_yet_verified,Evidence is scoped and dated; presence does not imply current project-wide or study-district completeness.,No accepted normalized observation in this collection pass. Raw documents may contain unextracted information.
REAL_005,rr_social_impact,RR_progress,0,missing_or_not_yet_verified,Evidence is scoped and dated; presence does not imply current project-wide or study-district completeness.,No accepted normalized observation in this collection pass. Raw documents may contain unextracted information.
REAL_005,rr_social_impact,resettlement_sites,0,missing_or_not_yet_verified,Evidence is scoped and dated; presence does not imply current project-wide or study-district completeness.,No accepted normalized observation in this collection pass. Raw documents may contain unextracted information.
REAL_005,rr_social_impact,rehabilitation_status,0,missing_or_not_yet_verified,Evidence is scoped and dated; presence does not imply current project-wide or study-district completeness.,No accepted normalized observation in this collection pass. Raw documents may contain unextracted information.
REAL_005,legal,case_number,0,missing_or_not_yet_verified,Evidence is scoped and dated; presence does not imply current project-wide or study-district completeness.,No accepted normalized observation in this collection pass. Raw documents may contain unextracted information.
REAL_005,legal,court,0,missing_or_not_yet_verified,Evidence is scoped and dated; presence does not imply current project-wide or study-district completeness.,No accepted normalized observation in this collection pass. Raw documents may contain unextracted information.
REAL_005,legal,case_type,0,missing_or_not_yet_verified,Evidence is scoped and dated; presence does not imply current project-wide or study-district completeness.,No accepted normalized observation in this collection pass. Raw documents may contain unextracted information.
REAL_005,legal,filing_date,0,missing_or_not_yet_verified,Evidence is scoped and dated; presence does not imply current project-wide or study-district completeness.,No accepted normalized observation in this collection pass. Raw documents may contain unextracted information.
REAL_005,legal,case_status,0,missing_or_not_yet_verified,Evidence is scoped and dated; presence does not imply current project-wide or study-district completeness.,No accepted normalized observation in this collection pass. Raw documents may contain unextracted information.
REAL_005,legal,last_hearing_date,0,missing_or_not_yet_verified,Evidence is scoped and dated; presence does not imply current project-wide or study-district completeness.,No accepted normalized observation in this collection pass. Raw documents may contain unextracted information.
REAL_005,legal,legal_issue,0,missing_or_not_yet_verified,Evidence is scoped and dated; presence does not imply current project-wide or study-district completeness.,No accepted normalized observation in this collection pass. Raw documents may contain unextracted information.
REAL_005,legal,project_relation,0,missing_or_not_yet_verified,Evidence is scoped and dated; presence does not imply current project-wide or study-district completeness.,No accepted normalized observation in this collection pass. Raw documents may contain unextracted information.
REAL_005,approvals,approval_type,0,missing_or_not_yet_verified,Evidence is scoped and dated; presence does not imply current project-wide or study-district completeness.,No accepted normalized observation in this collection pass. Raw documents may contain unextracted information.
REAL_005,approvals,proposal_number,0,missing_or_not_yet_verified,Evidence is scoped and dated; presence does not imply current project-wide or study-district completeness.,No accepted normalized observation in this collection pass. Raw documents may contain unextracted information.
REAL_005,approvals,approval_number,0,missing_or_not_yet_verified,Evidence is scoped and dated; presence does not imply current project-wide or study-district completeness.,No accepted normalized observation in this collection pass. Raw documents may contain unextracted information.
REAL_005,approvals,approval_status,0,missing_or_not_yet_verified,Evidence is scoped and dated; presence does not imply current project-wide or study-district completeness.,No accepted normalized observation in this collection pass. Raw documents may contain unextracted information.
REAL_005,approvals,application_date,0,missing_or_not_yet_verified,Evidence is scoped and dated; presence does not imply current project-wide or study-district completeness.,No accepted normalized observation in this collection pass. Raw documents may contain unextracted information.
REAL_005,approvals,approval_date,0,missing_or_not_yet_verified,Evidence is scoped and dated; presence does not imply current project-wide or study-district completeness.,No accepted normalized observation in this collection pass. Raw documents may contain unextracted information.
REAL_005,approvals,expiry_date,0,missing_or_not_yet_verified,Evidence is scoped and dated; presence does not imply current project-wide or study-district completeness.,No accepted normalized observation in this collection pass. Raw documents may contain unextracted information.
REAL_005,climate,observation_date,6,partial_evidence_available,Evidence is scoped and dated; presence does not imply current project-wide or study-district completeness.,
REAL_005,climate,rainfall_mm,2,partial_evidence_available,Evidence is scoped and dated; presence does not imply current project-wide or study-district completeness.,
REAL_005,climate,temperature,0,missing_or_not_yet_verified,Evidence is scoped and dated; presence does not imply current project-wide or study-district completeness.,No accepted normalized observation in this collection pass. Raw documents may contain unextracted information.
REAL_005,climate,humidity,0,missing_or_not_yet_verified,Evidence is scoped and dated; presence does not imply current project-wide or study-district completeness.,No accepted normalized observation in this collection pass. Raw documents may contain unextracted information.
REAL_005,climate,weather_condition,0,missing_or_not_yet_verified,Evidence is scoped and dated; presence does not imply current project-wide or study-district completeness.,No accepted normalized observation in this collection pass. Raw documents may contain unextracted information.
REAL_005,climate,rainfall_category,2,partial_evidence_available,Evidence is scoped and dated; presence does not imply current project-wide or study-district completeness.,
REAL_005,climate,warning,0,missing_or_not_yet_verified,Evidence is scoped and dated; presence does not imply current project-wide or study-district completeness.,No accepted normalized observation in this collection pass. Raw documents may contain unextracted information.
REAL_005,climate,warning_date,0,missing_or_not_yet_verified,Evidence is scoped and dated; presence does not imply current project-wide or study-district completeness.,No accepted normalized observation in this collection pass. Raw documents may contain unextracted information.
REAL_005,terrain_landscape,elevation,0,missing_or_not_yet_verified,Evidence is scoped and dated; presence does not imply current project-wide or study-district completeness.,No accepted normalized observation in this collection pass. Raw documents may contain unextracted information.
REAL_005,terrain_landscape,slope,0,missing_or_not_yet_verified,Evidence is scoped and dated; presence does not imply current project-wide or study-district completeness.,No accepted normalized observation in this collection pass. Raw documents may contain unextracted information.
REAL_005,terrain_landscape,terrain_type,0,missing_or_not_yet_verified,Evidence is scoped and dated; presence does not imply current project-wide or study-district completeness.,No accepted normalized observation in this collection pass. Raw documents may contain unextracted information.
REAL_005,terrain_landscape,forest_intersection,0,missing_or_not_yet_verified,Evidence is scoped and dated; presence does not imply current project-wide or study-district completeness.,No accepted normalized observation in this collection pass. Raw documents may contain unextracted information.
REAL_005,terrain_landscape,waterbody_intersection,0,missing_or_not_yet_verified,Evidence is scoped and dated; presence does not imply current project-wide or study-district completeness.,No accepted normalized observation in this collection pass. Raw documents may contain unextracted information.
REAL_005,terrain_landscape,flood_risk,0,missing_or_not_yet_verified,Evidence is scoped and dated; presence does not imply current project-wide or study-district completeness.,No accepted normalized observation in this collection pass. Raw documents may contain unextracted information.
REAL_005,terrain_landscape,landslide_risk,0,missing_or_not_yet_verified,Evidence is scoped and dated; presence does not imply current project-wide or study-district completeness.,No accepted normalized observation in this collection pass. Raw documents may contain unextracted information.
REAL_005,terrain_landscape,access_constraint,0,missing_or_not_yet_verified,Evidence is scoped and dated; presence does not imply current project-wide or study-district completeness.,No accepted normalized observation in this collection pass. Raw documents may contain unextracted information.
REAL_005,barriers,barrier_type,0,missing_or_not_yet_verified,Evidence is scoped and dated; presence does not imply current project-wide or study-district completeness.,No accepted normalized observation in this collection pass. Raw documents may contain unextracted information.
REAL_005,barriers,barrier_description,0,missing_or_not_yet_verified,Evidence is scoped and dated; presence does not imply current project-wide or study-district completeness.,No accepted normalized observation in this collection pass. Raw documents may contain unextracted information.
REAL_005,barriers,severity,0,missing_or_not_yet_verified,Evidence is scoped and dated; presence does not imply current project-wide or study-district completeness.,No accepted normalized observation in this collection pass. Raw documents may contain unextracted information.
REAL_005,barriers,start_date,0,missing_or_not_yet_verified,Evidence is scoped and dated; presence does not imply current project-wide or study-district completeness.,No accepted normalized observation in this collection pass. Raw documents may contain unextracted information.
REAL_005,barriers,end_date,0,missing_or_not_yet_verified,Evidence is scoped and dated; presence does not imply current project-wide or study-district completeness.,No accepted normalized observation in this collection pass. Raw documents may contain unextracted information.
REAL_005,barriers,status,0,missing_or_not_yet_verified,Evidence is scoped and dated; presence does not imply current project-wide or study-district completeness.,No accepted normalized observation in this collection pass. Raw documents may contain unextracted information.
REAL_005,procurement_progress,tender_reference,0,missing_or_not_yet_verified,Evidence is scoped and dated; presence does not imply current project-wide or study-district completeness.,No accepted normalized observation in this collection pass. Raw documents may contain unextracted information.
REAL_005,procurement_progress,contractor_name,0,missing_or_not_yet_verified,Evidence is scoped and dated; presence does not imply current project-wide or study-district completeness.,No accepted normalized observation in this collection pass. Raw documents may contain unextracted information.
REAL_005,procurement_progress,contract_value,0,missing_or_not_yet_verified,Evidence is scoped and dated; presence does not imply current project-wide or study-district completeness.,No accepted normalized observation in this collection pass. Raw documents may contain unextracted information.
REAL_005,procurement_progress,physical_progress,0,missing_or_not_yet_verified,Evidence is scoped and dated; presence does not imply current project-wide or study-district completeness.,No accepted normalized observation in this collection pass. Raw documents may contain unextracted information.
REAL_005,procurement_progress,financial_progress,0,missing_or_not_yet_verified,Evidence is scoped and dated; presence does not imply current project-wide or study-district completeness.,No accepted normalized observation in this collection pass. Raw documents may contain unextracted information.
REAL_005,procurement_progress,construction_status,0,missing_or_not_yet_verified,Evidence is scoped and dated; presence does not imply current project-wide or study-district completeness.,No accepted normalized observation in this collection pass. Raw documents may contain unextracted information.
REAL_005,procurement_progress,completion_target,0,missing_or_not_yet_verified,Evidence is scoped and dated; presence does not imply current project-wide or study-district completeness.,No accepted normalized observation in this collection pass. Raw documents may contain unextracted information.
REAL_005,procurement_progress,delay,0,missing_or_not_yet_verified,Evidence is scoped and dated; presence does not imply current project-wide or study-district completeness.,No accepted normalized observation in this collection pass. Raw documents may contain unextracted information.
REAL_005,procurement_progress,EOT,0,missing_or_not_yet_verified,Evidence is scoped and dated; presence does not imply current project-wide or study-district completeness.,No accepted normalized observation in this collection pass. Raw documents may contain unextracted information.
REAL_005,procurement_progress,hindrance,0,missing_or_not_yet_verified,Evidence is scoped and dated; presence does not imply current project-wide or study-district completeness.,No accepted normalized observation in this collection pass. Raw documents may contain unextracted information.
REAL_006,identity,project_name,0,missing_or_not_yet_verified,Evidence is scoped and dated; presence does not imply current project-wide or study-district completeness.,No accepted normalized observation in this collection pass. Raw documents may contain unextracted information.
REAL_006,identity,authority,0,missing_or_not_yet_verified,Evidence is scoped and dated; presence does not imply current project-wide or study-district completeness.,No accepted normalized observation in this collection pass. Raw documents may contain unextracted information.
REAL_006,identity,project_number,0,missing_or_not_yet_verified,Evidence is scoped and dated; presence does not imply current project-wide or study-district completeness.,No accepted normalized observation in this collection pass. Raw documents may contain unextracted information.
REAL_006,identity,package_number,0,missing_or_not_yet_verified,Evidence is scoped and dated; presence does not imply current project-wide or study-district completeness.,No accepted normalized observation in this collection pass. Raw documents may contain unextracted information.
REAL_006,identity,state,6,partial_evidence_available,Evidence is scoped and dated; presence does not imply current project-wide or study-district completeness.,
REAL_006,identity,district,6,partial_evidence_available,Evidence is scoped and dated; presence does not imply current project-wide or study-district completeness.,
REAL_006,identity,tehsil,0,missing_or_not_yet_verified,Evidence is scoped and dated; presence does not imply current project-wide or study-district completeness.,No accepted normalized observation in this collection pass. Raw documents may contain unextracted information.
REAL_006,identity,village,0,missing_or_not_yet_verified,Evidence is scoped and dated; presence does not imply current project-wide or study-district completeness.,No accepted normalized observation in this collection pass. Raw documents may contain unextracted information.
REAL_006,identity,chainage_start,0,missing_or_not_yet_verified,Evidence is scoped and dated; presence does not imply current project-wide or study-district completeness.,No accepted normalized observation in this collection pass. Raw documents may contain unextracted information.
REAL_006,identity,chainage_end,0,missing_or_not_yet_verified,Evidence is scoped and dated; presence does not imply current project-wide or study-district completeness.,No accepted normalized observation in this collection pass. Raw documents may contain unextracted information.
REAL_006,identity,latitude,0,missing_or_not_yet_verified,Evidence is scoped and dated; presence does not imply current project-wide or study-district completeness.,No accepted normalized observation in this collection pass. Raw documents may contain unextracted information.
REAL_006,identity,longitude,0,missing_or_not_yet_verified,Evidence is scoped and dated; presence does not imply current project-wide or study-district completeness.,No accepted normalized observation in this collection pass. Raw documents may contain unextracted information.
REAL_006,land_acquisition,land_required_ha,7,partial_evidence_available,Evidence is scoped and dated; presence does not imply current project-wide or study-district completeness.,
REAL_006,land_acquisition,land_available_ha,0,missing_or_not_yet_verified,Evidence is scoped and dated; presence does not imply current project-wide or study-district completeness.,No accepted normalized observation in this collection pass. Raw documents may contain unextracted information.
REAL_006,land_acquisition,land_to_be_acquired_ha,0,missing_or_not_yet_verified,Evidence is scoped and dated; presence does not imply current project-wide or study-district completeness.,No accepted normalized observation in this collection pass. Raw documents may contain unextracted information.
REAL_006,land_acquisition,land_acquired_ha,0,missing_or_not_yet_verified,Evidence is scoped and dated; presence does not imply current project-wide or study-district completeness.,No accepted normalized observation in this collection pass. Raw documents may contain unextracted information.
REAL_006,land_acquisition,land_acquired_till_now_ha,0,missing_or_not_yet_verified,Evidence is scoped and dated; presence does not imply current project-wide or study-district completeness.,No accepted normalized observation in this collection pass. Raw documents may contain unextracted information.
REAL_006,land_acquisition,acquisition_progress_pct,0,missing_or_not_yet_verified,Evidence is scoped and dated; presence does not imply current project-wide or study-district completeness.,No accepted normalized observation in this collection pass. Raw documents may contain unextracted information.
REAL_006,land_acquisition,3A_notification_number,0,missing_or_not_yet_verified,Evidence is scoped and dated; presence does not imply current project-wide or study-district completeness.,No accepted normalized observation in this collection pass. Raw documents may contain unextracted information.
REAL_006,land_acquisition,3A_notification_date,0,missing_or_not_yet_verified,Evidence is scoped and dated; presence does not imply current project-wide or study-district completeness.,No accepted normalized observation in this collection pass. Raw documents may contain unextracted information.
REAL_006,land_acquisition,3D_notification_number,0,missing_or_not_yet_verified,Evidence is scoped and dated; presence does not imply current project-wide or study-district completeness.,No accepted normalized observation in this collection pass. Raw documents may contain unextracted information.
REAL_006,land_acquisition,3D_notification_date,0,missing_or_not_yet_verified,Evidence is scoped and dated; presence does not imply current project-wide or study-district completeness.,No accepted normalized observation in this collection pass. Raw documents may contain unextracted information.
REAL_006,land_acquisition,award_number,0,missing_or_not_yet_verified,Evidence is scoped and dated; presence does not imply current project-wide or study-district completeness.,No accepted normalized observation in this collection pass. Raw documents may contain unextracted information.
REAL_006,land_acquisition,award_date,0,missing_or_not_yet_verified,Evidence is scoped and dated; presence does not imply current project-wide or study-district completeness.,No accepted normalized observation in this collection pass. Raw documents may contain unextracted information.
REAL_006,land_acquisition,possession_date,0,missing_or_not_yet_verified,Evidence is scoped and dated; presence does not imply current project-wide or study-district completeness.,No accepted normalized observation in this collection pass. Raw documents may contain unextracted information.
REAL_006,land_acquisition,possession_percentage,0,missing_or_not_yet_verified,Evidence is scoped and dated; presence does not imply current project-wide or study-district completeness.,No accepted normalized observation in this collection pass. Raw documents may contain unextracted information.
REAL_006,land_acquisition,CALA,0,missing_or_not_yet_verified,Evidence is scoped and dated; presence does not imply current project-wide or study-district completeness.,No accepted normalized observation in this collection pass. Raw documents may contain unextracted information.
REAL_006,land_acquisition,acquisition_status,0,missing_or_not_yet_verified,Evidence is scoped and dated; presence does not imply current project-wide or study-district completeness.,No accepted normalized observation in this collection pass. Raw documents may contain unextracted information.
REAL_006,compensation,compensation_amount,0,missing_or_not_yet_verified,Evidence is scoped and dated; presence does not imply current project-wide or study-district completeness.,No accepted normalized observation in this collection pass. Raw documents may contain unextracted information.
REAL_006,compensation,compensation_awarded,0,missing_or_not_yet_verified,Evidence is scoped and dated; presence does not imply current project-wide or study-district completeness.,No accepted normalized observation in this collection pass. Raw documents may contain unextracted information.
REAL_006,compensation,compensation_paid,0,missing_or_not_yet_verified,Evidence is scoped and dated; presence does not imply current project-wide or study-district completeness.,No accepted normalized observation in this collection pass. Raw documents may contain unextracted information.
REAL_006,compensation,compensation_pending,0,missing_or_not_yet_verified,Evidence is scoped and dated; presence does not imply current project-wide or study-district completeness.,No accepted normalized observation in this collection pass. Raw documents may contain unextracted information.
REAL_006,compensation,payment_date,0,missing_or_not_yet_verified,Evidence is scoped and dated; presence does not imply current project-wide or study-district completeness.,No accepted normalized observation in this collection pass. Raw documents may contain unextracted information.
REAL_006,compensation,affected_families,1,partial_evidence_available,Evidence is scoped and dated; presence does not imply current project-wide or study-district completeness.,
REAL_006,compensation,landowners_count,0,missing_or_not_yet_verified,Evidence is scoped and dated; presence does not imply current project-wide or study-district completeness.,No accepted normalized observation in this collection pass. Raw documents may contain unextracted information.
REAL_006,compensation,payment_status,0,missing_or_not_yet_verified,Evidence is scoped and dated; presence does not imply current project-wide or study-district completeness.,No accepted normalized observation in this collection pass. Raw documents may contain unextracted information.
REAL_006,rr_social_impact,SIA_status,0,missing_or_not_yet_verified,Evidence is scoped and dated; presence does not imply current project-wide or study-district completeness.,No accepted normalized observation in this collection pass. Raw documents may contain unextracted information.
REAL_006,rr_social_impact,SIA_date,0,missing_or_not_yet_verified,Evidence is scoped and dated; presence does not imply current project-wide or study-district completeness.,No accepted normalized observation in this collection pass. Raw documents may contain unextracted information.
REAL_006,rr_social_impact,affected_families,1,partial_evidence_available,Evidence is scoped and dated; presence does not imply current project-wide or study-district completeness.,
REAL_006,rr_social_impact,RR_status,0,missing_or_not_yet_verified,Evidence is scoped and dated; presence does not imply current project-wide or study-district completeness.,No accepted normalized observation in this collection pass. Raw documents may contain unextracted information.
REAL_006,rr_social_impact,RR_progress,0,missing_or_not_yet_verified,Evidence is scoped and dated; presence does not imply current project-wide or study-district completeness.,No accepted normalized observation in this collection pass. Raw documents may contain unextracted information.
REAL_006,rr_social_impact,resettlement_sites,0,missing_or_not_yet_verified,Evidence is scoped and dated; presence does not imply current project-wide or study-district completeness.,No accepted normalized observation in this collection pass. Raw documents may contain unextracted information.
REAL_006,rr_social_impact,rehabilitation_status,0,missing_or_not_yet_verified,Evidence is scoped and dated; presence does not imply current project-wide or study-district completeness.,No accepted normalized observation in this collection pass. Raw documents may contain unextracted information.
REAL_006,legal,case_number,0,missing_or_not_yet_verified,Evidence is scoped and dated; presence does not imply current project-wide or study-district completeness.,No accepted normalized observation in this collection pass. Raw documents may contain unextracted information.
REAL_006,legal,court,0,missing_or_not_yet_verified,Evidence is scoped and dated; presence does not imply current project-wide or study-district completeness.,No accepted normalized observation in this collection pass. Raw documents may contain unextracted information.
REAL_006,legal,case_type,0,missing_or_not_yet_verified,Evidence is scoped and dated; presence does not imply current project-wide or study-district completeness.,No accepted normalized observation in this collection pass. Raw documents may contain unextracted information.
REAL_006,legal,filing_date,0,missing_or_not_yet_verified,Evidence is scoped and dated; presence does not imply current project-wide or study-district completeness.,No accepted normalized observation in this collection pass. Raw documents may contain unextracted information.
REAL_006,legal,case_status,0,missing_or_not_yet_verified,Evidence is scoped and dated; presence does not imply current project-wide or study-district completeness.,No accepted normalized observation in this collection pass. Raw documents may contain unextracted information.
REAL_006,legal,last_hearing_date,0,missing_or_not_yet_verified,Evidence is scoped and dated; presence does not imply current project-wide or study-district completeness.,No accepted normalized observation in this collection pass. Raw documents may contain unextracted information.
REAL_006,legal,legal_issue,0,missing_or_not_yet_verified,Evidence is scoped and dated; presence does not imply current project-wide or study-district completeness.,No accepted normalized observation in this collection pass. Raw documents may contain unextracted information.
REAL_006,legal,project_relation,0,missing_or_not_yet_verified,Evidence is scoped and dated; presence does not imply current project-wide or study-district completeness.,No accepted normalized observation in this collection pass. Raw documents may contain unextracted information.
REAL_006,approvals,approval_type,0,missing_or_not_yet_verified,Evidence is scoped and dated; presence does not imply current project-wide or study-district completeness.,No accepted normalized observation in this collection pass. Raw documents may contain unextracted information.
REAL_006,approvals,proposal_number,0,missing_or_not_yet_verified,Evidence is scoped and dated; presence does not imply current project-wide or study-district completeness.,No accepted normalized observation in this collection pass. Raw documents may contain unextracted information.
REAL_006,approvals,approval_number,0,missing_or_not_yet_verified,Evidence is scoped and dated; presence does not imply current project-wide or study-district completeness.,No accepted normalized observation in this collection pass. Raw documents may contain unextracted information.
REAL_006,approvals,approval_status,0,missing_or_not_yet_verified,Evidence is scoped and dated; presence does not imply current project-wide or study-district completeness.,No accepted normalized observation in this collection pass. Raw documents may contain unextracted information.
REAL_006,approvals,application_date,0,missing_or_not_yet_verified,Evidence is scoped and dated; presence does not imply current project-wide or study-district completeness.,No accepted normalized observation in this collection pass. Raw documents may contain unextracted information.
REAL_006,approvals,approval_date,0,missing_or_not_yet_verified,Evidence is scoped and dated; presence does not imply current project-wide or study-district completeness.,No accepted normalized observation in this collection pass. Raw documents may contain unextracted information.
REAL_006,approvals,expiry_date,0,missing_or_not_yet_verified,Evidence is scoped and dated; presence does not imply current project-wide or study-district completeness.,No accepted normalized observation in this collection pass. Raw documents may contain unextracted information.
REAL_006,climate,observation_date,6,partial_evidence_available,Evidence is scoped and dated; presence does not imply current project-wide or study-district completeness.,
REAL_006,climate,rainfall_mm,2,partial_evidence_available,Evidence is scoped and dated; presence does not imply current project-wide or study-district completeness.,
REAL_006,climate,temperature,0,missing_or_not_yet_verified,Evidence is scoped and dated; presence does not imply current project-wide or study-district completeness.,No accepted normalized observation in this collection pass. Raw documents may contain unextracted information.
REAL_006,climate,humidity,0,missing_or_not_yet_verified,Evidence is scoped and dated; presence does not imply current project-wide or study-district completeness.,No accepted normalized observation in this collection pass. Raw documents may contain unextracted information.
REAL_006,climate,weather_condition,0,missing_or_not_yet_verified,Evidence is scoped and dated; presence does not imply current project-wide or study-district completeness.,No accepted normalized observation in this collection pass. Raw documents may contain unextracted information.
REAL_006,climate,rainfall_category,2,partial_evidence_available,Evidence is scoped and dated; presence does not imply current project-wide or study-district completeness.,
REAL_006,climate,warning,0,missing_or_not_yet_verified,Evidence is scoped and dated; presence does not imply current project-wide or study-district completeness.,No accepted normalized observation in this collection pass. Raw documents may contain unextracted information.
REAL_006,climate,warning_date,0,missing_or_not_yet_verified,Evidence is scoped and dated; presence does not imply current project-wide or study-district completeness.,No accepted normalized observation in this collection pass. Raw documents may contain unextracted information.
REAL_006,terrain_landscape,elevation,0,missing_or_not_yet_verified,Evidence is scoped and dated; presence does not imply current project-wide or study-district completeness.,No accepted normalized observation in this collection pass. Raw documents may contain unextracted information.
REAL_006,terrain_landscape,slope,0,missing_or_not_yet_verified,Evidence is scoped and dated; presence does not imply current project-wide or study-district completeness.,No accepted normalized observation in this collection pass. Raw documents may contain unextracted information.
REAL_006,terrain_landscape,terrain_type,0,missing_or_not_yet_verified,Evidence is scoped and dated; presence does not imply current project-wide or study-district completeness.,No accepted normalized observation in this collection pass. Raw documents may contain unextracted information.
REAL_006,terrain_landscape,forest_intersection,0,missing_or_not_yet_verified,Evidence is scoped and dated; presence does not imply current project-wide or study-district completeness.,No accepted normalized observation in this collection pass. Raw documents may contain unextracted information.
REAL_006,terrain_landscape,waterbody_intersection,0,missing_or_not_yet_verified,Evidence is scoped and dated; presence does not imply current project-wide or study-district completeness.,No accepted normalized observation in this collection pass. Raw documents may contain unextracted information.
REAL_006,terrain_landscape,flood_risk,0,missing_or_not_yet_verified,Evidence is scoped and dated; presence does not imply current project-wide or study-district completeness.,No accepted normalized observation in this collection pass. Raw documents may contain unextracted information.
REAL_006,terrain_landscape,landslide_risk,0,missing_or_not_yet_verified,Evidence is scoped and dated; presence does not imply current project-wide or study-district completeness.,No accepted normalized observation in this collection pass. Raw documents may contain unextracted information.
REAL_006,terrain_landscape,access_constraint,0,missing_or_not_yet_verified,Evidence is scoped and dated; presence does not imply current project-wide or study-district completeness.,No accepted normalized observation in this collection pass. Raw documents may contain unextracted information.
REAL_006,barriers,barrier_type,0,missing_or_not_yet_verified,Evidence is scoped and dated; presence does not imply current project-wide or study-district completeness.,No accepted normalized observation in this collection pass. Raw documents may contain unextracted information.
REAL_006,barriers,barrier_description,0,missing_or_not_yet_verified,Evidence is scoped and dated; presence does not imply current project-wide or study-district completeness.,No accepted normalized observation in this collection pass. Raw documents may contain unextracted information.
REAL_006,barriers,severity,0,missing_or_not_yet_verified,Evidence is scoped and dated; presence does not imply current project-wide or study-district completeness.,No accepted normalized observation in this collection pass. Raw documents may contain unextracted information.
REAL_006,barriers,start_date,0,missing_or_not_yet_verified,Evidence is scoped and dated; presence does not imply current project-wide or study-district completeness.,No accepted normalized observation in this collection pass. Raw documents may contain unextracted information.
REAL_006,barriers,end_date,0,missing_or_not_yet_verified,Evidence is scoped and dated; presence does not imply current project-wide or study-district completeness.,No accepted normalized observation in this collection pass. Raw documents may contain unextracted information.
REAL_006,barriers,status,0,missing_or_not_yet_verified,Evidence is scoped and dated; presence does not imply current project-wide or study-district completeness.,No accepted normalized observation in this collection pass. Raw documents may contain unextracted information.
REAL_006,procurement_progress,tender_reference,0,missing_or_not_yet_verified,Evidence is scoped and dated; presence does not imply current project-wide or study-district completeness.,No accepted normalized observation in this collection pass. Raw documents may contain unextracted information.
REAL_006,procurement_progress,contractor_name,0,missing_or_not_yet_verified,Evidence is scoped and dated; presence does not imply current project-wide or study-district completeness.,No accepted normalized observation in this collection pass. Raw documents may contain unextracted information.
REAL_006,procurement_progress,contract_value,0,missing_or_not_yet_verified,Evidence is scoped and dated; presence does not imply current project-wide or study-district completeness.,No accepted normalized observation in this collection pass. Raw documents may contain unextracted information.
REAL_006,procurement_progress,physical_progress,0,missing_or_not_yet_verified,Evidence is scoped and dated; presence does not imply current project-wide or study-district completeness.,No accepted normalized observation in this collection pass. Raw documents may contain unextracted information.
REAL_006,procurement_progress,financial_progress,0,missing_or_not_yet_verified,Evidence is scoped and dated; presence does not imply current project-wide or study-district completeness.,No accepted normalized observation in this collection pass. Raw documents may contain unextracted information.
REAL_006,procurement_progress,construction_status,0,missing_or_not_yet_verified,Evidence is scoped and dated; presence does not imply current project-wide or study-district completeness.,No accepted normalized observation in this collection pass. Raw documents may contain unextracted information.
REAL_006,procurement_progress,completion_target,0,missing_or_not_yet_verified,Evidence is scoped and dated; presence does not imply current project-wide or study-district completeness.,No accepted normalized observation in this collection pass. Raw documents may contain unextracted information.
REAL_006,procurement_progress,delay,0,missing_or_not_yet_verified,Evidence is scoped and dated; presence does not imply current project-wide or study-district completeness.,No accepted normalized observation in this collection pass. Raw documents may contain unextracted information.
REAL_006,procurement_progress,EOT,0,missing_or_not_yet_verified,Evidence is scoped and dated; presence does not imply current project-wide or study-district completeness.,No accepted normalized observation in this collection pass. Raw documents may contain unextracted information.
REAL_006,procurement_progress,hindrance,0,missing_or_not_yet_verified,Evidence is scoped and dated; presence does not imply current project-wide or study-district completeness.,No accepted normalized observation in this collection pass. Raw documents may contain unextracted information.
REAL_007,identity,project_name,0,missing_or_not_yet_verified,Evidence is scoped and dated; presence does not imply current project-wide or study-district completeness.,No accepted normalized observation in this collection pass. Raw documents may contain unextracted information.
REAL_007,identity,authority,0,missing_or_not_yet_verified,Evidence is scoped and dated; presence does not imply current project-wide or study-district completeness.,No accepted normalized observation in this collection pass. Raw documents may contain unextracted information.
REAL_007,identity,project_number,0,missing_or_not_yet_verified,Evidence is scoped and dated; presence does not imply current project-wide or study-district completeness.,No accepted normalized observation in this collection pass. Raw documents may contain unextracted information.
REAL_007,identity,package_number,0,missing_or_not_yet_verified,Evidence is scoped and dated; presence does not imply current project-wide or study-district completeness.,No accepted normalized observation in this collection pass. Raw documents may contain unextracted information.
REAL_007,identity,state,9,partial_evidence_available,Evidence is scoped and dated; presence does not imply current project-wide or study-district completeness.,
REAL_007,identity,district,0,missing_or_not_yet_verified,Evidence is scoped and dated; presence does not imply current project-wide or study-district completeness.,No accepted normalized observation in this collection pass. Raw documents may contain unextracted information.
REAL_007,identity,tehsil,0,missing_or_not_yet_verified,Evidence is scoped and dated; presence does not imply current project-wide or study-district completeness.,No accepted normalized observation in this collection pass. Raw documents may contain unextracted information.
REAL_007,identity,village,0,missing_or_not_yet_verified,Evidence is scoped and dated; presence does not imply current project-wide or study-district completeness.,No accepted normalized observation in this collection pass. Raw documents may contain unextracted information.
REAL_007,identity,chainage_start,0,missing_or_not_yet_verified,Evidence is scoped and dated; presence does not imply current project-wide or study-district completeness.,No accepted normalized observation in this collection pass. Raw documents may contain unextracted information.
REAL_007,identity,chainage_end,0,missing_or_not_yet_verified,Evidence is scoped and dated; presence does not imply current project-wide or study-district completeness.,No accepted normalized observation in this collection pass. Raw documents may contain unextracted information.
REAL_007,identity,latitude,0,missing_or_not_yet_verified,Evidence is scoped and dated; presence does not imply current project-wide or study-district completeness.,No accepted normalized observation in this collection pass. Raw documents may contain unextracted information.
REAL_007,identity,longitude,0,missing_or_not_yet_verified,Evidence is scoped and dated; presence does not imply current project-wide or study-district completeness.,No accepted normalized observation in this collection pass. Raw documents may contain unextracted information.
REAL_007,land_acquisition,land_required_ha,0,missing_or_not_yet_verified,Evidence is scoped and dated; presence does not imply current project-wide or study-district completeness.,No accepted normalized observation in this collection pass. Raw documents may contain unextracted information.
REAL_007,land_acquisition,land_available_ha,0,missing_or_not_yet_verified,Evidence is scoped and dated; presence does not imply current project-wide or study-district completeness.,No accepted normalized observation in this collection pass. Raw documents may contain unextracted information.
REAL_007,land_acquisition,land_to_be_acquired_ha,0,missing_or_not_yet_verified,Evidence is scoped and dated; presence does not imply current project-wide or study-district completeness.,No accepted normalized observation in this collection pass. Raw documents may contain unextracted information.
REAL_007,land_acquisition,land_acquired_ha,0,missing_or_not_yet_verified,Evidence is scoped and dated; presence does not imply current project-wide or study-district completeness.,No accepted normalized observation in this collection pass. Raw documents may contain unextracted information.
REAL_007,land_acquisition,land_acquired_till_now_ha,0,missing_or_not_yet_verified,Evidence is scoped and dated; presence does not imply current project-wide or study-district completeness.,No accepted normalized observation in this collection pass. Raw documents may contain unextracted information.
REAL_007,land_acquisition,acquisition_progress_pct,0,missing_or_not_yet_verified,Evidence is scoped and dated; presence does not imply current project-wide or study-district completeness.,No accepted normalized observation in this collection pass. Raw documents may contain unextracted information.
REAL_007,land_acquisition,3A_notification_number,0,missing_or_not_yet_verified,Evidence is scoped and dated; presence does not imply current project-wide or study-district completeness.,No accepted normalized observation in this collection pass. Raw documents may contain unextracted information.
REAL_007,land_acquisition,3A_notification_date,0,missing_or_not_yet_verified,Evidence is scoped and dated; presence does not imply current project-wide or study-district completeness.,No accepted normalized observation in this collection pass. Raw documents may contain unextracted information.
REAL_007,land_acquisition,3D_notification_number,0,missing_or_not_yet_verified,Evidence is scoped and dated; presence does not imply current project-wide or study-district completeness.,No accepted normalized observation in this collection pass. Raw documents may contain unextracted information.
REAL_007,land_acquisition,3D_notification_date,0,missing_or_not_yet_verified,Evidence is scoped and dated; presence does not imply current project-wide or study-district completeness.,No accepted normalized observation in this collection pass. Raw documents may contain unextracted information.
REAL_007,land_acquisition,award_number,0,missing_or_not_yet_verified,Evidence is scoped and dated; presence does not imply current project-wide or study-district completeness.,No accepted normalized observation in this collection pass. Raw documents may contain unextracted information.
REAL_007,land_acquisition,award_date,0,missing_or_not_yet_verified,Evidence is scoped and dated; presence does not imply current project-wide or study-district completeness.,No accepted normalized observation in this collection pass. Raw documents may contain unextracted information.
REAL_007,land_acquisition,possession_date,0,missing_or_not_yet_verified,Evidence is scoped and dated; presence does not imply current project-wide or study-district completeness.,No accepted normalized observation in this collection pass. Raw documents may contain unextracted information.
REAL_007,land_acquisition,possession_percentage,0,missing_or_not_yet_verified,Evidence is scoped and dated; presence does not imply current project-wide or study-district completeness.,No accepted normalized observation in this collection pass. Raw documents may contain unextracted information.
REAL_007,land_acquisition,CALA,0,missing_or_not_yet_verified,Evidence is scoped and dated; presence does not imply current project-wide or study-district completeness.,No accepted normalized observation in this collection pass. Raw documents may contain unextracted information.
REAL_007,land_acquisition,acquisition_status,0,missing_or_not_yet_verified,Evidence is scoped and dated; presence does not imply current project-wide or study-district completeness.,No accepted normalized observation in this collection pass. Raw documents may contain unextracted information.
REAL_007,compensation,compensation_amount,0,missing_or_not_yet_verified,Evidence is scoped and dated; presence does not imply current project-wide or study-district completeness.,No accepted normalized observation in this collection pass. Raw documents may contain unextracted information.
REAL_007,compensation,compensation_awarded,0,missing_or_not_yet_verified,Evidence is scoped and dated; presence does not imply current project-wide or study-district completeness.,No accepted normalized observation in this collection pass. Raw documents may contain unextracted information.
REAL_007,compensation,compensation_paid,0,missing_or_not_yet_verified,Evidence is scoped and dated; presence does not imply current project-wide or study-district completeness.,No accepted normalized observation in this collection pass. Raw documents may contain unextracted information.
REAL_007,compensation,compensation_pending,0,missing_or_not_yet_verified,Evidence is scoped and dated; presence does not imply current project-wide or study-district completeness.,No accepted normalized observation in this collection pass. Raw documents may contain unextracted information.
REAL_007,compensation,payment_date,0,missing_or_not_yet_verified,Evidence is scoped and dated; presence does not imply current project-wide or study-district completeness.,No accepted normalized observation in this collection pass. Raw documents may contain unextracted information.
REAL_007,compensation,affected_families,0,missing_or_not_yet_verified,Evidence is scoped and dated; presence does not imply current project-wide or study-district completeness.,No accepted normalized observation in this collection pass. Raw documents may contain unextracted information.
REAL_007,compensation,landowners_count,0,missing_or_not_yet_verified,Evidence is scoped and dated; presence does not imply current project-wide or study-district completeness.,No accepted normalized observation in this collection pass. Raw documents may contain unextracted information.
REAL_007,compensation,payment_status,0,missing_or_not_yet_verified,Evidence is scoped and dated; presence does not imply current project-wide or study-district completeness.,No accepted normalized observation in this collection pass. Raw documents may contain unextracted information.
REAL_007,rr_social_impact,SIA_status,0,missing_or_not_yet_verified,Evidence is scoped and dated; presence does not imply current project-wide or study-district completeness.,No accepted normalized observation in this collection pass. Raw documents may contain unextracted information.
REAL_007,rr_social_impact,SIA_date,0,missing_or_not_yet_verified,Evidence is scoped and dated; presence does not imply current project-wide or study-district completeness.,No accepted normalized observation in this collection pass. Raw documents may contain unextracted information.
REAL_007,rr_social_impact,affected_families,0,missing_or_not_yet_verified,Evidence is scoped and dated; presence does not imply current project-wide or study-district completeness.,No accepted normalized observation in this collection pass. Raw documents may contain unextracted information.
REAL_007,rr_social_impact,RR_status,0,missing_or_not_yet_verified,Evidence is scoped and dated; presence does not imply current project-wide or study-district completeness.,No accepted normalized observation in this collection pass. Raw documents may contain unextracted information.
REAL_007,rr_social_impact,RR_progress,0,missing_or_not_yet_verified,Evidence is scoped and dated; presence does not imply current project-wide or study-district completeness.,No accepted normalized observation in this collection pass. Raw documents may contain unextracted information.
REAL_007,rr_social_impact,resettlement_sites,0,missing_or_not_yet_verified,Evidence is scoped and dated; presence does not imply current project-wide or study-district completeness.,No accepted normalized observation in this collection pass. Raw documents may contain unextracted information.
REAL_007,rr_social_impact,rehabilitation_status,0,missing_or_not_yet_verified,Evidence is scoped and dated; presence does not imply current project-wide or study-district completeness.,No accepted normalized observation in this collection pass. Raw documents may contain unextracted information.
REAL_007,legal,case_number,0,missing_or_not_yet_verified,Evidence is scoped and dated; presence does not imply current project-wide or study-district completeness.,No accepted normalized observation in this collection pass. Raw documents may contain unextracted information.
REAL_007,legal,court,0,missing_or_not_yet_verified,Evidence is scoped and dated; presence does not imply current project-wide or study-district completeness.,No accepted normalized observation in this collection pass. Raw documents may contain unextracted information.
REAL_007,legal,case_type,0,missing_or_not_yet_verified,Evidence is scoped and dated; presence does not imply current project-wide or study-district completeness.,No accepted normalized observation in this collection pass. Raw documents may contain unextracted information.
REAL_007,legal,filing_date,0,missing_or_not_yet_verified,Evidence is scoped and dated; presence does not imply current project-wide or study-district completeness.,No accepted normalized observation in this collection pass. Raw documents may contain unextracted information.
REAL_007,legal,case_status,0,missing_or_not_yet_verified,Evidence is scoped and dated; presence does not imply current project-wide or study-district completeness.,No accepted normalized observation in this collection pass. Raw documents may contain unextracted information.
REAL_007,legal,last_hearing_date,0,missing_or_not_yet_verified,Evidence is scoped and dated; presence does not imply current project-wide or study-district completeness.,No accepted normalized observation in this collection pass. Raw documents may contain unextracted information.
REAL_007,legal,legal_issue,0,missing_or_not_yet_verified,Evidence is scoped and dated; presence does not imply current project-wide or study-district completeness.,No accepted normalized observation in this collection pass. Raw documents may contain unextracted information.
REAL_007,legal,project_relation,0,missing_or_not_yet_verified,Evidence is scoped and dated; presence does not imply current project-wide or study-district completeness.,No accepted normalized observation in this collection pass. Raw documents may contain unextracted information.
REAL_007,approvals,approval_type,0,missing_or_not_yet_verified,Evidence is scoped and dated; presence does not imply current project-wide or study-district completeness.,No accepted normalized observation in this collection pass. Raw documents may contain unextracted information.
REAL_007,approvals,proposal_number,0,missing_or_not_yet_verified,Evidence is scoped and dated; presence does not imply current project-wide or study-district completeness.,No accepted normalized observation in this collection pass. Raw documents may contain unextracted information.
REAL_007,approvals,approval_number,0,missing_or_not_yet_verified,Evidence is scoped and dated; presence does not imply current project-wide or study-district completeness.,No accepted normalized observation in this collection pass. Raw documents may contain unextracted information.
REAL_007,approvals,approval_status,0,missing_or_not_yet_verified,Evidence is scoped and dated; presence does not imply current project-wide or study-district completeness.,No accepted normalized observation in this collection pass. Raw documents may contain unextracted information.
REAL_007,approvals,application_date,0,missing_or_not_yet_verified,Evidence is scoped and dated; presence does not imply current project-wide or study-district completeness.,No accepted normalized observation in this collection pass. Raw documents may contain unextracted information.
REAL_007,approvals,approval_date,0,missing_or_not_yet_verified,Evidence is scoped and dated; presence does not imply current project-wide or study-district completeness.,No accepted normalized observation in this collection pass. Raw documents may contain unextracted information.
REAL_007,approvals,expiry_date,0,missing_or_not_yet_verified,Evidence is scoped and dated; presence does not imply current project-wide or study-district completeness.,No accepted normalized observation in this collection pass. Raw documents may contain unextracted information.
REAL_007,climate,observation_date,11,partial_evidence_available,Evidence is scoped and dated; presence does not imply current project-wide or study-district completeness.,
REAL_007,climate,rainfall_mm,0,missing_or_not_yet_verified,Evidence is scoped and dated; presence does not imply current project-wide or study-district completeness.,No accepted normalized observation in this collection pass. Raw documents may contain unextracted information.
REAL_007,climate,temperature,0,missing_or_not_yet_verified,Evidence is scoped and dated; presence does not imply current project-wide or study-district completeness.,No accepted normalized observation in this collection pass. Raw documents may contain unextracted information.
REAL_007,climate,humidity,0,missing_or_not_yet_verified,Evidence is scoped and dated; presence does not imply current project-wide or study-district completeness.,No accepted normalized observation in this collection pass. Raw documents may contain unextracted information.
REAL_007,climate,weather_condition,0,missing_or_not_yet_verified,Evidence is scoped and dated; presence does not imply current project-wide or study-district completeness.,No accepted normalized observation in this collection pass. Raw documents may contain unextracted information.
REAL_007,climate,rainfall_category,0,missing_or_not_yet_verified,Evidence is scoped and dated; presence does not imply current project-wide or study-district completeness.,No accepted normalized observation in this collection pass. Raw documents may contain unextracted information.
REAL_007,climate,warning,0,missing_or_not_yet_verified,Evidence is scoped and dated; presence does not imply current project-wide or study-district completeness.,No accepted normalized observation in this collection pass. Raw documents may contain unextracted information.
REAL_007,climate,warning_date,0,missing_or_not_yet_verified,Evidence is scoped and dated; presence does not imply current project-wide or study-district completeness.,No accepted normalized observation in this collection pass. Raw documents may contain unextracted information.
REAL_007,terrain_landscape,elevation,0,missing_or_not_yet_verified,Evidence is scoped and dated; presence does not imply current project-wide or study-district completeness.,No accepted normalized observation in this collection pass. Raw documents may contain unextracted information.
REAL_007,terrain_landscape,slope,0,missing_or_not_yet_verified,Evidence is scoped and dated; presence does not imply current project-wide or study-district completeness.,No accepted normalized observation in this collection pass. Raw documents may contain unextracted information.
REAL_007,terrain_landscape,terrain_type,0,missing_or_not_yet_verified,Evidence is scoped and dated; presence does not imply current project-wide or study-district completeness.,No accepted normalized observation in this collection pass. Raw documents may contain unextracted information.
REAL_007,terrain_landscape,forest_intersection,0,missing_or_not_yet_verified,Evidence is scoped and dated; presence does not imply current project-wide or study-district completeness.,No accepted normalized observation in this collection pass. Raw documents may contain unextracted information.
REAL_007,terrain_landscape,waterbody_intersection,0,missing_or_not_yet_verified,Evidence is scoped and dated; presence does not imply current project-wide or study-district completeness.,No accepted normalized observation in this collection pass. Raw documents may contain unextracted information.
REAL_007,terrain_landscape,flood_risk,0,missing_or_not_yet_verified,Evidence is scoped and dated; presence does not imply current project-wide or study-district completeness.,No accepted normalized observation in this collection pass. Raw documents may contain unextracted information.
REAL_007,terrain_landscape,landslide_risk,0,missing_or_not_yet_verified,Evidence is scoped and dated; presence does not imply current project-wide or study-district completeness.,No accepted normalized observation in this collection pass. Raw documents may contain unextracted information.
REAL_007,terrain_landscape,access_constraint,0,missing_or_not_yet_verified,Evidence is scoped and dated; presence does not imply current project-wide or study-district completeness.,No accepted normalized observation in this collection pass. Raw documents may contain unextracted information.
REAL_007,barriers,barrier_type,0,missing_or_not_yet_verified,Evidence is scoped and dated; presence does not imply current project-wide or study-district completeness.,No accepted normalized observation in this collection pass. Raw documents may contain unextracted information.
REAL_007,barriers,barrier_description,9,partial_evidence_available,Evidence is scoped and dated; presence does not imply current project-wide or study-district completeness.,
REAL_007,barriers,severity,0,missing_or_not_yet_verified,Evidence is scoped and dated; presence does not imply current project-wide or study-district completeness.,No accepted normalized observation in this collection pass. Raw documents may contain unextracted information.
REAL_007,barriers,start_date,0,missing_or_not_yet_verified,Evidence is scoped and dated; presence does not imply current project-wide or study-district completeness.,No accepted normalized observation in this collection pass. Raw documents may contain unextracted information.
REAL_007,barriers,end_date,0,missing_or_not_yet_verified,Evidence is scoped and dated; presence does not imply current project-wide or study-district completeness.,No accepted normalized observation in this collection pass. Raw documents may contain unextracted information.
REAL_007,barriers,status,0,missing_or_not_yet_verified,Evidence is scoped and dated; presence does not imply current project-wide or study-district completeness.,No accepted normalized observation in this collection pass. Raw documents may contain unextracted information.
REAL_007,procurement_progress,tender_reference,0,missing_or_not_yet_verified,Evidence is scoped and dated; presence does not imply current project-wide or study-district completeness.,No accepted normalized observation in this collection pass. Raw documents may contain unextracted information.
REAL_007,procurement_progress,contractor_name,0,missing_or_not_yet_verified,Evidence is scoped and dated; presence does not imply current project-wide or study-district completeness.,No accepted normalized observation in this collection pass. Raw documents may contain unextracted information.
REAL_007,procurement_progress,contract_value,0,missing_or_not_yet_verified,Evidence is scoped and dated; presence does not imply current project-wide or study-district completeness.,No accepted normalized observation in this collection pass. Raw documents may contain unextracted information.
REAL_007,procurement_progress,physical_progress,0,missing_or_not_yet_verified,Evidence is scoped and dated; presence does not imply current project-wide or study-district completeness.,No accepted normalized observation in this collection pass. Raw documents may contain unextracted information.
REAL_007,procurement_progress,financial_progress,0,missing_or_not_yet_verified,Evidence is scoped and dated; presence does not imply current project-wide or study-district completeness.,No accepted normalized observation in this collection pass. Raw documents may contain unextracted information.
REAL_007,procurement_progress,construction_status,0,missing_or_not_yet_verified,Evidence is scoped and dated; presence does not imply current project-wide or study-district completeness.,No accepted normalized observation in this collection pass. Raw documents may contain unextracted information.
REAL_007,procurement_progress,completion_target,0,missing_or_not_yet_verified,Evidence is scoped and dated; presence does not imply current project-wide or study-district completeness.,No accepted normalized observation in this collection pass. Raw documents may contain unextracted information.
REAL_007,procurement_progress,delay,0,missing_or_not_yet_verified,Evidence is scoped and dated; presence does not imply current project-wide or study-district completeness.,No accepted normalized observation in this collection pass. Raw documents may contain unextracted information.
REAL_007,procurement_progress,EOT,0,missing_or_not_yet_verified,Evidence is scoped and dated; presence does not imply current project-wide or study-district completeness.,No accepted normalized observation in this collection pass. Raw documents may contain unextracted information.
REAL_007,procurement_progress,hindrance,0,missing_or_not_yet_verified,Evidence is scoped and dated; presence does not imply current project-wide or study-district completeness.,No accepted normalized observation in this collection pass. Raw documents may contain unextracted information.
REAL_008,identity,project_name,0,missing_or_not_yet_verified,Evidence is scoped and dated; presence does not imply current project-wide or study-district completeness.,No accepted normalized observation in this collection pass. Raw documents may contain unextracted information.
REAL_008,identity,authority,0,missing_or_not_yet_verified,Evidence is scoped and dated; presence does not imply current project-wide or study-district completeness.,No accepted normalized observation in this collection pass. Raw documents may contain unextracted information.
REAL_008,identity,project_number,0,missing_or_not_yet_verified,Evidence is scoped and dated; presence does not imply current project-wide or study-district completeness.,No accepted normalized observation in this collection pass. Raw documents may contain unextracted information.
REAL_008,identity,package_number,0,missing_or_not_yet_verified,Evidence is scoped and dated; presence does not imply current project-wide or study-district completeness.,No accepted normalized observation in this collection pass. Raw documents may contain unextracted information.
REAL_008,identity,state,6,partial_evidence_available,Evidence is scoped and dated; presence does not imply current project-wide or study-district completeness.,
REAL_008,identity,district,6,partial_evidence_available,Evidence is scoped and dated; presence does not imply current project-wide or study-district completeness.,
REAL_008,identity,tehsil,0,missing_or_not_yet_verified,Evidence is scoped and dated; presence does not imply current project-wide or study-district completeness.,No accepted normalized observation in this collection pass. Raw documents may contain unextracted information.
REAL_008,identity,village,0,missing_or_not_yet_verified,Evidence is scoped and dated; presence does not imply current project-wide or study-district completeness.,No accepted normalized observation in this collection pass. Raw documents may contain unextracted information.
REAL_008,identity,chainage_start,0,missing_or_not_yet_verified,Evidence is scoped and dated; presence does not imply current project-wide or study-district completeness.,No accepted normalized observation in this collection pass. Raw documents may contain unextracted information.
REAL_008,identity,chainage_end,0,missing_or_not_yet_verified,Evidence is scoped and dated; presence does not imply current project-wide or study-district completeness.,No accepted normalized observation in this collection pass. Raw documents may contain unextracted information.
REAL_008,identity,latitude,0,missing_or_not_yet_verified,Evidence is scoped and dated; presence does not imply current project-wide or study-district completeness.,No accepted normalized observation in this collection pass. Raw documents may contain unextracted information.
REAL_008,identity,longitude,0,missing_or_not_yet_verified,Evidence is scoped and dated; presence does not imply current project-wide or study-district completeness.,No accepted normalized observation in this collection pass. Raw documents may contain unextracted information.
REAL_008,land_acquisition,land_required_ha,0,missing_or_not_yet_verified,Evidence is scoped and dated; presence does not imply current project-wide or study-district completeness.,No accepted normalized observation in this collection pass. Raw documents may contain unextracted information.
REAL_008,land_acquisition,land_available_ha,0,missing_or_not_yet_verified,Evidence is scoped and dated; presence does not imply current project-wide or study-district completeness.,No accepted normalized observation in this collection pass. Raw documents may contain unextracted information.
REAL_008,land_acquisition,land_to_be_acquired_ha,0,missing_or_not_yet_verified,Evidence is scoped and dated; presence does not imply current project-wide or study-district completeness.,No accepted normalized observation in this collection pass. Raw documents may contain unextracted information.
REAL_008,land_acquisition,land_acquired_ha,0,missing_or_not_yet_verified,Evidence is scoped and dated; presence does not imply current project-wide or study-district completeness.,No accepted normalized observation in this collection pass. Raw documents may contain unextracted information.
REAL_008,land_acquisition,land_acquired_till_now_ha,0,missing_or_not_yet_verified,Evidence is scoped and dated; presence does not imply current project-wide or study-district completeness.,No accepted normalized observation in this collection pass. Raw documents may contain unextracted information.
REAL_008,land_acquisition,acquisition_progress_pct,0,missing_or_not_yet_verified,Evidence is scoped and dated; presence does not imply current project-wide or study-district completeness.,No accepted normalized observation in this collection pass. Raw documents may contain unextracted information.
REAL_008,land_acquisition,3A_notification_number,0,missing_or_not_yet_verified,Evidence is scoped and dated; presence does not imply current project-wide or study-district completeness.,No accepted normalized observation in this collection pass. Raw documents may contain unextracted information.
REAL_008,land_acquisition,3A_notification_date,0,missing_or_not_yet_verified,Evidence is scoped and dated; presence does not imply current project-wide or study-district completeness.,No accepted normalized observation in this collection pass. Raw documents may contain unextracted information.
REAL_008,land_acquisition,3D_notification_number,0,missing_or_not_yet_verified,Evidence is scoped and dated; presence does not imply current project-wide or study-district completeness.,No accepted normalized observation in this collection pass. Raw documents may contain unextracted information.
REAL_008,land_acquisition,3D_notification_date,0,missing_or_not_yet_verified,Evidence is scoped and dated; presence does not imply current project-wide or study-district completeness.,No accepted normalized observation in this collection pass. Raw documents may contain unextracted information.
REAL_008,land_acquisition,award_number,0,missing_or_not_yet_verified,Evidence is scoped and dated; presence does not imply current project-wide or study-district completeness.,No accepted normalized observation in this collection pass. Raw documents may contain unextracted information.
REAL_008,land_acquisition,award_date,0,missing_or_not_yet_verified,Evidence is scoped and dated; presence does not imply current project-wide or study-district completeness.,No accepted normalized observation in this collection pass. Raw documents may contain unextracted information.
REAL_008,land_acquisition,possession_date,0,missing_or_not_yet_verified,Evidence is scoped and dated; presence does not imply current project-wide or study-district completeness.,No accepted normalized observation in this collection pass. Raw documents may contain unextracted information.
REAL_008,land_acquisition,possession_percentage,0,missing_or_not_yet_verified,Evidence is scoped and dated; presence does not imply current project-wide or study-district completeness.,No accepted normalized observation in this collection pass. Raw documents may contain unextracted information.
REAL_008,land_acquisition,CALA,0,missing_or_not_yet_verified,Evidence is scoped and dated; presence does not imply current project-wide or study-district completeness.,No accepted normalized observation in this collection pass. Raw documents may contain unextracted information.
REAL_008,land_acquisition,acquisition_status,0,missing_or_not_yet_verified,Evidence is scoped and dated; presence does not imply current project-wide or study-district completeness.,No accepted normalized observation in this collection pass. Raw documents may contain unextracted information.
REAL_008,compensation,compensation_amount,0,missing_or_not_yet_verified,Evidence is scoped and dated; presence does not imply current project-wide or study-district completeness.,No accepted normalized observation in this collection pass. Raw documents may contain unextracted information.
REAL_008,compensation,compensation_awarded,0,missing_or_not_yet_verified,Evidence is scoped and dated; presence does not imply current project-wide or study-district completeness.,No accepted normalized observation in this collection pass. Raw documents may contain unextracted information.
REAL_008,compensation,compensation_paid,0,missing_or_not_yet_verified,Evidence is scoped and dated; presence does not imply current project-wide or study-district completeness.,No accepted normalized observation in this collection pass. Raw documents may contain unextracted information.
REAL_008,compensation,compensation_pending,0,missing_or_not_yet_verified,Evidence is scoped and dated; presence does not imply current project-wide or study-district completeness.,No accepted normalized observation in this collection pass. Raw documents may contain unextracted information.
REAL_008,compensation,payment_date,0,missing_or_not_yet_verified,Evidence is scoped and dated; presence does not imply current project-wide or study-district completeness.,No accepted normalized observation in this collection pass. Raw documents may contain unextracted information.
REAL_008,compensation,affected_families,0,missing_or_not_yet_verified,Evidence is scoped and dated; presence does not imply current project-wide or study-district completeness.,No accepted normalized observation in this collection pass. Raw documents may contain unextracted information.
REAL_008,compensation,landowners_count,0,missing_or_not_yet_verified,Evidence is scoped and dated; presence does not imply current project-wide or study-district completeness.,No accepted normalized observation in this collection pass. Raw documents may contain unextracted information.
REAL_008,compensation,payment_status,0,missing_or_not_yet_verified,Evidence is scoped and dated; presence does not imply current project-wide or study-district completeness.,No accepted normalized observation in this collection pass. Raw documents may contain unextracted information.
REAL_008,rr_social_impact,SIA_status,0,missing_or_not_yet_verified,Evidence is scoped and dated; presence does not imply current project-wide or study-district completeness.,No accepted normalized observation in this collection pass. Raw documents may contain unextracted information.
REAL_008,rr_social_impact,SIA_date,0,missing_or_not_yet_verified,Evidence is scoped and dated; presence does not imply current project-wide or study-district completeness.,No accepted normalized observation in this collection pass. Raw documents may contain unextracted information.
REAL_008,rr_social_impact,affected_families,0,missing_or_not_yet_verified,Evidence is scoped and dated; presence does not imply current project-wide or study-district completeness.,No accepted normalized observation in this collection pass. Raw documents may contain unextracted information.
REAL_008,rr_social_impact,RR_status,0,missing_or_not_yet_verified,Evidence is scoped and dated; presence does not imply current project-wide or study-district completeness.,No accepted normalized observation in this collection pass. Raw documents may contain unextracted information.
REAL_008,rr_social_impact,RR_progress,0,missing_or_not_yet_verified,Evidence is scoped and dated; presence does not imply current project-wide or study-district completeness.,No accepted normalized observation in this collection pass. Raw documents may contain unextracted information.
REAL_008,rr_social_impact,resettlement_sites,0,missing_or_not_yet_verified,Evidence is scoped and dated; presence does not imply current project-wide or study-district completeness.,No accepted normalized observation in this collection pass. Raw documents may contain unextracted information.
REAL_008,rr_social_impact,rehabilitation_status,0,missing_or_not_yet_verified,Evidence is scoped and dated; presence does not imply current project-wide or study-district completeness.,No accepted normalized observation in this collection pass. Raw documents may contain unextracted information.
REAL_008,legal,case_number,0,missing_or_not_yet_verified,Evidence is scoped and dated; presence does not imply current project-wide or study-district completeness.,No accepted normalized observation in this collection pass. Raw documents may contain unextracted information.
REAL_008,legal,court,0,missing_or_not_yet_verified,Evidence is scoped and dated; presence does not imply current project-wide or study-district completeness.,No accepted normalized observation in this collection pass. Raw documents may contain unextracted information.
REAL_008,legal,case_type,0,missing_or_not_yet_verified,Evidence is scoped and dated; presence does not imply current project-wide or study-district completeness.,No accepted normalized observation in this collection pass. Raw documents may contain unextracted information.
REAL_008,legal,filing_date,0,missing_or_not_yet_verified,Evidence is scoped and dated; presence does not imply current project-wide or study-district completeness.,No accepted normalized observation in this collection pass. Raw documents may contain unextracted information.
REAL_008,legal,case_status,0,missing_or_not_yet_verified,Evidence is scoped and dated; presence does not imply current project-wide or study-district completeness.,No accepted normalized observation in this collection pass. Raw documents may contain unextracted information.
REAL_008,legal,last_hearing_date,0,missing_or_not_yet_verified,Evidence is scoped and dated; presence does not imply current project-wide or study-district completeness.,No accepted normalized observation in this collection pass. Raw documents may contain unextracted information.
REAL_008,legal,legal_issue,0,missing_or_not_yet_verified,Evidence is scoped and dated; presence does not imply current project-wide or study-district completeness.,No accepted normalized observation in this collection pass. Raw documents may contain unextracted information.
REAL_008,legal,project_relation,0,missing_or_not_yet_verified,Evidence is scoped and dated; presence does not imply current project-wide or study-district completeness.,No accepted normalized observation in this collection pass. Raw documents may contain unextracted information.
REAL_008,approvals,approval_type,0,missing_or_not_yet_verified,Evidence is scoped and dated; presence does not imply current project-wide or study-district completeness.,No accepted normalized observation in this collection pass. Raw documents may contain unextracted information.
REAL_008,approvals,proposal_number,0,missing_or_not_yet_verified,Evidence is scoped and dated; presence does not imply current project-wide or study-district completeness.,No accepted normalized observation in this collection pass. Raw documents may contain unextracted information.
REAL_008,approvals,approval_number,0,missing_or_not_yet_verified,Evidence is scoped and dated; presence does not imply current project-wide or study-district completeness.,No accepted normalized observation in this collection pass. Raw documents may contain unextracted information.
REAL_008,approvals,approval_status,0,missing_or_not_yet_verified,Evidence is scoped and dated; presence does not imply current project-wide or study-district completeness.,No accepted normalized observation in this collection pass. Raw documents may contain unextracted information.
REAL_008,approvals,application_date,0,missing_or_not_yet_verified,Evidence is scoped and dated; presence does not imply current project-wide or study-district completeness.,No accepted normalized observation in this collection pass. Raw documents may contain unextracted information.
REAL_008,approvals,approval_date,0,missing_or_not_yet_verified,Evidence is scoped and dated; presence does not imply current project-wide or study-district completeness.,No accepted normalized observation in this collection pass. Raw documents may contain unextracted information.
REAL_008,approvals,expiry_date,0,missing_or_not_yet_verified,Evidence is scoped and dated; presence does not imply current project-wide or study-district completeness.,No accepted normalized observation in this collection pass. Raw documents may contain unextracted information.
REAL_008,climate,observation_date,13,partial_evidence_available,Evidence is scoped and dated; presence does not imply current project-wide or study-district completeness.,
REAL_008,climate,rainfall_mm,2,partial_evidence_available,Evidence is scoped and dated; presence does not imply current project-wide or study-district completeness.,
REAL_008,climate,temperature,0,missing_or_not_yet_verified,Evidence is scoped and dated; presence does not imply current project-wide or study-district completeness.,No accepted normalized observation in this collection pass. Raw documents may contain unextracted information.
REAL_008,climate,humidity,0,missing_or_not_yet_verified,Evidence is scoped and dated; presence does not imply current project-wide or study-district completeness.,No accepted normalized observation in this collection pass. Raw documents may contain unextracted information.
REAL_008,climate,weather_condition,0,missing_or_not_yet_verified,Evidence is scoped and dated; presence does not imply current project-wide or study-district completeness.,No accepted normalized observation in this collection pass. Raw documents may contain unextracted information.
REAL_008,climate,rainfall_category,2,partial_evidence_available,Evidence is scoped and dated; presence does not imply current project-wide or study-district completeness.,
REAL_008,climate,warning,0,missing_or_not_yet_verified,Evidence is scoped and dated; presence does not imply current project-wide or study-district completeness.,No accepted normalized observation in this collection pass. Raw documents may contain unextracted information.
REAL_008,climate,warning_date,0,missing_or_not_yet_verified,Evidence is scoped and dated; presence does not imply current project-wide or study-district completeness.,No accepted normalized observation in this collection pass. Raw documents may contain unextracted information.
REAL_008,terrain_landscape,elevation,0,missing_or_not_yet_verified,Evidence is scoped and dated; presence does not imply current project-wide or study-district completeness.,No accepted normalized observation in this collection pass. Raw documents may contain unextracted information.
REAL_008,terrain_landscape,slope,0,missing_or_not_yet_verified,Evidence is scoped and dated; presence does not imply current project-wide or study-district completeness.,No accepted normalized observation in this collection pass. Raw documents may contain unextracted information.
REAL_008,terrain_landscape,terrain_type,0,missing_or_not_yet_verified,Evidence is scoped and dated; presence does not imply current project-wide or study-district completeness.,No accepted normalized observation in this collection pass. Raw documents may contain unextracted information.
REAL_008,terrain_landscape,forest_intersection,0,missing_or_not_yet_verified,Evidence is scoped and dated; presence does not imply current project-wide or study-district completeness.,No accepted normalized observation in this collection pass. Raw documents may contain unextracted information.
REAL_008,terrain_landscape,waterbody_intersection,0,missing_or_not_yet_verified,Evidence is scoped and dated; presence does not imply current project-wide or study-district completeness.,No accepted normalized observation in this collection pass. Raw documents may contain unextracted information.
REAL_008,terrain_landscape,flood_risk,0,missing_or_not_yet_verified,Evidence is scoped and dated; presence does not imply current project-wide or study-district completeness.,No accepted normalized observation in this collection pass. Raw documents may contain unextracted information.
REAL_008,terrain_landscape,landslide_risk,0,missing_or_not_yet_verified,Evidence is scoped and dated; presence does not imply current project-wide or study-district completeness.,No accepted normalized observation in this collection pass. Raw documents may contain unextracted information.
REAL_008,terrain_landscape,access_constraint,1,partial_evidence_available,Evidence is scoped and dated; presence does not imply current project-wide or study-district completeness.,
REAL_008,barriers,barrier_type,0,missing_or_not_yet_verified,Evidence is scoped and dated; presence does not imply current project-wide or study-district completeness.,No accepted normalized observation in this collection pass. Raw documents may contain unextracted information.
REAL_008,barriers,barrier_description,1,partial_evidence_available,Evidence is scoped and dated; presence does not imply current project-wide or study-district completeness.,
REAL_008,barriers,severity,0,missing_or_not_yet_verified,Evidence is scoped and dated; presence does not imply current project-wide or study-district completeness.,No accepted normalized observation in this collection pass. Raw documents may contain unextracted information.
REAL_008,barriers,start_date,0,missing_or_not_yet_verified,Evidence is scoped and dated; presence does not imply current project-wide or study-district completeness.,No accepted normalized observation in this collection pass. Raw documents may contain unextracted information.
REAL_008,barriers,end_date,0,missing_or_not_yet_verified,Evidence is scoped and dated; presence does not imply current project-wide or study-district completeness.,No accepted normalized observation in this collection pass. Raw documents may contain unextracted information.
REAL_008,barriers,status,0,missing_or_not_yet_verified,Evidence is scoped and dated; presence does not imply current project-wide or study-district completeness.,No accepted normalized observation in this collection pass. Raw documents may contain unextracted information.
REAL_008,procurement_progress,tender_reference,0,missing_or_not_yet_verified,Evidence is scoped and dated; presence does not imply current project-wide or study-district completeness.,No accepted normalized observation in this collection pass. Raw documents may contain unextracted information.
REAL_008,procurement_progress,contractor_name,1,partial_evidence_available,Evidence is scoped and dated; presence does not imply current project-wide or study-district completeness.,
REAL_008,procurement_progress,contract_value,0,missing_or_not_yet_verified,Evidence is scoped and dated; presence does not imply current project-wide or study-district completeness.,No accepted normalized observation in this collection pass. Raw documents may contain unextracted information.
REAL_008,procurement_progress,physical_progress,1,partial_evidence_available,Evidence is scoped and dated; presence does not imply current project-wide or study-district completeness.,
REAL_008,procurement_progress,financial_progress,1,partial_evidence_available,Evidence is scoped and dated; presence does not imply current project-wide or study-district completeness.,
REAL_008,procurement_progress,construction_status,0,missing_or_not_yet_verified,Evidence is scoped and dated; presence does not imply current project-wide or study-district completeness.,No accepted normalized observation in this collection pass. Raw documents may contain unextracted information.
REAL_008,procurement_progress,completion_target,1,partial_evidence_available,Evidence is scoped and dated; presence does not imply current project-wide or study-district completeness.,
REAL_008,procurement_progress,delay,0,missing_or_not_yet_verified,Evidence is scoped and dated; presence does not imply current project-wide or study-district completeness.,No accepted normalized observation in this collection pass. Raw documents may contain unextracted information.
REAL_008,procurement_progress,EOT,0,missing_or_not_yet_verified,Evidence is scoped and dated; presence does not imply current project-wide or study-district completeness.,No accepted normalized observation in this collection pass. Raw documents may contain unextracted information.
REAL_008,procurement_progress,hindrance,0,missing_or_not_yet_verified,Evidence is scoped and dated; presence does not imply current project-wide or study-district completeness.,No accepted normalized observation in this collection pass. Raw documents may contain unextracted information.
REAL_009,identity,project_name,0,missing_or_not_yet_verified,Evidence is scoped and dated; presence does not imply current project-wide or study-district completeness.,No accepted normalized observation in this collection pass. Raw documents may contain unextracted information.
REAL_009,identity,authority,0,missing_or_not_yet_verified,Evidence is scoped and dated; presence does not imply current project-wide or study-district completeness.,No accepted normalized observation in this collection pass. Raw documents may contain unextracted information.
REAL_009,identity,project_number,0,missing_or_not_yet_verified,Evidence is scoped and dated; presence does not imply current project-wide or study-district completeness.,No accepted normalized observation in this collection pass. Raw documents may contain unextracted information.
REAL_009,identity,package_number,2,partial_evidence_available,Evidence is scoped and dated; presence does not imply current project-wide or study-district completeness.,
REAL_009,identity,state,8,partial_evidence_available,Evidence is scoped and dated; presence does not imply current project-wide or study-district completeness.,
REAL_009,identity,district,8,partial_evidence_available,Evidence is scoped and dated; presence does not imply current project-wide or study-district completeness.,
REAL_009,identity,tehsil,0,missing_or_not_yet_verified,Evidence is scoped and dated; presence does not imply current project-wide or study-district completeness.,No accepted normalized observation in this collection pass. Raw documents may contain unextracted information.
REAL_009,identity,village,0,missing_or_not_yet_verified,Evidence is scoped and dated; presence does not imply current project-wide or study-district completeness.,No accepted normalized observation in this collection pass. Raw documents may contain unextracted information.
REAL_009,identity,chainage_start,0,missing_or_not_yet_verified,Evidence is scoped and dated; presence does not imply current project-wide or study-district completeness.,No accepted normalized observation in this collection pass. Raw documents may contain unextracted information.
REAL_009,identity,chainage_end,0,missing_or_not_yet_verified,Evidence is scoped and dated; presence does not imply current project-wide or study-district completeness.,No accepted normalized observation in this collection pass. Raw documents may contain unextracted information.
REAL_009,identity,latitude,0,missing_or_not_yet_verified,Evidence is scoped and dated; presence does not imply current project-wide or study-district completeness.,No accepted normalized observation in this collection pass. Raw documents may contain unextracted information.
REAL_009,identity,longitude,0,missing_or_not_yet_verified,Evidence is scoped and dated; presence does not imply current project-wide or study-district completeness.,No accepted normalized observation in this collection pass. Raw documents may contain unextracted information.
REAL_009,land_acquisition,land_required_ha,0,missing_or_not_yet_verified,Evidence is scoped and dated; presence does not imply current project-wide or study-district completeness.,No accepted normalized observation in this collection pass. Raw documents may contain unextracted information.
REAL_009,land_acquisition,land_available_ha,0,missing_or_not_yet_verified,Evidence is scoped and dated; presence does not imply current project-wide or study-district completeness.,No accepted normalized observation in this collection pass. Raw documents may contain unextracted information.
REAL_009,land_acquisition,land_to_be_acquired_ha,0,missing_or_not_yet_verified,Evidence is scoped and dated; presence does not imply current project-wide or study-district completeness.,No accepted normalized observation in this collection pass. Raw documents may contain unextracted information.
REAL_009,land_acquisition,land_acquired_ha,0,missing_or_not_yet_verified,Evidence is scoped and dated; presence does not imply current project-wide or study-district completeness.,No accepted normalized observation in this collection pass. Raw documents may contain unextracted information.
REAL_009,land_acquisition,land_acquired_till_now_ha,0,missing_or_not_yet_verified,Evidence is scoped and dated; presence does not imply current project-wide or study-district completeness.,No accepted normalized observation in this collection pass. Raw documents may contain unextracted information.
REAL_009,land_acquisition,acquisition_progress_pct,0,missing_or_not_yet_verified,Evidence is scoped and dated; presence does not imply current project-wide or study-district completeness.,No accepted normalized observation in this collection pass. Raw documents may contain unextracted information.
REAL_009,land_acquisition,3A_notification_number,0,missing_or_not_yet_verified,Evidence is scoped and dated; presence does not imply current project-wide or study-district completeness.,No accepted normalized observation in this collection pass. Raw documents may contain unextracted information.
REAL_009,land_acquisition,3A_notification_date,0,missing_or_not_yet_verified,Evidence is scoped and dated; presence does not imply current project-wide or study-district completeness.,No accepted normalized observation in this collection pass. Raw documents may contain unextracted information.
REAL_009,land_acquisition,3D_notification_number,0,missing_or_not_yet_verified,Evidence is scoped and dated; presence does not imply current project-wide or study-district completeness.,No accepted normalized observation in this collection pass. Raw documents may contain unextracted information.
REAL_009,land_acquisition,3D_notification_date,0,missing_or_not_yet_verified,Evidence is scoped and dated; presence does not imply current project-wide or study-district completeness.,No accepted normalized observation in this collection pass. Raw documents may contain unextracted information.
REAL_009,land_acquisition,award_number,0,missing_or_not_yet_verified,Evidence is scoped and dated; presence does not imply current project-wide or study-district completeness.,No accepted normalized observation in this collection pass. Raw documents may contain unextracted information.
REAL_009,land_acquisition,award_date,0,missing_or_not_yet_verified,Evidence is scoped and dated; presence does not imply current project-wide or study-district completeness.,No accepted normalized observation in this collection pass. Raw documents may contain unextracted information.
REAL_009,land_acquisition,possession_date,0,missing_or_not_yet_verified,Evidence is scoped and dated; presence does not imply current project-wide or study-district completeness.,No accepted normalized observation in this collection pass. Raw documents may contain unextracted information.
REAL_009,land_acquisition,possession_percentage,0,missing_or_not_yet_verified,Evidence is scoped and dated; presence does not imply current project-wide or study-district completeness.,No accepted normalized observation in this collection pass. Raw documents may contain unextracted information.
REAL_009,land_acquisition,CALA,0,missing_or_not_yet_verified,Evidence is scoped and dated; presence does not imply current project-wide or study-district completeness.,No accepted normalized observation in this collection pass. Raw documents may contain unextracted information.
REAL_009,land_acquisition,acquisition_status,0,missing_or_not_yet_verified,Evidence is scoped and dated; presence does not imply current project-wide or study-district completeness.,No accepted normalized observation in this collection pass. Raw documents may contain unextracted information.
REAL_009,compensation,compensation_amount,0,missing_or_not_yet_verified,Evidence is scoped and dated; presence does not imply current project-wide or study-district completeness.,No accepted normalized observation in this collection pass. Raw documents may contain unextracted information.
REAL_009,compensation,compensation_awarded,0,missing_or_not_yet_verified,Evidence is scoped and dated; presence does not imply current project-wide or study-district completeness.,No accepted normalized observation in this collection pass. Raw documents may contain unextracted information.
REAL_009,compensation,compensation_paid,0,missing_or_not_yet_verified,Evidence is scoped and dated; presence does not imply current project-wide or study-district completeness.,No accepted normalized observation in this collection pass. Raw documents may contain unextracted information.
REAL_009,compensation,compensation_pending,0,missing_or_not_yet_verified,Evidence is scoped and dated; presence does not imply current project-wide or study-district completeness.,No accepted normalized observation in this collection pass. Raw documents may contain unextracted information.
REAL_009,compensation,payment_date,0,missing_or_not_yet_verified,Evidence is scoped and dated; presence does not imply current project-wide or study-district completeness.,No accepted normalized observation in this collection pass. Raw documents may contain unextracted information.
REAL_009,compensation,affected_families,0,missing_or_not_yet_verified,Evidence is scoped and dated; presence does not imply current project-wide or study-district completeness.,No accepted normalized observation in this collection pass. Raw documents may contain unextracted information.
REAL_009,compensation,landowners_count,0,missing_or_not_yet_verified,Evidence is scoped and dated; presence does not imply current project-wide or study-district completeness.,No accepted normalized observation in this collection pass. Raw documents may contain unextracted information.
REAL_009,compensation,payment_status,0,missing_or_not_yet_verified,Evidence is scoped and dated; presence does not imply current project-wide or study-district completeness.,No accepted normalized observation in this collection pass. Raw documents may contain unextracted information.
REAL_009,rr_social_impact,SIA_status,0,missing_or_not_yet_verified,Evidence is scoped and dated; presence does not imply current project-wide or study-district completeness.,No accepted normalized observation in this collection pass. Raw documents may contain unextracted information.
REAL_009,rr_social_impact,SIA_date,0,missing_or_not_yet_verified,Evidence is scoped and dated; presence does not imply current project-wide or study-district completeness.,No accepted normalized observation in this collection pass. Raw documents may contain unextracted information.
REAL_009,rr_social_impact,affected_families,0,missing_or_not_yet_verified,Evidence is scoped and dated; presence does not imply current project-wide or study-district completeness.,No accepted normalized observation in this collection pass. Raw documents may contain unextracted information.
REAL_009,rr_social_impact,RR_status,0,missing_or_not_yet_verified,Evidence is scoped and dated; presence does not imply current project-wide or study-district completeness.,No accepted normalized observation in this collection pass. Raw documents may contain unextracted information.
REAL_009,rr_social_impact,RR_progress,0,missing_or_not_yet_verified,Evidence is scoped and dated; presence does not imply current project-wide or study-district completeness.,No accepted normalized observation in this collection pass. Raw documents may contain unextracted information.
REAL_009,rr_social_impact,resettlement_sites,0,missing_or_not_yet_verified,Evidence is scoped and dated; presence does not imply current project-wide or study-district completeness.,No accepted normalized observation in this collection pass. Raw documents may contain unextracted information.
REAL_009,rr_social_impact,rehabilitation_status,0,missing_or_not_yet_verified,Evidence is scoped and dated; presence does not imply current project-wide or study-district completeness.,No accepted normalized observation in this collection pass. Raw documents may contain unextracted information.
REAL_009,legal,case_number,0,missing_or_not_yet_verified,Evidence is scoped and dated; presence does not imply current project-wide or study-district completeness.,No accepted normalized observation in this collection pass. Raw documents may contain unextracted information.
REAL_009,legal,court,0,missing_or_not_yet_verified,Evidence is scoped and dated; presence does not imply current project-wide or study-district completeness.,No accepted normalized observation in this collection pass. Raw documents may contain unextracted information.
REAL_009,legal,case_type,0,missing_or_not_yet_verified,Evidence is scoped and dated; presence does not imply current project-wide or study-district completeness.,No accepted normalized observation in this collection pass. Raw documents may contain unextracted information.
REAL_009,legal,filing_date,0,missing_or_not_yet_verified,Evidence is scoped and dated; presence does not imply current project-wide or study-district completeness.,No accepted normalized observation in this collection pass. Raw documents may contain unextracted information.
REAL_009,legal,case_status,0,missing_or_not_yet_verified,Evidence is scoped and dated; presence does not imply current project-wide or study-district completeness.,No accepted normalized observation in this collection pass. Raw documents may contain unextracted information.
REAL_009,legal,last_hearing_date,0,missing_or_not_yet_verified,Evidence is scoped and dated; presence does not imply current project-wide or study-district completeness.,No accepted normalized observation in this collection pass. Raw documents may contain unextracted information.
REAL_009,legal,legal_issue,0,missing_or_not_yet_verified,Evidence is scoped and dated; presence does not imply current project-wide or study-district completeness.,No accepted normalized observation in this collection pass. Raw documents may contain unextracted information.
REAL_009,legal,project_relation,0,missing_or_not_yet_verified,Evidence is scoped and dated; presence does not imply current project-wide or study-district completeness.,No accepted normalized observation in this collection pass. Raw documents may contain unextracted information.
REAL_009,approvals,approval_type,0,missing_or_not_yet_verified,Evidence is scoped and dated; presence does not imply current project-wide or study-district completeness.,No accepted normalized observation in this collection pass. Raw documents may contain unextracted information.
REAL_009,approvals,proposal_number,0,missing_or_not_yet_verified,Evidence is scoped and dated; presence does not imply current project-wide or study-district completeness.,No accepted normalized observation in this collection pass. Raw documents may contain unextracted information.
REAL_009,approvals,approval_number,0,missing_or_not_yet_verified,Evidence is scoped and dated; presence does not imply current project-wide or study-district completeness.,No accepted normalized observation in this collection pass. Raw documents may contain unextracted information.
REAL_009,approvals,approval_status,1,partial_evidence_available,Evidence is scoped and dated; presence does not imply current project-wide or study-district completeness.,
REAL_009,approvals,application_date,0,missing_or_not_yet_verified,Evidence is scoped and dated; presence does not imply current project-wide or study-district completeness.,No accepted normalized observation in this collection pass. Raw documents may contain unextracted information.
REAL_009,approvals,approval_date,0,missing_or_not_yet_verified,Evidence is scoped and dated; presence does not imply current project-wide or study-district completeness.,No accepted normalized observation in this collection pass. Raw documents may contain unextracted information.
REAL_009,approvals,expiry_date,0,missing_or_not_yet_verified,Evidence is scoped and dated; presence does not imply current project-wide or study-district completeness.,No accepted normalized observation in this collection pass. Raw documents may contain unextracted information.
REAL_009,climate,observation_date,8,partial_evidence_available,Evidence is scoped and dated; presence does not imply current project-wide or study-district completeness.,
REAL_009,climate,rainfall_mm,2,partial_evidence_available,Evidence is scoped and dated; presence does not imply current project-wide or study-district completeness.,
REAL_009,climate,temperature,0,missing_or_not_yet_verified,Evidence is scoped and dated; presence does not imply current project-wide or study-district completeness.,No accepted normalized observation in this collection pass. Raw documents may contain unextracted information.
REAL_009,climate,humidity,0,missing_or_not_yet_verified,Evidence is scoped and dated; presence does not imply current project-wide or study-district completeness.,No accepted normalized observation in this collection pass. Raw documents may contain unextracted information.
REAL_009,climate,weather_condition,0,missing_or_not_yet_verified,Evidence is scoped and dated; presence does not imply current project-wide or study-district completeness.,No accepted normalized observation in this collection pass. Raw documents may contain unextracted information.
REAL_009,climate,rainfall_category,2,partial_evidence_available,Evidence is scoped and dated; presence does not imply current project-wide or study-district completeness.,
REAL_009,climate,warning,0,missing_or_not_yet_verified,Evidence is scoped and dated; presence does not imply current project-wide or study-district completeness.,No accepted normalized observation in this collection pass. Raw documents may contain unextracted information.
REAL_009,climate,warning_date,0,missing_or_not_yet_verified,Evidence is scoped and dated; presence does not imply current project-wide or study-district completeness.,No accepted normalized observation in this collection pass. Raw documents may contain unextracted information.
REAL_009,terrain_landscape,elevation,0,missing_or_not_yet_verified,Evidence is scoped and dated; presence does not imply current project-wide or study-district completeness.,No accepted normalized observation in this collection pass. Raw documents may contain unextracted information.
REAL_009,terrain_landscape,slope,0,missing_or_not_yet_verified,Evidence is scoped and dated; presence does not imply current project-wide or study-district completeness.,No accepted normalized observation in this collection pass. Raw documents may contain unextracted information.
REAL_009,terrain_landscape,terrain_type,0,missing_or_not_yet_verified,Evidence is scoped and dated; presence does not imply current project-wide or study-district completeness.,No accepted normalized observation in this collection pass. Raw documents may contain unextracted information.
REAL_009,terrain_landscape,forest_intersection,0,missing_or_not_yet_verified,Evidence is scoped and dated; presence does not imply current project-wide or study-district completeness.,No accepted normalized observation in this collection pass. Raw documents may contain unextracted information.
REAL_009,terrain_landscape,waterbody_intersection,0,missing_or_not_yet_verified,Evidence is scoped and dated; presence does not imply current project-wide or study-district completeness.,No accepted normalized observation in this collection pass. Raw documents may contain unextracted information.
REAL_009,terrain_landscape,flood_risk,0,missing_or_not_yet_verified,Evidence is scoped and dated; presence does not imply current project-wide or study-district completeness.,No accepted normalized observation in this collection pass. Raw documents may contain unextracted information.
REAL_009,terrain_landscape,landslide_risk,0,missing_or_not_yet_verified,Evidence is scoped and dated; presence does not imply current project-wide or study-district completeness.,No accepted normalized observation in this collection pass. Raw documents may contain unextracted information.
REAL_009,terrain_landscape,access_constraint,0,missing_or_not_yet_verified,Evidence is scoped and dated; presence does not imply current project-wide or study-district completeness.,No accepted normalized observation in this collection pass. Raw documents may contain unextracted information.
REAL_009,barriers,barrier_type,0,missing_or_not_yet_verified,Evidence is scoped and dated; presence does not imply current project-wide or study-district completeness.,No accepted normalized observation in this collection pass. Raw documents may contain unextracted information.
REAL_009,barriers,barrier_description,0,missing_or_not_yet_verified,Evidence is scoped and dated; presence does not imply current project-wide or study-district completeness.,No accepted normalized observation in this collection pass. Raw documents may contain unextracted information.
REAL_009,barriers,severity,0,missing_or_not_yet_verified,Evidence is scoped and dated; presence does not imply current project-wide or study-district completeness.,No accepted normalized observation in this collection pass. Raw documents may contain unextracted information.
REAL_009,barriers,start_date,0,missing_or_not_yet_verified,Evidence is scoped and dated; presence does not imply current project-wide or study-district completeness.,No accepted normalized observation in this collection pass. Raw documents may contain unextracted information.
REAL_009,barriers,end_date,0,missing_or_not_yet_verified,Evidence is scoped and dated; presence does not imply current project-wide or study-district completeness.,No accepted normalized observation in this collection pass. Raw documents may contain unextracted information.
REAL_009,barriers,status,0,missing_or_not_yet_verified,Evidence is scoped and dated; presence does not imply current project-wide or study-district completeness.,No accepted normalized observation in this collection pass. Raw documents may contain unextracted information.
REAL_009,procurement_progress,tender_reference,0,missing_or_not_yet_verified,Evidence is scoped and dated; presence does not imply current project-wide or study-district completeness.,No accepted normalized observation in this collection pass. Raw documents may contain unextracted information.
REAL_009,procurement_progress,contractor_name,0,missing_or_not_yet_verified,Evidence is scoped and dated; presence does not imply current project-wide or study-district completeness.,No accepted normalized observation in this collection pass. Raw documents may contain unextracted information.
REAL_009,procurement_progress,contract_value,0,missing_or_not_yet_verified,Evidence is scoped and dated; presence does not imply current project-wide or study-district completeness.,No accepted normalized observation in this collection pass. Raw documents may contain unextracted information.
REAL_009,procurement_progress,physical_progress,0,missing_or_not_yet_verified,Evidence is scoped and dated; presence does not imply current project-wide or study-district completeness.,No accepted normalized observation in this collection pass. Raw documents may contain unextracted information.
REAL_009,procurement_progress,financial_progress,0,missing_or_not_yet_verified,Evidence is scoped and dated; presence does not imply current project-wide or study-district completeness.,No accepted normalized observation in this collection pass. Raw documents may contain unextracted information.
REAL_009,procurement_progress,construction_status,0,missing_or_not_yet_verified,Evidence is scoped and dated; presence does not imply current project-wide or study-district completeness.,No accepted normalized observation in this collection pass. Raw documents may contain unextracted information.
REAL_009,procurement_progress,completion_target,0,missing_or_not_yet_verified,Evidence is scoped and dated; presence does not imply current project-wide or study-district completeness.,No accepted normalized observation in this collection pass. Raw documents may contain unextracted information.
REAL_009,procurement_progress,delay,0,missing_or_not_yet_verified,Evidence is scoped and dated; presence does not imply current project-wide or study-district completeness.,No accepted normalized observation in this collection pass. Raw documents may contain unextracted information.
REAL_009,procurement_progress,EOT,0,missing_or_not_yet_verified,Evidence is scoped and dated; presence does not imply current project-wide or study-district completeness.,No accepted normalized observation in this collection pass. Raw documents may contain unextracted information.
REAL_009,procurement_progress,hindrance,0,missing_or_not_yet_verified,Evidence is scoped and dated; presence does not imply current project-wide or study-district completeness.,No accepted normalized observation in this collection pass. Raw documents may contain unextracted information.
REAL_010,identity,project_name,0,missing_or_not_yet_verified,Evidence is scoped and dated; presence does not imply current project-wide or study-district completeness.,No accepted normalized observation in this collection pass. Raw documents may contain unextracted information.
REAL_010,identity,authority,0,missing_or_not_yet_verified,Evidence is scoped and dated; presence does not imply current project-wide or study-district completeness.,No accepted normalized observation in this collection pass. Raw documents may contain unextracted information.
REAL_010,identity,project_number,0,missing_or_not_yet_verified,Evidence is scoped and dated; presence does not imply current project-wide or study-district completeness.,No accepted normalized observation in this collection pass. Raw documents may contain unextracted information.
REAL_010,identity,package_number,0,missing_or_not_yet_verified,Evidence is scoped and dated; presence does not imply current project-wide or study-district completeness.,No accepted normalized observation in this collection pass. Raw documents may contain unextracted information.
REAL_010,identity,state,6,partial_evidence_available,Evidence is scoped and dated; presence does not imply current project-wide or study-district completeness.,
REAL_010,identity,district,6,partial_evidence_available,Evidence is scoped and dated; presence does not imply current project-wide or study-district completeness.,
REAL_010,identity,tehsil,0,missing_or_not_yet_verified,Evidence is scoped and dated; presence does not imply current project-wide or study-district completeness.,No accepted normalized observation in this collection pass. Raw documents may contain unextracted information.
REAL_010,identity,village,0,missing_or_not_yet_verified,Evidence is scoped and dated; presence does not imply current project-wide or study-district completeness.,No accepted normalized observation in this collection pass. Raw documents may contain unextracted information.
REAL_010,identity,chainage_start,0,missing_or_not_yet_verified,Evidence is scoped and dated; presence does not imply current project-wide or study-district completeness.,No accepted normalized observation in this collection pass. Raw documents may contain unextracted information.
REAL_010,identity,chainage_end,0,missing_or_not_yet_verified,Evidence is scoped and dated; presence does not imply current project-wide or study-district completeness.,No accepted normalized observation in this collection pass. Raw documents may contain unextracted information.
REAL_010,identity,latitude,0,missing_or_not_yet_verified,Evidence is scoped and dated; presence does not imply current project-wide or study-district completeness.,No accepted normalized observation in this collection pass. Raw documents may contain unextracted information.
REAL_010,identity,longitude,0,missing_or_not_yet_verified,Evidence is scoped and dated; presence does not imply current project-wide or study-district completeness.,No accepted normalized observation in this collection pass. Raw documents may contain unextracted information.
REAL_010,land_acquisition,land_required_ha,1,partial_evidence_available,Evidence is scoped and dated; presence does not imply current project-wide or study-district completeness.,
REAL_010,land_acquisition,land_available_ha,0,missing_or_not_yet_verified,Evidence is scoped and dated; presence does not imply current project-wide or study-district completeness.,No accepted normalized observation in this collection pass. Raw documents may contain unextracted information.
REAL_010,land_acquisition,land_to_be_acquired_ha,1,partial_evidence_available,Evidence is scoped and dated; presence does not imply current project-wide or study-district completeness.,
REAL_010,land_acquisition,land_acquired_ha,0,missing_or_not_yet_verified,Evidence is scoped and dated; presence does not imply current project-wide or study-district completeness.,No accepted normalized observation in this collection pass. Raw documents may contain unextracted information.
REAL_010,land_acquisition,land_acquired_till_now_ha,0,missing_or_not_yet_verified,Evidence is scoped and dated; presence does not imply current project-wide or study-district completeness.,No accepted normalized observation in this collection pass. Raw documents may contain unextracted information.
REAL_010,land_acquisition,acquisition_progress_pct,0,missing_or_not_yet_verified,Evidence is scoped and dated; presence does not imply current project-wide or study-district completeness.,No accepted normalized observation in this collection pass. Raw documents may contain unextracted information.
REAL_010,land_acquisition,3A_notification_number,0,missing_or_not_yet_verified,Evidence is scoped and dated; presence does not imply current project-wide or study-district completeness.,No accepted normalized observation in this collection pass. Raw documents may contain unextracted information.
REAL_010,land_acquisition,3A_notification_date,0,missing_or_not_yet_verified,Evidence is scoped and dated; presence does not imply current project-wide or study-district completeness.,No accepted normalized observation in this collection pass. Raw documents may contain unextracted information.
REAL_010,land_acquisition,3D_notification_number,0,missing_or_not_yet_verified,Evidence is scoped and dated; presence does not imply current project-wide or study-district completeness.,No accepted normalized observation in this collection pass. Raw documents may contain unextracted information.
REAL_010,land_acquisition,3D_notification_date,0,missing_or_not_yet_verified,Evidence is scoped and dated; presence does not imply current project-wide or study-district completeness.,No accepted normalized observation in this collection pass. Raw documents may contain unextracted information.
REAL_010,land_acquisition,award_number,0,missing_or_not_yet_verified,Evidence is scoped and dated; presence does not imply current project-wide or study-district completeness.,No accepted normalized observation in this collection pass. Raw documents may contain unextracted information.
REAL_010,land_acquisition,award_date,0,missing_or_not_yet_verified,Evidence is scoped and dated; presence does not imply current project-wide or study-district completeness.,No accepted normalized observation in this collection pass. Raw documents may contain unextracted information.
REAL_010,land_acquisition,possession_date,0,missing_or_not_yet_verified,Evidence is scoped and dated; presence does not imply current project-wide or study-district completeness.,No accepted normalized observation in this collection pass. Raw documents may contain unextracted information.
REAL_010,land_acquisition,possession_percentage,0,missing_or_not_yet_verified,Evidence is scoped and dated; presence does not imply current project-wide or study-district completeness.,No accepted normalized observation in this collection pass. Raw documents may contain unextracted information.
REAL_010,land_acquisition,CALA,0,missing_or_not_yet_verified,Evidence is scoped and dated; presence does not imply current project-wide or study-district completeness.,No accepted normalized observation in this collection pass. Raw documents may contain unextracted information.
REAL_010,land_acquisition,acquisition_status,0,missing_or_not_yet_verified,Evidence is scoped and dated; presence does not imply current project-wide or study-district completeness.,No accepted normalized observation in this collection pass. Raw documents may contain unextracted information.
REAL_010,compensation,compensation_amount,0,missing_or_not_yet_verified,Evidence is scoped and dated; presence does not imply current project-wide or study-district completeness.,No accepted normalized observation in this collection pass. Raw documents may contain unextracted information.
REAL_010,compensation,compensation_awarded,0,missing_or_not_yet_verified,Evidence is scoped and dated; presence does not imply current project-wide or study-district completeness.,No accepted normalized observation in this collection pass. Raw documents may contain unextracted information.
REAL_010,compensation,compensation_paid,0,missing_or_not_yet_verified,Evidence is scoped and dated; presence does not imply current project-wide or study-district completeness.,No accepted normalized observation in this collection pass. Raw documents may contain unextracted information.
REAL_010,compensation,compensation_pending,0,missing_or_not_yet_verified,Evidence is scoped and dated; presence does not imply current project-wide or study-district completeness.,No accepted normalized observation in this collection pass. Raw documents may contain unextracted information.
REAL_010,compensation,payment_date,0,missing_or_not_yet_verified,Evidence is scoped and dated; presence does not imply current project-wide or study-district completeness.,No accepted normalized observation in this collection pass. Raw documents may contain unextracted information.
REAL_010,compensation,affected_families,0,missing_or_not_yet_verified,Evidence is scoped and dated; presence does not imply current project-wide or study-district completeness.,No accepted normalized observation in this collection pass. Raw documents may contain unextracted information.
REAL_010,compensation,landowners_count,1,partial_evidence_available,Evidence is scoped and dated; presence does not imply current project-wide or study-district completeness.,
REAL_010,compensation,payment_status,0,missing_or_not_yet_verified,Evidence is scoped and dated; presence does not imply current project-wide or study-district completeness.,No accepted normalized observation in this collection pass. Raw documents may contain unextracted information.
REAL_010,rr_social_impact,SIA_status,0,missing_or_not_yet_verified,Evidence is scoped and dated; presence does not imply current project-wide or study-district completeness.,No accepted normalized observation in this collection pass. Raw documents may contain unextracted information.
REAL_010,rr_social_impact,SIA_date,0,missing_or_not_yet_verified,Evidence is scoped and dated; presence does not imply current project-wide or study-district completeness.,No accepted normalized observation in this collection pass. Raw documents may contain unextracted information.
REAL_010,rr_social_impact,affected_families,0,missing_or_not_yet_verified,Evidence is scoped and dated; presence does not imply current project-wide or study-district completeness.,No accepted normalized observation in this collection pass. Raw documents may contain unextracted information.
REAL_010,rr_social_impact,RR_status,0,missing_or_not_yet_verified,Evidence is scoped and dated; presence does not imply current project-wide or study-district completeness.,No accepted normalized observation in this collection pass. Raw documents may contain unextracted information.
REAL_010,rr_social_impact,RR_progress,0,missing_or_not_yet_verified,Evidence is scoped and dated; presence does not imply current project-wide or study-district completeness.,No accepted normalized observation in this collection pass. Raw documents may contain unextracted information.
REAL_010,rr_social_impact,resettlement_sites,0,missing_or_not_yet_verified,Evidence is scoped and dated; presence does not imply current project-wide or study-district completeness.,No accepted normalized observation in this collection pass. Raw documents may contain unextracted information.
REAL_010,rr_social_impact,rehabilitation_status,0,missing_or_not_yet_verified,Evidence is scoped and dated; presence does not imply current project-wide or study-district completeness.,No accepted normalized observation in this collection pass. Raw documents may contain unextracted information.
REAL_010,legal,case_number,0,missing_or_not_yet_verified,Evidence is scoped and dated; presence does not imply current project-wide or study-district completeness.,No accepted normalized observation in this collection pass. Raw documents may contain unextracted information.
REAL_010,legal,court,0,missing_or_not_yet_verified,Evidence is scoped and dated; presence does not imply current project-wide or study-district completeness.,No accepted normalized observation in this collection pass. Raw documents may contain unextracted information.
REAL_010,legal,case_type,0,missing_or_not_yet_verified,Evidence is scoped and dated; presence does not imply current project-wide or study-district completeness.,No accepted normalized observation in this collection pass. Raw documents may contain unextracted information.
REAL_010,legal,filing_date,0,missing_or_not_yet_verified,Evidence is scoped and dated; presence does not imply current project-wide or study-district completeness.,No accepted normalized observation in this collection pass. Raw documents may contain unextracted information.
REAL_010,legal,case_status,0,missing_or_not_yet_verified,Evidence is scoped and dated; presence does not imply current project-wide or study-district completeness.,No accepted normalized observation in this collection pass. Raw documents may contain unextracted information.
REAL_010,legal,last_hearing_date,0,missing_or_not_yet_verified,Evidence is scoped and dated; presence does not imply current project-wide or study-district completeness.,No accepted normalized observation in this collection pass. Raw documents may contain unextracted information.
REAL_010,legal,legal_issue,0,missing_or_not_yet_verified,Evidence is scoped and dated; presence does not imply current project-wide or study-district completeness.,No accepted normalized observation in this collection pass. Raw documents may contain unextracted information.
REAL_010,legal,project_relation,0,missing_or_not_yet_verified,Evidence is scoped and dated; presence does not imply current project-wide or study-district completeness.,No accepted normalized observation in this collection pass. Raw documents may contain unextracted information.
REAL_010,approvals,approval_type,0,missing_or_not_yet_verified,Evidence is scoped and dated; presence does not imply current project-wide or study-district completeness.,No accepted normalized observation in this collection pass. Raw documents may contain unextracted information.
REAL_010,approvals,proposal_number,0,missing_or_not_yet_verified,Evidence is scoped and dated; presence does not imply current project-wide or study-district completeness.,No accepted normalized observation in this collection pass. Raw documents may contain unextracted information.
REAL_010,approvals,approval_number,0,missing_or_not_yet_verified,Evidence is scoped and dated; presence does not imply current project-wide or study-district completeness.,No accepted normalized observation in this collection pass. Raw documents may contain unextracted information.
REAL_010,approvals,approval_status,0,missing_or_not_yet_verified,Evidence is scoped and dated; presence does not imply current project-wide or study-district completeness.,No accepted normalized observation in this collection pass. Raw documents may contain unextracted information.
REAL_010,approvals,application_date,0,missing_or_not_yet_verified,Evidence is scoped and dated; presence does not imply current project-wide or study-district completeness.,No accepted normalized observation in this collection pass. Raw documents may contain unextracted information.
REAL_010,approvals,approval_date,0,missing_or_not_yet_verified,Evidence is scoped and dated; presence does not imply current project-wide or study-district completeness.,No accepted normalized observation in this collection pass. Raw documents may contain unextracted information.
REAL_010,approvals,expiry_date,0,missing_or_not_yet_verified,Evidence is scoped and dated; presence does not imply current project-wide or study-district completeness.,No accepted normalized observation in this collection pass. Raw documents may contain unextracted information.
REAL_010,climate,observation_date,6,partial_evidence_available,Evidence is scoped and dated; presence does not imply current project-wide or study-district completeness.,
REAL_010,climate,rainfall_mm,2,partial_evidence_available,Evidence is scoped and dated; presence does not imply current project-wide or study-district completeness.,
REAL_010,climate,temperature,0,missing_or_not_yet_verified,Evidence is scoped and dated; presence does not imply current project-wide or study-district completeness.,No accepted normalized observation in this collection pass. Raw documents may contain unextracted information.
REAL_010,climate,humidity,0,missing_or_not_yet_verified,Evidence is scoped and dated; presence does not imply current project-wide or study-district completeness.,No accepted normalized observation in this collection pass. Raw documents may contain unextracted information.
REAL_010,climate,weather_condition,0,missing_or_not_yet_verified,Evidence is scoped and dated; presence does not imply current project-wide or study-district completeness.,No accepted normalized observation in this collection pass. Raw documents may contain unextracted information.
REAL_010,climate,rainfall_category,2,partial_evidence_available,Evidence is scoped and dated; presence does not imply current project-wide or study-district completeness.,
REAL_010,climate,warning,0,missing_or_not_yet_verified,Evidence is scoped and dated; presence does not imply current project-wide or study-district completeness.,No accepted normalized observation in this collection pass. Raw documents may contain unextracted information.
REAL_010,climate,warning_date,0,missing_or_not_yet_verified,Evidence is scoped and dated; presence does not imply current project-wide or study-district completeness.,No accepted normalized observation in this collection pass. Raw documents may contain unextracted information.
REAL_010,terrain_landscape,elevation,0,missing_or_not_yet_verified,Evidence is scoped and dated; presence does not imply current project-wide or study-district completeness.,No accepted normalized observation in this collection pass. Raw documents may contain unextracted information.
REAL_010,terrain_landscape,slope,0,missing_or_not_yet_verified,Evidence is scoped and dated; presence does not imply current project-wide or study-district completeness.,No accepted normalized observation in this collection pass. Raw documents may contain unextracted information.
REAL_010,terrain_landscape,terrain_type,0,missing_or_not_yet_verified,Evidence is scoped and dated; presence does not imply current project-wide or study-district completeness.,No accepted normalized observation in this collection pass. Raw documents may contain unextracted information.
REAL_010,terrain_landscape,forest_intersection,0,missing_or_not_yet_verified,Evidence is scoped and dated; presence does not imply current project-wide or study-district completeness.,No accepted normalized observation in this collection pass. Raw documents may contain unextracted information.
REAL_010,terrain_landscape,waterbody_intersection,0,missing_or_not_yet_verified,Evidence is scoped and dated; presence does not imply current project-wide or study-district completeness.,No accepted normalized observation in this collection pass. Raw documents may contain unextracted information.
REAL_010,terrain_landscape,flood_risk,0,missing_or_not_yet_verified,Evidence is scoped and dated; presence does not imply current project-wide or study-district completeness.,No accepted normalized observation in this collection pass. Raw documents may contain unextracted information.
REAL_010,terrain_landscape,landslide_risk,0,missing_or_not_yet_verified,Evidence is scoped and dated; presence does not imply current project-wide or study-district completeness.,No accepted normalized observation in this collection pass. Raw documents may contain unextracted information.
REAL_010,terrain_landscape,access_constraint,0,missing_or_not_yet_verified,Evidence is scoped and dated; presence does not imply current project-wide or study-district completeness.,No accepted normalized observation in this collection pass. Raw documents may contain unextracted information.
REAL_010,barriers,barrier_type,0,missing_or_not_yet_verified,Evidence is scoped and dated; presence does not imply current project-wide or study-district completeness.,No accepted normalized observation in this collection pass. Raw documents may contain unextracted information.
REAL_010,barriers,barrier_description,0,missing_or_not_yet_verified,Evidence is scoped and dated; presence does not imply current project-wide or study-district completeness.,No accepted normalized observation in this collection pass. Raw documents may contain unextracted information.
REAL_010,barriers,severity,0,missing_or_not_yet_verified,Evidence is scoped and dated; presence does not imply current project-wide or study-district completeness.,No accepted normalized observation in this collection pass. Raw documents may contain unextracted information.
REAL_010,barriers,start_date,0,missing_or_not_yet_verified,Evidence is scoped and dated; presence does not imply current project-wide or study-district completeness.,No accepted normalized observation in this collection pass. Raw documents may contain unextracted information.
REAL_010,barriers,end_date,0,missing_or_not_yet_verified,Evidence is scoped and dated; presence does not imply current project-wide or study-district completeness.,No accepted normalized observation in this collection pass. Raw documents may contain unextracted information.
REAL_010,barriers,status,0,missing_or_not_yet_verified,Evidence is scoped and dated; presence does not imply current project-wide or study-district completeness.,No accepted normalized observation in this collection pass. Raw documents may contain unextracted information.
REAL_010,procurement_progress,tender_reference,0,missing_or_not_yet_verified,Evidence is scoped and dated; presence does not imply current project-wide or study-district completeness.,No accepted normalized observation in this collection pass. Raw documents may contain unextracted information.
REAL_010,procurement_progress,contractor_name,0,missing_or_not_yet_verified,Evidence is scoped and dated; presence does not imply current project-wide or study-district completeness.,No accepted normalized observation in this collection pass. Raw documents may contain unextracted information.
REAL_010,procurement_progress,contract_value,0,missing_or_not_yet_verified,Evidence is scoped and dated; presence does not imply current project-wide or study-district completeness.,No accepted normalized observation in this collection pass. Raw documents may contain unextracted information.
REAL_010,procurement_progress,physical_progress,0,missing_or_not_yet_verified,Evidence is scoped and dated; presence does not imply current project-wide or study-district completeness.,No accepted normalized observation in this collection pass. Raw documents may contain unextracted information.
REAL_010,procurement_progress,financial_progress,0,missing_or_not_yet_verified,Evidence is scoped and dated; presence does not imply current project-wide or study-district completeness.,No accepted normalized observation in this collection pass. Raw documents may contain unextracted information.
REAL_010,procurement_progress,construction_status,0,missing_or_not_yet_verified,Evidence is scoped and dated; presence does not imply current project-wide or study-district completeness.,No accepted normalized observation in this collection pass. Raw documents may contain unextracted information.
REAL_010,procurement_progress,completion_target,0,missing_or_not_yet_verified,Evidence is scoped and dated; presence does not imply current project-wide or study-district completeness.,No accepted normalized observation in this collection pass. Raw documents may contain unextracted information.
REAL_010,procurement_progress,delay,0,missing_or_not_yet_verified,Evidence is scoped and dated; presence does not imply current project-wide or study-district completeness.,No accepted normalized observation in this collection pass. Raw documents may contain unextracted information.
REAL_010,procurement_progress,EOT,0,missing_or_not_yet_verified,Evidence is scoped and dated; presence does not imply current project-wide or study-district completeness.,No accepted normalized observation in this collection pass. Raw documents may contain unextracted information.
REAL_010,procurement_progress,hindrance,0,missing_or_not_yet_verified,Evidence is scoped and dated; presence does not imply current project-wide or study-district completeness.,No accepted normalized observation in this collection pass. Raw documents may contain unextracted information.
