source_id,canonical_source_id,project_id,related_project_id,candidate_project_id,assignment_status,source_name,source_url,direct_file_url,final_url,source_type,source_priority,source_format,authority,project_name_as_source,project_number,package_number,state,district,tehsil,village,scope,publication_date,publication_date_original,publication_date_basis,document_date,document_date_original,retrieved_at,local_file,sha256,sha256_verified,bytes,http_status,content_type,last_modified,etag,download_status,fields_extracted,source_page_or_row,api_endpoint,api_parameters,verification_status,identity_status,confidence,match_notes,pages_extracted,candidate_table_cells,normalization_status,error
S001,S001,,,REAL_001,review_required,annual_report_2018_19,https://morth.nic.in/sites/default/files/other_files/Annual_Report_English_2018-19.pdf,https://morth.nic.in/sites/default/files/other_files/Annual_Report_English_2018-19.pdf,http://morth.gov.in/sites/default/files/other_files/Annual_Report_English_2018-19.pdf,government_official,1,,MoRTH,,,,,,,,project_context,,,,,,2026-09-05T10:25:39+00:00,,,False,,200,text/html; charset=UTF-8,"Wed, 22 Jul 2026 06:58:59 GMT",,failed,[],[],,,review_required,review_required,,Annual report; only Delhi-Vadodara/Mumbai section is relevant. ,0,0,not_extracted,RuntimeError: expected_pdf_received_html
S021,S021,REAL_001,,REAL_001,matched_source_context,DME_progress_2024,https://www.pib.gov.in/PressReleasePage.aspx?PRID=2039504&lang=2&reg=3,https://www.pib.gov.in/PressReleasePage.aspx?PRID=2039504&lang=2&reg=3,https://www.pib.gov.in/PressReleasePage.aspx?PRID=2039504&lang=2&reg=3,government_official,1,html,PIB_MoRTH,,,,,,,,project,2024-07-31,,,,,2026-09-05T10:30:48+00:00,project_research/REAL_001_DELHI_MUMBAI_EXPRESSWAY/01_authority/REAL_001_PIB_MoRTH_DME_progress_2024_2024-07-31_ba46453bf2fc.html,ba46453bf2fc47370455d02f6e0aa8142a64c496e2efd0d3afc3b0b0b1379694,True,62719,200,text/html; charset=utf-8,,XXXXXXXX,downloaded,"[""completion_target"", ""constructed_length_km"", ""physical_progress""]","[""HTML body; exact anchor in saved extraction""]",,,official,matched_source_context,0.9,Verify exact internal project and record scope. JICA is the government lender disclosure host where applicable. ,1,2,normalized_observations_available,
S031,S031,,,REAL_001,review_required,annual_report_2023_24,https://nhai.gov.in/nhai/sites/default/files/2025-09/NHAI-Annual_Report_2023-24_English.pdf,https://nhai.gov.in/nhai/sites/default/files/2025-09/NHAI-Annual_Report_2023-24_English.pdf,https://nhai.gov.in/nhai/sites/default/files/2025-09/NHAI-Annual_Report_2023-24_English.pdf,government_official,1,pdf,NHAI,,,,,,,,mixed_projects,,,,,,2026-09-05T10:30:54+00:00,project_research/REAL_001_DELHI_MUMBAI_EXPRESSWAY/01_authority/REAL_001_NHAI_annual_report_2023_24_undated_75eb02573bb4.pdf,75eb02573bb4b7927c88b495432e820baa7e6f603f78e3b09afd3d6395a429e1,True,4902080,200,application/pdf,"Tue, 02 Sep 2025 11:17:36 GMT",,downloaded,[],[],,,official,review_required,,Verify exact internal project and record scope. JICA is the government lender disclosure host where applicable. ,164,577,raw_and_candidate_evidence_only,
S033,S033,,,REAL_001,review_required,bhoomirashi_public_portal,https://bhoomirashi.gov.in/auth/revamp/login1.cshtml,https://bhoomirashi.gov.in/auth/revamp/login1.cshtml,https://bhoomirashi.gov.in/auth/revamp/login1.cshtml,government_official,1,html,MoRTH,,,,,,,,discovery_only,,,,,,2026-09-05T10:30:56+00:00,project_research/REAL_001_DELHI_MUMBAI_EXPRESSWAY/02_state_district_land_acquisition/REAL_001_MoRTH_bhoomirashi_public_portal_undated_184162a5c122.html,184162a5c12223b4c3b33572d163142329f207300843a4459c08d48f552a0510,True,48805,200,text/html; charset=utf-8,,None,downloaded,[],[],,,official,review_required,,Verify exact internal project and record scope. JICA is the government lender disclosure host where applicable. ,1,0,raw_and_candidate_evidence_only,
S016,S016,,,REAL_001,review_required,bandikui_jaipur_spur_application,https://environmentclearance.nic.in/auth/FORM_A_PDF.aspx?cat_id=IA%2FRJ%2FNCP%2F226198%2F2021&pid=New,https://environmentclearance.nic.in/auth/FORM_A_PDF.aspx?cat_id=IA%2FRJ%2FNCP%2F226198%2F2021&pid=New,https://environmentclearance.nic.in/auth/FORM_A_PDF.aspx?cat_id=IA%2FRJ%2FNCP%2F226198%2F2021&pid=New,government_official,1,html,MoEFCC,,,,,,,,related_package,,,,,,2026-09-05T10:25:42+00:00,project_research/REAL_001_DELHI_MUMBAI_EXPRESSWAY/06_approvals/REAL_001_MoEFCC_bandikui_jaipur_spur_application_undated_80befa4c5681.html,80befa4c56817e19c50b00d810eda6544393b5820345492cd86917517a6e83b9,True,190092,200,text/html; charset=utf-8,,,downloaded,[],[],,,official,review_required,,"Bandikui-Jaipur spur is related, not DME mainline; application is not approval. ",1,2748,raw_and_candidate_evidence_only,
S019,S019,,,REAL_001,review_required,monsoon_report_2024,https://www.imdpune.gov.in/Reports/Monsoon_Report/monsoon_report_2024.pdf,https://www.imdpune.gov.in/Reports/Monsoon_Report/monsoon_report_2024.pdf,https://www.imdpune.gov.in/Reports/Monsoon_Report/monsoon_report_2024.pdf,government_official,1,pdf,IMD,,,,,,,,national_climate_context,,,,,,2026-09-05T10:22:34+00:00,project_research/REAL_001_DELHI_MUMBAI_EXPRESSWAY/07_climate_landscape/REAL_001_IMD_monsoon_report_2024_undated_707dac297cce.pdf,707dac297cceb21b2b89049c996d1c5e4e276de00309428132d3ecf1bc3e68e3,True,36414430,200,application/pdf,"Mon, 17 Mar 2025 06:26:16 GMT","""1400f3-22ba3de-63083dd8b3200""",downloaded,[],[],,,official,review_required,,One canonical shared raw copy. National/subdivision totals are not district observations. ,307,1768,raw_and_candidate_evidence_only,
S030,S030,,,REAL_001,review_required,district_rainfall_snapshot,https://mausam.imd.gov.in/Rainfall/DISTRICT_DISTRIBUTION_STATEWISE_COUNTRY_INDIA_cd.pdf,https://mausam.imd.gov.in/Rainfall/DISTRICT_DISTRIBUTION_STATEWISE_COUNTRY_INDIA_cd.pdf,https://mausam.imd.gov.in/Rainfall/DISTRICT_DISTRIBUTION_STATEWISE_COUNTRY_INDIA_cd.pdf,government_official,1,pdf,IMD,,,,,,,,district_climate,,,,,,2026-09-05T10:30:54+00:00,project_research/REAL_001_DELHI_MUMBAI_EXPRESSWAY/07_climate_landscape/REAL_001_IMD_district_rainfall_snapshot_undated_bdaf93262b7f.pdf,bdaf93262b7f247e6eac4fe0daeff997ac30d8b4e2fbb37f67feb2ca8a2b5c0e,True,131270,200,application/pdf,"Sat, 05 Sep 2026 08:56:16 GMT",,downloaded,[],[],,,official,review_required,,Verify exact internal project and record scope. JICA is the government lender disclosure host where applicable. ,1,404,raw_and_candidate_evidence_only,
S037,S037,,REAL_001,REAL_001,matched_source_context,district_daily_cumulative_rainfall,https://mausam.imd.gov.in/imd_latest/contents/rainfall_statistics_3.php,https://mausam.imd.gov.in/Rainfall/DISTRICT_RAINFALL_DISTRIBUTION_COUNTRY_INDIA_cd.pdf,https://mausam.imd.gov.in/Rainfall/DISTRICT_RAINFALL_DISTRIBUTION_COUNTRY_INDIA_cd.pdf,government_official,1,pdf,IMD,,,,,,,,district_climate,,,,,,2026-09-05T10:33:12+00:00,project_research/REAL_001_DELHI_MUMBAI_EXPRESSWAY/07_climate_landscape/REAL_001_IMD_district_daily_cumulative_rainfall_undated_819aabe522da.pdf,819aabe522da9ac6253512517c03d0feae10f23e7d2b699f723a7841c1c7feb2,True,2998773,200,application/pdf,"Sat, 05 Sep 2026 08:56:16 GMT",,downloaded,"[""rainfall_category"", ""rainfall_mm"", ""rainfall_normal_mm""]","[""PDF page 11; text row 12; district MEERUT; daily rainfall_mm"", ""PDF page 11; text row 12; district MEERUT; daily rainfall_normal_mm"", ""PDF page 11; text row 12; district MEERUT; daily rainfall_category"", ""PDF page 11; text row 12; district MEERUT; cumulative rainfall_mm"", ""PDF page 11; text row 12; district MEERUT; cumulative rainfall_normal_mm"", ""PDF page 11; text row 12; district MEERUT; cumulative rainfall_category"", ""PDF page 12; text row 28; district PRAYAGRAJ; daily rainfall_mm"", ""PDF page 12; text row 28; district PRAYAGRAJ; daily rainfall_normal_mm"", ""PDF page 12; text row 28; district PRAYAGRAJ; daily rainfall_category"", ""PDF page 12; text row 28; district PRAYAGRAJ; cumulative rainfall_mm"", ""PDF page 12; text row 28; district PRAYAGRAJ; cumulative rainfall_normal_mm"", ""PDF page 12; text row 28; district PRAYAGRAJ; cumulative rainfall_category"", ""PDF page 13; text row 23; district RUDRAPRAYAG; daily rainfall_mm"", ""PDF page 13; text row 23; district RUDRAPRAYAG; daily rainfall_normal_mm"", ""PDF page 13; text row 23; district RUDRAPRAYAG; daily rainfall_category"", ""PDF page 13; text row 23; district RUDRAPRAYAG; cumulative rainfall_mm"", ""PDF page 13; text row 23; district RUDRAPRAYAG; cumulative rainfall_normal_mm"", ""PDF page 13; text row 23; district RUDRAPRAYAG; cumulative rainfall_category"", ""PDF page 14; text row 27; district NEW DELHI; daily rainfall_mm"", ""PDF page 14; text row 27; district NEW DELHI; daily rainfall_normal_mm"", ""PDF page 14; text row 27; district NEW DELHI; daily rainfall_category"", ""PDF page 14; text row 27; district NEW DELHI; cumulative rainfall_mm"", ""PDF page 14; text row 27; district NEW DELHI; cumulative rainfall_normal_mm"", ""PDF page 14; text row 27; district NEW DELHI; cumulative rainfall_category"", ""PDF page 16; text row 28; district GANDERBAL; daily rainfall_mm"", ""PDF page 16; text row 28; district GANDERBAL; daily rainfall_normal_mm"", ""PDF page 16; text row 28; district GANDERBAL; daily rainfall_category"", ""PDF page 16; text row 28; district GANDERBAL; cumulative rainfall_mm"", ""PDF page 16; text row 28; district GANDERBAL; cumulative rainfall_normal_mm"", ""PDF page 16; text row 28; district GANDERBAL; cumulative rainfall_category"", ""PDF page 18; text row 4; district DAUSA; daily rainfall_mm"", ""PDF page 18; text row 4; district DAUSA; daily rainfall_normal_mm"", ""PDF page 18; text row 4; district DAUSA; daily rainfall_category"", ""PDF page 18; text row 4; district DAUSA; cumulative rainfall_mm"", ""PDF page 18; text row 4; district DAUSA; cumulative rainfall_normal_mm"", ""PDF page 18; text row 4; district DAUSA; cumulative rainfall_category"", ""PDF page 23; text row 3; district MUMBAI CITY; daily rainfall_mm"", ""PDF page 23; text row 3; district MUMBAI CITY; daily rainfall_normal_mm"", ""PDF page 23; text row 3; district MUMBAI CITY; daily rainfall_category"", ""PDF page 23; text row 3; district MUMBAI CITY; cumulative rainfall_mm"", ""PDF page 23; text row 3; district MUMBAI CITY; cumulative rainfall_normal_mm"", ""PDF page 23; text row 3; district MUMBAI CITY; cumulative rainfall_category"", ""PDF page 23; text row 4; district MUMBAI SUBURBAN; daily rainfall_mm"", ""PDF page 23; text row 4; district MUMBAI SUBURBAN; daily rainfall_normal_mm"", ""PDF page 23; text row 4; district MUMBAI SUBURBAN; daily rainfall_category"", ""PDF page 23; text row 4; district MUMBAI SUBURBAN; cumulative rainfall_mm"", ""PDF page 23; text row 4; district MUMBAI SUBURBAN; cumulative rainfall_normal_mm"", ""PDF page 23; text row 4; district MUMBAI SUBURBAN; cumulative rainfall_category"", ""PDF page 24; text row 15; district NAGPUR; daily rainfall_mm"", ""PDF page 24; text row 15; district NAGPUR; daily rainfall_normal_mm"", ""PDF page 24; text row 15; district NAGPUR; daily rainfall_category"", ""PDF page 24; text row 15; district NAGPUR; cumulative rainfall_mm"", ""PDF page 24; text row 15; district NAGPUR; cumulative rainfall_normal_mm"", ""PDF page 24; text row 15; district NAGPUR; cumulative rainfall_category"", ""PDF page 28; text row 19; district CHENNAI; daily rainfall_mm"", ""PDF page 28; text row 19; district CHENNAI; daily rainfall_normal_mm"", ""PDF page 28; text row 19; district CHENNAI; daily rainfall_category"", ""PDF page 28; text row 19; district CHENNAI; cumulative rainfall_mm"", ""PDF page 28; text row 19; district CHENNAI; cumulative rainfall_normal_mm"", ""PDF page 28; text row 19; district CHENNAI; cumulative rainfall_category""]",,,official,matched_source_context,0.9,Direct file from official page. Preserve internal scope and dates. ,33,8557,normalized_observations_available,
S039,S039,,,REAL_001,review_required,dausa_district_disaster_plan_2025,https://dmrelief.rajasthan.gov.in/content/dam/dmr/files/documents/ddmp2025/Dausa.pdf,https://dmrelief.rajasthan.gov.in/content/dam/dmr/files/documents/ddmp2025/Dausa.pdf,https://dmrelief.rajasthan.gov.in/content/dam/dmr/files/documents/ddmp2025/Dausa.pdf,government_official,1,pdf,Rajasthan_Disaster_Management,,,,,,,,district_context,,,,,,2026-09-05T10:40:29+00:00,project_research/REAL_001_DELHI_MUMBAI_EXPRESSWAY/07_climate_landscape/REAL_001_Rajasthan_Disaster_Management_dausa_district_disaster_plan_2025_undated_4e6168a84f43.pdf,4e6168a84f43670505b1de95da08d92c53d98214685a23375c8de2dd303ffd3d,True,6858083,200,application/pdf,"Fri, 27 Mar 2026 12:25:20 GMT",,downloaded,[],[],,,official,review_required,,Exact geographic/project scope must be retained. ,260,81,raw_and_candidate_evidence_only,
S002,S002,,,REAL_002,review_required,ganga_project_page,https://upeida.up.gov.in/en/article/ganga-expressway?brd=2,https://upeida.up.gov.in/en/article/ganga-expressway?brd=2,https://upeida.up.gov.in/en/article/ganga-expressway?brd=2,government_official,1,html,UPEIDA,,,,,,,,project,,,,,,2026-09-05T10:22:27+00:00,project_research/REAL_002/01_authority/REAL_002_UPEIDA_ganga_project_page_undated_f1eb64687195.html,f1eb646871951df0ea70098a4e2a654a69032501e45839af1f9992ab647478e0,True,80443,200,text/html; charset=utf-8,,,downloaded,[],[],,,official,review_required,,Official project landing page and download index. ,1,430,raw_and_candidate_evidence_only,
G001,G001,,,REAL_002,review_required,ganga_progress,https://upeida.up.gov.in/en/article/ganga-expressway?brd=2,https://upeida.up.gov.in/downloadmedia/siteContent/202604271802004244Ganga Pdf.pdf,https://upeida.up.gov.in/downloadmedia/siteContent/202604271802004244Ganga%20Pdf.pdf,government_official,1,pdf,UPEIDA,,,,,,,,project_and_district,2026-04-27,27-04-2026,official_index_upload_date,,,2026-09-05T10:25:43+00:00,project_research/REAL_002/02_state_district_land_acquisition/REAL_002_UPEIDA_ganga_progress_2026-04-27_b387e33686b5.pdf,b387e33686b57676bdf259f5e18ba239a17789cd33f3b968e89a0ae7adc9a399,True,122535,200,application/octet-stream,,,downloaded,[],[],,,official,review_required,,Progress Report of Ganga Expressway File Size: 70.66 KB | Language: English 27-04-2026 Click here to download ,1,51,raw_and_candidate_evidence_only,
G002,G002,REAL_002,,REAL_002,matched_source_context,ganga_land_status,https://upeida.up.gov.in/en/article/ganga-expressway?brd=2,https://upeida.up.gov.in/downloadmedia/siteContent/202204251720593478LS Ganga.pdf,https://upeida.up.gov.in/downloadmedia/siteContent/202204251720593478LS%20Ganga.pdf,government_official,1,pdf,UPEIDA,,,,,,,,project_and_district,2022-04-25,25-04-2022,official_index_upload_date,,,2026-09-05T10:25:43+00:00,project_research/REAL_002/02_state_district_land_acquisition/REAL_002_UPEIDA_ganga_land_status_2022-04-25_3181c179be91.pdf,3181c179be91e2d08a159270e17dc8a632b6031c80541e4ec465f3de56d9291a,True,72106,200,application/octet-stream,,,downloaded,"[""acquisition_progress_pct"", ""affected_villages_count"", ""farmers_count"", ""land_acquired_ha"", ""land_purchase_remaining_ha"", ""land_purchased_ha"", ""land_required_ha"", ""land_resumed_exchanged_ha"", ""land_to_be_purchased_ha"", ""land_to_be_resumed_ha"", ""purchase_progress_pct"", ""sale_deeds_count""]","[""PDF page 1; detected table 1; row 7; column 3; source printed column 3"", ""PDF page 1; detected table 1; row 7; column 4; source printed column 4"", ""PDF page 1; detected table 1; row 7; column 5; source printed column 5"", ""PDF page 1; detected table 1; row 7; column 8; source printed column 8"", ""PDF page 1; detected table 1; row 7; column 11; source printed column 11"", ""PDF page 1; detected table 1; row 7; column 12; source printed column 12"", ""PDF page 1; detected table 1; row 7; column 17; source printed column 17"", ""PDF page 1; detected table 1; row 7; column 18; source printed column 18"", ""PDF page 1; detected table 1; row 7; column 19; source printed column 19"", ""PDF page 1; detected table 1; row 7; column 20; source printed column 20"", ""PDF page 1; detected table 1; row 7; column 21; source printed column 21"", ""PDF page 1; detected table 1; row 7; column 22; source printed column 22"", ""PDF page 1; detected table 1; row 8; column 3; source printed column 3"", ""PDF page 1; detected table 1; row 8; column 4; source printed column 4"", ""PDF page 1; detected table 1; row 8; column 5; source printed column 5"", ""PDF page 1; detected table 1; row 8; column 8; source printed column 8"", ""PDF page 1; detected table 1; row 8; column 11; source printed column 11"", ""PDF page 1; detected table 1; row 8; column 12; source printed column 12"", ""PDF page 1; detected table 1; row 8; column 17; source printed column 17"", ""PDF page 1; detected table 1; row 8; column 18; source printed column 18"", ""PDF page 1; detected table 1; row 8; column 19; source printed column 19"", ""PDF page 1; detected table 1; row 8; column 20; source printed column 20"", ""PDF page 1; detected table 1; row 8; column 21; source printed column 21"", ""PDF page 1; detected table 1; row 8; column 22; source printed column 22"", ""PDF page 1; detected table 1; row 9; column 3; source printed column 3"", ""PDF page 1; detected table 1; row 9; column 4; source printed column 4"", ""PDF page 1; detected table 1; row 9; column 5; source printed column 5"", ""PDF page 1; detected table 1; row 9; column 8; source printed column 8"", ""PDF page 1; detected table 1; row 9; column 11; source printed column 11"", ""PDF page 1; detected table 1; row 9; column 12; source printed column 12"", ""PDF page 1; detected table 1; row 9; column 17; source printed column 17"", ""PDF page 1; detected table 1; row 9; column 18; source printed column 18"", ""PDF page 1; detected table 1; row 9; column 19; source printed column 19"", ""PDF page 1; detected table 1; row 9; column 20; source printed column 20"", ""PDF page 1; detected table 1; row 9; column 21; source printed column 21"", ""PDF page 1; detected table 1; row 9; column 22; source printed column 22"", ""PDF page 1; detected table 1; row 10; column 3; source printed column 3"", ""PDF page 1; detected table 1; row 10; column 4; source printed column 4"", ""PDF page 1; detected table 1; row 10; column 5; source printed column 5"", ""PDF page 1; detected table 1; row 10; column 8; source printed column 8"", ""PDF page 1; detected table 1; row 10; column 11; source printed column 11"", ""PDF page 1; detected table 1; row 10; column 12; source printed column 12"", ""PDF page 1; detected table 1; row 10; column 17; source printed column 17"", ""PDF page 1; detected table 1; row 10; column 18; source printed column 18"", ""PDF page 1; detected table 1; row 10; column 19; source printed column 19"", ""PDF page 1; detected table 1; row 10; column 20; source printed column 20"", ""PDF page 1; detected table 1; row 10; column 21; source printed column 21"", ""PDF page 1; detected table 1; row 10; column 22; source printed column 22"", ""PDF page 1; detected table 1; row 11; column 3; source printed column 3"", ""PDF page 1; detected table 1; row 11; column 4; source printed column 4"", ""PDF page 1; detected table 1; row 11; column 5; source printed column 5"", ""PDF page 1; detected table 1; row 11; column 8; source printed column 8"", ""PDF page 1; detected table 1; row 11; column 11; source printed column 11"", ""PDF page 1; detected table 1; row 11; column 12; source printed column 12"", ""PDF page 1; detected table 1; row 11; column 17; source printed column 17"", ""PDF page 1; detected table 1; row 11; column 18; source printed column 18"", ""PDF page 1; detected table 1; row 11; column 19; source printed column 19"", ""PDF page 1; detected table 1; row 11; column 20; source printed column 20"", ""PDF page 1; detected table 1; row 11; column 21; source printed column 21"", ""PDF page 1; detected table 1; row 11; column 22; source printed column 22"", ""PDF page 1; detected table 1; row 12; column 3; source printed column 3"", ""PDF page 1; detected table 1; row 12; column 4; source printed column 4"", ""PDF page 1; detected table 1; row 12; column 5; source printed column 5"", ""PDF page 1; detected table 1; row 12; column 8; source printed column 8"", ""PDF page 1; detected table 1; row 12; column 11; source printed column 11"", ""PDF page 1; detected table 1; row 12; column 12; source printed column 12"", ""PDF page 1; detected table 1; row 12; column 17; source printed column 17"", ""PDF page 1; detected table 1; row 12; column 18; source printed column 18"", ""PDF page 1; detected table 1; row 12; column 19; source printed column 19"", ""PDF page 1; detected table 1; row 12; column 20; source printed column 20"", ""PDF page 1; detected table 1; row 12; column 21; source printed column 21"", ""PDF page 1; detected table 1; row 12; column 22; source printed column 22"", ""PDF page 1; detected table 1; row 13; column 3; source printed column 3"", ""PDF page 1; detected table 1; row 13; column 4; source printed column 4"", ""PDF page 1; detected table 1; row 13; column 5; source printed column 5"", ""PDF page 1; detected table 1; row 13; column 8; source printed column 8"", ""PDF page 1; detected table 1; row 13; column 11; source printed column 11"", ""PDF page 1; detected table 1; row 13; column 12; source printed column 12"", ""PDF page 1; detected table 1; row 13; column 17; source printed column 17"", ""PDF page 1; detected table 1; row 13; column 18; source printed column 18"", ""PDF page 1; detected table 1; row 13; column 19; source printed column 19"", ""PDF page 1; detected table 1; row 13; column 20; source printed column 20"", ""PDF page 1; detected table 1; row 13; column 21; source printed column 21"", ""PDF page 1; detected table 1; row 13; column 22; source printed column 22"", ""PDF page 1; detected table 1; row 14; column 3; source printed column 3"", ""PDF page 1; detected table 1; row 14; column 4; source printed column 4"", ""PDF page 1; detected table 1; row 14; column 5; source printed column 5"", ""PDF page 1; detected table 1; row 14; column 8; source printed column 8"", ""PDF page 1; detected table 1; row 14; column 11; source printed column 11"", ""PDF page 1; detected table 1; row 14; column 12; source printed column 12"", ""PDF page 1; detected table 1; row 14; column 17; source printed column 17"", ""PDF page 1; detected table 1; row 14; column 18; source printed column 18"", ""PDF page 1; detected table 1; row 14; column 19; source printed column 19"", ""PDF page 1; detected table 1; row 14; column 20; source printed column 20"", ""PDF page 1; detected table 1; row 14; column 21; source printed column 21"", ""PDF page 1; detected table 1; row 14; column 22; source printed column 22"", ""PDF page 1; detected table 1; row 15; column 3; source printed column 3"", ""PDF page 1; detected table 1; row 15; column 4; source printed column 4"", ""PDF page 1; detected table 1; row 15; column 5; source printed column 5"", ""PDF page 1; detected table 1; row 15; column 8; source printed column 8"", ""PDF page 1; detected table 1; row 15; column 11; source printed column 11"", ""PDF page 1; detected table 1; row 15; column 12; source printed column 12"", ""PDF page 1; detected table 1; row 15; column 17; source printed column 17"", ""PDF page 1; detected table 1; row 15; column 18; source printed column 18"", ""PDF page 1; detected table 1; row 15; column 19; source printed column 19"", ""PDF page 1; detected table 1; row 15; column 20; source printed column 20"", ""PDF page 1; detected table 1; row 15; column 21; source printed column 21"", ""PDF page 1; detected table 1; row 15; column 22; source printed column 22"", ""PDF page 1; detected table 1; row 16; column 3; source printed column 3"", ""PDF page 1; detected table 1; row 16; column 4; source printed column 4"", ""PDF page 1; detected table 1; row 16; column 5; source printed column 5"", ""PDF page 1; detected table 1; row 16; column 8; source printed column 8"", ""PDF page 1; detected table 1; row 16; column 11; source printed column 11"", ""PDF page 1; detected table 1; row 16; column 12; source printed column 12"", ""PDF page 1; detected table 1; row 16; column 17; source printed column 17"", ""PDF page 1; detected table 1; row 16; column 18; source printed column 18"", ""PDF page 1; detected table 1; row 16; column 19; source printed column 19"", ""PDF page 1; detected table 1; row 16; column 20; source printed column 20"", ""PDF page 1; detected table 1; row 16; column 21; source printed column 21"", ""PDF page 1; detected table 1; row 16; column 22; source printed column 22"", ""PDF page 1; detected table 1; row 17; column 3; source printed column 3"", ""PDF page 1; detected table 1; row 17; column 4; source printed column 4"", ""PDF page 1; detected table 1; row 17; column 5; source printed column 5"", ""PDF page 1; detected table 1; row 17; column 8; source printed column 8"", ""PDF page 1; detected table 1; row 17; column 11; source printed column 11"", ""PDF page 1; detected table 1; row 17; column 12; source printed column 12"", ""PDF page 1; detected table 1; row 17; column 17; source printed column 17"", ""PDF page 1; detected table 1; row 17; column 18; source printed column 18"", ""PDF page 1; detected table 1; row 17; column 19; source printed column 19"", ""PDF page 1; detected table 1; row 17; column 20; source printed column 20"", ""PDF page 1; detected table 1; row 17; column 21; source printed column 21"", ""PDF page 1; detected table 1; row 17; column 22; source printed column 22"", ""PDF page 1; detected table 1; row 18; column 3; source printed column 3"", ""PDF page 1; detected table 1; row 18; column 4; source printed column 4"", ""PDF page 1; detected table 1; row 18; column 5; source printed column 5"", ""PDF page 1; detected table 1; row 18; column 8; source printed column 8"", ""PDF page 1; detected table 1; row 18; column 11; source printed column 11"", ""PDF page 1; detected table 1; row 18; column 12; source printed column 12"", ""PDF page 1; detected table 1; row 18; column 17; source printed column 17"", ""PDF page 1; detected table 1; row 18; column 18; source printed column 18"", ""PDF page 1; detected table 1; row 18; column 19; source printed column 19"", ""PDF page 1; detected table 1; row 18; column 20; source printed column 20"", ""PDF page 1; detected table 1; row 18; column 21; source printed column 21"", ""PDF page 1; detected table 1; row 18; column 22; source printed column 22""]",,,official,matched_source_context,0.9,Land Acquisition Details of Ganga Expressway File Size: 70.42 KB | Language: Hindi 25-04-2022 Click here to View/Download ,1,342,normalized_observations_available,
G003,G003,REAL_002,,REAL_002,matched_source_context,ganga_land_status,https://upeida.up.gov.in/en/article/ganga-expressway?brd=2,https://upeida.up.gov.in/downloadmedia/siteContent/202204181530220454Ganga LS.pdf,https://upeida.up.gov.in/downloadmedia/siteContent/202204181530220454Ganga%20LS.pdf,government_official,1,pdf,UPEIDA,,,,,,,,project_and_district,2022-04-18,18-04-2022,official_index_upload_date,,,2026-09-05T10:25:44+00:00,project_research/REAL_002/02_state_district_land_acquisition/REAL_002_UPEIDA_ganga_land_status_2022-04-18_ea78ef52dac1.pdf,ea78ef52dac1c3bc623097865f92484eecfebef67e8b01ff4a81901f078395eb,True,72594,200,application/octet-stream,,,downloaded,"[""acquisition_progress_pct"", ""affected_villages_count"", ""farmers_count"", ""land_acquired_ha"", ""land_purchase_remaining_ha"", ""land_purchased_ha"", ""land_required_ha"", ""land_resumed_exchanged_ha"", ""land_to_be_purchased_ha"", ""land_to_be_resumed_ha"", ""purchase_progress_pct"", ""sale_deeds_count""]","[""PDF page 1; detected table 1; row 7; column 3; source printed column 3"", ""PDF page 1; detected table 1; row 7; column 4; source printed column 4"", ""PDF page 1; detected table 1; row 7; column 5; source printed column 5"", ""PDF page 1; detected table 1; row 7; column 8; source printed column 8"", ""PDF page 1; detected table 1; row 7; column 11; source printed column 11"", ""PDF page 1; detected table 1; row 7; column 12; source printed column 12"", ""PDF page 1; detected table 1; row 7; column 17; source printed column 17"", ""PDF page 1; detected table 1; row 7; column 18; source printed column 18"", ""PDF page 1; detected table 1; row 7; column 19; source printed column 19"", ""PDF page 1; detected table 1; row 7; column 20; source printed column 20"", ""PDF page 1; detected table 1; row 7; column 21; source printed column 21"", ""PDF page 1; detected table 1; row 7; column 22; source printed column 22"", ""PDF page 1; detected table 1; row 8; column 3; source printed column 3"", ""PDF page 1; detected table 1; row 8; column 4; source printed column 4"", ""PDF page 1; detected table 1; row 8; column 5; source printed column 5"", ""PDF page 1; detected table 1; row 8; column 8; source printed column 8"", ""PDF page 1; detected table 1; row 8; column 11; source printed column 11"", ""PDF page 1; detected table 1; row 8; column 12; source printed column 12"", ""PDF page 1; detected table 1; row 8; column 17; source printed column 17"", ""PDF page 1; detected table 1; row 8; column 18; source printed column 18"", ""PDF page 1; detected table 1; row 8; column 19; source printed column 19"", ""PDF page 1; detected table 1; row 8; column 20; source printed column 20"", ""PDF page 1; detected table 1; row 8; column 21; source printed column 21"", ""PDF page 1; detected table 1; row 8; column 22; source printed column 22"", ""PDF page 1; detected table 1; row 9; column 3; source printed column 3"", ""PDF page 1; detected table 1; row 9; column 4; source printed column 4"", ""PDF page 1; detected table 1; row 9; column 5; source printed column 5"", ""PDF page 1; detected table 1; row 9; column 8; source printed column 8"", ""PDF page 1; detected table 1; row 9; column 11; source printed column 11"", ""PDF page 1; detected table 1; row 9; column 12; source printed column 12"", ""PDF page 1; detected table 1; row 9; column 17; source printed column 17"", ""PDF page 1; detected table 1; row 9; column 18; source printed column 18"", ""PDF page 1; detected table 1; row 9; column 19; source printed column 19"", ""PDF page 1; detected table 1; row 9; column 20; source printed column 20"", ""PDF page 1; detected table 1; row 9; column 21; source printed column 21"", ""PDF page 1; detected table 1; row 9; column 22; source printed column 22"", ""PDF page 1; detected table 1; row 10; column 3; source printed column 3"", ""PDF page 1; detected table 1; row 10; column 4; source printed column 4"", ""PDF page 1; detected table 1; row 10; column 5; source printed column 5"", ""PDF page 1; detected table 1; row 10; column 8; source printed column 8"", ""PDF page 1; detected table 1; row 10; column 11; source printed column 11"", ""PDF page 1; detected table 1; row 10; column 12; source printed column 12"", ""PDF page 1; detected table 1; row 10; column 17; source printed column 17"", ""PDF page 1; detected table 1; row 10; column 18; source printed column 18"", ""PDF page 1; detected table 1; row 10; column 19; source printed column 19"", ""PDF page 1; detected table 1; row 10; column 20; source printed column 20"", ""PDF page 1; detected table 1; row 10; column 21; source printed column 21"", ""PDF page 1; detected table 1; row 10; column 22; source printed column 22"", ""PDF page 1; detected table 1; row 11; column 3; source printed column 3"", ""PDF page 1; detected table 1; row 11; column 4; source printed column 4"", ""PDF page 1; detected table 1; row 11; column 5; source printed column 5"", ""PDF page 1; detected table 1; row 11; column 8; source printed column 8"", ""PDF page 1; detected table 1; row 11; column 11; source printed column 11"", ""PDF page 1; detected table 1; row 11; column 12; source printed column 12"", ""PDF page 1; detected table 1; row 11; column 17; source printed column 17"", ""PDF page 1; detected table 1; row 11; column 18; source printed column 18"", ""PDF page 1; detected table 1; row 11; column 19; source printed column 19"", ""PDF page 1; detected table 1; row 11; column 20; source printed column 20"", ""PDF page 1; detected table 1; row 11; column 21; source printed column 21"", ""PDF page 1; detected table 1; row 11; column 22; source printed column 22"", ""PDF page 1; detected table 1; row 12; column 3; source printed column 3"", ""PDF page 1; detected table 1; row 12; column 4; source printed column 4"", ""PDF page 1; detected table 1; row 12; column 5; source printed column 5"", ""PDF page 1; detected table 1; row 12; column 8; source printed column 8"", ""PDF page 1; detected table 1; row 12; column 11; source printed column 11"", ""PDF page 1; detected table 1; row 12; column 12; source printed column 12"", ""PDF page 1; detected table 1; row 12; column 17; source printed column 17"", ""PDF page 1; detected table 1; row 12; column 18; source printed column 18"", ""PDF page 1; detected table 1; row 12; column 19; source printed column 19"", ""PDF page 1; detected table 1; row 12; column 20; source printed column 20"", ""PDF page 1; detected table 1; row 12; column 21; source printed column 21"", ""PDF page 1; detected table 1; row 12; column 22; source printed column 22"", ""PDF page 1; detected table 1; row 13; column 3; source printed column 3"", ""PDF page 1; detected table 1; row 13; column 4; source printed column 4"", ""PDF page 1; detected table 1; row 13; column 5; source printed column 5"", ""PDF page 1; detected table 1; row 13; column 8; source printed column 8"", ""PDF page 1; detected table 1; row 13; column 11; source printed column 11"", ""PDF page 1; detected table 1; row 13; column 12; source printed column 12"", ""PDF page 1; detected table 1; row 13; column 17; source printed column 17"", ""PDF page 1; detected table 1; row 13; column 18; source printed column 18"", ""PDF page 1; detected table 1; row 13; column 19; source printed column 19"", ""PDF page 1; detected table 1; row 13; column 20; source printed column 20"", ""PDF page 1; detected table 1; row 13; column 21; source printed column 21"", ""PDF page 1; detected table 1; row 13; column 22; source printed column 22"", ""PDF page 1; detected table 1; row 14; column 3; source printed column 3"", ""PDF page 1; detected table 1; row 14; column 4; source printed column 4"", ""PDF page 1; detected table 1; row 14; column 5; source printed column 5"", ""PDF page 1; detected table 1; row 14; column 8; source printed column 8"", ""PDF page 1; detected table 1; row 14; column 11; source printed column 11"", ""PDF page 1; detected table 1; row 14; column 12; source printed column 12"", ""PDF page 1; detected table 1; row 14; column 17; source printed column 17"", ""PDF page 1; detected table 1; row 14; column 18; source printed column 18"", ""PDF page 1; detected table 1; row 14; column 19; source printed column 19"", ""PDF page 1; detected table 1; row 14; column 20; source printed column 20"", ""PDF page 1; detected table 1; row 14; column 21; source printed column 21"", ""PDF page 1; detected table 1; row 14; column 22; source printed column 22"", ""PDF page 1; detected table 1; row 15; column 3; source printed column 3"", ""PDF page 1; detected table 1; row 15; column 4; source printed column 4"", ""PDF page 1; detected table 1; row 15; column 5; source printed column 5"", ""PDF page 1; detected table 1; row 15; column 8; source printed column 8"", ""PDF page 1; detected table 1; row 15; column 11; source printed column 11"", ""PDF page 1; detected table 1; row 15; column 12; source printed column 12"", ""PDF page 1; detected table 1; row 15; column 17; source printed column 17"", ""PDF page 1; detected table 1; row 15; column 18; source printed column 18"", ""PDF page 1; detected table 1; row 15; column 19; source printed column 19"", ""PDF page 1; detected table 1; row 15; column 20; source printed column 20"", ""PDF page 1; detected table 1; row 15; column 21; source printed column 21"", ""PDF page 1; detected table 1; row 15; column 22; source printed column 22"", ""PDF page 1; detected table 1; row 16; column 3; source printed column 3"", ""PDF page 1; detected table 1; row 16; column 4; source printed column 4"", ""PDF page 1; detected table 1; row 16; column 5; source printed column 5"", ""PDF page 1; detected table 1; row 16; column 8; source printed column 8"", ""PDF page 1; detected table 1; row 16; column 11; source printed column 11"", ""PDF page 1; detected table 1; row 16; column 12; source printed column 12"", ""PDF page 1; detected table 1; row 16; column 17; source printed column 17"", ""PDF page 1; detected table 1; row 16; column 18; source printed column 18"", ""PDF page 1; detected table 1; row 16; column 19; source printed column 19"", ""PDF page 1; detected table 1; row 16; column 20; source printed column 20"", ""PDF page 1; detected table 1; row 16; column 21; source printed column 21"", ""PDF page 1; detected table 1; row 16; column 22; source printed column 22"", ""PDF page 1; detected table 1; row 17; column 3; source printed column 3"", ""PDF page 1; detected table 1; row 17; column 4; source printed column 4"", ""PDF page 1; detected table 1; row 17; column 5; source printed column 5"", ""PDF page 1; detected table 1; row 17; column 8; source printed column 8"", ""PDF page 1; detected table 1; row 17; column 11; source printed column 11"", ""PDF page 1; detected table 1; row 17; column 12; source printed column 12"", ""PDF page 1; detected table 1; row 17; column 17; source printed column 17"", ""PDF page 1; detected table 1; row 17; column 18; source printed column 18"", ""PDF page 1; detected table 1; row 17; column 19; source printed column 19"", ""PDF page 1; detected table 1; row 17; column 20; source printed column 20"", ""PDF page 1; detected table 1; row 17; column 21; source printed column 21"", ""PDF page 1; detected table 1; row 17; column 22; source printed column 22"", ""PDF page 1; detected table 1; row 18; column 3; source printed column 3"", ""PDF page 1; detected table 1; row 18; column 4; source printed column 4"", ""PDF page 1; detected table 1; row 18; column 5; source printed column 5"", ""PDF page 1; detected table 1; row 18; column 8; source printed column 8"", ""PDF page 1; detected table 1; row 18; column 11; source printed column 11"", ""PDF page 1; detected table 1; row 18; column 12; source printed column 12"", ""PDF page 1; detected table 1; row 18; column 17; source printed column 17"", ""PDF page 1; detected table 1; row 18; column 18; source printed column 18"", ""PDF page 1; detected table 1; row 18; column 19; source printed column 19"", ""PDF page 1; detected table 1; row 18; column 20; source printed column 20"", ""PDF page 1; detected table 1; row 18; column 21; source printed column 21"", ""PDF page 1; detected table 1; row 18; column 22; source printed column 22""]",,,official,matched_source_context,0.9,Land Acquisition Details of Ganga Expressway File Size: 70.89 KB | Language: Hindi 18-04-2022 Click here to View/Download ,1,342,normalized_observations_available,
G004,G004,REAL_002,,REAL_002,matched_source_context,ganga_land_status,https://upeida.up.gov.in/en/article/ganga-expressway?brd=2,https://upeida.up.gov.in/downloadmedia/siteContent/202204111648409590Land Detail Ganga.pdf,https://upeida.up.gov.in/downloadmedia/siteContent/202204111648409590Land%20Detail%20Ganga.pdf,government_official,1,pdf,UPEIDA,,,,,,,,project_and_district,2022-04-11,11-04-2022,official_index_upload_date,,,2026-09-05T10:25:44+00:00,project_research/REAL_002/02_state_district_land_acquisition/REAL_002_UPEIDA_ganga_land_status_2022-04-11_a1341e6181e7.pdf,a1341e6181e71a3f192ec8f0a3d60cc7c2f03bbb4002382f723da44e0ef9a0b0,True,72121,200,application/octet-stream,,,downloaded,"[""acquisition_progress_pct"", ""affected_villages_count"", ""farmers_count"", ""land_acquired_ha"", ""land_purchase_remaining_ha"", ""land_purchased_ha"", ""land_required_ha"", ""land_resumed_exchanged_ha"", ""land_to_be_purchased_ha"", ""land_to_be_resumed_ha"", ""purchase_progress_pct"", ""sale_deeds_count""]","[""PDF page 1; detected table 1; row 7; column 3; source printed column 3"", ""PDF page 1; detected table 1; row 7; column 4; source printed column 4"", ""PDF page 1; detected table 1; row 7; column 5; source printed column 5"", ""PDF page 1; detected table 1; row 7; column 8; source printed column 8"", ""PDF page 1; detected table 1; row 7; column 11; source printed column 11"", ""PDF page 1; detected table 1; row 7; column 12; source printed column 12"", ""PDF page 1; detected table 1; row 7; column 17; source printed column 17"", ""PDF page 1; detected table 1; row 7; column 18; source printed column 18"", ""PDF page 1; detected table 1; row 7; column 19; source printed column 19"", ""PDF page 1; detected table 1; row 7; column 20; source printed column 20"", ""PDF page 1; detected table 1; row 7; column 21; source printed column 21"", ""PDF page 1; detected table 1; row 7; column 22; source printed column 22"", ""PDF page 1; detected table 1; row 9; column 3; source printed column 3"", ""PDF page 1; detected table 1; row 9; column 4; source printed column 4"", ""PDF page 1; detected table 1; row 9; column 5; source printed column 5"", ""PDF page 1; detected table 1; row 9; column 8; source printed column 8"", ""PDF page 1; detected table 1; row 9; column 11; source printed column 11"", ""PDF page 1; detected table 1; row 9; column 12; source printed column 12"", ""PDF page 1; detected table 1; row 9; column 17; source printed column 17"", ""PDF page 1; detected table 1; row 9; column 18; source printed column 18"", ""PDF page 1; detected table 1; row 9; column 19; source printed column 19"", ""PDF page 1; detected table 1; row 9; column 20; source printed column 20"", ""PDF page 1; detected table 1; row 9; column 21; source printed column 21"", ""PDF page 1; detected table 1; row 9; column 22; source printed column 22"", ""PDF page 1; detected table 1; row 10; column 3; source printed column 3"", ""PDF page 1; detected table 1; row 10; column 4; source printed column 4"", ""PDF page 1; detected table 1; row 10; column 5; source printed column 5"", ""PDF page 1; detected table 1; row 10; column 8; source printed column 8"", ""PDF page 1; detected table 1; row 10; column 11; source printed column 11"", ""PDF page 1; detected table 1; row 10; column 12; source printed column 12"", ""PDF page 1; detected table 1; row 10; column 17; source printed column 17"", ""PDF page 1; detected table 1; row 10; column 18; source printed column 18"", ""PDF page 1; detected table 1; row 10; column 19; source printed column 19"", ""PDF page 1; detected table 1; row 10; column 20; source printed column 20"", ""PDF page 1; detected table 1; row 10; column 21; source printed column 21"", ""PDF page 1; detected table 1; row 10; column 22; source printed column 22"", ""PDF page 1; detected table 1; row 11; column 3; source printed column 3"", ""PDF page 1; detected table 1; row 11; column 4; source printed column 4"", ""PDF page 1; detected table 1; row 11; column 5; source printed column 5"", ""PDF page 1; detected table 1; row 11; column 8; source printed column 8"", ""PDF page 1; detected table 1; row 11; column 11; source printed column 11"", ""PDF page 1; detected table 1; row 11; column 12; source printed column 12"", ""PDF page 1; detected table 1; row 11; column 17; source printed column 17"", ""PDF page 1; detected table 1; row 11; column 18; source printed column 18"", ""PDF page 1; detected table 1; row 11; column 19; source printed column 19"", ""PDF page 1; detected table 1; row 11; column 20; source printed column 20"", ""PDF page 1; detected table 1; row 11; column 21; source printed column 21"", ""PDF page 1; detected table 1; row 11; column 22; source printed column 22"", ""PDF page 1; detected table 1; row 12; column 3; source printed column 3"", ""PDF page 1; detected table 1; row 12; column 4; source printed column 4"", ""PDF page 1; detected table 1; row 12; column 5; source printed column 5"", ""PDF page 1; detected table 1; row 12; column 8; source printed column 8"", ""PDF page 1; detected table 1; row 12; column 11; source printed column 11"", ""PDF page 1; detected table 1; row 12; column 12; source printed column 12"", ""PDF page 1; detected table 1; row 12; column 17; source printed column 17"", ""PDF page 1; detected table 1; row 12; column 18; source printed column 18"", ""PDF page 1; detected table 1; row 12; column 19; source printed column 19"", ""PDF page 1; detected table 1; row 12; column 20; source printed column 20"", ""PDF page 1; detected table 1; row 12; column 21; source printed column 21"", ""PDF page 1; detected table 1; row 12; column 22; source printed column 22"", ""PDF page 1; detected table 1; row 13; column 3; source printed column 3"", ""PDF page 1; detected table 1; row 13; column 4; source printed column 4"", ""PDF page 1; detected table 1; row 13; column 5; source printed column 5"", ""PDF page 1; detected table 1; row 13; column 8; source printed column 8"", ""PDF page 1; detected table 1; row 13; column 11; source printed column 11"", ""PDF page 1; detected table 1; row 13; column 12; source printed column 12"", ""PDF page 1; detected table 1; row 13; column 17; source printed column 17"", ""PDF page 1; detected table 1; row 13; column 18; source printed column 18"", ""PDF page 1; detected table 1; row 13; column 19; source printed column 19"", ""PDF page 1; detected table 1; row 13; column 20; source printed column 20"", ""PDF page 1; detected table 1; row 13; column 21; source printed column 21"", ""PDF page 1; detected table 1; row 13; column 22; source printed column 22"", ""PDF page 1; detected table 1; row 14; column 3; source printed column 3"", ""PDF page 1; detected table 1; row 14; column 4; source printed column 4"", ""PDF page 1; detected table 1; row 14; column 5; source printed column 5"", ""PDF page 1; detected table 1; row 14; column 8; source printed column 8"", ""PDF page 1; detected table 1; row 14; column 11; source printed column 11"", ""PDF page 1; detected table 1; row 14; column 12; source printed column 12"", ""PDF page 1; detected table 1; row 14; column 17; source printed column 17"", ""PDF page 1; detected table 1; row 14; column 18; source printed column 18"", ""PDF page 1; detected table 1; row 14; column 19; source printed column 19"", ""PDF page 1; detected table 1; row 14; column 20; source printed column 20"", ""PDF page 1; detected table 1; row 14; column 21; source printed column 21"", ""PDF page 1; detected table 1; row 14; column 22; source printed column 22"", ""PDF page 1; detected table 1; row 16; column 3; source printed column 3"", ""PDF page 1; detected table 1; row 16; column 4; source printed column 4"", ""PDF page 1; detected table 1; row 16; column 5; source printed column 5"", ""PDF page 1; detected table 1; row 16; column 8; source printed column 8"", ""PDF page 1; detected table 1; row 16; column 11; source printed column 11"", ""PDF page 1; detected table 1; row 16; column 12; source printed column 12"", ""PDF page 1; detected table 1; row 16; column 17; source printed column 17"", ""PDF page 1; detected table 1; row 16; column 18; source printed column 18"", ""PDF page 1; detected table 1; row 16; column 19; source printed column 19"", ""PDF page 1; detected table 1; row 16; column 20; source printed column 20"", ""PDF page 1; detected table 1; row 16; column 21; source printed column 21"", ""PDF page 1; detected table 1; row 16; column 22; source printed column 22"", ""PDF page 1; detected table 1; row 17; column 3; source printed column 3"", ""PDF page 1; detected table 1; row 17; column 4; source printed column 4"", ""PDF page 1; detected table 1; row 17; column 5; source printed column 5"", ""PDF page 1; detected table 1; row 17; column 8; source printed column 8"", ""PDF page 1; detected table 1; row 17; column 11; source printed column 11"", ""PDF page 1; detected table 1; row 17; column 12; source printed column 12"", ""PDF page 1; detected table 1; row 17; column 17; source printed column 17"", ""PDF page 1; detected table 1; row 17; column 18; source printed column 18"", ""PDF page 1; detected table 1; row 17; column 19; source printed column 19"", ""PDF page 1; detected table 1; row 17; column 20; source printed column 20"", ""PDF page 1; detected table 1; row 17; column 21; source printed column 21"", ""PDF page 1; detected table 1; row 17; column 22; source printed column 22"", ""PDF page 1; detected table 1; row 18; column 3; source printed column 3"", ""PDF page 1; detected table 1; row 18; column 4; source printed column 4"", ""PDF page 1; detected table 1; row 18; column 5; source printed column 5"", ""PDF page 1; detected table 1; row 18; column 8; source printed column 8"", ""PDF page 1; detected table 1; row 18; column 11; source printed column 11"", ""PDF page 1; detected table 1; row 18; column 12; source printed column 12"", ""PDF page 1; detected table 1; row 18; column 17; source printed column 17"", ""PDF page 1; detected table 1; row 18; column 18; source printed column 18"", ""PDF page 1; detected table 1; row 18; column 19; source printed column 19"", ""PDF page 1; detected table 1; row 18; column 20; source printed column 20"", ""PDF page 1; detected table 1; row 18; column 21; source printed column 21"", ""PDF page 1; detected table 1; row 18; column 22; source printed column 22""]",,,official,matched_source_context,0.9,Land Acquisition Details of Ganga Expressway File Size: 70.43 KB | Language: Hindi 11-04-2022 Click here to View/Download ,1,342,normalized_observations_available,
G005,G005,REAL_002,,REAL_002,matched_source_context,ganga_land_status,https://upeida.up.gov.in/en/article/ganga-expressway?brd=2,https://upeida.up.gov.in/downloadmedia/siteContent/202204041748485440Ganga Land Details.pdf,https://upeida.up.gov.in/downloadmedia/siteContent/202204041748485440Ganga%20Land%20Details.pdf,government_official,1,pdf,UPEIDA,,,,,,,,project_and_district,2022-04-04,04-04-2022,official_index_upload_date,,,2026-09-05T10:25:45+00:00,project_research/REAL_002/02_state_district_land_acquisition/REAL_002_UPEIDA_ganga_land_status_2022-04-04_f88c9d338d4c.pdf,f88c9d338d4ca82795e50eab18484473f55c9125f0e664c3af7423dd44e363f8,True,72361,200,application/octet-stream,,,downloaded,"[""acquisition_progress_pct"", ""affected_villages_count"", ""farmers_count"", ""land_acquired_ha"", ""land_purchase_remaining_ha"", ""land_purchased_ha"", ""land_required_ha"", ""land_resumed_exchanged_ha"", ""land_to_be_purchased_ha"", ""land_to_be_resumed_ha"", ""purchase_progress_pct"", ""sale_deeds_count""]","[""PDF page 1; detected table 1; row 7; column 3; source printed column 3"", ""PDF page 1; detected table 1; row 7; column 4; source printed column 4"", ""PDF page 1; detected table 1; row 7; column 5; source printed column 5"", ""PDF page 1; detected table 1; row 7; column 8; source printed column 8"", ""PDF page 1; detected table 1; row 7; column 11; source printed column 11"", ""PDF page 1; detected table 1; row 7; column 12; source printed column 12"", ""PDF page 1; detected table 1; row 7; column 17; source printed column 17"", ""PDF page 1; detected table 1; row 7; column 18; source printed column 18"", ""PDF page 1; detected table 1; row 7; column 19; source printed column 19"", ""PDF page 1; detected table 1; row 7; column 20; source printed column 20"", ""PDF page 1; detected table 1; row 7; column 21; source printed column 21"", ""PDF page 1; detected table 1; row 7; column 22; source printed column 22"", ""PDF page 1; detected table 1; row 9; column 3; source printed column 3"", ""PDF page 1; detected table 1; row 9; column 4; source printed column 4"", ""PDF page 1; detected table 1; row 9; column 5; source printed column 5"", ""PDF page 1; detected table 1; row 9; column 8; source printed column 8"", ""PDF page 1; detected table 1; row 9; column 11; source printed column 11"", ""PDF page 1; detected table 1; row 9; column 12; source printed column 12"", ""PDF page 1; detected table 1; row 9; column 17; source printed column 17"", ""PDF page 1; detected table 1; row 9; column 18; source printed column 18"", ""PDF page 1; detected table 1; row 9; column 19; source printed column 19"", ""PDF page 1; detected table 1; row 9; column 20; source printed column 20"", ""PDF page 1; detected table 1; row 9; column 21; source printed column 21"", ""PDF page 1; detected table 1; row 9; column 22; source printed column 22"", ""PDF page 1; detected table 1; row 10; column 3; source printed column 3"", ""PDF page 1; detected table 1; row 10; column 4; source printed column 4"", ""PDF page 1; detected table 1; row 10; column 5; source printed column 5"", ""PDF page 1; detected table 1; row 10; column 8; source printed column 8"", ""PDF page 1; detected table 1; row 10; column 11; source printed column 11"", ""PDF page 1; detected table 1; row 10; column 12; source printed column 12"", ""PDF page 1; detected table 1; row 10; column 17; source printed column 17"", ""PDF page 1; detected table 1; row 10; column 18; source printed column 18"", ""PDF page 1; detected table 1; row 10; column 19; source printed column 19"", ""PDF page 1; detected table 1; row 10; column 20; source printed column 20"", ""PDF page 1; detected table 1; row 10; column 21; source printed column 21"", ""PDF page 1; detected table 1; row 10; column 22; source printed column 22"", ""PDF page 1; detected table 1; row 11; column 3; source printed column 3"", ""PDF page 1; detected table 1; row 11; column 4; source printed column 4"", ""PDF page 1; detected table 1; row 11; column 5; source printed column 5"", ""PDF page 1; detected table 1; row 11; column 8; source printed column 8"", ""PDF page 1; detected table 1; row 11; column 11; source printed column 11"", ""PDF page 1; detected table 1; row 11; column 12; source printed column 12"", ""PDF page 1; detected table 1; row 11; column 17; source printed column 17"", ""PDF page 1; detected table 1; row 11; column 18; source printed column 18"", ""PDF page 1; detected table 1; row 11; column 19; source printed column 19"", ""PDF page 1; detected table 1; row 11; column 20; source printed column 20"", ""PDF page 1; detected table 1; row 11; column 21; source printed column 21"", ""PDF page 1; detected table 1; row 11; column 22; source printed column 22"", ""PDF page 1; detected table 1; row 12; column 3; source printed column 3"", ""PDF page 1; detected table 1; row 12; column 4; source printed column 4"", ""PDF page 1; detected table 1; row 12; column 5; source printed column 5"", ""PDF page 1; detected table 1; row 12; column 8; source printed column 8"", ""PDF page 1; detected table 1; row 12; column 11; source printed column 11"", ""PDF page 1; detected table 1; row 12; column 12; source printed column 12"", ""PDF page 1; detected table 1; row 12; column 17; source printed column 17"", ""PDF page 1; detected table 1; row 12; column 18; source printed column 18"", ""PDF page 1; detected table 1; row 12; column 19; source printed column 19"", ""PDF page 1; detected table 1; row 12; column 20; source printed column 20"", ""PDF page 1; detected table 1; row 12; column 21; source printed column 21"", ""PDF page 1; detected table 1; row 12; column 22; source printed column 22"", ""PDF page 1; detected table 1; row 13; column 3; source printed column 3"", ""PDF page 1; detected table 1; row 13; column 4; source printed column 4"", ""PDF page 1; detected table 1; row 13; column 5; source printed column 5"", ""PDF page 1; detected table 1; row 13; column 8; source printed column 8"", ""PDF page 1; detected table 1; row 13; column 11; source printed column 11"", ""PDF page 1; detected table 1; row 13; column 12; source printed column 12"", ""PDF page 1; detected table 1; row 13; column 17; source printed column 17"", ""PDF page 1; detected table 1; row 13; column 18; source printed column 18"", ""PDF page 1; detected table 1; row 13; column 19; source printed column 19"", ""PDF page 1; detected table 1; row 13; column 20; source printed column 20"", ""PDF page 1; detected table 1; row 13; column 21; source printed column 21"", ""PDF page 1; detected table 1; row 13; column 22; source printed column 22"", ""PDF page 1; detected table 1; row 14; column 3; source printed column 3"", ""PDF page 1; detected table 1; row 14; column 4; source printed column 4"", ""PDF page 1; detected table 1; row 14; column 5; source printed column 5"", ""PDF page 1; detected table 1; row 14; column 8; source printed column 8"", ""PDF page 1; detected table 1; row 14; column 11; source printed column 11"", ""PDF page 1; detected table 1; row 14; column 12; source printed column 12"", ""PDF page 1; detected table 1; row 14; column 17; source printed column 17"", ""PDF page 1; detected table 1; row 14; column 18; source printed column 18"", ""PDF page 1; detected table 1; row 14; column 19; source printed column 19"", ""PDF page 1; detected table 1; row 14; column 20; source printed column 20"", ""PDF page 1; detected table 1; row 14; column 21; source printed column 21"", ""PDF page 1; detected table 1; row 14; column 22; source printed column 22"", ""PDF page 1; detected table 1; row 16; column 3; source printed column 3"", ""PDF page 1; detected table 1; row 16; column 4; source printed column 4"", ""PDF page 1; detected table 1; row 16; column 5; source printed column 5"", ""PDF page 1; detected table 1; row 16; column 8; source printed column 8"", ""PDF page 1; detected table 1; row 16; column 11; source printed column 11"", ""PDF page 1; detected table 1; row 16; column 12; source printed column 12"", ""PDF page 1; detected table 1; row 16; column 17; source printed column 17"", ""PDF page 1; detected table 1; row 16; column 18; source printed column 18"", ""PDF page 1; detected table 1; row 16; column 19; source printed column 19"", ""PDF page 1; detected table 1; row 16; column 20; source printed column 20"", ""PDF page 1; detected table 1; row 16; column 21; source printed column 21"", ""PDF page 1; detected table 1; row 16; column 22; source printed column 22"", ""PDF page 1; detected table 1; row 17; column 3; source printed column 3"", ""PDF page 1; detected table 1; row 17; column 4; source printed column 4"", ""PDF page 1; detected table 1; row 17; column 5; source printed column 5"", ""PDF page 1; detected table 1; row 17; column 8; source printed column 8"", ""PDF page 1; detected table 1; row 17; column 11; source printed column 11"", ""PDF page 1; detected table 1; row 17; column 12; source printed column 12"", ""PDF page 1; detected table 1; row 17; column 17; source printed column 17"", ""PDF page 1; detected table 1; row 17; column 18; source printed column 18"", ""PDF page 1; detected table 1; row 17; column 19; source printed column 19"", ""PDF page 1; detected table 1; row 17; column 20; source printed column 20"", ""PDF page 1; detected table 1; row 17; column 21; source printed column 21"", ""PDF page 1; detected table 1; row 17; column 22; source printed column 22"", ""PDF page 1; detected table 1; row 18; column 3; source printed column 3"", ""PDF page 1; detected table 1; row 18; column 4; source printed column 4"", ""PDF page 1; detected table 1; row 18; column 5; source printed column 5"", ""PDF page 1; detected table 1; row 18; column 8; source printed column 8"", ""PDF page 1; detected table 1; row 18; column 11; source printed column 11"", ""PDF page 1; detected table 1; row 18; column 12; source printed column 12"", ""PDF page 1; detected table 1; row 18; column 17; source printed column 17"", ""PDF page 1; detected table 1; row 18; column 18; source printed column 18"", ""PDF page 1; detected table 1; row 18; column 19; source printed column 19"", ""PDF page 1; detected table 1; row 18; column 20; source printed column 20"", ""PDF page 1; detected table 1; row 18; column 21; source printed column 21"", ""PDF page 1; detected table 1; row 18; column 22; source printed column 22""]",,,official,matched_source_context,0.9,Land Acquisition Details of Ganga Expressway File Size: 70.67 KB | Language: Hindi 04-04-2022 Click here to View/Download ,1,342,normalized_observations_available,
G006,G006,REAL_002,,REAL_002,matched_source_context,ganga_land_status,https://upeida.up.gov.in/en/article/ganga-expressway?brd=2,https://upeida.up.gov.in/downloadmedia/siteContent/202203281516296165ganga Exp Land detail.pdf,https://upeida.up.gov.in/downloadmedia/siteContent/202203281516296165ganga%20Exp%20Land%20detail.pdf,government_official,1,pdf,UPEIDA,,,,,,,,project_and_district,2022-03-28,28-03-2022,official_index_upload_date,,,2026-09-05T10:25:46+00:00,project_research/REAL_002/02_state_district_land_acquisition/REAL_002_UPEIDA_ganga_land_status_2022-03-28_7a8da1cc2c56.pdf,7a8da1cc2c56b6623f937baa8f0a119363594ce1c03788ff8099d613cb3e1993,True,72664,200,application/octet-stream,,,downloaded,"[""acquisition_progress_pct"", ""affected_villages_count"", ""farmers_count"", ""land_acquired_ha"", ""land_purchase_remaining_ha"", ""land_purchased_ha"", ""land_required_ha"", ""land_resumed_exchanged_ha"", ""land_to_be_purchased_ha"", ""land_to_be_resumed_ha"", ""purchase_progress_pct"", ""sale_deeds_count""]","[""PDF page 1; detected table 1; row 7; column 3; source printed column 3"", ""PDF page 1; detected table 1; row 7; column 4; source printed column 4"", ""PDF page 1; detected table 1; row 7; column 5; source printed column 5"", ""PDF page 1; detected table 1; row 7; column 8; source printed column 8"", ""PDF page 1; detected table 1; row 7; column 11; source printed column 11"", ""PDF page 1; detected table 1; row 7; column 12; source printed column 12"", ""PDF page 1; detected table 1; row 7; column 17; source printed column 17"", ""PDF page 1; detected table 1; row 7; column 18; source printed column 18"", ""PDF page 1; detected table 1; row 7; column 19; source printed column 19"", ""PDF page 1; detected table 1; row 7; column 20; source printed column 20"", ""PDF page 1; detected table 1; row 7; column 21; source printed column 21"", ""PDF page 1; detected table 1; row 7; column 22; source printed column 22"", ""PDF page 1; detected table 1; row 8; column 3; source printed column 3"", ""PDF page 1; detected table 1; row 8; column 4; source printed column 4"", ""PDF page 1; detected table 1; row 8; column 5; source printed column 5"", ""PDF page 1; detected table 1; row 8; column 8; source printed column 8"", ""PDF page 1; detected table 1; row 8; column 11; source printed column 11"", ""PDF page 1; detected table 1; row 8; column 12; source printed column 12"", ""PDF page 1; detected table 1; row 8; column 17; source printed column 17"", ""PDF page 1; detected table 1; row 8; column 18; source printed column 18"", ""PDF page 1; detected table 1; row 8; column 19; source printed column 19"", ""PDF page 1; detected table 1; row 8; column 20; source printed column 20"", ""PDF page 1; detected table 1; row 8; column 21; source printed column 21"", ""PDF page 1; detected table 1; row 8; column 22; source printed column 22"", ""PDF page 1; detected table 1; row 9; column 3; source printed column 3"", ""PDF page 1; detected table 1; row 9; column 4; source printed column 4"", ""PDF page 1; detected table 1; row 9; column 5; source printed column 5"", ""PDF page 1; detected table 1; row 9; column 8; source printed column 8"", ""PDF page 1; detected table 1; row 9; column 11; source printed column 11"", ""PDF page 1; detected table 1; row 9; column 12; source printed column 12"", ""PDF page 1; detected table 1; row 9; column 17; source printed column 17"", ""PDF page 1; detected table 1; row 9; column 18; source printed column 18"", ""PDF page 1; detected table 1; row 9; column 19; source printed column 19"", ""PDF page 1; detected table 1; row 9; column 20; source printed column 20"", ""PDF page 1; detected table 1; row 9; column 21; source printed column 21"", ""PDF page 1; detected table 1; row 9; column 22; source printed column 22"", ""PDF page 1; detected table 1; row 10; column 3; source printed column 3"", ""PDF page 1; detected table 1; row 10; column 4; source printed column 4"", ""PDF page 1; detected table 1; row 10; column 5; source printed column 5"", ""PDF page 1; detected table 1; row 10; column 8; source printed column 8"", ""PDF page 1; detected table 1; row 10; column 11; source printed column 11"", ""PDF page 1; detected table 1; row 10; column 12; source printed column 12"", ""PDF page 1; detected table 1; row 10; column 17; source printed column 17"", ""PDF page 1; detected table 1; row 10; column 18; source printed column 18"", ""PDF page 1; detected table 1; row 10; column 19; source printed column 19"", ""PDF page 1; detected table 1; row 10; column 20; source printed column 20"", ""PDF page 1; detected table 1; row 10; column 21; source printed column 21"", ""PDF page 1; detected table 1; row 10; column 22; source printed column 22"", ""PDF page 1; detected table 1; row 11; column 3; source printed column 3"", ""PDF page 1; detected table 1; row 11; column 4; source printed column 4"", ""PDF page 1; detected table 1; row 11; column 5; source printed column 5"", ""PDF page 1; detected table 1; row 11; column 8; source printed column 8"", ""PDF page 1; detected table 1; row 11; column 11; source printed column 11"", ""PDF page 1; detected table 1; row 11; column 12; source printed column 12"", ""PDF page 1; detected table 1; row 11; column 17; source printed column 17"", ""PDF page 1; detected table 1; row 11; column 18; source printed column 18"", ""PDF page 1; detected table 1; row 11; column 19; source printed column 19"", ""PDF page 1; detected table 1; row 11; column 20; source printed column 20"", ""PDF page 1; detected table 1; row 11; column 21; source printed column 21"", ""PDF page 1; detected table 1; row 11; column 22; source printed column 22"", ""PDF page 1; detected table 1; row 12; column 3; source printed column 3"", ""PDF page 1; detected table 1; row 12; column 4; source printed column 4"", ""PDF page 1; detected table 1; row 12; column 5; source printed column 5"", ""PDF page 1; detected table 1; row 12; column 8; source printed column 8"", ""PDF page 1; detected table 1; row 12; column 11; source printed column 11"", ""PDF page 1; detected table 1; row 12; column 12; source printed column 12"", ""PDF page 1; detected table 1; row 12; column 17; source printed column 17"", ""PDF page 1; detected table 1; row 12; column 18; source printed column 18"", ""PDF page 1; detected table 1; row 12; column 19; source printed column 19"", ""PDF page 1; detected table 1; row 12; column 20; source printed column 20"", ""PDF page 1; detected table 1; row 12; column 21; source printed column 21"", ""PDF page 1; detected table 1; row 12; column 22; source printed column 22"", ""PDF page 1; detected table 1; row 13; column 3; source printed column 3"", ""PDF page 1; detected table 1; row 13; column 4; source printed column 4"", ""PDF page 1; detected table 1; row 13; column 5; source printed column 5"", ""PDF page 1; detected table 1; row 13; column 8; source printed column 8"", ""PDF page 1; detected table 1; row 13; column 11; source printed column 11"", ""PDF page 1; detected table 1; row 13; column 12; source printed column 12"", ""PDF page 1; detected table 1; row 13; column 17; source printed column 17"", ""PDF page 1; detected table 1; row 13; column 18; source printed column 18"", ""PDF page 1; detected table 1; row 13; column 19; source printed column 19"", ""PDF page 1; detected table 1; row 13; column 20; source printed column 20"", ""PDF page 1; detected table 1; row 13; column 21; source printed column 21"", ""PDF page 1; detected table 1; row 13; column 22; source printed column 22"", ""PDF page 1; detected table 1; row 14; column 3; source printed column 3"", ""PDF page 1; detected table 1; row 14; column 4; source printed column 4"", ""PDF page 1; detected table 1; row 14; column 5; source printed column 5"", ""PDF page 1; detected table 1; row 14; column 8; source printed column 8"", ""PDF page 1; detected table 1; row 14; column 11; source printed column 11"", ""PDF page 1; detected table 1; row 14; column 12; source printed column 12"", ""PDF page 1; detected table 1; row 14; column 17; source printed column 17"", ""PDF page 1; detected table 1; row 14; column 18; source printed column 18"", ""PDF page 1; detected table 1; row 14; column 19; source printed column 19"", ""PDF page 1; detected table 1; row 14; column 20; source printed column 20"", ""PDF page 1; detected table 1; row 14; column 21; source printed column 21"", ""PDF page 1; detected table 1; row 14; column 22; source printed column 22"", ""PDF page 1; detected table 1; row 16; column 3; source printed column 3"", ""PDF page 1; detected table 1; row 16; column 4; source printed column 4"", ""PDF page 1; detected table 1; row 16; column 5; source printed column 5"", ""PDF page 1; detected table 1; row 16; column 8; source printed column 8"", ""PDF page 1; detected table 1; row 16; column 11; source printed column 11"", ""PDF page 1; detected table 1; row 16; column 12; source printed column 12"", ""PDF page 1; detected table 1; row 16; column 17; source printed column 17"", ""PDF page 1; detected table 1; row 16; column 18; source printed column 18"", ""PDF page 1; detected table 1; row 16; column 19; source printed column 19"", ""PDF page 1; detected table 1; row 16; column 20; source printed column 20"", ""PDF page 1; detected table 1; row 16; column 21; source printed column 21"", ""PDF page 1; detected table 1; row 16; column 22; source printed column 22"", ""PDF page 1; detected table 1; row 17; column 3; source printed column 3"", ""PDF page 1; detected table 1; row 17; column 4; source printed column 4"", ""PDF page 1; detected table 1; row 17; column 5; source printed column 5"", ""PDF page 1; detected table 1; row 17; column 8; source printed column 8"", ""PDF page 1; detected table 1; row 17; column 11; source printed column 11"", ""PDF page 1; detected table 1; row 17; column 12; source printed column 12"", ""PDF page 1; detected table 1; row 17; column 17; source printed column 17"", ""PDF page 1; detected table 1; row 17; column 18; source printed column 18"", ""PDF page 1; detected table 1; row 17; column 19; source printed column 19"", ""PDF page 1; detected table 1; row 17; column 20; source printed column 20"", ""PDF page 1; detected table 1; row 17; column 21; source printed column 21"", ""PDF page 1; detected table 1; row 17; column 22; source printed column 22"", ""PDF page 1; detected table 1; row 18; column 3; source printed column 3"", ""PDF page 1; detected table 1; row 18; column 4; source printed column 4"", ""PDF page 1; detected table 1; row 18; column 5; source printed column 5"", ""PDF page 1; detected table 1; row 18; column 8; source printed column 8"", ""PDF page 1; detected table 1; row 18; column 11; source printed column 11"", ""PDF page 1; detected table 1; row 18; column 12; source printed column 12"", ""PDF page 1; detected table 1; row 18; column 17; source printed column 17"", ""PDF page 1; detected table 1; row 18; column 18; source printed column 18"", ""PDF page 1; detected table 1; row 18; column 19; source printed column 19"", ""PDF page 1; detected table 1; row 18; column 20; source printed column 20"", ""PDF page 1; detected table 1; row 18; column 21; source printed column 21"", ""PDF page 1; detected table 1; row 18; column 22; source printed column 22""]",,,official,matched_source_context,0.9,Land Acquisition Details of Ganga Expressway File Size: 70.96 KB | Language: Hindi 28-03-2022 Click here to View/Download ,1,342,normalized_observations_available,
G007,G007,REAL_002,,REAL_002,matched_source_context,ganga_land_status,https://upeida.up.gov.in/en/article/ganga-expressway?brd=2,https://upeida.up.gov.in/downloadmedia/siteContent/202203211754002711LD ganga Exp.pdf,https://upeida.up.gov.in/downloadmedia/siteContent/202203211754002711LD%20ganga%20Exp.pdf,government_official,1,pdf,UPEIDA,,,,,,,,project_and_district,2022-03-21,21-03-2022,official_index_upload_date,,,2026-09-05T10:25:46+00:00,project_research/REAL_002/02_state_district_land_acquisition/REAL_002_UPEIDA_ganga_land_status_2022-03-21_8f1ab1761a8b.pdf,8f1ab1761a8bc0df8c6e044d08588e38e93df5e24b22642f0d8400041ca23a50,True,72154,200,application/octet-stream,,,downloaded,"[""acquisition_progress_pct"", ""affected_villages_count"", ""farmers_count"", ""land_acquired_ha"", ""land_purchase_remaining_ha"", ""land_purchased_ha"", ""land_required_ha"", ""land_resumed_exchanged_ha"", ""land_to_be_purchased_ha"", ""land_to_be_resumed_ha"", ""purchase_progress_pct"", ""sale_deeds_count""]","[""PDF page 1; detected table 1; row 7; column 3; source printed column 3"", ""PDF page 1; detected table 1; row 7; column 4; source printed column 4"", ""PDF page 1; detected table 1; row 7; column 5; source printed column 5"", ""PDF page 1; detected table 1; row 7; column 8; source printed column 8"", ""PDF page 1; detected table 1; row 7; column 11; source printed column 11"", ""PDF page 1; detected table 1; row 7; column 12; source printed column 12"", ""PDF page 1; detected table 1; row 7; column 17; source printed column 17"", ""PDF page 1; detected table 1; row 7; column 18; source printed column 18"", ""PDF page 1; detected table 1; row 7; column 19; source printed column 19"", ""PDF page 1; detected table 1; row 7; column 20; source printed column 20"", ""PDF page 1; detected table 1; row 7; column 21; source printed column 21"", ""PDF page 1; detected table 1; row 7; column 22; source printed column 22"", ""PDF page 1; detected table 1; row 8; column 3; source printed column 3"", ""PDF page 1; detected table 1; row 8; column 4; source printed column 4"", ""PDF page 1; detected table 1; row 8; column 5; source printed column 5"", ""PDF page 1; detected table 1; row 8; column 8; source printed column 8"", ""PDF page 1; detected table 1; row 8; column 11; source printed column 11"", ""PDF page 1; detected table 1; row 8; column 12; source printed column 12"", ""PDF page 1; detected table 1; row 8; column 17; source printed column 17"", ""PDF page 1; detected table 1; row 8; column 18; source printed column 18"", ""PDF page 1; detected table 1; row 8; column 19; source printed column 19"", ""PDF page 1; detected table 1; row 8; column 20; source printed column 20"", ""PDF page 1; detected table 1; row 8; column 21; source printed column 21"", ""PDF page 1; detected table 1; row 8; column 22; source printed column 22"", ""PDF page 1; detected table 1; row 9; column 3; source printed column 3"", ""PDF page 1; detected table 1; row 9; column 4; source printed column 4"", ""PDF page 1; detected table 1; row 9; column 5; source printed column 5"", ""PDF page 1; detected table 1; row 9; column 8; source printed column 8"", ""PDF page 1; detected table 1; row 9; column 11; source printed column 11"", ""PDF page 1; detected table 1; row 9; column 12; source printed column 12"", ""PDF page 1; detected table 1; row 9; column 17; source printed column 17"", ""PDF page 1; detected table 1; row 9; column 18; source printed column 18"", ""PDF page 1; detected table 1; row 9; column 19; source printed column 19"", ""PDF page 1; detected table 1; row 9; column 20; source printed column 20"", ""PDF page 1; detected table 1; row 9; column 21; source printed column 21"", ""PDF page 1; detected table 1; row 9; column 22; source printed column 22"", ""PDF page 1; detected table 1; row 10; column 3; source printed column 3"", ""PDF page 1; detected table 1; row 10; column 4; source printed column 4"", ""PDF page 1; detected table 1; row 10; column 5; source printed column 5"", ""PDF page 1; detected table 1; row 10; column 8; source printed column 8"", ""PDF page 1; detected table 1; row 10; column 11; source printed column 11"", ""PDF page 1; detected table 1; row 10; column 12; source printed column 12"", ""PDF page 1; detected table 1; row 10; column 17; source printed column 17"", ""PDF page 1; detected table 1; row 10; column 18; source printed column 18"", ""PDF page 1; detected table 1; row 10; column 19; source printed column 19"", ""PDF page 1; detected table 1; row 10; column 20; source printed column 20"", ""PDF page 1; detected table 1; row 10; column 21; source printed column 21"", ""PDF page 1; detected table 1; row 10; column 22; source printed column 22"", ""PDF page 1; detected table 1; row 11; column 3; source printed column 3"", ""PDF page 1; detected table 1; row 11; column 4; source printed column 4"", ""PDF page 1; detected table 1; row 11; column 5; source printed column 5"", ""PDF page 1; detected table 1; row 11; column 8; source printed column 8"", ""PDF page 1; detected table 1; row 11; column 11; source printed column 11"", ""PDF page 1; detected table 1; row 11; column 12; source printed column 12"", ""PDF page 1; detected table 1; row 11; column 17; source printed column 17"", ""PDF page 1; detected table 1; row 11; column 18; source printed column 18"", ""PDF page 1; detected table 1; row 11; column 19; source printed column 19"", ""PDF page 1; detected table 1; row 11; column 20; source printed column 20"", ""PDF page 1; detected table 1; row 11; column 21; source printed column 21"", ""PDF page 1; detected table 1; row 11; column 22; source printed column 22"", ""PDF page 1; detected table 1; row 12; column 3; source printed column 3"", ""PDF page 1; detected table 1; row 12; column 4; source printed column 4"", ""PDF page 1; detected table 1; row 12; column 5; source printed column 5"", ""PDF page 1; detected table 1; row 12; column 8; source printed column 8"", ""PDF page 1; detected table 1; row 12; column 11; source printed column 11"", ""PDF page 1; detected table 1; row 12; column 12; source printed column 12"", ""PDF page 1; detected table 1; row 12; column 17; source printed column 17"", ""PDF page 1; detected table 1; row 12; column 18; source printed column 18"", ""PDF page 1; detected table 1; row 12; column 19; source printed column 19"", ""PDF page 1; detected table 1; row 12; column 20; source printed column 20"", ""PDF page 1; detected table 1; row 12; column 21; source printed column 21"", ""PDF page 1; detected table 1; row 12; column 22; source printed column 22"", ""PDF page 1; detected table 1; row 13; column 3; source printed column 3"", ""PDF page 1; detected table 1; row 13; column 4; source printed column 4"", ""PDF page 1; detected table 1; row 13; column 5; source printed column 5"", ""PDF page 1; detected table 1; row 13; column 8; source printed column 8"", ""PDF page 1; detected table 1; row 13; column 11; source printed column 11"", ""PDF page 1; detected table 1; row 13; column 12; source printed column 12"", ""PDF page 1; detected table 1; row 13; column 17; source printed column 17"", ""PDF page 1; detected table 1; row 13; column 18; source printed column 18"", ""PDF page 1; detected table 1; row 13; column 19; source printed column 19"", ""PDF page 1; detected table 1; row 13; column 20; source printed column 20"", ""PDF page 1; detected table 1; row 13; column 21; source printed column 21"", ""PDF page 1; detected table 1; row 13; column 22; source printed column 22"", ""PDF page 1; detected table 1; row 14; column 3; source printed column 3"", ""PDF page 1; detected table 1; row 14; column 4; source printed column 4"", ""PDF page 1; detected table 1; row 14; column 5; source printed column 5"", ""PDF page 1; detected table 1; row 14; column 8; source printed column 8"", ""PDF page 1; detected table 1; row 14; column 11; source printed column 11"", ""PDF page 1; detected table 1; row 14; column 12; source printed column 12"", ""PDF page 1; detected table 1; row 14; column 17; source printed column 17"", ""PDF page 1; detected table 1; row 14; column 18; source printed column 18"", ""PDF page 1; detected table 1; row 14; column 19; source printed column 19"", ""PDF page 1; detected table 1; row 14; column 20; source printed column 20"", ""PDF page 1; detected table 1; row 14; column 21; source printed column 21"", ""PDF page 1; detected table 1; row 14; column 22; source printed column 22"", ""PDF page 1; detected table 1; row 16; column 3; source printed column 3"", ""PDF page 1; detected table 1; row 16; column 4; source printed column 4"", ""PDF page 1; detected table 1; row 16; column 5; source printed column 5"", ""PDF page 1; detected table 1; row 16; column 8; source printed column 8"", ""PDF page 1; detected table 1; row 16; column 11; source printed column 11"", ""PDF page 1; detected table 1; row 16; column 12; source printed column 12"", ""PDF page 1; detected table 1; row 16; column 17; source printed column 17"", ""PDF page 1; detected table 1; row 16; column 18; source printed column 18"", ""PDF page 1; detected table 1; row 16; column 19; source printed column 19"", ""PDF page 1; detected table 1; row 16; column 20; source printed column 20"", ""PDF page 1; detected table 1; row 16; column 21; source printed column 21"", ""PDF page 1; detected table 1; row 16; column 22; source printed column 22"", ""PDF page 1; detected table 1; row 17; column 3; source printed column 3"", ""PDF page 1; detected table 1; row 17; column 4; source printed column 4"", ""PDF page 1; detected table 1; row 17; column 5; source printed column 5"", ""PDF page 1; detected table 1; row 17; column 8; source printed column 8"", ""PDF page 1; detected table 1; row 17; column 11; source printed column 11"", ""PDF page 1; detected table 1; row 17; column 12; source printed column 12"", ""PDF page 1; detected table 1; row 17; column 17; source printed column 17"", ""PDF page 1; detected table 1; row 17; column 18; source printed column 18"", ""PDF page 1; detected table 1; row 17; column 19; source printed column 19"", ""PDF page 1; detected table 1; row 17; column 20; source printed column 20"", ""PDF page 1; detected table 1; row 17; column 21; source printed column 21"", ""PDF page 1; detected table 1; row 17; column 22; source printed column 22"", ""PDF page 1; detected table 1; row 18; column 3; source printed column 3"", ""PDF page 1; detected table 1; row 18; column 4; source printed column 4"", ""PDF page 1; detected table 1; row 18; column 5; source printed column 5"", ""PDF page 1; detected table 1; row 18; column 8; source printed column 8"", ""PDF page 1; detected table 1; row 18; column 11; source printed column 11"", ""PDF page 1; detected table 1; row 18; column 12; source printed column 12"", ""PDF page 1; detected table 1; row 18; column 17; source printed column 17"", ""PDF page 1; detected table 1; row 18; column 18; source printed column 18"", ""PDF page 1; detected table 1; row 18; column 19; source printed column 19"", ""PDF page 1; detected table 1; row 18; column 20; source printed column 20"", ""PDF page 1; detected table 1; row 18; column 21; source printed column 21"", ""PDF page 1; detected table 1; row 18; column 22; source printed column 22""]",,,official,matched_source_context,0.9,Land Acquisition Details of Ganga Expressway File Size: 70.46 KB | Language: Hindi 21-03-2022 Click here to View/Download ,1,342,normalized_observations_available,
G008,G008,REAL_002,,REAL_002,matched_source_context,ganga_land_status,https://upeida.up.gov.in/en/article/ganga-expressway?brd=2,https://upeida.up.gov.in/downloadmedia/siteContent/202202081327545916Ganga LS.pdf,https://upeida.up.gov.in/downloadmedia/siteContent/202202081327545916Ganga%20LS.pdf,government_official,1,pdf,UPEIDA,,,,,,,,project_and_district,2022-02-08,08-02-2022,official_index_upload_date,,,2026-09-05T10:25:47+00:00,project_research/REAL_002/02_state_district_land_acquisition/REAL_002_UPEIDA_ganga_land_status_2022-02-08_9e5de66a06c6.pdf,9e5de66a06c6f2dfe2e2838d048acab481660f3132e224dd2646c8ae9ec1748f,True,72501,200,application/octet-stream,,,downloaded,"[""acquisition_progress_pct"", ""affected_villages_count"", ""farmers_count"", ""land_acquired_ha"", ""land_purchase_remaining_ha"", ""land_purchased_ha"", ""land_required_ha"", ""land_resumed_exchanged_ha"", ""land_to_be_purchased_ha"", ""land_to_be_resumed_ha"", ""purchase_progress_pct"", ""sale_deeds_count""]","[""PDF page 1; detected table 1; row 7; column 3; source printed column 3"", ""PDF page 1; detected table 1; row 7; column 4; source printed column 4"", ""PDF page 1; detected table 1; row 7; column 5; source printed column 5"", ""PDF page 1; detected table 1; row 7; column 8; source printed column 8"", ""PDF page 1; detected table 1; row 7; column 11; source printed column 11"", ""PDF page 1; detected table 1; row 7; column 12; source printed column 12"", ""PDF page 1; detected table 1; row 7; column 17; source printed column 17"", ""PDF page 1; detected table 1; row 7; column 18; source printed column 18"", ""PDF page 1; detected table 1; row 7; column 19; source printed column 19"", ""PDF page 1; detected table 1; row 7; column 20; source printed column 20"", ""PDF page 1; detected table 1; row 7; column 21; source printed column 21"", ""PDF page 1; detected table 1; row 7; column 22; source printed column 22"", ""PDF page 1; detected table 1; row 8; column 3; source printed column 3"", ""PDF page 1; detected table 1; row 8; column 4; source printed column 4"", ""PDF page 1; detected table 1; row 8; column 5; source printed column 5"", ""PDF page 1; detected table 1; row 8; column 8; source printed column 8"", ""PDF page 1; detected table 1; row 8; column 11; source printed column 11"", ""PDF page 1; detected table 1; row 8; column 12; source printed column 12"", ""PDF page 1; detected table 1; row 8; column 17; source printed column 17"", ""PDF page 1; detected table 1; row 8; column 18; source printed column 18"", ""PDF page 1; detected table 1; row 8; column 19; source printed column 19"", ""PDF page 1; detected table 1; row 8; column 20; source printed column 20"", ""PDF page 1; detected table 1; row 8; column 21; source printed column 21"", ""PDF page 1; detected table 1; row 8; column 22; source printed column 22"", ""PDF page 1; detected table 1; row 9; column 3; source printed column 3"", ""PDF page 1; detected table 1; row 9; column 4; source printed column 4"", ""PDF page 1; detected table 1; row 9; column 5; source printed column 5"", ""PDF page 1; detected table 1; row 9; column 8; source printed column 8"", ""PDF page 1; detected table 1; row 9; column 11; source printed column 11"", ""PDF page 1; detected table 1; row 9; column 12; source printed column 12"", ""PDF page 1; detected table 1; row 9; column 17; source printed column 17"", ""PDF page 1; detected table 1; row 9; column 18; source printed column 18"", ""PDF page 1; detected table 1; row 9; column 19; source printed column 19"", ""PDF page 1; detected table 1; row 9; column 20; source printed column 20"", ""PDF page 1; detected table 1; row 9; column 21; source printed column 21"", ""PDF page 1; detected table 1; row 9; column 22; source printed column 22"", ""PDF page 1; detected table 1; row 10; column 3; source printed column 3"", ""PDF page 1; detected table 1; row 10; column 4; source printed column 4"", ""PDF page 1; detected table 1; row 10; column 5; source printed column 5"", ""PDF page 1; detected table 1; row 10; column 8; source printed column 8"", ""PDF page 1; detected table 1; row 10; column 11; source printed column 11"", ""PDF page 1; detected table 1; row 10; column 12; source printed column 12"", ""PDF page 1; detected table 1; row 10; column 17; source printed column 17"", ""PDF page 1; detected table 1; row 10; column 18; source printed column 18"", ""PDF page 1; detected table 1; row 10; column 19; source printed column 19"", ""PDF page 1; detected table 1; row 10; column 20; source printed column 20"", ""PDF page 1; detected table 1; row 10; column 21; source printed column 21"", ""PDF page 1; detected table 1; row 10; column 22; source printed column 22"", ""PDF page 1; detected table 1; row 11; column 3; source printed column 3"", ""PDF page 1; detected table 1; row 11; column 4; source printed column 4"", ""PDF page 1; detected table 1; row 11; column 5; source printed column 5"", ""PDF page 1; detected table 1; row 11; column 8; source printed column 8"", ""PDF page 1; detected table 1; row 11; column 11; source printed column 11"", ""PDF page 1; detected table 1; row 11; column 12; source printed column 12"", ""PDF page 1; detected table 1; row 11; column 17; source printed column 17"", ""PDF page 1; detected table 1; row 11; column 18; source printed column 18"", ""PDF page 1; detected table 1; row 11; column 19; source printed column 19"", ""PDF page 1; detected table 1; row 11; column 20; source printed column 20"", ""PDF page 1; detected table 1; row 11; column 21; source printed column 21"", ""PDF page 1; detected table 1; row 11; column 22; source printed column 22"", ""PDF page 1; detected table 1; row 12; column 3; source printed column 3"", ""PDF page 1; detected table 1; row 12; column 4; source printed column 4"", ""PDF page 1; detected table 1; row 12; column 5; source printed column 5"", ""PDF page 1; detected table 1; row 12; column 8; source printed column 8"", ""PDF page 1; detected table 1; row 12; column 11; source printed column 11"", ""PDF page 1; detected table 1; row 12; column 12; source printed column 12"", ""PDF page 1; detected table 1; row 12; column 17; source printed column 17"", ""PDF page 1; detected table 1; row 12; column 18; source printed column 18"", ""PDF page 1; detected table 1; row 12; column 19; source printed column 19"", ""PDF page 1; detected table 1; row 12; column 20; source printed column 20"", ""PDF page 1; detected table 1; row 12; column 21; source printed column 21"", ""PDF page 1; detected table 1; row 12; column 22; source printed column 22"", ""PDF page 1; detected table 1; row 13; column 3; source printed column 3"", ""PDF page 1; detected table 1; row 13; column 4; source printed column 4"", ""PDF page 1; detected table 1; row 13; column 5; source printed column 5"", ""PDF page 1; detected table 1; row 13; column 8; source printed column 8"", ""PDF page 1; detected table 1; row 13; column 11; source printed column 11"", ""PDF page 1; detected table 1; row 13; column 12; source printed column 12"", ""PDF page 1; detected table 1; row 13; column 17; source printed column 17"", ""PDF page 1; detected table 1; row 13; column 18; source printed column 18"", ""PDF page 1; detected table 1; row 13; column 19; source printed column 19"", ""PDF page 1; detected table 1; row 13; column 20; source printed column 20"", ""PDF page 1; detected table 1; row 13; column 21; source printed column 21"", ""PDF page 1; detected table 1; row 13; column 22; source printed column 22"", ""PDF page 1; detected table 1; row 14; column 3; source printed column 3"", ""PDF page 1; detected table 1; row 14; column 4; source printed column 4"", ""PDF page 1; detected table 1; row 14; column 5; source printed column 5"", ""PDF page 1; detected table 1; row 14; column 8; source printed column 8"", ""PDF page 1; detected table 1; row 14; column 11; source printed column 11"", ""PDF page 1; detected table 1; row 14; column 12; source printed column 12"", ""PDF page 1; detected table 1; row 14; column 17; source printed column 17"", ""PDF page 1; detected table 1; row 14; column 18; source printed column 18"", ""PDF page 1; detected table 1; row 14; column 19; source printed column 19"", ""PDF page 1; detected table 1; row 14; column 20; source printed column 20"", ""PDF page 1; detected table 1; row 14; column 21; source printed column 21"", ""PDF page 1; detected table 1; row 14; column 22; source printed column 22"", ""PDF page 1; detected table 1; row 16; column 3; source printed column 3"", ""PDF page 1; detected table 1; row 16; column 4; source printed column 4"", ""PDF page 1; detected table 1; row 16; column 5; source printed column 5"", ""PDF page 1; detected table 1; row 16; column 8; source printed column 8"", ""PDF page 1; detected table 1; row 16; column 11; source printed column 11"", ""PDF page 1; detected table 1; row 16; column 12; source printed column 12"", ""PDF page 1; detected table 1; row 16; column 17; source printed column 17"", ""PDF page 1; detected table 1; row 16; column 18; source printed column 18"", ""PDF page 1; detected table 1; row 16; column 19; source printed column 19"", ""PDF page 1; detected table 1; row 16; column 20; source printed column 20"", ""PDF page 1; detected table 1; row 16; column 21; source printed column 21"", ""PDF page 1; detected table 1; row 16; column 22; source printed column 22"", ""PDF page 1; detected table 1; row 17; column 3; source printed column 3"", ""PDF page 1; detected table 1; row 17; column 4; source printed column 4"", ""PDF page 1; detected table 1; row 17; column 5; source printed column 5"", ""PDF page 1; detected table 1; row 17; column 8; source printed column 8"", ""PDF page 1; detected table 1; row 17; column 11; source printed column 11"", ""PDF page 1; detected table 1; row 17; column 12; source printed column 12"", ""PDF page 1; detected table 1; row 17; column 17; source printed column 17"", ""PDF page 1; detected table 1; row 17; column 18; source printed column 18"", ""PDF page 1; detected table 1; row 17; column 19; source printed column 19"", ""PDF page 1; detected table 1; row 17; column 20; source printed column 20"", ""PDF page 1; detected table 1; row 17; column 21; source printed column 21"", ""PDF page 1; detected table 1; row 17; column 22; source printed column 22"", ""PDF page 1; detected table 1; row 18; column 3; source printed column 3"", ""PDF page 1; detected table 1; row 18; column 4; source printed column 4"", ""PDF page 1; detected table 1; row 18; column 5; source printed column 5"", ""PDF page 1; detected table 1; row 18; column 8; source printed column 8"", ""PDF page 1; detected table 1; row 18; column 11; source printed column 11"", ""PDF page 1; detected table 1; row 18; column 12; source printed column 12"", ""PDF page 1; detected table 1; row 18; column 17; source printed column 17"", ""PDF page 1; detected table 1; row 18; column 18; source printed column 18"", ""PDF page 1; detected table 1; row 18; column 19; source printed column 19"", ""PDF page 1; detected table 1; row 18; column 20; source printed column 20"", ""PDF page 1; detected table 1; row 18; column 21; source printed column 21"", ""PDF page 1; detected table 1; row 18; column 22; source printed column 22""]",,,official,matched_source_context,0.9,Land Acquisition Details of Ganga Expressway File Size: 70.80 KB | Language: Hindi 08-02-2022 Click here to View/Download ,1,342,normalized_observations_available,
G009,G009,REAL_002,,REAL_002,matched_source_context,ganga_land_status,https://upeida.up.gov.in/en/article/ganga-expressway?brd=2,https://upeida.up.gov.in/downloadmedia/siteContent/202201171338564535Land St Ganga Expressway.pdf,https://upeida.up.gov.in/downloadmedia/siteContent/202201171338564535Land%20St%20Ganga%20Expressway.pdf,government_official,1,pdf,UPEIDA,,,,,,,,project_and_district,2022-01-17,17-01-2022,official_index_upload_date,,,2026-09-05T10:25:48+00:00,project_research/REAL_002/02_state_district_land_acquisition/REAL_002_UPEIDA_ganga_land_status_2022-01-17_ae81d9fb6cc2.pdf,ae81d9fb6cc2b76437fed31debded5009f05708d3c9e10b2dd2eaeb125714466,True,75345,200,application/octet-stream,,,downloaded,"[""acquisition_progress_pct"", ""affected_villages_count"", ""farmers_count"", ""land_acquired_ha"", ""land_purchase_remaining_ha"", ""land_purchased_ha"", ""land_required_ha"", ""land_resumed_exchanged_ha"", ""land_to_be_purchased_ha"", ""land_to_be_resumed_ha"", ""purchase_progress_pct"", ""sale_deeds_count""]","[""PDF page 1; detected table 1; row 7; column 3; source printed column 3"", ""PDF page 1; detected table 1; row 7; column 4; source printed column 4"", ""PDF page 1; detected table 1; row 7; column 5; source printed column 5"", ""PDF page 1; detected table 1; row 7; column 8; source printed column 8"", ""PDF page 1; detected table 1; row 7; column 11; source printed column 11"", ""PDF page 1; detected table 1; row 7; column 12; source printed column 12"", ""PDF page 1; detected table 1; row 7; column 17; source printed column 17"", ""PDF page 1; detected table 1; row 7; column 18; source printed column 18"", ""PDF page 1; detected table 1; row 7; column 19; source printed column 19"", ""PDF page 1; detected table 1; row 7; column 20; source printed column 20"", ""PDF page 1; detected table 1; row 7; column 21; source printed column 21"", ""PDF page 1; detected table 1; row 7; column 22; source printed column 22"", ""PDF page 1; detected table 1; row 8; column 3; source printed column 3"", ""PDF page 1; detected table 1; row 8; column 4; source printed column 4"", ""PDF page 1; detected table 1; row 8; column 5; source printed column 5"", ""PDF page 1; detected table 1; row 8; column 8; source printed column 8"", ""PDF page 1; detected table 1; row 8; column 11; source printed column 11"", ""PDF page 1; detected table 1; row 8; column 12; source printed column 12"", ""PDF page 1; detected table 1; row 8; column 17; source printed column 17"", ""PDF page 1; detected table 1; row 8; column 18; source printed column 18"", ""PDF page 1; detected table 1; row 8; column 19; source printed column 19"", ""PDF page 1; detected table 1; row 8; column 20; source printed column 20"", ""PDF page 1; detected table 1; row 8; column 21; source printed column 21"", ""PDF page 1; detected table 1; row 8; column 22; source printed column 22"", ""PDF page 1; detected table 1; row 9; column 3; source printed column 3"", ""PDF page 1; detected table 1; row 9; column 4; source printed column 4"", ""PDF page 1; detected table 1; row 9; column 5; source printed column 5"", ""PDF page 1; detected table 1; row 9; column 8; source printed column 8"", ""PDF page 1; detected table 1; row 9; column 11; source printed column 11"", ""PDF page 1; detected table 1; row 9; column 12; source printed column 12"", ""PDF page 1; detected table 1; row 9; column 17; source printed column 17"", ""PDF page 1; detected table 1; row 9; column 18; source printed column 18"", ""PDF page 1; detected table 1; row 9; column 19; source printed column 19"", ""PDF page 1; detected table 1; row 9; column 20; source printed column 20"", ""PDF page 1; detected table 1; row 9; column 21; source printed column 21"", ""PDF page 1; detected table 1; row 9; column 22; source printed column 22"", ""PDF page 1; detected table 1; row 10; column 3; source printed column 3"", ""PDF page 1; detected table 1; row 10; column 4; source printed column 4"", ""PDF page 1; detected table 1; row 10; column 5; source printed column 5"", ""PDF page 1; detected table 1; row 10; column 8; source printed column 8"", ""PDF page 1; detected table 1; row 10; column 11; source printed column 11"", ""PDF page 1; detected table 1; row 10; column 12; source printed column 12"", ""PDF page 1; detected table 1; row 10; column 17; source printed column 17"", ""PDF page 1; detected table 1; row 10; column 18; source printed column 18"", ""PDF page 1; detected table 1; row 10; column 19; source printed column 19"", ""PDF page 1; detected table 1; row 10; column 20; source printed column 20"", ""PDF page 1; detected table 1; row 10; column 21; source printed column 21"", ""PDF page 1; detected table 1; row 10; column 22; source printed column 22"", ""PDF page 1; detected table 1; row 11; column 3; source printed column 3"", ""PDF page 1; detected table 1; row 11; column 4; source printed column 4"", ""PDF page 1; detected table 1; row 11; column 5; source printed column 5"", ""PDF page 1; detected table 1; row 11; column 8; source printed column 8"", ""PDF page 1; detected table 1; row 11; column 11; source printed column 11"", ""PDF page 1; detected table 1; row 11; column 12; source printed column 12"", ""PDF page 1; detected table 1; row 11; column 17; source printed column 17"", ""PDF page 1; detected table 1; row 11; column 18; source printed column 18"", ""PDF page 1; detected table 1; row 11; column 19; source printed column 19"", ""PDF page 1; detected table 1; row 11; column 20; source printed column 20"", ""PDF page 1; detected table 1; row 11; column 21; source printed column 21"", ""PDF page 1; detected table 1; row 11; column 22; source printed column 22"", ""PDF page 1; detected table 1; row 12; column 3; source printed column 3"", ""PDF page 1; detected table 1; row 12; column 4; source printed column 4"", ""PDF page 1; detected table 1; row 12; column 5; source printed column 5"", ""PDF page 1; detected table 1; row 12; column 8; source printed column 8"", ""PDF page 1; detected table 1; row 12; column 11; source printed column 11"", ""PDF page 1; detected table 1; row 12; column 12; source printed column 12"", ""PDF page 1; detected table 1; row 12; column 17; source printed column 17"", ""PDF page 1; detected table 1; row 12; column 18; source printed column 18"", ""PDF page 1; detected table 1; row 12; column 19; source printed column 19"", ""PDF page 1; detected table 1; row 12; column 20; source printed column 20"", ""PDF page 1; detected table 1; row 12; column 21; source printed column 21"", ""PDF page 1; detected table 1; row 12; column 22; source printed column 22"", ""PDF page 1; detected table 1; row 13; column 3; source printed column 3"", ""PDF page 1; detected table 1; row 13; column 4; source printed column 4"", ""PDF page 1; detected table 1; row 13; column 5; source printed column 5"", ""PDF page 1; detected table 1; row 13; column 8; source printed column 8"", ""PDF page 1; detected table 1; row 13; column 11; source printed column 11"", ""PDF page 1; detected table 1; row 13; column 12; source printed column 12"", ""PDF page 1; detected table 1; row 13; column 17; source printed column 17"", ""PDF page 1; detected table 1; row 13; column 18; source printed column 18"", ""PDF page 1; detected table 1; row 13; column 19; source printed column 19"", ""PDF page 1; detected table 1; row 13; column 20; source printed column 20"", ""PDF page 1; detected table 1; row 13; column 21; source printed column 21"", ""PDF page 1; detected table 1; row 13; column 22; source printed column 22"", ""PDF page 1; detected table 1; row 14; column 3; source printed column 3"", ""PDF page 1; detected table 1; row 14; column 4; source printed column 4"", ""PDF page 1; detected table 1; row 14; column 5; source printed column 5"", ""PDF page 1; detected table 1; row 14; column 8; source printed column 8"", ""PDF page 1; detected table 1; row 14; column 11; source printed column 11"", ""PDF page 1; detected table 1; row 14; column 12; source printed column 12"", ""PDF page 1; detected table 1; row 14; column 17; source printed column 17"", ""PDF page 1; detected table 1; row 14; column 18; source printed column 18"", ""PDF page 1; detected table 1; row 14; column 19; source printed column 19"", ""PDF page 1; detected table 1; row 14; column 20; source printed column 20"", ""PDF page 1; detected table 1; row 14; column 21; source printed column 21"", ""PDF page 1; detected table 1; row 14; column 22; source printed column 22"", ""PDF page 1; detected table 1; row 16; column 3; source printed column 3"", ""PDF page 1; detected table 1; row 16; column 4; source printed column 4"", ""PDF page 1; detected table 1; row 16; column 5; source printed column 5"", ""PDF page 1; detected table 1; row 16; column 8; source printed column 8"", ""PDF page 1; detected table 1; row 16; column 11; source printed column 11"", ""PDF page 1; detected table 1; row 16; column 12; source printed column 12"", ""PDF page 1; detected table 1; row 16; column 17; source printed column 17"", ""PDF page 1; detected table 1; row 16; column 18; source printed column 18"", ""PDF page 1; detected table 1; row 16; column 19; source printed column 19"", ""PDF page 1; detected table 1; row 16; column 20; source printed column 20"", ""PDF page 1; detected table 1; row 16; column 21; source printed column 21"", ""PDF page 1; detected table 1; row 16; column 22; source printed column 22"", ""PDF page 1; detected table 1; row 17; column 3; source printed column 3"", ""PDF page 1; detected table 1; row 17; column 4; source printed column 4"", ""PDF page 1; detected table 1; row 17; column 5; source printed column 5"", ""PDF page 1; detected table 1; row 17; column 8; source printed column 8"", ""PDF page 1; detected table 1; row 17; column 11; source printed column 11"", ""PDF page 1; detected table 1; row 17; column 12; source printed column 12"", ""PDF page 1; detected table 1; row 17; column 17; source printed column 17"", ""PDF page 1; detected table 1; row 17; column 18; source printed column 18"", ""PDF page 1; detected table 1; row 17; column 19; source printed column 19"", ""PDF page 1; detected table 1; row 17; column 20; source printed column 20"", ""PDF page 1; detected table 1; row 17; column 21; source printed column 21"", ""PDF page 1; detected table 1; row 17; column 22; source printed column 22"", ""PDF page 1; detected table 1; row 18; column 3; source printed column 3"", ""PDF page 1; detected table 1; row 18; column 4; source printed column 4"", ""PDF page 1; detected table 1; row 18; column 5; source printed column 5"", ""PDF page 1; detected table 1; row 18; column 8; source printed column 8"", ""PDF page 1; detected table 1; row 18; column 11; source printed column 11"", ""PDF page 1; detected table 1; row 18; column 12; source printed column 12"", ""PDF page 1; detected table 1; row 18; column 17; source printed column 17"", ""PDF page 1; detected table 1; row 18; column 18; source printed column 18"", ""PDF page 1; detected table 1; row 18; column 19; source printed column 19"", ""PDF page 1; detected table 1; row 18; column 20; source printed column 20"", ""PDF page 1; detected table 1; row 18; column 21; source printed column 21"", ""PDF page 1; detected table 1; row 18; column 22; source printed column 22""]",,,official,matched_source_context,0.9,Land Acquisition Details of Ganga Expressway File Size: 73.58 KB | Language: Hindi 17-01-2022 Click here to View/Download ,1,518,normalized_observations_available,
G010,G010,REAL_002,,REAL_002,matched_source_context,ganga_land_status,https://upeida.up.gov.in/en/article/ganga-expressway?brd=2,https://upeida.up.gov.in/downloadmedia/siteContent/202201111200537749Ganga Exp Land.pdf,https://upeida.up.gov.in/downloadmedia/siteContent/202201111200537749Ganga%20Exp%20Land.pdf,government_official,1,pdf,UPEIDA,,,,,,,,project_and_district,2022-01-11,11-01-2022,official_index_upload_date,,,2026-09-05T10:25:49+00:00,project_research/REAL_002/02_state_district_land_acquisition/REAL_002_UPEIDA_ganga_land_status_2022-01-11_2608bca339d3.pdf,2608bca339d3611dc5809898067e7012a309c946f16ecd773b023b6f3933effd,True,75208,200,application/octet-stream,,,downloaded,"[""acquisition_progress_pct"", ""affected_villages_count"", ""farmers_count"", ""land_acquired_ha"", ""land_purchase_remaining_ha"", ""land_purchased_ha"", ""land_required_ha"", ""land_resumed_exchanged_ha"", ""land_to_be_purchased_ha"", ""land_to_be_resumed_ha"", ""purchase_progress_pct"", ""sale_deeds_count""]","[""PDF page 1; detected table 1; row 7; column 3; source printed column 3"", ""PDF page 1; detected table 1; row 7; column 4; source printed column 4"", ""PDF page 1; detected table 1; row 7; column 5; source printed column 5"", ""PDF page 1; detected table 1; row 7; column 8; source printed column 8"", ""PDF page 1; detected table 1; row 7; column 11; source printed column 11"", ""PDF page 1; detected table 1; row 7; column 12; source printed column 12"", ""PDF page 1; detected table 1; row 7; column 17; source printed column 17"", ""PDF page 1; detected table 1; row 7; column 18; source printed column 18"", ""PDF page 1; detected table 1; row 7; column 19; source printed column 19"", ""PDF page 1; detected table 1; row 7; column 20; source printed column 20"", ""PDF page 1; detected table 1; row 7; column 21; source printed column 21"", ""PDF page 1; detected table 1; row 7; column 22; source printed column 22"", ""PDF page 1; detected table 1; row 8; column 3; source printed column 3"", ""PDF page 1; detected table 1; row 8; column 4; source printed column 4"", ""PDF page 1; detected table 1; row 8; column 5; source printed column 5"", ""PDF page 1; detected table 1; row 8; column 8; source printed column 8"", ""PDF page 1; detected table 1; row 8; column 11; source printed column 11"", ""PDF page 1; detected table 1; row 8; column 12; source printed column 12"", ""PDF page 1; detected table 1; row 8; column 17; source printed column 17"", ""PDF page 1; detected table 1; row 8; column 18; source printed column 18"", ""PDF page 1; detected table 1; row 8; column 19; source printed column 19"", ""PDF page 1; detected table 1; row 8; column 20; source printed column 20"", ""PDF page 1; detected table 1; row 8; column 21; source printed column 21"", ""PDF page 1; detected table 1; row 8; column 22; source printed column 22"", ""PDF page 1; detected table 1; row 9; column 3; source printed column 3"", ""PDF page 1; detected table 1; row 9; column 4; source printed column 4"", ""PDF page 1; detected table 1; row 9; column 5; source printed column 5"", ""PDF page 1; detected table 1; row 9; column 8; source printed column 8"", ""PDF page 1; detected table 1; row 9; column 11; source printed column 11"", ""PDF page 1; detected table 1; row 9; column 12; source printed column 12"", ""PDF page 1; detected table 1; row 9; column 17; source printed column 17"", ""PDF page 1; detected table 1; row 9; column 18; source printed column 18"", ""PDF page 1; detected table 1; row 9; column 19; source printed column 19"", ""PDF page 1; detected table 1; row 9; column 20; source printed column 20"", ""PDF page 1; detected table 1; row 9; column 21; source printed column 21"", ""PDF page 1; detected table 1; row 9; column 22; source printed column 22"", ""PDF page 1; detected table 1; row 10; column 3; source printed column 3"", ""PDF page 1; detected table 1; row 10; column 4; source printed column 4"", ""PDF page 1; detected table 1; row 10; column 5; source printed column 5"", ""PDF page 1; detected table 1; row 10; column 8; source printed column 8"", ""PDF page 1; detected table 1; row 10; column 11; source printed column 11"", ""PDF page 1; detected table 1; row 10; column 12; source printed column 12"", ""PDF page 1; detected table 1; row 10; column 17; source printed column 17"", ""PDF page 1; detected table 1; row 10; column 18; source printed column 18"", ""PDF page 1; detected table 1; row 10; column 19; source printed column 19"", ""PDF page 1; detected table 1; row 10; column 20; source printed column 20"", ""PDF page 1; detected table 1; row 10; column 21; source printed column 21"", ""PDF page 1; detected table 1; row 10; column 22; source printed column 22"", ""PDF page 1; detected table 1; row 11; column 3; source printed column 3"", ""PDF page 1; detected table 1; row 11; column 4; source printed column 4"", ""PDF page 1; detected table 1; row 11; column 5; source printed column 5"", ""PDF page 1; detected table 1; row 11; column 8; source printed column 8"", ""PDF page 1; detected table 1; row 11; column 11; source printed column 11"", ""PDF page 1; detected table 1; row 11; column 12; source printed column 12"", ""PDF page 1; detected table 1; row 11; column 17; source printed column 17"", ""PDF page 1; detected table 1; row 11; column 18; source printed column 18"", ""PDF page 1; detected table 1; row 11; column 19; source printed column 19"", ""PDF page 1; detected table 1; row 11; column 20; source printed column 20"", ""PDF page 1; detected table 1; row 11; column 21; source printed column 21"", ""PDF page 1; detected table 1; row 11; column 22; source printed column 22"", ""PDF page 1; detected table 1; row 12; column 3; source printed column 3"", ""PDF page 1; detected table 1; row 12; column 4; source printed column 4"", ""PDF page 1; detected table 1; row 12; column 5; source printed column 5"", ""PDF page 1; detected table 1; row 12; column 8; source printed column 8"", ""PDF page 1; detected table 1; row 12; column 11; source printed column 11"", ""PDF page 1; detected table 1; row 12; column 12; source printed column 12"", ""PDF page 1; detected table 1; row 12; column 17; source printed column 17"", ""PDF page 1; detected table 1; row 12; column 18; source printed column 18"", ""PDF page 1; detected table 1; row 12; column 19; source printed column 19"", ""PDF page 1; detected table 1; row 12; column 20; source printed column 20"", ""PDF page 1; detected table 1; row 12; column 21; source printed column 21"", ""PDF page 1; detected table 1; row 12; column 22; source printed column 22"", ""PDF page 1; detected table 1; row 13; column 3; source printed column 3"", ""PDF page 1; detected table 1; row 13; column 4; source printed column 4"", ""PDF page 1; detected table 1; row 13; column 5; source printed column 5"", ""PDF page 1; detected table 1; row 13; column 8; source printed column 8"", ""PDF page 1; detected table 1; row 13; column 11; source printed column 11"", ""PDF page 1; detected table 1; row 13; column 12; source printed column 12"", ""PDF page 1; detected table 1; row 13; column 17; source printed column 17"", ""PDF page 1; detected table 1; row 13; column 18; source printed column 18"", ""PDF page 1; detected table 1; row 13; column 19; source printed column 19"", ""PDF page 1; detected table 1; row 13; column 20; source printed column 20"", ""PDF page 1; detected table 1; row 13; column 21; source printed column 21"", ""PDF page 1; detected table 1; row 13; column 22; source printed column 22"", ""PDF page 1; detected table 1; row 14; column 3; source printed column 3"", ""PDF page 1; detected table 1; row 14; column 4; source printed column 4"", ""PDF page 1; detected table 1; row 14; column 5; source printed column 5"", ""PDF page 1; detected table 1; row 14; column 8; source printed column 8"", ""PDF page 1; detected table 1; row 14; column 11; source printed column 11"", ""PDF page 1; detected table 1; row 14; column 12; source printed column 12"", ""PDF page 1; detected table 1; row 14; column 17; source printed column 17"", ""PDF page 1; detected table 1; row 14; column 18; source printed column 18"", ""PDF page 1; detected table 1; row 14; column 19; source printed column 19"", ""PDF page 1; detected table 1; row 14; column 20; source printed column 20"", ""PDF page 1; detected table 1; row 14; column 21; source printed column 21"", ""PDF page 1; detected table 1; row 14; column 22; source printed column 22"", ""PDF page 1; detected table 1; row 16; column 3; source printed column 3"", ""PDF page 1; detected table 1; row 16; column 4; source printed column 4"", ""PDF page 1; detected table 1; row 16; column 5; source printed column 5"", ""PDF page 1; detected table 1; row 16; column 8; source printed column 8"", ""PDF page 1; detected table 1; row 16; column 11; source printed column 11"", ""PDF page 1; detected table 1; row 16; column 12; source printed column 12"", ""PDF page 1; detected table 1; row 16; column 17; source printed column 17"", ""PDF page 1; detected table 1; row 16; column 18; source printed column 18"", ""PDF page 1; detected table 1; row 16; column 19; source printed column 19"", ""PDF page 1; detected table 1; row 16; column 20; source printed column 20"", ""PDF page 1; detected table 1; row 16; column 21; source printed column 21"", ""PDF page 1; detected table 1; row 16; column 22; source printed column 22"", ""PDF page 1; detected table 1; row 17; column 3; source printed column 3"", ""PDF page 1; detected table 1; row 17; column 4; source printed column 4"", ""PDF page 1; detected table 1; row 17; column 5; source printed column 5"", ""PDF page 1; detected table 1; row 17; column 8; source printed column 8"", ""PDF page 1; detected table 1; row 17; column 11; source printed column 11"", ""PDF page 1; detected table 1; row 17; column 12; source printed column 12"", ""PDF page 1; detected table 1; row 17; column 17; source printed column 17"", ""PDF page 1; detected table 1; row 17; column 18; source printed column 18"", ""PDF page 1; detected table 1; row 17; column 19; source printed column 19"", ""PDF page 1; detected table 1; row 17; column 20; source printed column 20"", ""PDF page 1; detected table 1; row 17; column 21; source printed column 21"", ""PDF page 1; detected table 1; row 17; column 22; source printed column 22"", ""PDF page 1; detected table 1; row 18; column 3; source printed column 3"", ""PDF page 1; detected table 1; row 18; column 4; source printed column 4"", ""PDF page 1; detected table 1; row 18; column 5; source printed column 5"", ""PDF page 1; detected table 1; row 18; column 8; source printed column 8"", ""PDF page 1; detected table 1; row 18; column 11; source printed column 11"", ""PDF page 1; detected table 1; row 18; column 12; source printed column 12"", ""PDF page 1; detected table 1; row 18; column 17; source printed column 17"", ""PDF page 1; detected table 1; row 18; column 18; source printed column 18"", ""PDF page 1; detected table 1; row 18; column 19; source printed column 19"", ""PDF page 1; detected table 1; row 18; column 20; source printed column 20"", ""PDF page 1; detected table 1; row 18; column 21; source printed column 21"", ""PDF page 1; detected table 1; row 18; column 22; source printed column 22""]",,,official,matched_source_context,0.9,Land Acquisition Details of Ganga Expressway File Size: 73.45 KB | Language: Hindi 11-01-2022 Click here to View/Download ,1,518,normalized_observations_available,
G011,G011,REAL_002,,REAL_002,matched_source_context,ganga_land_status,https://upeida.up.gov.in/en/article/ganga-expressway?brd=2,https://upeida.up.gov.in/downloadmedia/siteContent/202201031727193756Ganga Express LS.pdf,https://upeida.up.gov.in/downloadmedia/siteContent/202201031727193756Ganga%20Express%20LS.pdf,government_official,1,pdf,UPEIDA,,,,,,,,project_and_district,2022-01-03,03-01-2022,official_index_upload_date,,,2026-09-05T10:25:50+00:00,project_research/REAL_002/02_state_district_land_acquisition/REAL_002_UPEIDA_ganga_land_status_2022-01-03_285b0ccc9268.pdf,285b0ccc92682403a115b7dac84c2a3046306965059814af711dd0ac24caaadb,True,72279,200,application/octet-stream,,,downloaded,"[""acquisition_progress_pct"", ""affected_villages_count"", ""farmers_count"", ""land_acquired_ha"", ""land_purchase_remaining_ha"", ""land_purchased_ha"", ""land_required_ha"", ""land_resumed_exchanged_ha"", ""land_to_be_purchased_ha"", ""land_to_be_resumed_ha"", ""purchase_progress_pct"", ""sale_deeds_count""]","[""PDF page 1; detected table 1; row 7; column 3; source printed column 3"", ""PDF page 1; detected table 1; row 7; column 4; source printed column 4"", ""PDF page 1; detected table 1; row 7; column 5; source printed column 5"", ""PDF page 1; detected table 1; row 7; column 8; source printed column 8"", ""PDF page 1; detected table 1; row 7; column 11; source printed column 11"", ""PDF page 1; detected table 1; row 7; column 12; source printed column 12"", ""PDF page 1; detected table 1; row 7; column 17; source printed column 17"", ""PDF page 1; detected table 1; row 7; column 18; source printed column 18"", ""PDF page 1; detected table 1; row 7; column 19; source printed column 19"", ""PDF page 1; detected table 1; row 7; column 20; source printed column 20"", ""PDF page 1; detected table 1; row 7; column 21; source printed column 21"", ""PDF page 1; detected table 1; row 7; column 22; source printed column 22"", ""PDF page 1; detected table 1; row 8; column 3; source printed column 3"", ""PDF page 1; detected table 1; row 8; column 4; source printed column 4"", ""PDF page 1; detected table 1; row 8; column 5; source printed column 5"", ""PDF page 1; detected table 1; row 8; column 8; source printed column 8"", ""PDF page 1; detected table 1; row 8; column 11; source printed column 11"", ""PDF page 1; detected table 1; row 8; column 12; source printed column 12"", ""PDF page 1; detected table 1; row 8; column 17; source printed column 17"", ""PDF page 1; detected table 1; row 8; column 18; source printed column 18"", ""PDF page 1; detected table 1; row 8; column 19; source printed column 19"", ""PDF page 1; detected table 1; row 8; column 20; source printed column 20"", ""PDF page 1; detected table 1; row 8; column 21; source printed column 21"", ""PDF page 1; detected table 1; row 8; column 22; source printed column 22"", ""PDF page 1; detected table 1; row 9; column 3; source printed column 3"", ""PDF page 1; detected table 1; row 9; column 4; source printed column 4"", ""PDF page 1; detected table 1; row 9; column 5; source printed column 5"", ""PDF page 1; detected table 1; row 9; column 8; source printed column 8"", ""PDF page 1; detected table 1; row 9; column 11; source printed column 11"", ""PDF page 1; detected table 1; row 9; column 12; source printed column 12"", ""PDF page 1; detected table 1; row 9; column 17; source printed column 17"", ""PDF page 1; detected table 1; row 9; column 18; source printed column 18"", ""PDF page 1; detected table 1; row 9; column 19; source printed column 19"", ""PDF page 1; detected table 1; row 9; column 20; source printed column 20"", ""PDF page 1; detected table 1; row 9; column 21; source printed column 21"", ""PDF page 1; detected table 1; row 9; column 22; source printed column 22"", ""PDF page 1; detected table 1; row 10; column 3; source printed column 3"", ""PDF page 1; detected table 1; row 10; column 4; source printed column 4"", ""PDF page 1; detected table 1; row 10; column 5; source printed column 5"", ""PDF page 1; detected table 1; row 10; column 8; source printed column 8"", ""PDF page 1; detected table 1; row 10; column 11; source printed column 11"", ""PDF page 1; detected table 1; row 10; column 12; source printed column 12"", ""PDF page 1; detected table 1; row 10; column 17; source printed column 17"", ""PDF page 1; detected table 1; row 10; column 18; source printed column 18"", ""PDF page 1; detected table 1; row 10; column 19; source printed column 19"", ""PDF page 1; detected table 1; row 10; column 20; source printed column 20"", ""PDF page 1; detected table 1; row 10; column 21; source printed column 21"", ""PDF page 1; detected table 1; row 10; column 22; source printed column 22"", ""PDF page 1; detected table 1; row 11; column 3; source printed column 3"", ""PDF page 1; detected table 1; row 11; column 4; source printed column 4"", ""PDF page 1; detected table 1; row 11; column 5; source printed column 5"", ""PDF page 1; detected table 1; row 11; column 8; source printed column 8"", ""PDF page 1; detected table 1; row 11; column 11; source printed column 11"", ""PDF page 1; detected table 1; row 11; column 12; source printed column 12"", ""PDF page 1; detected table 1; row 11; column 17; source printed column 17"", ""PDF page 1; detected table 1; row 11; column 18; source printed column 18"", ""PDF page 1; detected table 1; row 11; column 19; source printed column 19"", ""PDF page 1; detected table 1; row 11; column 20; source printed column 20"", ""PDF page 1; detected table 1; row 11; column 21; source printed column 21"", ""PDF page 1; detected table 1; row 11; column 22; source printed column 22"", ""PDF page 1; detected table 1; row 12; column 3; source printed column 3"", ""PDF page 1; detected table 1; row 12; column 4; source printed column 4"", ""PDF page 1; detected table 1; row 12; column 5; source printed column 5"", ""PDF page 1; detected table 1; row 12; column 8; source printed column 8"", ""PDF page 1; detected table 1; row 12; column 11; source printed column 11"", ""PDF page 1; detected table 1; row 12; column 12; source printed column 12"", ""PDF page 1; detected table 1; row 12; column 17; source printed column 17"", ""PDF page 1; detected table 1; row 12; column 18; source printed column 18"", ""PDF page 1; detected table 1; row 12; column 19; source printed column 19"", ""PDF page 1; detected table 1; row 12; column 20; source printed column 20"", ""PDF page 1; detected table 1; row 12; column 21; source printed column 21"", ""PDF page 1; detected table 1; row 12; column 22; source printed column 22"", ""PDF page 1; detected table 1; row 13; column 3; source printed column 3"", ""PDF page 1; detected table 1; row 13; column 4; source printed column 4"", ""PDF page 1; detected table 1; row 13; column 5; source printed column 5"", ""PDF page 1; detected table 1; row 13; column 8; source printed column 8"", ""PDF page 1; detected table 1; row 13; column 11; source printed column 11"", ""PDF page 1; detected table 1; row 13; column 12; source printed column 12"", ""PDF page 1; detected table 1; row 13; column 17; source printed column 17"", ""PDF page 1; detected table 1; row 13; column 18; source printed column 18"", ""PDF page 1; detected table 1; row 13; column 19; source printed column 19"", ""PDF page 1; detected table 1; row 13; column 20; source printed column 20"", ""PDF page 1; detected table 1; row 13; column 21; source printed column 21"", ""PDF page 1; detected table 1; row 13; column 22; source printed column 22"", ""PDF page 1; detected table 1; row 14; column 3; source printed column 3"", ""PDF page 1; detected table 1; row 14; column 4; source printed column 4"", ""PDF page 1; detected table 1; row 14; column 5; source printed column 5"", ""PDF page 1; detected table 1; row 14; column 8; source printed column 8"", ""PDF page 1; detected table 1; row 14; column 11; source printed column 11"", ""PDF page 1; detected table 1; row 14; column 12; source printed column 12"", ""PDF page 1; detected table 1; row 14; column 17; source printed column 17"", ""PDF page 1; detected table 1; row 14; column 18; source printed column 18"", ""PDF page 1; detected table 1; row 14; column 19; source printed column 19"", ""PDF page 1; detected table 1; row 14; column 20; source printed column 20"", ""PDF page 1; detected table 1; row 14; column 21; source printed column 21"", ""PDF page 1; detected table 1; row 14; column 22; source printed column 22"", ""PDF page 1; detected table 1; row 16; column 3; source printed column 3"", ""PDF page 1; detected table 1; row 16; column 4; source printed column 4"", ""PDF page 1; detected table 1; row 16; column 5; source printed column 5"", ""PDF page 1; detected table 1; row 16; column 8; source printed column 8"", ""PDF page 1; detected table 1; row 16; column 11; source printed column 11"", ""PDF page 1; detected table 1; row 16; column 12; source printed column 12"", ""PDF page 1; detected table 1; row 16; column 17; source printed column 17"", ""PDF page 1; detected table 1; row 16; column 18; source printed column 18"", ""PDF page 1; detected table 1; row 16; column 19; source printed column 19"", ""PDF page 1; detected table 1; row 16; column 20; source printed column 20"", ""PDF page 1; detected table 1; row 16; column 21; source printed column 21"", ""PDF page 1; detected table 1; row 16; column 22; source printed column 22"", ""PDF page 1; detected table 1; row 17; column 3; source printed column 3"", ""PDF page 1; detected table 1; row 17; column 4; source printed column 4"", ""PDF page 1; detected table 1; row 17; column 5; source printed column 5"", ""PDF page 1; detected table 1; row 17; column 8; source printed column 8"", ""PDF page 1; detected table 1; row 17; column 11; source printed column 11"", ""PDF page 1; detected table 1; row 17; column 12; source printed column 12"", ""PDF page 1; detected table 1; row 17; column 17; source printed column 17"", ""PDF page 1; detected table 1; row 17; column 18; source printed column 18"", ""PDF page 1; detected table 1; row 17; column 19; source printed column 19"", ""PDF page 1; detected table 1; row 17; column 20; source printed column 20"", ""PDF page 1; detected table 1; row 17; column 21; source printed column 21"", ""PDF page 1; detected table 1; row 17; column 22; source printed column 22"", ""PDF page 1; detected table 1; row 18; column 3; source printed column 3"", ""PDF page 1; detected table 1; row 18; column 4; source printed column 4"", ""PDF page 1; detected table 1; row 18; column 5; source printed column 5"", ""PDF page 1; detected table 1; row 18; column 8; source printed column 8"", ""PDF page 1; detected table 1; row 18; column 11; source printed column 11"", ""PDF page 1; detected table 1; row 18; column 12; source printed column 12"", ""PDF page 1; detected table 1; row 18; column 17; source printed column 17"", ""PDF page 1; detected table 1; row 18; column 18; source printed column 18"", ""PDF page 1; detected table 1; row 18; column 19; source printed column 19"", ""PDF page 1; detected table 1; row 18; column 20; source printed column 20"", ""PDF page 1; detected table 1; row 18; column 21; source printed column 21"", ""PDF page 1; detected table 1; row 18; column 22; source printed column 22""]",,,official,matched_source_context,0.9,Land Acquisition Details of Ganga Expressway File Size: 70.58 KB | Language: Hindi 03-01-2022 Click here to View/Download ,1,342,normalized_observations_available,
G012,G012,REAL_002,,REAL_002,matched_source_context,ganga_land_status,https://upeida.up.gov.in/en/article/ganga-expressway?brd=2,https://upeida.up.gov.in/downloadmedia/siteContent/202112271312540868Ganga ExpressLandStatus.pdf,https://upeida.up.gov.in/downloadmedia/siteContent/202112271312540868Ganga%20ExpressLandStatus.pdf,government_official,1,pdf,UPEIDA,,,,,,,,project_and_district,2021-12-27,27-12-2021,official_index_upload_date,,,2026-09-05T10:25:51+00:00,project_research/REAL_002/02_state_district_land_acquisition/REAL_002_UPEIDA_ganga_land_status_2021-12-27_ae41fbbb3f15.pdf,ae41fbbb3f15ce89fceed74fbaf4b446efd551bd37bdd2f8bac7c8f3ab484381,True,74284,200,application/octet-stream,,,downloaded,"[""acquisition_progress_pct"", ""affected_villages_count"", ""farmers_count"", ""land_acquired_ha"", ""land_purchase_remaining_ha"", ""land_purchased_ha"", ""land_required_ha"", ""land_resumed_exchanged_ha"", ""land_to_be_purchased_ha"", ""land_to_be_resumed_ha"", ""purchase_progress_pct"", ""sale_deeds_count""]","[""PDF page 1; detected table 1; row 7; column 3; source printed column 3"", ""PDF page 1; detected table 1; row 7; column 4; source printed column 4"", ""PDF page 1; detected table 1; row 7; column 5; source printed column 5"", ""PDF page 1; detected table 1; row 7; column 8; source printed column 8"", ""PDF page 1; detected table 1; row 7; column 11; source printed column 11"", ""PDF page 1; detected table 1; row 7; column 12; source printed column 12"", ""PDF page 1; detected table 1; row 7; column 17; source printed column 17"", ""PDF page 1; detected table 1; row 7; column 18; source printed column 18"", ""PDF page 1; detected table 1; row 7; column 19; source printed column 19"", ""PDF page 1; detected table 1; row 7; column 20; source printed column 20"", ""PDF page 1; detected table 1; row 7; column 21; source printed column 21"", ""PDF page 1; detected table 1; row 7; column 22; source printed column 22"", ""PDF page 1; detected table 1; row 8; column 3; source printed column 3"", ""PDF page 1; detected table 1; row 8; column 4; source printed column 4"", ""PDF page 1; detected table 1; row 8; column 5; source printed column 5"", ""PDF page 1; detected table 1; row 8; column 8; source printed column 8"", ""PDF page 1; detected table 1; row 8; column 11; source printed column 11"", ""PDF page 1; detected table 1; row 8; column 12; source printed column 12"", ""PDF page 1; detected table 1; row 8; column 17; source printed column 17"", ""PDF page 1; detected table 1; row 8; column 18; source printed column 18"", ""PDF page 1; detected table 1; row 8; column 19; source printed column 19"", ""PDF page 1; detected table 1; row 8; column 20; source printed column 20"", ""PDF page 1; detected table 1; row 8; column 21; source printed column 21"", ""PDF page 1; detected table 1; row 8; column 22; source printed column 22"", ""PDF page 1; detected table 1; row 9; column 3; source printed column 3"", ""PDF page 1; detected table 1; row 9; column 4; source printed column 4"", ""PDF page 1; detected table 1; row 9; column 5; source printed column 5"", ""PDF page 1; detected table 1; row 9; column 8; source printed column 8"", ""PDF page 1; detected table 1; row 9; column 11; source printed column 11"", ""PDF page 1; detected table 1; row 9; column 12; source printed column 12"", ""PDF page 1; detected table 1; row 9; column 17; source printed column 17"", ""PDF page 1; detected table 1; row 9; column 18; source printed column 18"", ""PDF page 1; detected table 1; row 9; column 19; source printed column 19"", ""PDF page 1; detected table 1; row 9; column 20; source printed column 20"", ""PDF page 1; detected table 1; row 9; column 21; source printed column 21"", ""PDF page 1; detected table 1; row 9; column 22; source printed column 22"", ""PDF page 1; detected table 1; row 10; column 3; source printed column 3"", ""PDF page 1; detected table 1; row 10; column 4; source printed column 4"", ""PDF page 1; detected table 1; row 10; column 5; source printed column 5"", ""PDF page 1; detected table 1; row 10; column 8; source printed column 8"", ""PDF page 1; detected table 1; row 10; column 11; source printed column 11"", ""PDF page 1; detected table 1; row 10; column 12; source printed column 12"", ""PDF page 1; detected table 1; row 10; column 17; source printed column 17"", ""PDF page 1; detected table 1; row 10; column 18; source printed column 18"", ""PDF page 1; detected table 1; row 10; column 19; source printed column 19"", ""PDF page 1; detected table 1; row 10; column 20; source printed column 20"", ""PDF page 1; detected table 1; row 10; column 21; source printed column 21"", ""PDF page 1; detected table 1; row 10; column 22; source printed column 22"", ""PDF page 1; detected table 1; row 11; column 3; source printed column 3"", ""PDF page 1; detected table 1; row 11; column 4; source printed column 4"", ""PDF page 1; detected table 1; row 11; column 5; source printed column 5"", ""PDF page 1; detected table 1; row 11; column 8; source printed column 8"", ""PDF page 1; detected table 1; row 11; column 11; source printed column 11"", ""PDF page 1; detected table 1; row 11; column 12; source printed column 12"", ""PDF page 1; detected table 1; row 11; column 17; source printed column 17"", ""PDF page 1; detected table 1; row 11; column 18; source printed column 18"", ""PDF page 1; detected table 1; row 11; column 19; source printed column 19"", ""PDF page 1; detected table 1; row 11; column 20; source printed column 20"", ""PDF page 1; detected table 1; row 11; column 21; source printed column 21"", ""PDF page 1; detected table 1; row 11; column 22; source printed column 22"", ""PDF page 1; detected table 1; row 12; column 3; source printed column 3"", ""PDF page 1; detected table 1; row 12; column 4; source printed column 4"", ""PDF page 1; detected table 1; row 12; column 5; source printed column 5"", ""PDF page 1; detected table 1; row 12; column 8; source printed column 8"", ""PDF page 1; detected table 1; row 12; column 11; source printed column 11"", ""PDF page 1; detected table 1; row 12; column 12; source printed column 12"", ""PDF page 1; detected table 1; row 12; column 17; source printed column 17"", ""PDF page 1; detected table 1; row 12; column 18; source printed column 18"", ""PDF page 1; detected table 1; row 12; column 19; source printed column 19"", ""PDF page 1; detected table 1; row 12; column 20; source printed column 20"", ""PDF page 1; detected table 1; row 12; column 21; source printed column 21"", ""PDF page 1; detected table 1; row 12; column 22; source printed column 22"", ""PDF page 1; detected table 1; row 13; column 3; source printed column 3"", ""PDF page 1; detected table 1; row 13; column 4; source printed column 4"", ""PDF page 1; detected table 1; row 13; column 5; source printed column 5"", ""PDF page 1; detected table 1; row 13; column 8; source printed column 8"", ""PDF page 1; detected table 1; row 13; column 11; source printed column 11"", ""PDF page 1; detected table 1; row 13; column 12; source printed column 12"", ""PDF page 1; detected table 1; row 13; column 17; source printed column 17"", ""PDF page 1; detected table 1; row 13; column 18; source printed column 18"", ""PDF page 1; detected table 1; row 13; column 19; source printed column 19"", ""PDF page 1; detected table 1; row 13; column 20; source printed column 20"", ""PDF page 1; detected table 1; row 13; column 21; source printed column 21"", ""PDF page 1; detected table 1; row 13; column 22; source printed column 22"", ""PDF page 1; detected table 1; row 14; column 3; source printed column 3"", ""PDF page 1; detected table 1; row 14; column 4; source printed column 4"", ""PDF page 1; detected table 1; row 14; column 5; source printed column 5"", ""PDF page 1; detected table 1; row 14; column 8; source printed column 8"", ""PDF page 1; detected table 1; row 14; column 11; source printed column 11"", ""PDF page 1; detected table 1; row 14; column 12; source printed column 12"", ""PDF page 1; detected table 1; row 14; column 17; source printed column 17"", ""PDF page 1; detected table 1; row 14; column 18; source printed column 18"", ""PDF page 1; detected table 1; row 14; column 19; source printed column 19"", ""PDF page 1; detected table 1; row 14; column 20; source printed column 20"", ""PDF page 1; detected table 1; row 14; column 21; source printed column 21"", ""PDF page 1; detected table 1; row 14; column 22; source printed column 22"", ""PDF page 1; detected table 1; row 16; column 3; source printed column 3"", ""PDF page 1; detected table 1; row 16; column 4; source printed column 4"", ""PDF page 1; detected table 1; row 16; column 5; source printed column 5"", ""PDF page 1; detected table 1; row 16; column 8; source printed column 8"", ""PDF page 1; detected table 1; row 16; column 11; source printed column 11"", ""PDF page 1; detected table 1; row 16; column 12; source printed column 12"", ""PDF page 1; detected table 1; row 16; column 17; source printed column 17"", ""PDF page 1; detected table 1; row 16; column 18; source printed column 18"", ""PDF page 1; detected table 1; row 16; column 19; source printed column 19"", ""PDF page 1; detected table 1; row 16; column 20; source printed column 20"", ""PDF page 1; detected table 1; row 16; column 21; source printed column 21"", ""PDF page 1; detected table 1; row 16; column 22; source printed column 22"", ""PDF page 1; detected table 1; row 17; column 3; source printed column 3"", ""PDF page 1; detected table 1; row 17; column 4; source printed column 4"", ""PDF page 1; detected table 1; row 17; column 5; source printed column 5"", ""PDF page 1; detected table 1; row 17; column 8; source printed column 8"", ""PDF page 1; detected table 1; row 17; column 11; source printed column 11"", ""PDF page 1; detected table 1; row 17; column 12; source printed column 12"", ""PDF page 1; detected table 1; row 17; column 17; source printed column 17"", ""PDF page 1; detected table 1; row 17; column 18; source printed column 18"", ""PDF page 1; detected table 1; row 17; column 19; source printed column 19"", ""PDF page 1; detected table 1; row 17; column 20; source printed column 20"", ""PDF page 1; detected table 1; row 17; column 21; source printed column 21"", ""PDF page 1; detected table 1; row 17; column 22; source printed column 22"", ""PDF page 1; detected table 1; row 18; column 3; source printed column 3"", ""PDF page 1; detected table 1; row 18; column 4; source printed column 4"", ""PDF page 1; detected table 1; row 18; column 5; source printed column 5"", ""PDF page 1; detected table 1; row 18; column 8; source printed column 8"", ""PDF page 1; detected table 1; row 18; column 11; source printed column 11"", ""PDF page 1; detected table 1; row 18; column 12; source printed column 12"", ""PDF page 1; detected table 1; row 18; column 17; source printed column 17"", ""PDF page 1; detected table 1; row 18; column 18; source printed column 18"", ""PDF page 1; detected table 1; row 18; column 19; source printed column 19"", ""PDF page 1; detected table 1; row 18; column 20; source printed column 20"", ""PDF page 1; detected table 1; row 18; column 21; source printed column 21"", ""PDF page 1; detected table 1; row 18; column 22; source printed column 22""]",,,official,matched_source_context,0.9,Land Acquisition Details of Ganga Expressway File Size: 72.54 KB | Language: Hindi 27-12-2021 Click here to View/Download ,1,452,normalized_observations_available,
G013,G013,REAL_002,,REAL_002,matched_source_context,ganga_land_status,https://upeida.up.gov.in/en/article/ganga-expressway?brd=2,https://upeida.up.gov.in/downloadmedia/siteContent/202112201610291424Ganga Expway.pdf,https://upeida.up.gov.in/downloadmedia/siteContent/202112201610291424Ganga%20Expway.pdf,government_official,1,pdf,UPEIDA,,,,,,,,project_and_district,2021-12-20,20-12-2021,official_index_upload_date,,,2026-09-05T10:25:52+00:00,project_research/REAL_002/02_state_district_land_acquisition/REAL_002_UPEIDA_ganga_land_status_2021-12-20_fc9deb43434e.pdf,fc9deb43434e50942552956bb20bfb09a66eb6cb77e47ed25fc24e0d21f34521,True,74518,200,application/octet-stream,,,downloaded,"[""acquisition_progress_pct"", ""affected_villages_count"", ""farmers_count"", ""land_acquired_ha"", ""land_purchase_remaining_ha"", ""land_purchased_ha"", ""land_required_ha"", ""land_resumed_exchanged_ha"", ""land_to_be_purchased_ha"", ""land_to_be_resumed_ha"", ""purchase_progress_pct"", ""sale_deeds_count""]","[""PDF page 1; detected table 1; row 7; column 3; source printed column 3"", ""PDF page 1; detected table 1; row 7; column 4; source printed column 4"", ""PDF page 1; detected table 1; row 7; column 5; source printed column 5"", ""PDF page 1; detected table 1; row 7; column 8; source printed column 8"", ""PDF page 1; detected table 1; row 7; column 11; source printed column 11"", ""PDF page 1; detected table 1; row 7; column 12; source printed column 12"", ""PDF page 1; detected table 1; row 7; column 17; source printed column 17"", ""PDF page 1; detected table 1; row 7; column 18; source printed column 18"", ""PDF page 1; detected table 1; row 7; column 19; source printed column 19"", ""PDF page 1; detected table 1; row 7; column 20; source printed column 20"", ""PDF page 1; detected table 1; row 7; column 21; source printed column 21"", ""PDF page 1; detected table 1; row 7; column 22; source printed column 22"", ""PDF page 1; detected table 1; row 8; column 3; source printed column 3"", ""PDF page 1; detected table 1; row 8; column 4; source printed column 4"", ""PDF page 1; detected table 1; row 8; column 5; source printed column 5"", ""PDF page 1; detected table 1; row 8; column 8; source printed column 8"", ""PDF page 1; detected table 1; row 8; column 11; source printed column 11"", ""PDF page 1; detected table 1; row 8; column 12; source printed column 12"", ""PDF page 1; detected table 1; row 8; column 17; source printed column 17"", ""PDF page 1; detected table 1; row 8; column 18; source printed column 18"", ""PDF page 1; detected table 1; row 8; column 19; source printed column 19"", ""PDF page 1; detected table 1; row 8; column 20; source printed column 20"", ""PDF page 1; detected table 1; row 8; column 21; source printed column 21"", ""PDF page 1; detected table 1; row 8; column 22; source printed column 22"", ""PDF page 1; detected table 1; row 9; column 3; source printed column 3"", ""PDF page 1; detected table 1; row 9; column 4; source printed column 4"", ""PDF page 1; detected table 1; row 9; column 5; source printed column 5"", ""PDF page 1; detected table 1; row 9; column 8; source printed column 8"", ""PDF page 1; detected table 1; row 9; column 11; source printed column 11"", ""PDF page 1; detected table 1; row 9; column 12; source printed column 12"", ""PDF page 1; detected table 1; row 9; column 17; source printed column 17"", ""PDF page 1; detected table 1; row 9; column 18; source printed column 18"", ""PDF page 1; detected table 1; row 9; column 19; source printed column 19"", ""PDF page 1; detected table 1; row 9; column 20; source printed column 20"", ""PDF page 1; detected table 1; row 9; column 21; source printed column 21"", ""PDF page 1; detected table 1; row 9; column 22; source printed column 22"", ""PDF page 1; detected table 1; row 10; column 3; source printed column 3"", ""PDF page 1; detected table 1; row 10; column 4; source printed column 4"", ""PDF page 1; detected table 1; row 10; column 5; source printed column 5"", ""PDF page 1; detected table 1; row 10; column 8; source printed column 8"", ""PDF page 1; detected table 1; row 10; column 11; source printed column 11"", ""PDF page 1; detected table 1; row 10; column 12; source printed column 12"", ""PDF page 1; detected table 1; row 10; column 17; source printed column 17"", ""PDF page 1; detected table 1; row 10; column 18; source printed column 18"", ""PDF page 1; detected table 1; row 10; column 19; source printed column 19"", ""PDF page 1; detected table 1; row 10; column 20; source printed column 20"", ""PDF page 1; detected table 1; row 10; column 21; source printed column 21"", ""PDF page 1; detected table 1; row 10; column 22; source printed column 22"", ""PDF page 1; detected table 1; row 11; column 3; source printed column 3"", ""PDF page 1; detected table 1; row 11; column 4; source printed column 4"", ""PDF page 1; detected table 1; row 11; column 5; source printed column 5"", ""PDF page 1; detected table 1; row 11; column 8; source printed column 8"", ""PDF page 1; detected table 1; row 11; column 11; source printed column 11"", ""PDF page 1; detected table 1; row 11; column 12; source printed column 12"", ""PDF page 1; detected table 1; row 11; column 17; source printed column 17"", ""PDF page 1; detected table 1; row 11; column 18; source printed column 18"", ""PDF page 1; detected table 1; row 11; column 19; source printed column 19"", ""PDF page 1; detected table 1; row 11; column 20; source printed column 20"", ""PDF page 1; detected table 1; row 11; column 21; source printed column 21"", ""PDF page 1; detected table 1; row 11; column 22; source printed column 22"", ""PDF page 1; detected table 1; row 12; column 3; source printed column 3"", ""PDF page 1; detected table 1; row 12; column 4; source printed column 4"", ""PDF page 1; detected table 1; row 12; column 5; source printed column 5"", ""PDF page 1; detected table 1; row 12; column 8; source printed column 8"", ""PDF page 1; detected table 1; row 12; column 11; source printed column 11"", ""PDF page 1; detected table 1; row 12; column 12; source printed column 12"", ""PDF page 1; detected table 1; row 12; column 17; source printed column 17"", ""PDF page 1; detected table 1; row 12; column 18; source printed column 18"", ""PDF page 1; detected table 1; row 12; column 19; source printed column 19"", ""PDF page 1; detected table 1; row 12; column 20; source printed column 20"", ""PDF page 1; detected table 1; row 12; column 21; source printed column 21"", ""PDF page 1; detected table 1; row 12; column 22; source printed column 22"", ""PDF page 1; detected table 1; row 13; column 3; source printed column 3"", ""PDF page 1; detected table 1; row 13; column 4; source printed column 4"", ""PDF page 1; detected table 1; row 13; column 5; source printed column 5"", ""PDF page 1; detected table 1; row 13; column 8; source printed column 8"", ""PDF page 1; detected table 1; row 13; column 11; source printed column 11"", ""PDF page 1; detected table 1; row 13; column 12; source printed column 12"", ""PDF page 1; detected table 1; row 13; column 17; source printed column 17"", ""PDF page 1; detected table 1; row 13; column 18; source printed column 18"", ""PDF page 1; detected table 1; row 13; column 19; source printed column 19"", ""PDF page 1; detected table 1; row 13; column 20; source printed column 20"", ""PDF page 1; detected table 1; row 13; column 21; source printed column 21"", ""PDF page 1; detected table 1; row 13; column 22; source printed column 22"", ""PDF page 1; detected table 1; row 14; column 3; source printed column 3"", ""PDF page 1; detected table 1; row 14; column 4; source printed column 4"", ""PDF page 1; detected table 1; row 14; column 5; source printed column 5"", ""PDF page 1; detected table 1; row 14; column 8; source printed column 8"", ""PDF page 1; detected table 1; row 14; column 11; source printed column 11"", ""PDF page 1; detected table 1; row 14; column 12; source printed column 12"", ""PDF page 1; detected table 1; row 14; column 17; source printed column 17"", ""PDF page 1; detected table 1; row 14; column 18; source printed column 18"", ""PDF page 1; detected table 1; row 14; column 19; source printed column 19"", ""PDF page 1; detected table 1; row 14; column 20; source printed column 20"", ""PDF page 1; detected table 1; row 14; column 21; source printed column 21"", ""PDF page 1; detected table 1; row 14; column 22; source printed column 22"", ""PDF page 1; detected table 1; row 16; column 3; source printed column 3"", ""PDF page 1; detected table 1; row 16; column 4; source printed column 4"", ""PDF page 1; detected table 1; row 16; column 5; source printed column 5"", ""PDF page 1; detected table 1; row 16; column 8; source printed column 8"", ""PDF page 1; detected table 1; row 16; column 11; source printed column 11"", ""PDF page 1; detected table 1; row 16; column 12; source printed column 12"", ""PDF page 1; detected table 1; row 16; column 17; source printed column 17"", ""PDF page 1; detected table 1; row 16; column 18; source printed column 18"", ""PDF page 1; detected table 1; row 16; column 19; source printed column 19"", ""PDF page 1; detected table 1; row 16; column 20; source printed column 20"", ""PDF page 1; detected table 1; row 16; column 21; source printed column 21"", ""PDF page 1; detected table 1; row 16; column 22; source printed column 22"", ""PDF page 1; detected table 1; row 17; column 3; source printed column 3"", ""PDF page 1; detected table 1; row 17; column 4; source printed column 4"", ""PDF page 1; detected table 1; row 17; column 5; source printed column 5"", ""PDF page 1; detected table 1; row 17; column 8; source printed column 8"", ""PDF page 1; detected table 1; row 17; column 11; source printed column 11"", ""PDF page 1; detected table 1; row 17; column 12; source printed column 12"", ""PDF page 1; detected table 1; row 17; column 17; source printed column 17"", ""PDF page 1; detected table 1; row 17; column 18; source printed column 18"", ""PDF page 1; detected table 1; row 17; column 19; source printed column 19"", ""PDF page 1; detected table 1; row 17; column 20; source printed column 20"", ""PDF page 1; detected table 1; row 17; column 21; source printed column 21"", ""PDF page 1; detected table 1; row 17; column 22; source printed column 22"", ""PDF page 1; detected table 1; row 18; column 3; source printed column 3"", ""PDF page 1; detected table 1; row 18; column 4; source printed column 4"", ""PDF page 1; detected table 1; row 18; column 5; source printed column 5"", ""PDF page 1; detected table 1; row 18; column 8; source printed column 8"", ""PDF page 1; detected table 1; row 18; column 11; source printed column 11"", ""PDF page 1; detected table 1; row 18; column 12; source printed column 12"", ""PDF page 1; detected table 1; row 18; column 17; source printed column 17"", ""PDF page 1; detected table 1; row 18; column 18; source printed column 18"", ""PDF page 1; detected table 1; row 18; column 19; source printed column 19"", ""PDF page 1; detected table 1; row 18; column 20; source printed column 20"", ""PDF page 1; detected table 1; row 18; column 21; source printed column 21"", ""PDF page 1; detected table 1; row 18; column 22; source printed column 22""]",,,official,matched_source_context,0.9,Land Acquisition Details of Ganga Expressway File Size: 72.77 KB | Language: Hindi 20-12-2021 Click here to View/Download ,1,452,normalized_observations_available,
G014,G014,REAL_002,,REAL_002,matched_source_context,ganga_land_status,https://upeida.up.gov.in/en/article/ganga-expressway?brd=2,https://upeida.up.gov.in/downloadmedia/siteContent/202112131241258910Ganga ExpresswayLS.pdf,https://upeida.up.gov.in/downloadmedia/siteContent/202112131241258910Ganga%20ExpresswayLS.pdf,government_official,1,pdf,UPEIDA,,,,,,,,project_and_district,2021-12-13,13-12-2021,official_index_upload_date,,,2026-09-05T10:25:53+00:00,project_research/REAL_002/02_state_district_land_acquisition/REAL_002_UPEIDA_ganga_land_status_2021-12-13_9a05c3a365dc.pdf,9a05c3a365dcad5d4636b8a704984cbc7a572c7d349b4893df075907fe86367e,True,72672,200,application/octet-stream,,,downloaded,"[""acquisition_progress_pct"", ""affected_villages_count"", ""farmers_count"", ""land_acquired_ha"", ""land_purchase_remaining_ha"", ""land_purchased_ha"", ""land_required_ha"", ""land_resumed_exchanged_ha"", ""land_to_be_purchased_ha"", ""land_to_be_resumed_ha"", ""purchase_progress_pct"", ""sale_deeds_count""]","[""PDF page 1; detected table 1; row 7; column 3; source printed column 3"", ""PDF page 1; detected table 1; row 7; column 4; source printed column 4"", ""PDF page 1; detected table 1; row 7; column 5; source printed column 5"", ""PDF page 1; detected table 1; row 7; column 8; source printed column 8"", ""PDF page 1; detected table 1; row 7; column 11; source printed column 11"", ""PDF page 1; detected table 1; row 7; column 12; source printed column 12"", ""PDF page 1; detected table 1; row 7; column 17; source printed column 17"", ""PDF page 1; detected table 1; row 7; column 18; source printed column 18"", ""PDF page 1; detected table 1; row 7; column 19; source printed column 19"", ""PDF page 1; detected table 1; row 7; column 20; source printed column 20"", ""PDF page 1; detected table 1; row 7; column 21; source printed column 21"", ""PDF page 1; detected table 1; row 7; column 22; source printed column 22"", ""PDF page 1; detected table 1; row 8; column 3; source printed column 3"", ""PDF page 1; detected table 1; row 8; column 4; source printed column 4"", ""PDF page 1; detected table 1; row 8; column 5; source printed column 5"", ""PDF page 1; detected table 1; row 8; column 8; source printed column 8"", ""PDF page 1; detected table 1; row 8; column 11; source printed column 11"", ""PDF page 1; detected table 1; row 8; column 12; source printed column 12"", ""PDF page 1; detected table 1; row 8; column 17; source printed column 17"", ""PDF page 1; detected table 1; row 8; column 18; source printed column 18"", ""PDF page 1; detected table 1; row 8; column 19; source printed column 19"", ""PDF page 1; detected table 1; row 8; column 20; source printed column 20"", ""PDF page 1; detected table 1; row 8; column 21; source printed column 21"", ""PDF page 1; detected table 1; row 8; column 22; source printed column 22"", ""PDF page 1; detected table 1; row 9; column 3; source printed column 3"", ""PDF page 1; detected table 1; row 9; column 4; source printed column 4"", ""PDF page 1; detected table 1; row 9; column 5; source printed column 5"", ""PDF page 1; detected table 1; row 9; column 8; source printed column 8"", ""PDF page 1; detected table 1; row 9; column 11; source printed column 11"", ""PDF page 1; detected table 1; row 9; column 12; source printed column 12"", ""PDF page 1; detected table 1; row 9; column 17; source printed column 17"", ""PDF page 1; detected table 1; row 9; column 18; source printed column 18"", ""PDF page 1; detected table 1; row 9; column 19; source printed column 19"", ""PDF page 1; detected table 1; row 9; column 20; source printed column 20"", ""PDF page 1; detected table 1; row 9; column 21; source printed column 21"", ""PDF page 1; detected table 1; row 9; column 22; source printed column 22"", ""PDF page 1; detected table 1; row 10; column 3; source printed column 3"", ""PDF page 1; detected table 1; row 10; column 4; source printed column 4"", ""PDF page 1; detected table 1; row 10; column 5; source printed column 5"", ""PDF page 1; detected table 1; row 10; column 8; source printed column 8"", ""PDF page 1; detected table 1; row 10; column 11; source printed column 11"", ""PDF page 1; detected table 1; row 10; column 12; source printed column 12"", ""PDF page 1; detected table 1; row 10; column 17; source printed column 17"", ""PDF page 1; detected table 1; row 10; column 18; source printed column 18"", ""PDF page 1; detected table 1; row 10; column 19; source printed column 19"", ""PDF page 1; detected table 1; row 10; column 20; source printed column 20"", ""PDF page 1; detected table 1; row 10; column 21; source printed column 21"", ""PDF page 1; detected table 1; row 10; column 22; source printed column 22"", ""PDF page 1; detected table 1; row 11; column 3; source printed column 3"", ""PDF page 1; detected table 1; row 11; column 4; source printed column 4"", ""PDF page 1; detected table 1; row 11; column 5; source printed column 5"", ""PDF page 1; detected table 1; row 11; column 8; source printed column 8"", ""PDF page 1; detected table 1; row 11; column 11; source printed column 11"", ""PDF page 1; detected table 1; row 11; column 12; source printed column 12"", ""PDF page 1; detected table 1; row 11; column 17; source printed column 17"", ""PDF page 1; detected table 1; row 11; column 18; source printed column 18"", ""PDF page 1; detected table 1; row 11; column 19; source printed column 19"", ""PDF page 1; detected table 1; row 11; column 20; source printed column 20"", ""PDF page 1; detected table 1; row 11; column 21; source printed column 21"", ""PDF page 1; detected table 1; row 11; column 22; source printed column 22"", ""PDF page 1; detected table 1; row 12; column 3; source printed column 3"", ""PDF page 1; detected table 1; row 12; column 4; source printed column 4"", ""PDF page 1; detected table 1; row 12; column 5; source printed column 5"", ""PDF page 1; detected table 1; row 12; column 8; source printed column 8"", ""PDF page 1; detected table 1; row 12; column 11; source printed column 11"", ""PDF page 1; detected table 1; row 12; column 12; source printed column 12"", ""PDF page 1; detected table 1; row 12; column 17; source printed column 17"", ""PDF page 1; detected table 1; row 12; column 18; source printed column 18"", ""PDF page 1; detected table 1; row 12; column 19; source printed column 19"", ""PDF page 1; detected table 1; row 12; column 20; source printed column 20"", ""PDF page 1; detected table 1; row 12; column 21; source printed column 21"", ""PDF page 1; detected table 1; row 12; column 22; source printed column 22"", ""PDF page 1; detected table 1; row 13; column 3; source printed column 3"", ""PDF page 1; detected table 1; row 13; column 4; source printed column 4"", ""PDF page 1; detected table 1; row 13; column 5; source printed column 5"", ""PDF page 1; detected table 1; row 13; column 8; source printed column 8"", ""PDF page 1; detected table 1; row 13; column 11; source printed column 11"", ""PDF page 1; detected table 1; row 13; column 12; source printed column 12"", ""PDF page 1; detected table 1; row 13; column 17; source printed column 17"", ""PDF page 1; detected table 1; row 13; column 18; source printed column 18"", ""PDF page 1; detected table 1; row 13; column 19; source printed column 19"", ""PDF page 1; detected table 1; row 13; column 20; source printed column 20"", ""PDF page 1; detected table 1; row 13; column 21; source printed column 21"", ""PDF page 1; detected table 1; row 13; column 22; source printed column 22"", ""PDF page 1; detected table 1; row 14; column 3; source printed column 3"", ""PDF page 1; detected table 1; row 14; column 4; source printed column 4"", ""PDF page 1; detected table 1; row 14; column 5; source printed column 5"", ""PDF page 1; detected table 1; row 14; column 8; source printed column 8"", ""PDF page 1; detected table 1; row 14; column 11; source printed column 11"", ""PDF page 1; detected table 1; row 14; column 12; source printed column 12"", ""PDF page 1; detected table 1; row 14; column 17; source printed column 17"", ""PDF page 1; detected table 1; row 14; column 18; source printed column 18"", ""PDF page 1; detected table 1; row 14; column 19; source printed column 19"", ""PDF page 1; detected table 1; row 14; column 20; source printed column 20"", ""PDF page 1; detected table 1; row 14; column 21; source printed column 21"", ""PDF page 1; detected table 1; row 14; column 22; source printed column 22"", ""PDF page 1; detected table 1; row 16; column 3; source printed column 3"", ""PDF page 1; detected table 1; row 16; column 4; source printed column 4"", ""PDF page 1; detected table 1; row 16; column 5; source printed column 5"", ""PDF page 1; detected table 1; row 16; column 8; source printed column 8"", ""PDF page 1; detected table 1; row 16; column 11; source printed column 11"", ""PDF page 1; detected table 1; row 16; column 12; source printed column 12"", ""PDF page 1; detected table 1; row 16; column 17; source printed column 17"", ""PDF page 1; detected table 1; row 16; column 18; source printed column 18"", ""PDF page 1; detected table 1; row 16; column 19; source printed column 19"", ""PDF page 1; detected table 1; row 16; column 20; source printed column 20"", ""PDF page 1; detected table 1; row 16; column 21; source printed column 21"", ""PDF page 1; detected table 1; row 16; column 22; source printed column 22"", ""PDF page 1; detected table 1; row 17; column 3; source printed column 3"", ""PDF page 1; detected table 1; row 17; column 4; source printed column 4"", ""PDF page 1; detected table 1; row 17; column 5; source printed column 5"", ""PDF page 1; detected table 1; row 17; column 8; source printed column 8"", ""PDF page 1; detected table 1; row 17; column 11; source printed column 11"", ""PDF page 1; detected table 1; row 17; column 12; source printed column 12"", ""PDF page 1; detected table 1; row 17; column 17; source printed column 17"", ""PDF page 1; detected table 1; row 17; column 18; source printed column 18"", ""PDF page 1; detected table 1; row 17; column 19; source printed column 19"", ""PDF page 1; detected table 1; row 17; column 20; source printed column 20"", ""PDF page 1; detected table 1; row 17; column 21; source printed column 21"", ""PDF page 1; detected table 1; row 17; column 22; source printed column 22"", ""PDF page 1; detected table 1; row 18; column 3; source printed column 3"", ""PDF page 1; detected table 1; row 18; column 4; source printed column 4"", ""PDF page 1; detected table 1; row 18; column 5; source printed column 5"", ""PDF page 1; detected table 1; row 18; column 8; source printed column 8"", ""PDF page 1; detected table 1; row 18; column 11; source printed column 11"", ""PDF page 1; detected table 1; row 18; column 12; source printed column 12"", ""PDF page 1; detected table 1; row 18; column 17; source printed column 17"", ""PDF page 1; detected table 1; row 18; column 18; source printed column 18"", ""PDF page 1; detected table 1; row 18; column 19; source printed column 19"", ""PDF page 1; detected table 1; row 18; column 20; source printed column 20"", ""PDF page 1; detected table 1; row 18; column 21; source printed column 21"", ""PDF page 1; detected table 1; row 18; column 22; source printed column 22""]",,,official,matched_source_context,0.9,Land Acquisition Details of Ganga Expressway File Size: 70.97 KB | Language: Hindi 13-12-2021 Click here to View/Download ,1,364,normalized_observations_available,
G015,G015,REAL_002,,REAL_002,matched_source_context,ganga_land_status,https://upeida.up.gov.in/en/article/ganga-expressway?brd=2,https://upeida.up.gov.in/downloadmedia/siteContent/202112061716382247Ganga Land Exp.pdf,https://upeida.up.gov.in/downloadmedia/siteContent/202112061716382247Ganga%20Land%20Exp.pdf,government_official,1,pdf,UPEIDA,,,,,,,,project_and_district,2021-12-06,06-12-2021,official_index_upload_date,,,2026-09-05T10:25:54+00:00,project_research/REAL_002/02_state_district_land_acquisition/REAL_002_UPEIDA_ganga_land_status_2021-12-06_b369fa8742db.pdf,b369fa8742dbf17b3a101009305be8263358c29c089982723620651214a255b5,True,74920,200,application/octet-stream,,,downloaded,"[""acquisition_progress_pct"", ""affected_villages_count"", ""farmers_count"", ""land_acquired_ha"", ""land_purchase_remaining_ha"", ""land_purchased_ha"", ""land_required_ha"", ""land_resumed_exchanged_ha"", ""land_to_be_purchased_ha"", ""land_to_be_resumed_ha"", ""purchase_progress_pct"", ""sale_deeds_count""]","[""PDF page 1; detected table 1; row 7; column 3; source printed column 3"", ""PDF page 1; detected table 1; row 7; column 4; source printed column 4"", ""PDF page 1; detected table 1; row 7; column 5; source printed column 5"", ""PDF page 1; detected table 1; row 7; column 8; source printed column 8"", ""PDF page 1; detected table 1; row 7; column 11; source printed column 11"", ""PDF page 1; detected table 1; row 7; column 12; source printed column 12"", ""PDF page 1; detected table 1; row 7; column 17; source printed column 17"", ""PDF page 1; detected table 1; row 7; column 18; source printed column 18"", ""PDF page 1; detected table 1; row 7; column 19; source printed column 19"", ""PDF page 1; detected table 1; row 7; column 20; source printed column 20"", ""PDF page 1; detected table 1; row 7; column 21; source printed column 21"", ""PDF page 1; detected table 1; row 7; column 22; source printed column 22"", ""PDF page 1; detected table 1; row 8; column 3; source printed column 3"", ""PDF page 1; detected table 1; row 8; column 4; source printed column 4"", ""PDF page 1; detected table 1; row 8; column 5; source printed column 5"", ""PDF page 1; detected table 1; row 8; column 8; source printed column 8"", ""PDF page 1; detected table 1; row 8; column 11; source printed column 11"", ""PDF page 1; detected table 1; row 8; column 12; source printed column 12"", ""PDF page 1; detected table 1; row 8; column 17; source printed column 17"", ""PDF page 1; detected table 1; row 8; column 18; source printed column 18"", ""PDF page 1; detected table 1; row 8; column 19; source printed column 19"", ""PDF page 1; detected table 1; row 8; column 20; source printed column 20"", ""PDF page 1; detected table 1; row 8; column 21; source printed column 21"", ""PDF page 1; detected table 1; row 8; column 22; source printed column 22"", ""PDF page 1; detected table 1; row 9; column 3; source printed column 3"", ""PDF page 1; detected table 1; row 9; column 4; source printed column 4"", ""PDF page 1; detected table 1; row 9; column 5; source printed column 5"", ""PDF page 1; detected table 1; row 9; column 8; source printed column 8"", ""PDF page 1; detected table 1; row 9; column 11; source printed column 11"", ""PDF page 1; detected table 1; row 9; column 12; source printed column 12"", ""PDF page 1; detected table 1; row 9; column 17; source printed column 17"", ""PDF page 1; detected table 1; row 9; column 18; source printed column 18"", ""PDF page 1; detected table 1; row 9; column 19; source printed column 19"", ""PDF page 1; detected table 1; row 9; column 20; source printed column 20"", ""PDF page 1; detected table 1; row 9; column 21; source printed column 21"", ""PDF page 1; detected table 1; row 9; column 22; source printed column 22"", ""PDF page 1; detected table 1; row 10; column 3; source printed column 3"", ""PDF page 1; detected table 1; row 10; column 4; source printed column 4"", ""PDF page 1; detected table 1; row 10; column 5; source printed column 5"", ""PDF page 1; detected table 1; row 10; column 8; source printed column 8"", ""PDF page 1; detected table 1; row 10; column 11; source printed column 11"", ""PDF page 1; detected table 1; row 10; column 12; source printed column 12"", ""PDF page 1; detected table 1; row 10; column 17; source printed column 17"", ""PDF page 1; detected table 1; row 10; column 18; source printed column 18"", ""PDF page 1; detected table 1; row 10; column 19; source printed column 19"", ""PDF page 1; detected table 1; row 10; column 20; source printed column 20"", ""PDF page 1; detected table 1; row 10; column 21; source printed column 21"", ""PDF page 1; detected table 1; row 10; column 22; source printed column 22"", ""PDF page 1; detected table 1; row 11; column 3; source printed column 3"", ""PDF page 1; detected table 1; row 11; column 4; source printed column 4"", ""PDF page 1; detected table 1; row 11; column 5; source printed column 5"", ""PDF page 1; detected table 1; row 11; column 8; source printed column 8"", ""PDF page 1; detected table 1; row 11; column 11; source printed column 11"", ""PDF page 1; detected table 1; row 11; column 12; source printed column 12"", ""PDF page 1; detected table 1; row 11; column 17; source printed column 17"", ""PDF page 1; detected table 1; row 11; column 18; source printed column 18"", ""PDF page 1; detected table 1; row 11; column 19; source printed column 19"", ""PDF page 1; detected table 1; row 11; column 20; source printed column 20"", ""PDF page 1; detected table 1; row 11; column 21; source printed column 21"", ""PDF page 1; detected table 1; row 11; column 22; source printed column 22"", ""PDF page 1; detected table 1; row 12; column 3; source printed column 3"", ""PDF page 1; detected table 1; row 12; column 4; source printed column 4"", ""PDF page 1; detected table 1; row 12; column 5; source printed column 5"", ""PDF page 1; detected table 1; row 12; column 8; source printed column 8"", ""PDF page 1; detected table 1; row 12; column 11; source printed column 11"", ""PDF page 1; detected table 1; row 12; column 12; source printed column 12"", ""PDF page 1; detected table 1; row 12; column 17; source printed column 17"", ""PDF page 1; detected table 1; row 12; column 18; source printed column 18"", ""PDF page 1; detected table 1; row 12; column 19; source printed column 19"", ""PDF page 1; detected table 1; row 12; column 20; source printed column 20"", ""PDF page 1; detected table 1; row 12; column 21; source printed column 21"", ""PDF page 1; detected table 1; row 12; column 22; source printed column 22"", ""PDF page 1; detected table 1; row 13; column 3; source printed column 3"", ""PDF page 1; detected table 1; row 13; column 4; source printed column 4"", ""PDF page 1; detected table 1; row 13; column 5; source printed column 5"", ""PDF page 1; detected table 1; row 13; column 8; source printed column 8"", ""PDF page 1; detected table 1; row 13; column 11; source printed column 11"", ""PDF page 1; detected table 1; row 13; column 12; source printed column 12"", ""PDF page 1; detected table 1; row 13; column 17; source printed column 17"", ""PDF page 1; detected table 1; row 13; column 18; source printed column 18"", ""PDF page 1; detected table 1; row 13; column 19; source printed column 19"", ""PDF page 1; detected table 1; row 13; column 20; source printed column 20"", ""PDF page 1; detected table 1; row 13; column 21; source printed column 21"", ""PDF page 1; detected table 1; row 13; column 22; source printed column 22"", ""PDF page 1; detected table 1; row 14; column 3; source printed column 3"", ""PDF page 1; detected table 1; row 14; column 4; source printed column 4"", ""PDF page 1; detected table 1; row 14; column 5; source printed column 5"", ""PDF page 1; detected table 1; row 14; column 8; source printed column 8"", ""PDF page 1; detected table 1; row 14; column 11; source printed column 11"", ""PDF page 1; detected table 1; row 14; column 12; source printed column 12"", ""PDF page 1; detected table 1; row 14; column 17; source printed column 17"", ""PDF page 1; detected table 1; row 14; column 18; source printed column 18"", ""PDF page 1; detected table 1; row 14; column 19; source printed column 19"", ""PDF page 1; detected table 1; row 14; column 20; source printed column 20"", ""PDF page 1; detected table 1; row 14; column 21; source printed column 21"", ""PDF page 1; detected table 1; row 14; column 22; source printed column 22"", ""PDF page 1; detected table 1; row 16; column 3; source printed column 3"", ""PDF page 1; detected table 1; row 16; column 4; source printed column 4"", ""PDF page 1; detected table 1; row 16; column 5; source printed column 5"", ""PDF page 1; detected table 1; row 16; column 8; source printed column 8"", ""PDF page 1; detected table 1; row 16; column 11; source printed column 11"", ""PDF page 1; detected table 1; row 16; column 12; source printed column 12"", ""PDF page 1; detected table 1; row 16; column 17; source printed column 17"", ""PDF page 1; detected table 1; row 16; column 18; source printed column 18"", ""PDF page 1; detected table 1; row 16; column 19; source printed column 19"", ""PDF page 1; detected table 1; row 16; column 20; source printed column 20"", ""PDF page 1; detected table 1; row 16; column 21; source printed column 21"", ""PDF page 1; detected table 1; row 16; column 22; source printed column 22"", ""PDF page 1; detected table 1; row 17; column 3; source printed column 3"", ""PDF page 1; detected table 1; row 17; column 4; source printed column 4"", ""PDF page 1; detected table 1; row 17; column 5; source printed column 5"", ""PDF page 1; detected table 1; row 17; column 8; source printed column 8"", ""PDF page 1; detected table 1; row 17; column 11; source printed column 11"", ""PDF page 1; detected table 1; row 17; column 12; source printed column 12"", ""PDF page 1; detected table 1; row 17; column 17; source printed column 17"", ""PDF page 1; detected table 1; row 17; column 18; source printed column 18"", ""PDF page 1; detected table 1; row 17; column 19; source printed column 19"", ""PDF page 1; detected table 1; row 17; column 20; source printed column 20"", ""PDF page 1; detected table 1; row 17; column 21; source printed column 21"", ""PDF page 1; detected table 1; row 17; column 22; source printed column 22"", ""PDF page 1; detected table 1; row 18; column 3; source printed column 3"", ""PDF page 1; detected table 1; row 18; column 4; source printed column 4"", ""PDF page 1; detected table 1; row 18; column 5; source printed column 5"", ""PDF page 1; detected table 1; row 18; column 8; source printed column 8"", ""PDF page 1; detected table 1; row 18; column 11; source printed column 11"", ""PDF page 1; detected table 1; row 18; column 12; source printed column 12"", ""PDF page 1; detected table 1; row 18; column 17; source printed column 17"", ""PDF page 1; detected table 1; row 18; column 18; source printed column 18"", ""PDF page 1; detected table 1; row 18; column 19; source printed column 19"", ""PDF page 1; detected table 1; row 18; column 20; source printed column 20"", ""PDF page 1; detected table 1; row 18; column 21; source printed column 21"", ""PDF page 1; detected table 1; row 18; column 22; source printed column 22""]",,,official,matched_source_context,0.9,Land Acquisition Details of Ganga Expressway File Size: 73.16 KB | Language: Hindi 06-12-2021 Click here to View/Download ,1,496,normalized_observations_available,
G016,G016,REAL_002,,REAL_002,matched_source_context,ganga_land_status,https://upeida.up.gov.in/en/article/ganga-expressway?brd=2,https://upeida.up.gov.in/downloadmedia/siteContent/202112021536079747Ganga Express Land.pdf,https://upeida.up.gov.in/downloadmedia/siteContent/202112021536079747Ganga%20Express%20Land.pdf,government_official,1,pdf,UPEIDA,,,,,,,,project_and_district,2021-12-01,01-12-2021,official_index_upload_date,,,2026-09-05T10:25:55+00:00,project_research/REAL_002/02_state_district_land_acquisition/REAL_002_UPEIDA_ganga_land_status_2021-12-01_a44531f50c9e.pdf,a44531f50c9e379872d4781e94246a5830ad45cc4f357d81cc4c076b6737ec4f,True,74912,200,application/octet-stream,,,downloaded,"[""acquisition_progress_pct"", ""affected_villages_count"", ""farmers_count"", ""land_acquired_ha"", ""land_purchase_remaining_ha"", ""land_purchased_ha"", ""land_required_ha"", ""land_resumed_exchanged_ha"", ""land_to_be_purchased_ha"", ""land_to_be_resumed_ha"", ""purchase_progress_pct"", ""sale_deeds_count""]","[""PDF page 1; detected table 1; row 7; column 3; source printed column 3"", ""PDF page 1; detected table 1; row 7; column 4; source printed column 4"", ""PDF page 1; detected table 1; row 7; column 5; source printed column 5"", ""PDF page 1; detected table 1; row 7; column 8; source printed column 8"", ""PDF page 1; detected table 1; row 7; column 11; source printed column 11"", ""PDF page 1; detected table 1; row 7; column 12; source printed column 12"", ""PDF page 1; detected table 1; row 7; column 17; source printed column 17"", ""PDF page 1; detected table 1; row 7; column 18; source printed column 18"", ""PDF page 1; detected table 1; row 7; column 19; source printed column 19"", ""PDF page 1; detected table 1; row 7; column 20; source printed column 20"", ""PDF page 1; detected table 1; row 7; column 21; source printed column 21"", ""PDF page 1; detected table 1; row 7; column 22; source printed column 22"", ""PDF page 1; detected table 1; row 8; column 3; source printed column 3"", ""PDF page 1; detected table 1; row 8; column 4; source printed column 4"", ""PDF page 1; detected table 1; row 8; column 5; source printed column 5"", ""PDF page 1; detected table 1; row 8; column 8; source printed column 8"", ""PDF page 1; detected table 1; row 8; column 11; source printed column 11"", ""PDF page 1; detected table 1; row 8; column 12; source printed column 12"", ""PDF page 1; detected table 1; row 8; column 17; source printed column 17"", ""PDF page 1; detected table 1; row 8; column 18; source printed column 18"", ""PDF page 1; detected table 1; row 8; column 19; source printed column 19"", ""PDF page 1; detected table 1; row 8; column 20; source printed column 20"", ""PDF page 1; detected table 1; row 8; column 21; source printed column 21"", ""PDF page 1; detected table 1; row 8; column 22; source printed column 22"", ""PDF page 1; detected table 1; row 9; column 3; source printed column 3"", ""PDF page 1; detected table 1; row 9; column 4; source printed column 4"", ""PDF page 1; detected table 1; row 9; column 5; source printed column 5"", ""PDF page 1; detected table 1; row 9; column 8; source printed column 8"", ""PDF page 1; detected table 1; row 9; column 11; source printed column 11"", ""PDF page 1; detected table 1; row 9; column 12; source printed column 12"", ""PDF page 1; detected table 1; row 9; column 17; source printed column 17"", ""PDF page 1; detected table 1; row 9; column 18; source printed column 18"", ""PDF page 1; detected table 1; row 9; column 19; source printed column 19"", ""PDF page 1; detected table 1; row 9; column 20; source printed column 20"", ""PDF page 1; detected table 1; row 9; column 21; source printed column 21"", ""PDF page 1; detected table 1; row 9; column 22; source printed column 22"", ""PDF page 1; detected table 1; row 10; column 3; source printed column 3"", ""PDF page 1; detected table 1; row 10; column 4; source printed column 4"", ""PDF page 1; detected table 1; row 10; column 5; source printed column 5"", ""PDF page 1; detected table 1; row 10; column 8; source printed column 8"", ""PDF page 1; detected table 1; row 10; column 11; source printed column 11"", ""PDF page 1; detected table 1; row 10; column 12; source printed column 12"", ""PDF page 1; detected table 1; row 10; column 17; source printed column 17"", ""PDF page 1; detected table 1; row 10; column 18; source printed column 18"", ""PDF page 1; detected table 1; row 10; column 19; source printed column 19"", ""PDF page 1; detected table 1; row 10; column 20; source printed column 20"", ""PDF page 1; detected table 1; row 10; column 21; source printed column 21"", ""PDF page 1; detected table 1; row 10; column 22; source printed column 22"", ""PDF page 1; detected table 1; row 11; column 3; source printed column 3"", ""PDF page 1; detected table 1; row 11; column 4; source printed column 4"", ""PDF page 1; detected table 1; row 11; column 5; source printed column 5"", ""PDF page 1; detected table 1; row 11; column 8; source printed column 8"", ""PDF page 1; detected table 1; row 11; column 11; source printed column 11"", ""PDF page 1; detected table 1; row 11; column 12; source printed column 12"", ""PDF page 1; detected table 1; row 11; column 17; source printed column 17"", ""PDF page 1; detected table 1; row 11; column 18; source printed column 18"", ""PDF page 1; detected table 1; row 11; column 19; source printed column 19"", ""PDF page 1; detected table 1; row 11; column 20; source printed column 20"", ""PDF page 1; detected table 1; row 11; column 21; source printed column 21"", ""PDF page 1; detected table 1; row 11; column 22; source printed column 22"", ""PDF page 1; detected table 1; row 12; column 3; source printed column 3"", ""PDF page 1; detected table 1; row 12; column 4; source printed column 4"", ""PDF page 1; detected table 1; row 12; column 5; source printed column 5"", ""PDF page 1; detected table 1; row 12; column 8; source printed column 8"", ""PDF page 1; detected table 1; row 12; column 11; source printed column 11"", ""PDF page 1; detected table 1; row 12; column 12; source printed column 12"", ""PDF page 1; detected table 1; row 12; column 17; source printed column 17"", ""PDF page 1; detected table 1; row 12; column 18; source printed column 18"", ""PDF page 1; detected table 1; row 12; column 19; source printed column 19"", ""PDF page 1; detected table 1; row 12; column 20; source printed column 20"", ""PDF page 1; detected table 1; row 12; column 21; source printed column 21"", ""PDF page 1; detected table 1; row 12; column 22; source printed column 22"", ""PDF page 1; detected table 1; row 13; column 3; source printed column 3"", ""PDF page 1; detected table 1; row 13; column 4; source printed column 4"", ""PDF page 1; detected table 1; row 13; column 5; source printed column 5"", ""PDF page 1; detected table 1; row 13; column 8; source printed column 8"", ""PDF page 1; detected table 1; row 13; column 11; source printed column 11"", ""PDF page 1; detected table 1; row 13; column 12; source printed column 12"", ""PDF page 1; detected table 1; row 13; column 17; source printed column 17"", ""PDF page 1; detected table 1; row 13; column 18; source printed column 18"", ""PDF page 1; detected table 1; row 13; column 19; source printed column 19"", ""PDF page 1; detected table 1; row 13; column 20; source printed column 20"", ""PDF page 1; detected table 1; row 13; column 21; source printed column 21"", ""PDF page 1; detected table 1; row 13; column 22; source printed column 22"", ""PDF page 1; detected table 1; row 14; column 3; source printed column 3"", ""PDF page 1; detected table 1; row 14; column 4; source printed column 4"", ""PDF page 1; detected table 1; row 14; column 5; source printed column 5"", ""PDF page 1; detected table 1; row 14; column 8; source printed column 8"", ""PDF page 1; detected table 1; row 14; column 11; source printed column 11"", ""PDF page 1; detected table 1; row 14; column 12; source printed column 12"", ""PDF page 1; detected table 1; row 14; column 17; source printed column 17"", ""PDF page 1; detected table 1; row 14; column 18; source printed column 18"", ""PDF page 1; detected table 1; row 14; column 19; source printed column 19"", ""PDF page 1; detected table 1; row 14; column 20; source printed column 20"", ""PDF page 1; detected table 1; row 14; column 21; source printed column 21"", ""PDF page 1; detected table 1; row 14; column 22; source printed column 22"", ""PDF page 1; detected table 1; row 16; column 3; source printed column 3"", ""PDF page 1; detected table 1; row 16; column 4; source printed column 4"", ""PDF page 1; detected table 1; row 16; column 5; source printed column 5"", ""PDF page 1; detected table 1; row 16; column 8; source printed column 8"", ""PDF page 1; detected table 1; row 16; column 11; source printed column 11"", ""PDF page 1; detected table 1; row 16; column 12; source printed column 12"", ""PDF page 1; detected table 1; row 16; column 17; source printed column 17"", ""PDF page 1; detected table 1; row 16; column 18; source printed column 18"", ""PDF page 1; detected table 1; row 16; column 19; source printed column 19"", ""PDF page 1; detected table 1; row 16; column 20; source printed column 20"", ""PDF page 1; detected table 1; row 16; column 21; source printed column 21"", ""PDF page 1; detected table 1; row 16; column 22; source printed column 22"", ""PDF page 1; detected table 1; row 17; column 3; source printed column 3"", ""PDF page 1; detected table 1; row 17; column 4; source printed column 4"", ""PDF page 1; detected table 1; row 17; column 5; source printed column 5"", ""PDF page 1; detected table 1; row 17; column 8; source printed column 8"", ""PDF page 1; detected table 1; row 17; column 11; source printed column 11"", ""PDF page 1; detected table 1; row 17; column 12; source printed column 12"", ""PDF page 1; detected table 1; row 17; column 17; source printed column 17"", ""PDF page 1; detected table 1; row 17; column 18; source printed column 18"", ""PDF page 1; detected table 1; row 17; column 19; source printed column 19"", ""PDF page 1; detected table 1; row 17; column 20; source printed column 20"", ""PDF page 1; detected table 1; row 17; column 21; source printed column 21"", ""PDF page 1; detected table 1; row 17; column 22; source printed column 22"", ""PDF page 1; detected table 1; row 18; column 3; source printed column 3"", ""PDF page 1; detected table 1; row 18; column 4; source printed column 4"", ""PDF page 1; detected table 1; row 18; column 5; source printed column 5"", ""PDF page 1; detected table 1; row 18; column 8; source printed column 8"", ""PDF page 1; detected table 1; row 18; column 11; source printed column 11"", ""PDF page 1; detected table 1; row 18; column 12; source printed column 12"", ""PDF page 1; detected table 1; row 18; column 17; source printed column 17"", ""PDF page 1; detected table 1; row 18; column 18; source printed column 18"", ""PDF page 1; detected table 1; row 18; column 19; source printed column 19"", ""PDF page 1; detected table 1; row 18; column 20; source printed column 20"", ""PDF page 1; detected table 1; row 18; column 21; source printed column 21"", ""PDF page 1; detected table 1; row 18; column 22; source printed column 22""]",,,official,matched_source_context,0.9,Land Acquisition Details of Ganga Expressway File Size: 73.16 KB | Language: Hindi 01-12-2021 Click here to View/Download ,1,496,normalized_observations_available,
G017,G017,REAL_002,,REAL_002,matched_source_context,ganga_land_status,https://upeida.up.gov.in/en/article/ganga-expressway?brd=2,https://upeida.up.gov.in/downloadmedia/siteContent/202111231729228123GangaEXP.pdf,https://upeida.up.gov.in/downloadmedia/siteContent/202111231729228123GangaEXP.pdf,government_official,1,pdf,UPEIDA,,,,,,,,project_and_district,2021-11-23,23-11-2021,official_index_upload_date,,,2026-09-05T10:25:56+00:00,project_research/REAL_002/02_state_district_land_acquisition/REAL_002_UPEIDA_ganga_land_status_2021-11-23_acfdbe25f74f.pdf,acfdbe25f74f848b80676eee7822c58e020f0b6c91291e94ae742ed34831cdd5,True,72613,200,application/octet-stream,,,downloaded,"[""acquisition_progress_pct"", ""affected_villages_count"", ""farmers_count"", ""land_acquired_ha"", ""land_purchase_remaining_ha"", ""land_purchased_ha"", ""land_required_ha"", ""land_resumed_exchanged_ha"", ""land_to_be_purchased_ha"", ""land_to_be_resumed_ha"", ""purchase_progress_pct"", ""sale_deeds_count""]","[""PDF page 1; detected table 1; row 7; column 3; source printed column 3"", ""PDF page 1; detected table 1; row 7; column 4; source printed column 4"", ""PDF page 1; detected table 1; row 7; column 5; source printed column 5"", ""PDF page 1; detected table 1; row 7; column 8; source printed column 8"", ""PDF page 1; detected table 1; row 7; column 11; source printed column 11"", ""PDF page 1; detected table 1; row 7; column 12; source printed column 12"", ""PDF page 1; detected table 1; row 7; column 17; source printed column 17"", ""PDF page 1; detected table 1; row 7; column 18; source printed column 18"", ""PDF page 1; detected table 1; row 7; column 19; source printed column 19"", ""PDF page 1; detected table 1; row 7; column 20; source printed column 20"", ""PDF page 1; detected table 1; row 7; column 21; source printed column 21"", ""PDF page 1; detected table 1; row 7; column 22; source printed column 22"", ""PDF page 1; detected table 1; row 8; column 3; source printed column 3"", ""PDF page 1; detected table 1; row 8; column 4; source printed column 4"", ""PDF page 1; detected table 1; row 8; column 5; source printed column 5"", ""PDF page 1; detected table 1; row 8; column 8; source printed column 8"", ""PDF page 1; detected table 1; row 8; column 11; source printed column 11"", ""PDF page 1; detected table 1; row 8; column 12; source printed column 12"", ""PDF page 1; detected table 1; row 8; column 17; source printed column 17"", ""PDF page 1; detected table 1; row 8; column 18; source printed column 18"", ""PDF page 1; detected table 1; row 8; column 19; source printed column 19"", ""PDF page 1; detected table 1; row 8; column 20; source printed column 20"", ""PDF page 1; detected table 1; row 8; column 21; source printed column 21"", ""PDF page 1; detected table 1; row 8; column 22; source printed column 22"", ""PDF page 1; detected table 1; row 9; column 3; source printed column 3"", ""PDF page 1; detected table 1; row 9; column 4; source printed column 4"", ""PDF page 1; detected table 1; row 9; column 5; source printed column 5"", ""PDF page 1; detected table 1; row 9; column 8; source printed column 8"", ""PDF page 1; detected table 1; row 9; column 11; source printed column 11"", ""PDF page 1; detected table 1; row 9; column 12; source printed column 12"", ""PDF page 1; detected table 1; row 9; column 17; source printed column 17"", ""PDF page 1; detected table 1; row 9; column 18; source printed column 18"", ""PDF page 1; detected table 1; row 9; column 19; source printed column 19"", ""PDF page 1; detected table 1; row 9; column 20; source printed column 20"", ""PDF page 1; detected table 1; row 9; column 21; source printed column 21"", ""PDF page 1; detected table 1; row 9; column 22; source printed column 22"", ""PDF page 1; detected table 1; row 10; column 3; source printed column 3"", ""PDF page 1; detected table 1; row 10; column 4; source printed column 4"", ""PDF page 1; detected table 1; row 10; column 5; source printed column 5"", ""PDF page 1; detected table 1; row 10; column 8; source printed column 8"", ""PDF page 1; detected table 1; row 10; column 11; source printed column 11"", ""PDF page 1; detected table 1; row 10; column 12; source printed column 12"", ""PDF page 1; detected table 1; row 10; column 17; source printed column 17"", ""PDF page 1; detected table 1; row 10; column 18; source printed column 18"", ""PDF page 1; detected table 1; row 10; column 19; source printed column 19"", ""PDF page 1; detected table 1; row 10; column 20; source printed column 20"", ""PDF page 1; detected table 1; row 10; column 21; source printed column 21"", ""PDF page 1; detected table 1; row 10; column 22; source printed column 22"", ""PDF page 1; detected table 1; row 11; column 3; source printed column 3"", ""PDF page 1; detected table 1; row 11; column 4; source printed column 4"", ""PDF page 1; detected table 1; row 11; column 5; source printed column 5"", ""PDF page 1; detected table 1; row 11; column 8; source printed column 8"", ""PDF page 1; detected table 1; row 11; column 11; source printed column 11"", ""PDF page 1; detected table 1; row 11; column 12; source printed column 12"", ""PDF page 1; detected table 1; row 11; column 17; source printed column 17"", ""PDF page 1; detected table 1; row 11; column 18; source printed column 18"", ""PDF page 1; detected table 1; row 11; column 19; source printed column 19"", ""PDF page 1; detected table 1; row 11; column 20; source printed column 20"", ""PDF page 1; detected table 1; row 11; column 21; source printed column 21"", ""PDF page 1; detected table 1; row 11; column 22; source printed column 22"", ""PDF page 1; detected table 1; row 12; column 3; source printed column 3"", ""PDF page 1; detected table 1; row 12; column 4; source printed column 4"", ""PDF page 1; detected table 1; row 12; column 5; source printed column 5"", ""PDF page 1; detected table 1; row 12; column 8; source printed column 8"", ""PDF page 1; detected table 1; row 12; column 11; source printed column 11"", ""PDF page 1; detected table 1; row 12; column 12; source printed column 12"", ""PDF page 1; detected table 1; row 12; column 17; source printed column 17"", ""PDF page 1; detected table 1; row 12; column 18; source printed column 18"", ""PDF page 1; detected table 1; row 12; column 19; source printed column 19"", ""PDF page 1; detected table 1; row 12; column 20; source printed column 20"", ""PDF page 1; detected table 1; row 12; column 21; source printed column 21"", ""PDF page 1; detected table 1; row 12; column 22; source printed column 22"", ""PDF page 1; detected table 1; row 13; column 3; source printed column 3"", ""PDF page 1; detected table 1; row 13; column 4; source printed column 4"", ""PDF page 1; detected table 1; row 13; column 5; source printed column 5"", ""PDF page 1; detected table 1; row 13; column 8; source printed column 8"", ""PDF page 1; detected table 1; row 13; column 11; source printed column 11"", ""PDF page 1; detected table 1; row 13; column 12; source printed column 12"", ""PDF page 1; detected table 1; row 13; column 17; source printed column 17"", ""PDF page 1; detected table 1; row 13; column 18; source printed column 18"", ""PDF page 1; detected table 1; row 13; column 19; source printed column 19"", ""PDF page 1; detected table 1; row 13; column 20; source printed column 20"", ""PDF page 1; detected table 1; row 13; column 21; source printed column 21"", ""PDF page 1; detected table 1; row 13; column 22; source printed column 22"", ""PDF page 1; detected table 1; row 14; column 3; source printed column 3"", ""PDF page 1; detected table 1; row 14; column 4; source printed column 4"", ""PDF page 1; detected table 1; row 14; column 5; source printed column 5"", ""PDF page 1; detected table 1; row 14; column 8; source printed column 8"", ""PDF page 1; detected table 1; row 14; column 11; source printed column 11"", ""PDF page 1; detected table 1; row 14; column 12; source printed column 12"", ""PDF page 1; detected table 1; row 14; column 17; source printed column 17"", ""PDF page 1; detected table 1; row 14; column 18; source printed column 18"", ""PDF page 1; detected table 1; row 14; column 19; source printed column 19"", ""PDF page 1; detected table 1; row 14; column 20; source printed column 20"", ""PDF page 1; detected table 1; row 14; column 21; source printed column 21"", ""PDF page 1; detected table 1; row 14; column 22; source printed column 22"", ""PDF page 1; detected table 1; row 16; column 3; source printed column 3"", ""PDF page 1; detected table 1; row 16; column 4; source printed column 4"", ""PDF page 1; detected table 1; row 16; column 5; source printed column 5"", ""PDF page 1; detected table 1; row 16; column 8; source printed column 8"", ""PDF page 1; detected table 1; row 16; column 11; source printed column 11"", ""PDF page 1; detected table 1; row 16; column 12; source printed column 12"", ""PDF page 1; detected table 1; row 16; column 17; source printed column 17"", ""PDF page 1; detected table 1; row 16; column 18; source printed column 18"", ""PDF page 1; detected table 1; row 16; column 19; source printed column 19"", ""PDF page 1; detected table 1; row 16; column 20; source printed column 20"", ""PDF page 1; detected table 1; row 16; column 21; source printed column 21"", ""PDF page 1; detected table 1; row 16; column 22; source printed column 22"", ""PDF page 1; detected table 1; row 17; column 3; source printed column 3"", ""PDF page 1; detected table 1; row 17; column 4; source printed column 4"", ""PDF page 1; detected table 1; row 17; column 5; source printed column 5"", ""PDF page 1; detected table 1; row 17; column 8; source printed column 8"", ""PDF page 1; detected table 1; row 17; column 11; source printed column 11"", ""PDF page 1; detected table 1; row 17; column 12; source printed column 12"", ""PDF page 1; detected table 1; row 17; column 17; source printed column 17"", ""PDF page 1; detected table 1; row 17; column 18; source printed column 18"", ""PDF page 1; detected table 1; row 17; column 19; source printed column 19"", ""PDF page 1; detected table 1; row 17; column 20; source printed column 20"", ""PDF page 1; detected table 1; row 17; column 21; source printed column 21"", ""PDF page 1; detected table 1; row 17; column 22; source printed column 22"", ""PDF page 1; detected table 1; row 18; column 3; source printed column 3"", ""PDF page 1; detected table 1; row 18; column 4; source printed column 4"", ""PDF page 1; detected table 1; row 18; column 5; source printed column 5"", ""PDF page 1; detected table 1; row 18; column 8; source printed column 8"", ""PDF page 1; detected table 1; row 18; column 11; source printed column 11"", ""PDF page 1; detected table 1; row 18; column 12; source printed column 12"", ""PDF page 1; detected table 1; row 18; column 17; source printed column 17"", ""PDF page 1; detected table 1; row 18; column 18; source printed column 18"", ""PDF page 1; detected table 1; row 18; column 19; source printed column 19"", ""PDF page 1; detected table 1; row 18; column 20; source printed column 20"", ""PDF page 1; detected table 1; row 18; column 21; source printed column 21"", ""PDF page 1; detected table 1; row 18; column 22; source printed column 22""]",,,official,matched_source_context,0.9,Land Acquisition Details of Ganga Expressway File Size: 70.91 KB | Language: Hindi 23-11-2021 Click here to View/Download ,1,364,normalized_observations_available,
G018,G018,REAL_002,,REAL_002,matched_source_context,ganga_land_status,https://upeida.up.gov.in/en/article/ganga-expressway?brd=2,https://upeida.up.gov.in/downloadmedia/siteContent/202111081434191447GangaLand.pdf,https://upeida.up.gov.in/downloadmedia/siteContent/202111081434191447GangaLand.pdf,government_official,1,pdf,UPEIDA,,,,,,,,project_and_district,2021-11-08,08-11-2021,official_index_upload_date,,,2026-09-05T10:25:57+00:00,project_research/REAL_002/02_state_district_land_acquisition/REAL_002_UPEIDA_ganga_land_status_2021-11-08_cb0a730e6585.pdf,cb0a730e6585a5b8c2b560d486a4c74e1ff6f7536b24a1db9db01e1b52ee066b,True,76747,200,application/octet-stream,,,downloaded,"[""acquisition_progress_pct"", ""affected_villages_count"", ""farmers_count"", ""land_acquired_ha"", ""land_purchase_remaining_ha"", ""land_purchased_ha"", ""land_required_ha"", ""land_resumed_exchanged_ha"", ""land_to_be_purchased_ha"", ""land_to_be_resumed_ha"", ""purchase_progress_pct"", ""sale_deeds_count""]","[""PDF page 1; detected table 1; row 7; column 3; source printed column 3"", ""PDF page 1; detected table 1; row 7; column 4; source printed column 4"", ""PDF page 1; detected table 1; row 7; column 5; source printed column 5"", ""PDF page 1; detected table 1; row 7; column 8; source printed column 8"", ""PDF page 1; detected table 1; row 7; column 11; source printed column 11"", ""PDF page 1; detected table 1; row 7; column 12; source printed column 12"", ""PDF page 1; detected table 1; row 7; column 17; source printed column 17"", ""PDF page 1; detected table 1; row 7; column 18; source printed column 18"", ""PDF page 1; detected table 1; row 7; column 19; source printed column 19"", ""PDF page 1; detected table 1; row 7; column 20; source printed column 20"", ""PDF page 1; detected table 1; row 7; column 21; source printed column 21"", ""PDF page 1; detected table 1; row 7; column 22; source printed column 22"", ""PDF page 1; detected table 1; row 8; column 3; source printed column 3"", ""PDF page 1; detected table 1; row 8; column 4; source printed column 4"", ""PDF page 1; detected table 1; row 8; column 5; source printed column 5"", ""PDF page 1; detected table 1; row 8; column 8; source printed column 8"", ""PDF page 1; detected table 1; row 8; column 11; source printed column 11"", ""PDF page 1; detected table 1; row 8; column 12; source printed column 12"", ""PDF page 1; detected table 1; row 8; column 17; source printed column 17"", ""PDF page 1; detected table 1; row 8; column 18; source printed column 18"", ""PDF page 1; detected table 1; row 8; column 19; source printed column 19"", ""PDF page 1; detected table 1; row 8; column 20; source printed column 20"", ""PDF page 1; detected table 1; row 8; column 21; source printed column 21"", ""PDF page 1; detected table 1; row 8; column 22; source printed column 22"", ""PDF page 1; detected table 1; row 9; column 3; source printed column 3"", ""PDF page 1; detected table 1; row 9; column 4; source printed column 4"", ""PDF page 1; detected table 1; row 9; column 5; source printed column 5"", ""PDF page 1; detected table 1; row 9; column 8; source printed column 8"", ""PDF page 1; detected table 1; row 9; column 11; source printed column 11"", ""PDF page 1; detected table 1; row 9; column 12; source printed column 12"", ""PDF page 1; detected table 1; row 9; column 17; source printed column 17"", ""PDF page 1; detected table 1; row 9; column 18; source printed column 18"", ""PDF page 1; detected table 1; row 9; column 19; source printed column 19"", ""PDF page 1; detected table 1; row 9; column 20; source printed column 20"", ""PDF page 1; detected table 1; row 9; column 21; source printed column 21"", ""PDF page 1; detected table 1; row 9; column 22; source printed column 22"", ""PDF page 1; detected table 1; row 10; column 3; source printed column 3"", ""PDF page 1; detected table 1; row 10; column 4; source printed column 4"", ""PDF page 1; detected table 1; row 10; column 5; source printed column 5"", ""PDF page 1; detected table 1; row 10; column 8; source printed column 8"", ""PDF page 1; detected table 1; row 10; column 11; source printed column 11"", ""PDF page 1; detected table 1; row 10; column 12; source printed column 12"", ""PDF page 1; detected table 1; row 10; column 17; source printed column 17"", ""PDF page 1; detected table 1; row 10; column 18; source printed column 18"", ""PDF page 1; detected table 1; row 10; column 19; source printed column 19"", ""PDF page 1; detected table 1; row 10; column 20; source printed column 20"", ""PDF page 1; detected table 1; row 10; column 21; source printed column 21"", ""PDF page 1; detected table 1; row 10; column 22; source printed column 22"", ""PDF page 1; detected table 1; row 11; column 3; source printed column 3"", ""PDF page 1; detected table 1; row 11; column 4; source printed column 4"", ""PDF page 1; detected table 1; row 11; column 5; source printed column 5"", ""PDF page 1; detected table 1; row 11; column 8; source printed column 8"", ""PDF page 1; detected table 1; row 11; column 11; source printed column 11"", ""PDF page 1; detected table 1; row 11; column 12; source printed column 12"", ""PDF page 1; detected table 1; row 11; column 17; source printed column 17"", ""PDF page 1; detected table 1; row 11; column 18; source printed column 18"", ""PDF page 1; detected table 1; row 11; column 19; source printed column 19"", ""PDF page 1; detected table 1; row 11; column 20; source printed column 20"", ""PDF page 1; detected table 1; row 11; column 21; source printed column 21"", ""PDF page 1; detected table 1; row 11; column 22; source printed column 22"", ""PDF page 1; detected table 1; row 12; column 3; source printed column 3"", ""PDF page 1; detected table 1; row 12; column 4; source printed column 4"", ""PDF page 1; detected table 1; row 12; column 5; source printed column 5"", ""PDF page 1; detected table 1; row 12; column 8; source printed column 8"", ""PDF page 1; detected table 1; row 12; column 11; source printed column 11"", ""PDF page 1; detected table 1; row 12; column 12; source printed column 12"", ""PDF page 1; detected table 1; row 12; column 17; source printed column 17"", ""PDF page 1; detected table 1; row 12; column 18; source printed column 18"", ""PDF page 1; detected table 1; row 12; column 19; source printed column 19"", ""PDF page 1; detected table 1; row 12; column 20; source printed column 20"", ""PDF page 1; detected table 1; row 12; column 21; source printed column 21"", ""PDF page 1; detected table 1; row 12; column 22; source printed column 22"", ""PDF page 1; detected table 1; row 13; column 3; source printed column 3"", ""PDF page 1; detected table 1; row 13; column 4; source printed column 4"", ""PDF page 1; detected table 1; row 13; column 5; source printed column 5"", ""PDF page 1; detected table 1; row 13; column 8; source printed column 8"", ""PDF page 1; detected table 1; row 13; column 11; source printed column 11"", ""PDF page 1; detected table 1; row 13; column 12; source printed column 12"", ""PDF page 1; detected table 1; row 13; column 17; source printed column 17"", ""PDF page 1; detected table 1; row 13; column 18; source printed column 18"", ""PDF page 1; detected table 1; row 13; column 19; source printed column 19"", ""PDF page 1; detected table 1; row 13; column 20; source printed column 20"", ""PDF page 1; detected table 1; row 13; column 21; source printed column 21"", ""PDF page 1; detected table 1; row 13; column 22; source printed column 22"", ""PDF page 1; detected table 1; row 14; column 3; source printed column 3"", ""PDF page 1; detected table 1; row 14; column 4; source printed column 4"", ""PDF page 1; detected table 1; row 14; column 5; source printed column 5"", ""PDF page 1; detected table 1; row 14; column 8; source printed column 8"", ""PDF page 1; detected table 1; row 14; column 11; source printed column 11"", ""PDF page 1; detected table 1; row 14; column 12; source printed column 12"", ""PDF page 1; detected table 1; row 14; column 17; source printed column 17"", ""PDF page 1; detected table 1; row 14; column 18; source printed column 18"", ""PDF page 1; detected table 1; row 14; column 19; source printed column 19"", ""PDF page 1; detected table 1; row 14; column 20; source printed column 20"", ""PDF page 1; detected table 1; row 14; column 21; source printed column 21"", ""PDF page 1; detected table 1; row 14; column 22; source printed column 22"", ""PDF page 1; detected table 1; row 16; column 3; source printed column 3"", ""PDF page 1; detected table 1; row 16; column 4; source printed column 4"", ""PDF page 1; detected table 1; row 16; column 5; source printed column 5"", ""PDF page 1; detected table 1; row 16; column 8; source printed column 8"", ""PDF page 1; detected table 1; row 16; column 11; source printed column 11"", ""PDF page 1; detected table 1; row 16; column 12; source printed column 12"", ""PDF page 1; detected table 1; row 16; column 17; source printed column 17"", ""PDF page 1; detected table 1; row 16; column 18; source printed column 18"", ""PDF page 1; detected table 1; row 16; column 19; source printed column 19"", ""PDF page 1; detected table 1; row 16; column 20; source printed column 20"", ""PDF page 1; detected table 1; row 16; column 21; source printed column 21"", ""PDF page 1; detected table 1; row 16; column 22; source printed column 22"", ""PDF page 1; detected table 1; row 17; column 3; source printed column 3"", ""PDF page 1; detected table 1; row 17; column 4; source printed column 4"", ""PDF page 1; detected table 1; row 17; column 5; source printed column 5"", ""PDF page 1; detected table 1; row 17; column 8; source printed column 8"", ""PDF page 1; detected table 1; row 17; column 11; source printed column 11"", ""PDF page 1; detected table 1; row 17; column 12; source printed column 12"", ""PDF page 1; detected table 1; row 17; column 17; source printed column 17"", ""PDF page 1; detected table 1; row 17; column 18; source printed column 18"", ""PDF page 1; detected table 1; row 17; column 19; source printed column 19"", ""PDF page 1; detected table 1; row 17; column 20; source printed column 20"", ""PDF page 1; detected table 1; row 17; column 21; source printed column 21"", ""PDF page 1; detected table 1; row 17; column 22; source printed column 22"", ""PDF page 1; detected table 1; row 18; column 3; source printed column 3"", ""PDF page 1; detected table 1; row 18; column 4; source printed column 4"", ""PDF page 1; detected table 1; row 18; column 5; source printed column 5"", ""PDF page 1; detected table 1; row 18; column 8; source printed column 8"", ""PDF page 1; detected table 1; row 18; column 11; source printed column 11"", ""PDF page 1; detected table 1; row 18; column 12; source printed column 12"", ""PDF page 1; detected table 1; row 18; column 17; source printed column 17"", ""PDF page 1; detected table 1; row 18; column 18; source printed column 18"", ""PDF page 1; detected table 1; row 18; column 19; source printed column 19"", ""PDF page 1; detected table 1; row 18; column 20; source printed column 20"", ""PDF page 1; detected table 1; row 18; column 21; source printed column 21"", ""PDF page 1; detected table 1; row 18; column 22; source printed column 22""]",,,official,matched_source_context,0.9,Land Acquisition Details of Ganga Expressway File Size: 74.95 KB | Language: Hindi 08-11-2021 Click here to View/Download ,1,606,normalized_observations_available,
G019,G019,REAL_002,,REAL_002,matched_source_context,ganga_land_status,https://upeida.up.gov.in/en/article/ganga-expressway?brd=2,https://upeida.up.gov.in/downloadmedia/siteContent/202111011452564203ganga exp land.pdf,https://upeida.up.gov.in/downloadmedia/siteContent/202111011452564203ganga%20exp%20land.pdf,government_official,1,pdf,UPEIDA,,,,,,,,project_and_district,2021-11-01,01-11-2021,official_index_upload_date,,,2026-09-05T10:25:58+00:00,project_research/REAL_002/02_state_district_land_acquisition/REAL_002_UPEIDA_ganga_land_status_2021-11-01_fbc9079da147.pdf,fbc9079da147270a40a4d6b0ff725da296ad8ee749423ed0f58f35f06e74f4e8,True,76493,200,application/octet-stream,,,downloaded,"[""acquisition_progress_pct"", ""affected_villages_count"", ""farmers_count"", ""land_acquired_ha"", ""land_purchase_remaining_ha"", ""land_purchased_ha"", ""land_required_ha"", ""land_resumed_exchanged_ha"", ""land_to_be_purchased_ha"", ""land_to_be_resumed_ha"", ""purchase_progress_pct"", ""sale_deeds_count""]","[""PDF page 1; detected table 1; row 7; column 3; source printed column 3"", ""PDF page 1; detected table 1; row 7; column 4; source printed column 4"", ""PDF page 1; detected table 1; row 7; column 5; source printed column 5"", ""PDF page 1; detected table 1; row 7; column 8; source printed column 8"", ""PDF page 1; detected table 1; row 7; column 11; source printed column 11"", ""PDF page 1; detected table 1; row 7; column 12; source printed column 12"", ""PDF page 1; detected table 1; row 7; column 17; source printed column 17"", ""PDF page 1; detected table 1; row 7; column 18; source printed column 18"", ""PDF page 1; detected table 1; row 7; column 19; source printed column 19"", ""PDF page 1; detected table 1; row 7; column 20; source printed column 20"", ""PDF page 1; detected table 1; row 7; column 21; source printed column 21"", ""PDF page 1; detected table 1; row 7; column 22; source printed column 22"", ""PDF page 1; detected table 1; row 8; column 3; source printed column 3"", ""PDF page 1; detected table 1; row 8; column 4; source printed column 4"", ""PDF page 1; detected table 1; row 8; column 5; source printed column 5"", ""PDF page 1; detected table 1; row 8; column 8; source printed column 8"", ""PDF page 1; detected table 1; row 8; column 11; source printed column 11"", ""PDF page 1; detected table 1; row 8; column 12; source printed column 12"", ""PDF page 1; detected table 1; row 8; column 17; source printed column 17"", ""PDF page 1; detected table 1; row 8; column 18; source printed column 18"", ""PDF page 1; detected table 1; row 8; column 19; source printed column 19"", ""PDF page 1; detected table 1; row 8; column 20; source printed column 20"", ""PDF page 1; detected table 1; row 8; column 21; source printed column 21"", ""PDF page 1; detected table 1; row 8; column 22; source printed column 22"", ""PDF page 1; detected table 1; row 9; column 3; source printed column 3"", ""PDF page 1; detected table 1; row 9; column 4; source printed column 4"", ""PDF page 1; detected table 1; row 9; column 5; source printed column 5"", ""PDF page 1; detected table 1; row 9; column 8; source printed column 8"", ""PDF page 1; detected table 1; row 9; column 11; source printed column 11"", ""PDF page 1; detected table 1; row 9; column 12; source printed column 12"", ""PDF page 1; detected table 1; row 9; column 17; source printed column 17"", ""PDF page 1; detected table 1; row 9; column 18; source printed column 18"", ""PDF page 1; detected table 1; row 9; column 19; source printed column 19"", ""PDF page 1; detected table 1; row 9; column 20; source printed column 20"", ""PDF page 1; detected table 1; row 9; column 21; source printed column 21"", ""PDF page 1; detected table 1; row 9; column 22; source printed column 22"", ""PDF page 1; detected table 1; row 10; column 3; source printed column 3"", ""PDF page 1; detected table 1; row 10; column 4; source printed column 4"", ""PDF page 1; detected table 1; row 10; column 5; source printed column 5"", ""PDF page 1; detected table 1; row 10; column 8; source printed column 8"", ""PDF page 1; detected table 1; row 10; column 11; source printed column 11"", ""PDF page 1; detected table 1; row 10; column 12; source printed column 12"", ""PDF page 1; detected table 1; row 10; column 17; source printed column 17"", ""PDF page 1; detected table 1; row 10; column 18; source printed column 18"", ""PDF page 1; detected table 1; row 10; column 19; source printed column 19"", ""PDF page 1; detected table 1; row 10; column 20; source printed column 20"", ""PDF page 1; detected table 1; row 10; column 21; source printed column 21"", ""PDF page 1; detected table 1; row 10; column 22; source printed column 22"", ""PDF page 1; detected table 1; row 11; column 3; source printed column 3"", ""PDF page 1; detected table 1; row 11; column 4; source printed column 4"", ""PDF page 1; detected table 1; row 11; column 5; source printed column 5"", ""PDF page 1; detected table 1; row 11; column 8; source printed column 8"", ""PDF page 1; detected table 1; row 11; column 11; source printed column 11"", ""PDF page 1; detected table 1; row 11; column 12; source printed column 12"", ""PDF page 1; detected table 1; row 11; column 17; source printed column 17"", ""PDF page 1; detected table 1; row 11; column 18; source printed column 18"", ""PDF page 1; detected table 1; row 11; column 19; source printed column 19"", ""PDF page 1; detected table 1; row 11; column 20; source printed column 20"", ""PDF page 1; detected table 1; row 11; column 21; source printed column 21"", ""PDF page 1; detected table 1; row 11; column 22; source printed column 22"", ""PDF page 1; detected table 1; row 12; column 3; source printed column 3"", ""PDF page 1; detected table 1; row 12; column 4; source printed column 4"", ""PDF page 1; detected table 1; row 12; column 5; source printed column 5"", ""PDF page 1; detected table 1; row 12; column 8; source printed column 8"", ""PDF page 1; detected table 1; row 12; column 11; source printed column 11"", ""PDF page 1; detected table 1; row 12; column 12; source printed column 12"", ""PDF page 1; detected table 1; row 12; column 17; source printed column 17"", ""PDF page 1; detected table 1; row 12; column 18; source printed column 18"", ""PDF page 1; detected table 1; row 12; column 19; source printed column 19"", ""PDF page 1; detected table 1; row 12; column 20; source printed column 20"", ""PDF page 1; detected table 1; row 12; column 21; source printed column 21"", ""PDF page 1; detected table 1; row 12; column 22; source printed column 22"", ""PDF page 1; detected table 1; row 13; column 3; source printed column 3"", ""PDF page 1; detected table 1; row 13; column 4; source printed column 4"", ""PDF page 1; detected table 1; row 13; column 5; source printed column 5"", ""PDF page 1; detected table 1; row 13; column 8; source printed column 8"", ""PDF page 1; detected table 1; row 13; column 11; source printed column 11"", ""PDF page 1; detected table 1; row 13; column 12; source printed column 12"", ""PDF page 1; detected table 1; row 13; column 17; source printed column 17"", ""PDF page 1; detected table 1; row 13; column 18; source printed column 18"", ""PDF page 1; detected table 1; row 13; column 19; source printed column 19"", ""PDF page 1; detected table 1; row 13; column 20; source printed column 20"", ""PDF page 1; detected table 1; row 13; column 21; source printed column 21"", ""PDF page 1; detected table 1; row 13; column 22; source printed column 22"", ""PDF page 1; detected table 1; row 14; column 3; source printed column 3"", ""PDF page 1; detected table 1; row 14; column 4; source printed column 4"", ""PDF page 1; detected table 1; row 14; column 5; source printed column 5"", ""PDF page 1; detected table 1; row 14; column 8; source printed column 8"", ""PDF page 1; detected table 1; row 14; column 11; source printed column 11"", ""PDF page 1; detected table 1; row 14; column 12; source printed column 12"", ""PDF page 1; detected table 1; row 14; column 17; source printed column 17"", ""PDF page 1; detected table 1; row 14; column 18; source printed column 18"", ""PDF page 1; detected table 1; row 14; column 19; source printed column 19"", ""PDF page 1; detected table 1; row 14; column 20; source printed column 20"", ""PDF page 1; detected table 1; row 14; column 21; source printed column 21"", ""PDF page 1; detected table 1; row 14; column 22; source printed column 22"", ""PDF page 1; detected table 1; row 16; column 3; source printed column 3"", ""PDF page 1; detected table 1; row 16; column 4; source printed column 4"", ""PDF page 1; detected table 1; row 16; column 5; source printed column 5"", ""PDF page 1; detected table 1; row 16; column 8; source printed column 8"", ""PDF page 1; detected table 1; row 16; column 11; source printed column 11"", ""PDF page 1; detected table 1; row 16; column 12; source printed column 12"", ""PDF page 1; detected table 1; row 16; column 17; source printed column 17"", ""PDF page 1; detected table 1; row 16; column 18; source printed column 18"", ""PDF page 1; detected table 1; row 16; column 19; source printed column 19"", ""PDF page 1; detected table 1; row 16; column 20; source printed column 20"", ""PDF page 1; detected table 1; row 16; column 21; source printed column 21"", ""PDF page 1; detected table 1; row 16; column 22; source printed column 22"", ""PDF page 1; detected table 1; row 17; column 3; source printed column 3"", ""PDF page 1; detected table 1; row 17; column 4; source printed column 4"", ""PDF page 1; detected table 1; row 17; column 5; source printed column 5"", ""PDF page 1; detected table 1; row 17; column 8; source printed column 8"", ""PDF page 1; detected table 1; row 17; column 11; source printed column 11"", ""PDF page 1; detected table 1; row 17; column 12; source printed column 12"", ""PDF page 1; detected table 1; row 17; column 17; source printed column 17"", ""PDF page 1; detected table 1; row 17; column 18; source printed column 18"", ""PDF page 1; detected table 1; row 17; column 19; source printed column 19"", ""PDF page 1; detected table 1; row 17; column 20; source printed column 20"", ""PDF page 1; detected table 1; row 17; column 21; source printed column 21"", ""PDF page 1; detected table 1; row 17; column 22; source printed column 22"", ""PDF page 1; detected table 1; row 18; column 3; source printed column 3"", ""PDF page 1; detected table 1; row 18; column 4; source printed column 4"", ""PDF page 1; detected table 1; row 18; column 5; source printed column 5"", ""PDF page 1; detected table 1; row 18; column 8; source printed column 8"", ""PDF page 1; detected table 1; row 18; column 11; source printed column 11"", ""PDF page 1; detected table 1; row 18; column 12; source printed column 12"", ""PDF page 1; detected table 1; row 18; column 17; source printed column 17"", ""PDF page 1; detected table 1; row 18; column 18; source printed column 18"", ""PDF page 1; detected table 1; row 18; column 19; source printed column 19"", ""PDF page 1; detected table 1; row 18; column 20; source printed column 20"", ""PDF page 1; detected table 1; row 18; column 21; source printed column 21"", ""PDF page 1; detected table 1; row 18; column 22; source printed column 22""]",,,official,matched_source_context,0.9,Land Acquisition Details of Ganga Expressway File Size: 74.70 KB | Language: Hindi 01-11-2021 Click here to View/Download ,1,606,normalized_observations_available,
G020,G020,REAL_002,,REAL_002,matched_source_context,ganga_land_status,https://upeida.up.gov.in/en/article/ganga-expressway?brd=2,https://upeida.up.gov.in/downloadmedia/siteContent/202110251458450630Land GE.pdf,https://upeida.up.gov.in/downloadmedia/siteContent/202110251458450630Land%20GE.pdf,government_official,1,pdf,UPEIDA,,,,,,,,project_and_district,2021-10-25,25-10-2021,official_index_upload_date,,,2026-09-05T10:25:58+00:00,project_research/REAL_002/02_state_district_land_acquisition/REAL_002_UPEIDA_ganga_land_status_2021-10-25_6d10e5f2868a.pdf,6d10e5f2868a289eedf6723b802f9b8e28639d595492a1273d62744425979e81,True,76378,200,application/octet-stream,,,downloaded,"[""acquisition_progress_pct"", ""affected_villages_count"", ""farmers_count"", ""land_acquired_ha"", ""land_purchase_remaining_ha"", ""land_purchased_ha"", ""land_required_ha"", ""land_resumed_exchanged_ha"", ""land_to_be_purchased_ha"", ""land_to_be_resumed_ha"", ""purchase_progress_pct"", ""sale_deeds_count""]","[""PDF page 1; detected table 1; row 7; column 3; source printed column 3"", ""PDF page 1; detected table 1; row 7; column 4; source printed column 4"", ""PDF page 1; detected table 1; row 7; column 5; source printed column 5"", ""PDF page 1; detected table 1; row 7; column 8; source printed column 8"", ""PDF page 1; detected table 1; row 7; column 11; source printed column 11"", ""PDF page 1; detected table 1; row 7; column 12; source printed column 12"", ""PDF page 1; detected table 1; row 7; column 17; source printed column 17"", ""PDF page 1; detected table 1; row 7; column 18; source printed column 18"", ""PDF page 1; detected table 1; row 7; column 19; source printed column 19"", ""PDF page 1; detected table 1; row 7; column 20; source printed column 20"", ""PDF page 1; detected table 1; row 7; column 21; source printed column 21"", ""PDF page 1; detected table 1; row 7; column 22; source printed column 22"", ""PDF page 1; detected table 1; row 8; column 3; source printed column 3"", ""PDF page 1; detected table 1; row 8; column 4; source printed column 4"", ""PDF page 1; detected table 1; row 8; column 5; source printed column 5"", ""PDF page 1; detected table 1; row 8; column 8; source printed column 8"", ""PDF page 1; detected table 1; row 8; column 11; source printed column 11"", ""PDF page 1; detected table 1; row 8; column 12; source printed column 12"", ""PDF page 1; detected table 1; row 8; column 17; source printed column 17"", ""PDF page 1; detected table 1; row 8; column 18; source printed column 18"", ""PDF page 1; detected table 1; row 8; column 19; source printed column 19"", ""PDF page 1; detected table 1; row 8; column 20; source printed column 20"", ""PDF page 1; detected table 1; row 8; column 21; source printed column 21"", ""PDF page 1; detected table 1; row 8; column 22; source printed column 22"", ""PDF page 1; detected table 1; row 9; column 3; source printed column 3"", ""PDF page 1; detected table 1; row 9; column 4; source printed column 4"", ""PDF page 1; detected table 1; row 9; column 5; source printed column 5"", ""PDF page 1; detected table 1; row 9; column 8; source printed column 8"", ""PDF page 1; detected table 1; row 9; column 11; source printed column 11"", ""PDF page 1; detected table 1; row 9; column 12; source printed column 12"", ""PDF page 1; detected table 1; row 9; column 17; source printed column 17"", ""PDF page 1; detected table 1; row 9; column 18; source printed column 18"", ""PDF page 1; detected table 1; row 9; column 19; source printed column 19"", ""PDF page 1; detected table 1; row 9; column 20; source printed column 20"", ""PDF page 1; detected table 1; row 9; column 21; source printed column 21"", ""PDF page 1; detected table 1; row 9; column 22; source printed column 22"", ""PDF page 1; detected table 1; row 10; column 3; source printed column 3"", ""PDF page 1; detected table 1; row 10; column 4; source printed column 4"", ""PDF page 1; detected table 1; row 10; column 5; source printed column 5"", ""PDF page 1; detected table 1; row 10; column 8; source printed column 8"", ""PDF page 1; detected table 1; row 10; column 11; source printed column 11"", ""PDF page 1; detected table 1; row 10; column 12; source printed column 12"", ""PDF page 1; detected table 1; row 10; column 17; source printed column 17"", ""PDF page 1; detected table 1; row 10; column 18; source printed column 18"", ""PDF page 1; detected table 1; row 10; column 19; source printed column 19"", ""PDF page 1; detected table 1; row 10; column 20; source printed column 20"", ""PDF page 1; detected table 1; row 10; column 21; source printed column 21"", ""PDF page 1; detected table 1; row 10; column 22; source printed column 22"", ""PDF page 1; detected table 1; row 11; column 3; source printed column 3"", ""PDF page 1; detected table 1; row 11; column 4; source printed column 4"", ""PDF page 1; detected table 1; row 11; column 5; source printed column 5"", ""PDF page 1; detected table 1; row 11; column 8; source printed column 8"", ""PDF page 1; detected table 1; row 11; column 11; source printed column 11"", ""PDF page 1; detected table 1; row 11; column 12; source printed column 12"", ""PDF page 1; detected table 1; row 11; column 17; source printed column 17"", ""PDF page 1; detected table 1; row 11; column 18; source printed column 18"", ""PDF page 1; detected table 1; row 11; column 19; source printed column 19"", ""PDF page 1; detected table 1; row 11; column 20; source printed column 20"", ""PDF page 1; detected table 1; row 11; column 21; source printed column 21"", ""PDF page 1; detected table 1; row 11; column 22; source printed column 22"", ""PDF page 1; detected table 1; row 12; column 3; source printed column 3"", ""PDF page 1; detected table 1; row 12; column 4; source printed column 4"", ""PDF page 1; detected table 1; row 12; column 5; source printed column 5"", ""PDF page 1; detected table 1; row 12; column 8; source printed column 8"", ""PDF page 1; detected table 1; row 12; column 11; source printed column 11"", ""PDF page 1; detected table 1; row 12; column 12; source printed column 12"", ""PDF page 1; detected table 1; row 12; column 17; source printed column 17"", ""PDF page 1; detected table 1; row 12; column 18; source printed column 18"", ""PDF page 1; detected table 1; row 12; column 19; source printed column 19"", ""PDF page 1; detected table 1; row 12; column 20; source printed column 20"", ""PDF page 1; detected table 1; row 12; column 21; source printed column 21"", ""PDF page 1; detected table 1; row 12; column 22; source printed column 22"", ""PDF page 1; detected table 1; row 13; column 3; source printed column 3"", ""PDF page 1; detected table 1; row 13; column 4; source printed column 4"", ""PDF page 1; detected table 1; row 13; column 5; source printed column 5"", ""PDF page 1; detected table 1; row 13; column 8; source printed column 8"", ""PDF page 1; detected table 1; row 13; column 11; source printed column 11"", ""PDF page 1; detected table 1; row 13; column 12; source printed column 12"", ""PDF page 1; detected table 1; row 13; column 17; source printed column 17"", ""PDF page 1; detected table 1; row 13; column 18; source printed column 18"", ""PDF page 1; detected table 1; row 13; column 19; source printed column 19"", ""PDF page 1; detected table 1; row 13; column 20; source printed column 20"", ""PDF page 1; detected table 1; row 13; column 21; source printed column 21"", ""PDF page 1; detected table 1; row 13; column 22; source printed column 22"", ""PDF page 1; detected table 1; row 14; column 3; source printed column 3"", ""PDF page 1; detected table 1; row 14; column 4; source printed column 4"", ""PDF page 1; detected table 1; row 14; column 5; source printed column 5"", ""PDF page 1; detected table 1; row 14; column 8; source printed column 8"", ""PDF page 1; detected table 1; row 14; column 11; source printed column 11"", ""PDF page 1; detected table 1; row 14; column 12; source printed column 12"", ""PDF page 1; detected table 1; row 14; column 17; source printed column 17"", ""PDF page 1; detected table 1; row 14; column 18; source printed column 18"", ""PDF page 1; detected table 1; row 14; column 19; source printed column 19"", ""PDF page 1; detected table 1; row 14; column 20; source printed column 20"", ""PDF page 1; detected table 1; row 14; column 21; source printed column 21"", ""PDF page 1; detected table 1; row 14; column 22; source printed column 22"", ""PDF page 1; detected table 1; row 16; column 3; source printed column 3"", ""PDF page 1; detected table 1; row 16; column 4; source printed column 4"", ""PDF page 1; detected table 1; row 16; column 5; source printed column 5"", ""PDF page 1; detected table 1; row 16; column 8; source printed column 8"", ""PDF page 1; detected table 1; row 16; column 11; source printed column 11"", ""PDF page 1; detected table 1; row 16; column 12; source printed column 12"", ""PDF page 1; detected table 1; row 16; column 17; source printed column 17"", ""PDF page 1; detected table 1; row 16; column 18; source printed column 18"", ""PDF page 1; detected table 1; row 16; column 19; source printed column 19"", ""PDF page 1; detected table 1; row 16; column 20; source printed column 20"", ""PDF page 1; detected table 1; row 16; column 21; source printed column 21"", ""PDF page 1; detected table 1; row 16; column 22; source printed column 22"", ""PDF page 1; detected table 1; row 17; column 3; source printed column 3"", ""PDF page 1; detected table 1; row 17; column 4; source printed column 4"", ""PDF page 1; detected table 1; row 17; column 5; source printed column 5"", ""PDF page 1; detected table 1; row 17; column 8; source printed column 8"", ""PDF page 1; detected table 1; row 17; column 11; source printed column 11"", ""PDF page 1; detected table 1; row 17; column 12; source printed column 12"", ""PDF page 1; detected table 1; row 17; column 17; source printed column 17"", ""PDF page 1; detected table 1; row 17; column 18; source printed column 18"", ""PDF page 1; detected table 1; row 17; column 19; source printed column 19"", ""PDF page 1; detected table 1; row 17; column 20; source printed column 20"", ""PDF page 1; detected table 1; row 17; column 21; source printed column 21"", ""PDF page 1; detected table 1; row 17; column 22; source printed column 22"", ""PDF page 1; detected table 1; row 18; column 3; source printed column 3"", ""PDF page 1; detected table 1; row 18; column 4; source printed column 4"", ""PDF page 1; detected table 1; row 18; column 5; source printed column 5"", ""PDF page 1; detected table 1; row 18; column 8; source printed column 8"", ""PDF page 1; detected table 1; row 18; column 11; source printed column 11"", ""PDF page 1; detected table 1; row 18; column 12; source printed column 12"", ""PDF page 1; detected table 1; row 18; column 17; source printed column 17"", ""PDF page 1; detected table 1; row 18; column 18; source printed column 18"", ""PDF page 1; detected table 1; row 18; column 19; source printed column 19"", ""PDF page 1; detected table 1; row 18; column 20; source printed column 20"", ""PDF page 1; detected table 1; row 18; column 21; source printed column 21"", ""PDF page 1; detected table 1; row 18; column 22; source printed column 22""]",,,official,matched_source_context,0.9,Land Acquisition Details of Ganga Expressway File Size: 74.59 KB | Language: Hindi 25-10-2021 Click here to View/Download ,1,606,normalized_observations_available,
G021,G021,REAL_002,,REAL_002,matched_source_context,ganga_land_status,https://upeida.up.gov.in/en/article/ganga-expressway?brd=2,https://upeida.up.gov.in/downloadmedia/siteContent/202110181500413199land Ganga.pdf,https://upeida.up.gov.in/downloadmedia/siteContent/202110181500413199land%20Ganga.pdf,government_official,1,pdf,UPEIDA,,,,,,,,project_and_district,2021-10-18,18-10-2021,official_index_upload_date,,,2026-09-05T10:25:58+00:00,project_research/REAL_002/02_state_district_land_acquisition/REAL_002_UPEIDA_ganga_land_status_2021-10-18_8bfe6c32de22.pdf,8bfe6c32de22cb17fb0e3ae48165f8c3904e15cf728c8d93b293929603942cfa,True,73156,200,application/octet-stream,,,downloaded,"[""acquisition_progress_pct"", ""affected_villages_count"", ""farmers_count"", ""land_acquired_ha"", ""land_purchase_remaining_ha"", ""land_purchased_ha"", ""land_required_ha"", ""land_resumed_exchanged_ha"", ""land_to_be_purchased_ha"", ""land_to_be_resumed_ha"", ""purchase_progress_pct"", ""sale_deeds_count""]","[""PDF page 1; detected table 1; row 7; column 3; source printed column 3"", ""PDF page 1; detected table 1; row 7; column 4; source printed column 4"", ""PDF page 1; detected table 1; row 7; column 5; source printed column 5"", ""PDF page 1; detected table 1; row 7; column 8; source printed column 8"", ""PDF page 1; detected table 1; row 7; column 11; source printed column 11"", ""PDF page 1; detected table 1; row 7; column 12; source printed column 12"", ""PDF page 1; detected table 1; row 7; column 17; source printed column 17"", ""PDF page 1; detected table 1; row 7; column 18; source printed column 18"", ""PDF page 1; detected table 1; row 7; column 19; source printed column 19"", ""PDF page 1; detected table 1; row 7; column 20; source printed column 20"", ""PDF page 1; detected table 1; row 7; column 21; source printed column 21"", ""PDF page 1; detected table 1; row 7; column 22; source printed column 22"", ""PDF page 1; detected table 1; row 8; column 3; source printed column 3"", ""PDF page 1; detected table 1; row 8; column 4; source printed column 4"", ""PDF page 1; detected table 1; row 8; column 5; source printed column 5"", ""PDF page 1; detected table 1; row 8; column 8; source printed column 8"", ""PDF page 1; detected table 1; row 8; column 11; source printed column 11"", ""PDF page 1; detected table 1; row 8; column 12; source printed column 12"", ""PDF page 1; detected table 1; row 8; column 17; source printed column 17"", ""PDF page 1; detected table 1; row 8; column 18; source printed column 18"", ""PDF page 1; detected table 1; row 8; column 19; source printed column 19"", ""PDF page 1; detected table 1; row 8; column 20; source printed column 20"", ""PDF page 1; detected table 1; row 8; column 21; source printed column 21"", ""PDF page 1; detected table 1; row 8; column 22; source printed column 22"", ""PDF page 1; detected table 1; row 9; column 3; source printed column 3"", ""PDF page 1; detected table 1; row 9; column 4; source printed column 4"", ""PDF page 1; detected table 1; row 9; column 5; source printed column 5"", ""PDF page 1; detected table 1; row 9; column 8; source printed column 8"", ""PDF page 1; detected table 1; row 9; column 11; source printed column 11"", ""PDF page 1; detected table 1; row 9; column 12; source printed column 12"", ""PDF page 1; detected table 1; row 9; column 17; source printed column 17"", ""PDF page 1; detected table 1; row 9; column 18; source printed column 18"", ""PDF page 1; detected table 1; row 9; column 19; source printed column 19"", ""PDF page 1; detected table 1; row 9; column 20; source printed column 20"", ""PDF page 1; detected table 1; row 9; column 21; source printed column 21"", ""PDF page 1; detected table 1; row 9; column 22; source printed column 22"", ""PDF page 1; detected table 1; row 10; column 3; source printed column 3"", ""PDF page 1; detected table 1; row 10; column 4; source printed column 4"", ""PDF page 1; detected table 1; row 10; column 5; source printed column 5"", ""PDF page 1; detected table 1; row 10; column 8; source printed column 8"", ""PDF page 1; detected table 1; row 10; column 11; source printed column 11"", ""PDF page 1; detected table 1; row 10; column 12; source printed column 12"", ""PDF page 1; detected table 1; row 10; column 17; source printed column 17"", ""PDF page 1; detected table 1; row 10; column 18; source printed column 18"", ""PDF page 1; detected table 1; row 10; column 19; source printed column 19"", ""PDF page 1; detected table 1; row 10; column 20; source printed column 20"", ""PDF page 1; detected table 1; row 10; column 21; source printed column 21"", ""PDF page 1; detected table 1; row 10; column 22; source printed column 22"", ""PDF page 1; detected table 1; row 11; column 3; source printed column 3"", ""PDF page 1; detected table 1; row 11; column 4; source printed column 4"", ""PDF page 1; detected table 1; row 11; column 5; source printed column 5"", ""PDF page 1; detected table 1; row 11; column 8; source printed column 8"", ""PDF page 1; detected table 1; row 11; column 11; source printed column 11"", ""PDF page 1; detected table 1; row 11; column 12; source printed column 12"", ""PDF page 1; detected table 1; row 11; column 17; source printed column 17"", ""PDF page 1; detected table 1; row 11; column 18; source printed column 18"", ""PDF page 1; detected table 1; row 11; column 19; source printed column 19"", ""PDF page 1; detected table 1; row 11; column 20; source printed column 20"", ""PDF page 1; detected table 1; row 11; column 21; source printed column 21"", ""PDF page 1; detected table 1; row 11; column 22; source printed column 22"", ""PDF page 1; detected table 1; row 12; column 3; source printed column 3"", ""PDF page 1; detected table 1; row 12; column 4; source printed column 4"", ""PDF page 1; detected table 1; row 12; column 5; source printed column 5"", ""PDF page 1; detected table 1; row 12; column 8; source printed column 8"", ""PDF page 1; detected table 1; row 12; column 11; source printed column 11"", ""PDF page 1; detected table 1; row 12; column 12; source printed column 12"", ""PDF page 1; detected table 1; row 12; column 17; source printed column 17"", ""PDF page 1; detected table 1; row 12; column 18; source printed column 18"", ""PDF page 1; detected table 1; row 12; column 19; source printed column 19"", ""PDF page 1; detected table 1; row 12; column 20; source printed column 20"", ""PDF page 1; detected table 1; row 12; column 21; source printed column 21"", ""PDF page 1; detected table 1; row 12; column 22; source printed column 22"", ""PDF page 1; detected table 1; row 13; column 3; source printed column 3"", ""PDF page 1; detected table 1; row 13; column 4; source printed column 4"", ""PDF page 1; detected table 1; row 13; column 5; source printed column 5"", ""PDF page 1; detected table 1; row 13; column 8; source printed column 8"", ""PDF page 1; detected table 1; row 13; column 11; source printed column 11"", ""PDF page 1; detected table 1; row 13; column 12; source printed column 12"", ""PDF page 1; detected table 1; row 13; column 17; source printed column 17"", ""PDF page 1; detected table 1; row 13; column 18; source printed column 18"", ""PDF page 1; detected table 1; row 13; column 19; source printed column 19"", ""PDF page 1; detected table 1; row 13; column 20; source printed column 20"", ""PDF page 1; detected table 1; row 13; column 21; source printed column 21"", ""PDF page 1; detected table 1; row 13; column 22; source printed column 22"", ""PDF page 1; detected table 1; row 14; column 3; source printed column 3"", ""PDF page 1; detected table 1; row 14; column 4; source printed column 4"", ""PDF page 1; detected table 1; row 14; column 5; source printed column 5"", ""PDF page 1; detected table 1; row 14; column 8; source printed column 8"", ""PDF page 1; detected table 1; row 14; column 11; source printed column 11"", ""PDF page 1; detected table 1; row 14; column 12; source printed column 12"", ""PDF page 1; detected table 1; row 14; column 17; source printed column 17"", ""PDF page 1; detected table 1; row 14; column 18; source printed column 18"", ""PDF page 1; detected table 1; row 14; column 19; source printed column 19"", ""PDF page 1; detected table 1; row 14; column 20; source printed column 20"", ""PDF page 1; detected table 1; row 14; column 21; source printed column 21"", ""PDF page 1; detected table 1; row 14; column 22; source printed column 22"", ""PDF page 1; detected table 1; row 16; column 3; source printed column 3"", ""PDF page 1; detected table 1; row 16; column 4; source printed column 4"", ""PDF page 1; detected table 1; row 16; column 5; source printed column 5"", ""PDF page 1; detected table 1; row 16; column 8; source printed column 8"", ""PDF page 1; detected table 1; row 16; column 11; source printed column 11"", ""PDF page 1; detected table 1; row 16; column 12; source printed column 12"", ""PDF page 1; detected table 1; row 16; column 17; source printed column 17"", ""PDF page 1; detected table 1; row 16; column 18; source printed column 18"", ""PDF page 1; detected table 1; row 16; column 19; source printed column 19"", ""PDF page 1; detected table 1; row 16; column 20; source printed column 20"", ""PDF page 1; detected table 1; row 16; column 21; source printed column 21"", ""PDF page 1; detected table 1; row 16; column 22; source printed column 22"", ""PDF page 1; detected table 1; row 17; column 3; source printed column 3"", ""PDF page 1; detected table 1; row 17; column 4; source printed column 4"", ""PDF page 1; detected table 1; row 17; column 5; source printed column 5"", ""PDF page 1; detected table 1; row 17; column 8; source printed column 8"", ""PDF page 1; detected table 1; row 17; column 11; source printed column 11"", ""PDF page 1; detected table 1; row 17; column 12; source printed column 12"", ""PDF page 1; detected table 1; row 17; column 17; source printed column 17"", ""PDF page 1; detected table 1; row 17; column 18; source printed column 18"", ""PDF page 1; detected table 1; row 17; column 19; source printed column 19"", ""PDF page 1; detected table 1; row 17; column 20; source printed column 20"", ""PDF page 1; detected table 1; row 17; column 21; source printed column 21"", ""PDF page 1; detected table 1; row 17; column 22; source printed column 22"", ""PDF page 1; detected table 1; row 18; column 3; source printed column 3"", ""PDF page 1; detected table 1; row 18; column 4; source printed column 4"", ""PDF page 1; detected table 1; row 18; column 5; source printed column 5"", ""PDF page 1; detected table 1; row 18; column 8; source printed column 8"", ""PDF page 1; detected table 1; row 18; column 11; source printed column 11"", ""PDF page 1; detected table 1; row 18; column 12; source printed column 12"", ""PDF page 1; detected table 1; row 18; column 17; source printed column 17"", ""PDF page 1; detected table 1; row 18; column 18; source printed column 18"", ""PDF page 1; detected table 1; row 18; column 19; source printed column 19"", ""PDF page 1; detected table 1; row 18; column 20; source printed column 20"", ""PDF page 1; detected table 1; row 18; column 21; source printed column 21"", ""PDF page 1; detected table 1; row 18; column 22; source printed column 22""]",,,official,matched_source_context,0.9,Land Acquisition Details of Ganga Expressway File Size: 71.44 KB | Language: Hindi 18-10-2021 Click here to View/Download ,1,386,normalized_observations_available,
G022,G022,REAL_002,,REAL_002,matched_source_context,ganga_land_status,https://upeida.up.gov.in/en/article/ganga-expressway?brd=2,https://upeida.up.gov.in/downloadmedia/siteContent/202110111212236140Ganga Exp Land.pdf,https://upeida.up.gov.in/downloadmedia/siteContent/202110111212236140Ganga%20Exp%20Land.pdf,government_official,1,pdf,UPEIDA,,,,,,,,project_and_district,2021-10-11,11-10-2021,official_index_upload_date,,,2026-09-05T10:25:59+00:00,project_research/REAL_002/02_state_district_land_acquisition/REAL_002_UPEIDA_ganga_land_status_2021-10-11_3f6070e93276.pdf,3f6070e93276f951461b9091ef9e41f6b6ab783c6eba1049d8c7a81be99a8be8,True,72629,200,application/octet-stream,,,downloaded,"[""acquisition_progress_pct"", ""affected_villages_count"", ""farmers_count"", ""land_acquired_ha"", ""land_purchase_remaining_ha"", ""land_purchased_ha"", ""land_required_ha"", ""land_resumed_exchanged_ha"", ""land_to_be_purchased_ha"", ""land_to_be_resumed_ha"", ""purchase_progress_pct"", ""sale_deeds_count""]","[""PDF page 1; detected table 1; row 7; column 3; source printed column 3"", ""PDF page 1; detected table 1; row 7; column 4; source printed column 4"", ""PDF page 1; detected table 1; row 7; column 5; source printed column 5"", ""PDF page 1; detected table 1; row 7; column 8; source printed column 8"", ""PDF page 1; detected table 1; row 7; column 11; source printed column 11"", ""PDF page 1; detected table 1; row 7; column 12; source printed column 12"", ""PDF page 1; detected table 1; row 7; column 17; source printed column 17"", ""PDF page 1; detected table 1; row 7; column 18; source printed column 18"", ""PDF page 1; detected table 1; row 7; column 19; source printed column 19"", ""PDF page 1; detected table 1; row 7; column 20; source printed column 20"", ""PDF page 1; detected table 1; row 7; column 21; source printed column 21"", ""PDF page 1; detected table 1; row 7; column 22; source printed column 22"", ""PDF page 1; detected table 1; row 8; column 3; source printed column 3"", ""PDF page 1; detected table 1; row 8; column 4; source printed column 4"", ""PDF page 1; detected table 1; row 8; column 5; source printed column 5"", ""PDF page 1; detected table 1; row 8; column 8; source printed column 8"", ""PDF page 1; detected table 1; row 8; column 11; source printed column 11"", ""PDF page 1; detected table 1; row 8; column 12; source printed column 12"", ""PDF page 1; detected table 1; row 8; column 17; source printed column 17"", ""PDF page 1; detected table 1; row 8; column 18; source printed column 18"", ""PDF page 1; detected table 1; row 8; column 19; source printed column 19"", ""PDF page 1; detected table 1; row 8; column 20; source printed column 20"", ""PDF page 1; detected table 1; row 8; column 21; source printed column 21"", ""PDF page 1; detected table 1; row 8; column 22; source printed column 22"", ""PDF page 1; detected table 1; row 9; column 3; source printed column 3"", ""PDF page 1; detected table 1; row 9; column 4; source printed column 4"", ""PDF page 1; detected table 1; row 9; column 5; source printed column 5"", ""PDF page 1; detected table 1; row 9; column 8; source printed column 8"", ""PDF page 1; detected table 1; row 9; column 11; source printed column 11"", ""PDF page 1; detected table 1; row 9; column 12; source printed column 12"", ""PDF page 1; detected table 1; row 9; column 17; source printed column 17"", ""PDF page 1; detected table 1; row 9; column 18; source printed column 18"", ""PDF page 1; detected table 1; row 9; column 19; source printed column 19"", ""PDF page 1; detected table 1; row 9; column 20; source printed column 20"", ""PDF page 1; detected table 1; row 9; column 21; source printed column 21"", ""PDF page 1; detected table 1; row 9; column 22; source printed column 22"", ""PDF page 1; detected table 1; row 10; column 3; source printed column 3"", ""PDF page 1; detected table 1; row 10; column 4; source printed column 4"", ""PDF page 1; detected table 1; row 10; column 5; source printed column 5"", ""PDF page 1; detected table 1; row 10; column 8; source printed column 8"", ""PDF page 1; detected table 1; row 10; column 11; source printed column 11"", ""PDF page 1; detected table 1; row 10; column 12; source printed column 12"", ""PDF page 1; detected table 1; row 10; column 17; source printed column 17"", ""PDF page 1; detected table 1; row 10; column 18; source printed column 18"", ""PDF page 1; detected table 1; row 10; column 19; source printed column 19"", ""PDF page 1; detected table 1; row 10; column 20; source printed column 20"", ""PDF page 1; detected table 1; row 10; column 21; source printed column 21"", ""PDF page 1; detected table 1; row 10; column 22; source printed column 22"", ""PDF page 1; detected table 1; row 11; column 3; source printed column 3"", ""PDF page 1; detected table 1; row 11; column 4; source printed column 4"", ""PDF page 1; detected table 1; row 11; column 5; source printed column 5"", ""PDF page 1; detected table 1; row 11; column 8; source printed column 8"", ""PDF page 1; detected table 1; row 11; column 11; source printed column 11"", ""PDF page 1; detected table 1; row 11; column 12; source printed column 12"", ""PDF page 1; detected table 1; row 11; column 17; source printed column 17"", ""PDF page 1; detected table 1; row 11; column 18; source printed column 18"", ""PDF page 1; detected table 1; row 11; column 19; source printed column 19"", ""PDF page 1; detected table 1; row 11; column 20; source printed column 20"", ""PDF page 1; detected table 1; row 11; column 21; source printed column 21"", ""PDF page 1; detected table 1; row 11; column 22; source printed column 22"", ""PDF page 1; detected table 1; row 12; column 3; source printed column 3"", ""PDF page 1; detected table 1; row 12; column 4; source printed column 4"", ""PDF page 1; detected table 1; row 12; column 5; source printed column 5"", ""PDF page 1; detected table 1; row 12; column 8; source printed column 8"", ""PDF page 1; detected table 1; row 12; column 11; source printed column 11"", ""PDF page 1; detected table 1; row 12; column 12; source printed column 12"", ""PDF page 1; detected table 1; row 12; column 17; source printed column 17"", ""PDF page 1; detected table 1; row 12; column 18; source printed column 18"", ""PDF page 1; detected table 1; row 12; column 19; source printed column 19"", ""PDF page 1; detected table 1; row 12; column 20; source printed column 20"", ""PDF page 1; detected table 1; row 12; column 21; source printed column 21"", ""PDF page 1; detected table 1; row 12; column 22; source printed column 22"", ""PDF page 1; detected table 1; row 13; column 3; source printed column 3"", ""PDF page 1; detected table 1; row 13; column 4; source printed column 4"", ""PDF page 1; detected table 1; row 13; column 5; source printed column 5"", ""PDF page 1; detected table 1; row 13; column 8; source printed column 8"", ""PDF page 1; detected table 1; row 13; column 11; source printed column 11"", ""PDF page 1; detected table 1; row 13; column 12; source printed column 12"", ""PDF page 1; detected table 1; row 13; column 17; source printed column 17"", ""PDF page 1; detected table 1; row 13; column 18; source printed column 18"", ""PDF page 1; detected table 1; row 13; column 19; source printed column 19"", ""PDF page 1; detected table 1; row 13; column 20; source printed column 20"", ""PDF page 1; detected table 1; row 13; column 21; source printed column 21"", ""PDF page 1; detected table 1; row 13; column 22; source printed column 22"", ""PDF page 1; detected table 1; row 14; column 3; source printed column 3"", ""PDF page 1; detected table 1; row 14; column 4; source printed column 4"", ""PDF page 1; detected table 1; row 14; column 5; source printed column 5"", ""PDF page 1; detected table 1; row 14; column 8; source printed column 8"", ""PDF page 1; detected table 1; row 14; column 11; source printed column 11"", ""PDF page 1; detected table 1; row 14; column 12; source printed column 12"", ""PDF page 1; detected table 1; row 14; column 17; source printed column 17"", ""PDF page 1; detected table 1; row 14; column 18; source printed column 18"", ""PDF page 1; detected table 1; row 14; column 19; source printed column 19"", ""PDF page 1; detected table 1; row 14; column 20; source printed column 20"", ""PDF page 1; detected table 1; row 14; column 21; source printed column 21"", ""PDF page 1; detected table 1; row 14; column 22; source printed column 22"", ""PDF page 1; detected table 1; row 16; column 3; source printed column 3"", ""PDF page 1; detected table 1; row 16; column 4; source printed column 4"", ""PDF page 1; detected table 1; row 16; column 5; source printed column 5"", ""PDF page 1; detected table 1; row 16; column 8; source printed column 8"", ""PDF page 1; detected table 1; row 16; column 11; source printed column 11"", ""PDF page 1; detected table 1; row 16; column 12; source printed column 12"", ""PDF page 1; detected table 1; row 16; column 17; source printed column 17"", ""PDF page 1; detected table 1; row 16; column 18; source printed column 18"", ""PDF page 1; detected table 1; row 16; column 19; source printed column 19"", ""PDF page 1; detected table 1; row 16; column 20; source printed column 20"", ""PDF page 1; detected table 1; row 16; column 21; source printed column 21"", ""PDF page 1; detected table 1; row 16; column 22; source printed column 22"", ""PDF page 1; detected table 1; row 17; column 3; source printed column 3"", ""PDF page 1; detected table 1; row 17; column 4; source printed column 4"", ""PDF page 1; detected table 1; row 17; column 5; source printed column 5"", ""PDF page 1; detected table 1; row 17; column 8; source printed column 8"", ""PDF page 1; detected table 1; row 17; column 11; source printed column 11"", ""PDF page 1; detected table 1; row 17; column 12; source printed column 12"", ""PDF page 1; detected table 1; row 17; column 17; source printed column 17"", ""PDF page 1; detected table 1; row 17; column 18; source printed column 18"", ""PDF page 1; detected table 1; row 17; column 19; source printed column 19"", ""PDF page 1; detected table 1; row 17; column 20; source printed column 20"", ""PDF page 1; detected table 1; row 17; column 21; source printed column 21"", ""PDF page 1; detected table 1; row 17; column 22; source printed column 22"", ""PDF page 1; detected table 1; row 18; column 3; source printed column 3"", ""PDF page 1; detected table 1; row 18; column 4; source printed column 4"", ""PDF page 1; detected table 1; row 18; column 5; source printed column 5"", ""PDF page 1; detected table 1; row 18; column 8; source printed column 8"", ""PDF page 1; detected table 1; row 18; column 11; source printed column 11"", ""PDF page 1; detected table 1; row 18; column 12; source printed column 12"", ""PDF page 1; detected table 1; row 18; column 17; source printed column 17"", ""PDF page 1; detected table 1; row 18; column 18; source printed column 18"", ""PDF page 1; detected table 1; row 18; column 19; source printed column 19"", ""PDF page 1; detected table 1; row 18; column 20; source printed column 20"", ""PDF page 1; detected table 1; row 18; column 21; source printed column 21"", ""PDF page 1; detected table 1; row 18; column 22; source printed column 22""]",,,official,matched_source_context,0.9,Land Acquisition Details of Ganga Expressway File Size: 70.93 KB | Language: Hindi 11-10-2021 Click here to View/Download ,1,386,normalized_observations_available,
G023,G023,REAL_002,,REAL_002,matched_source_context,ganga_land_status,https://upeida.up.gov.in/en/article/ganga-expressway?brd=2,https://upeida.up.gov.in/downloadmedia/siteContent/202110041233151932Ganga Express LAND Status.pdf,https://upeida.up.gov.in/downloadmedia/siteContent/202110041233151932Ganga%20Express%20LAND%20Status.pdf,government_official,1,pdf,UPEIDA,,,,,,,,project_and_district,2021-10-04,04-10-2021,official_index_upload_date,,,2026-09-05T10:26:00+00:00,project_research/REAL_002/02_state_district_land_acquisition/REAL_002_UPEIDA_ganga_land_status_2021-10-04_2c3feccb54f5.pdf,2c3feccb54f5057e08c87ed1d25e13497b24a64ca442ee3ef7ddfd97e8adeda3,True,72679,200,application/octet-stream,,,downloaded,"[""acquisition_progress_pct"", ""affected_villages_count"", ""farmers_count"", ""land_acquired_ha"", ""land_purchase_remaining_ha"", ""land_purchased_ha"", ""land_required_ha"", ""land_resumed_exchanged_ha"", ""land_to_be_purchased_ha"", ""land_to_be_resumed_ha"", ""purchase_progress_pct"", ""sale_deeds_count""]","[""PDF page 1; detected table 1; row 7; column 3; source printed column 3"", ""PDF page 1; detected table 1; row 7; column 4; source printed column 4"", ""PDF page 1; detected table 1; row 7; column 5; source printed column 5"", ""PDF page 1; detected table 1; row 7; column 8; source printed column 8"", ""PDF page 1; detected table 1; row 7; column 11; source printed column 11"", ""PDF page 1; detected table 1; row 7; column 12; source printed column 12"", ""PDF page 1; detected table 1; row 7; column 17; source printed column 17"", ""PDF page 1; detected table 1; row 7; column 18; source printed column 18"", ""PDF page 1; detected table 1; row 7; column 19; source printed column 19"", ""PDF page 1; detected table 1; row 7; column 20; source printed column 20"", ""PDF page 1; detected table 1; row 7; column 21; source printed column 21"", ""PDF page 1; detected table 1; row 7; column 22; source printed column 22"", ""PDF page 1; detected table 1; row 8; column 3; source printed column 3"", ""PDF page 1; detected table 1; row 8; column 4; source printed column 4"", ""PDF page 1; detected table 1; row 8; column 5; source printed column 5"", ""PDF page 1; detected table 1; row 8; column 8; source printed column 8"", ""PDF page 1; detected table 1; row 8; column 11; source printed column 11"", ""PDF page 1; detected table 1; row 8; column 12; source printed column 12"", ""PDF page 1; detected table 1; row 8; column 17; source printed column 17"", ""PDF page 1; detected table 1; row 8; column 18; source printed column 18"", ""PDF page 1; detected table 1; row 8; column 19; source printed column 19"", ""PDF page 1; detected table 1; row 8; column 20; source printed column 20"", ""PDF page 1; detected table 1; row 8; column 21; source printed column 21"", ""PDF page 1; detected table 1; row 8; column 22; source printed column 22"", ""PDF page 1; detected table 1; row 9; column 3; source printed column 3"", ""PDF page 1; detected table 1; row 9; column 4; source printed column 4"", ""PDF page 1; detected table 1; row 9; column 5; source printed column 5"", ""PDF page 1; detected table 1; row 9; column 8; source printed column 8"", ""PDF page 1; detected table 1; row 9; column 11; source printed column 11"", ""PDF page 1; detected table 1; row 9; column 12; source printed column 12"", ""PDF page 1; detected table 1; row 9; column 17; source printed column 17"", ""PDF page 1; detected table 1; row 9; column 18; source printed column 18"", ""PDF page 1; detected table 1; row 9; column 19; source printed column 19"", ""PDF page 1; detected table 1; row 9; column 20; source printed column 20"", ""PDF page 1; detected table 1; row 9; column 21; source printed column 21"", ""PDF page 1; detected table 1; row 9; column 22; source printed column 22"", ""PDF page 1; detected table 1; row 10; column 3; source printed column 3"", ""PDF page 1; detected table 1; row 10; column 4; source printed column 4"", ""PDF page 1; detected table 1; row 10; column 5; source printed column 5"", ""PDF page 1; detected table 1; row 10; column 8; source printed column 8"", ""PDF page 1; detected table 1; row 10; column 11; source printed column 11"", ""PDF page 1; detected table 1; row 10; column 12; source printed column 12"", ""PDF page 1; detected table 1; row 10; column 17; source printed column 17"", ""PDF page 1; detected table 1; row 10; column 18; source printed column 18"", ""PDF page 1; detected table 1; row 10; column 19; source printed column 19"", ""PDF page 1; detected table 1; row 10; column 20; source printed column 20"", ""PDF page 1; detected table 1; row 10; column 21; source printed column 21"", ""PDF page 1; detected table 1; row 10; column 22; source printed column 22"", ""PDF page 1; detected table 1; row 11; column 3; source printed column 3"", ""PDF page 1; detected table 1; row 11; column 4; source printed column 4"", ""PDF page 1; detected table 1; row 11; column 5; source printed column 5"", ""PDF page 1; detected table 1; row 11; column 8; source printed column 8"", ""PDF page 1; detected table 1; row 11; column 11; source printed column 11"", ""PDF page 1; detected table 1; row 11; column 12; source printed column 12"", ""PDF page 1; detected table 1; row 11; column 17; source printed column 17"", ""PDF page 1; detected table 1; row 11; column 18; source printed column 18"", ""PDF page 1; detected table 1; row 11; column 19; source printed column 19"", ""PDF page 1; detected table 1; row 11; column 20; source printed column 20"", ""PDF page 1; detected table 1; row 11; column 21; source printed column 21"", ""PDF page 1; detected table 1; row 11; column 22; source printed column 22"", ""PDF page 1; detected table 1; row 12; column 3; source printed column 3"", ""PDF page 1; detected table 1; row 12; column 4; source printed column 4"", ""PDF page 1; detected table 1; row 12; column 5; source printed column 5"", ""PDF page 1; detected table 1; row 12; column 8; source printed column 8"", ""PDF page 1; detected table 1; row 12; column 11; source printed column 11"", ""PDF page 1; detected table 1; row 12; column 12; source printed column 12"", ""PDF page 1; detected table 1; row 12; column 17; source printed column 17"", ""PDF page 1; detected table 1; row 12; column 18; source printed column 18"", ""PDF page 1; detected table 1; row 12; column 19; source printed column 19"", ""PDF page 1; detected table 1; row 12; column 20; source printed column 20"", ""PDF page 1; detected table 1; row 12; column 21; source printed column 21"", ""PDF page 1; detected table 1; row 12; column 22; source printed column 22"", ""PDF page 1; detected table 1; row 13; column 3; source printed column 3"", ""PDF page 1; detected table 1; row 13; column 4; source printed column 4"", ""PDF page 1; detected table 1; row 13; column 5; source printed column 5"", ""PDF page 1; detected table 1; row 13; column 8; source printed column 8"", ""PDF page 1; detected table 1; row 13; column 11; source printed column 11"", ""PDF page 1; detected table 1; row 13; column 12; source printed column 12"", ""PDF page 1; detected table 1; row 13; column 17; source printed column 17"", ""PDF page 1; detected table 1; row 13; column 18; source printed column 18"", ""PDF page 1; detected table 1; row 13; column 19; source printed column 19"", ""PDF page 1; detected table 1; row 13; column 20; source printed column 20"", ""PDF page 1; detected table 1; row 13; column 21; source printed column 21"", ""PDF page 1; detected table 1; row 13; column 22; source printed column 22"", ""PDF page 1; detected table 1; row 14; column 3; source printed column 3"", ""PDF page 1; detected table 1; row 14; column 4; source printed column 4"", ""PDF page 1; detected table 1; row 14; column 5; source printed column 5"", ""PDF page 1; detected table 1; row 14; column 8; source printed column 8"", ""PDF page 1; detected table 1; row 14; column 11; source printed column 11"", ""PDF page 1; detected table 1; row 14; column 12; source printed column 12"", ""PDF page 1; detected table 1; row 14; column 17; source printed column 17"", ""PDF page 1; detected table 1; row 14; column 18; source printed column 18"", ""PDF page 1; detected table 1; row 14; column 19; source printed column 19"", ""PDF page 1; detected table 1; row 14; column 20; source printed column 20"", ""PDF page 1; detected table 1; row 14; column 21; source printed column 21"", ""PDF page 1; detected table 1; row 14; column 22; source printed column 22"", ""PDF page 1; detected table 1; row 16; column 3; source printed column 3"", ""PDF page 1; detected table 1; row 16; column 4; source printed column 4"", ""PDF page 1; detected table 1; row 16; column 5; source printed column 5"", ""PDF page 1; detected table 1; row 16; column 8; source printed column 8"", ""PDF page 1; detected table 1; row 16; column 11; source printed column 11"", ""PDF page 1; detected table 1; row 16; column 12; source printed column 12"", ""PDF page 1; detected table 1; row 16; column 17; source printed column 17"", ""PDF page 1; detected table 1; row 16; column 18; source printed column 18"", ""PDF page 1; detected table 1; row 16; column 19; source printed column 19"", ""PDF page 1; detected table 1; row 16; column 20; source printed column 20"", ""PDF page 1; detected table 1; row 16; column 21; source printed column 21"", ""PDF page 1; detected table 1; row 16; column 22; source printed column 22"", ""PDF page 1; detected table 1; row 17; column 3; source printed column 3"", ""PDF page 1; detected table 1; row 17; column 4; source printed column 4"", ""PDF page 1; detected table 1; row 17; column 5; source printed column 5"", ""PDF page 1; detected table 1; row 17; column 8; source printed column 8"", ""PDF page 1; detected table 1; row 17; column 11; source printed column 11"", ""PDF page 1; detected table 1; row 17; column 12; source printed column 12"", ""PDF page 1; detected table 1; row 17; column 17; source printed column 17"", ""PDF page 1; detected table 1; row 17; column 18; source printed column 18"", ""PDF page 1; detected table 1; row 17; column 19; source printed column 19"", ""PDF page 1; detected table 1; row 17; column 20; source printed column 20"", ""PDF page 1; detected table 1; row 17; column 21; source printed column 21"", ""PDF page 1; detected table 1; row 17; column 22; source printed column 22"", ""PDF page 1; detected table 1; row 18; column 3; source printed column 3"", ""PDF page 1; detected table 1; row 18; column 4; source printed column 4"", ""PDF page 1; detected table 1; row 18; column 5; source printed column 5"", ""PDF page 1; detected table 1; row 18; column 8; source printed column 8"", ""PDF page 1; detected table 1; row 18; column 11; source printed column 11"", ""PDF page 1; detected table 1; row 18; column 12; source printed column 12"", ""PDF page 1; detected table 1; row 18; column 17; source printed column 17"", ""PDF page 1; detected table 1; row 18; column 18; source printed column 18"", ""PDF page 1; detected table 1; row 18; column 19; source printed column 19"", ""PDF page 1; detected table 1; row 18; column 20; source printed column 20"", ""PDF page 1; detected table 1; row 18; column 21; source printed column 21"", ""PDF page 1; detected table 1; row 18; column 22; source printed column 22""]",,,official,matched_source_context,0.9,Land Acquisition Details of Ganga Expressway File Size: 70.983KB | Language: Hindi 04-10-2021 Click here to View/Download ,1,364,normalized_observations_available,
G024,G024,REAL_002,,REAL_002,matched_source_context,ganga_land_status,https://upeida.up.gov.in/en/article/ganga-expressway?brd=2,https://upeida.up.gov.in/downloadmedia/siteContent/202109271438122041ganga land.pdf,https://upeida.up.gov.in/downloadmedia/siteContent/202109271438122041ganga%20land.pdf,government_official,1,pdf,UPEIDA,,,,,,,,project_and_district,2021-09-27,27-09-2021,official_index_upload_date,,,2026-09-05T10:26:01+00:00,project_research/REAL_002/02_state_district_land_acquisition/REAL_002_UPEIDA_ganga_land_status_2021-09-27_f21e13da7b48.pdf,f21e13da7b487ba406e50df167275d5bdc4f06eab1ffccc5908c89493a9f50f7,True,76321,200,application/octet-stream,,,downloaded,"[""acquisition_progress_pct"", ""affected_villages_count"", ""farmers_count"", ""land_acquired_ha"", ""land_purchase_remaining_ha"", ""land_purchased_ha"", ""land_required_ha"", ""land_resumed_exchanged_ha"", ""land_to_be_purchased_ha"", ""land_to_be_resumed_ha"", ""purchase_progress_pct"", ""sale_deeds_count""]","[""PDF page 1; detected table 1; row 7; column 3; source printed column 3"", ""PDF page 1; detected table 1; row 7; column 4; source printed column 4"", ""PDF page 1; detected table 1; row 7; column 5; source printed column 5"", ""PDF page 1; detected table 1; row 7; column 8; source printed column 8"", ""PDF page 1; detected table 1; row 7; column 11; source printed column 11"", ""PDF page 1; detected table 1; row 7; column 12; source printed column 12"", ""PDF page 1; detected table 1; row 7; column 17; source printed column 17"", ""PDF page 1; detected table 1; row 7; column 18; source printed column 18"", ""PDF page 1; detected table 1; row 7; column 19; source printed column 19"", ""PDF page 1; detected table 1; row 7; column 20; source printed column 20"", ""PDF page 1; detected table 1; row 7; column 21; source printed column 21"", ""PDF page 1; detected table 1; row 7; column 22; source printed column 22"", ""PDF page 1; detected table 1; row 8; column 3; source printed column 3"", ""PDF page 1; detected table 1; row 8; column 4; source printed column 4"", ""PDF page 1; detected table 1; row 8; column 5; source printed column 5"", ""PDF page 1; detected table 1; row 8; column 8; source printed column 8"", ""PDF page 1; detected table 1; row 8; column 11; source printed column 11"", ""PDF page 1; detected table 1; row 8; column 12; source printed column 12"", ""PDF page 1; detected table 1; row 8; column 17; source printed column 17"", ""PDF page 1; detected table 1; row 8; column 18; source printed column 18"", ""PDF page 1; detected table 1; row 8; column 19; source printed column 19"", ""PDF page 1; detected table 1; row 8; column 20; source printed column 20"", ""PDF page 1; detected table 1; row 8; column 21; source printed column 21"", ""PDF page 1; detected table 1; row 8; column 22; source printed column 22"", ""PDF page 1; detected table 1; row 9; column 3; source printed column 3"", ""PDF page 1; detected table 1; row 9; column 4; source printed column 4"", ""PDF page 1; detected table 1; row 9; column 5; source printed column 5"", ""PDF page 1; detected table 1; row 9; column 8; source printed column 8"", ""PDF page 1; detected table 1; row 9; column 11; source printed column 11"", ""PDF page 1; detected table 1; row 9; column 12; source printed column 12"", ""PDF page 1; detected table 1; row 9; column 17; source printed column 17"", ""PDF page 1; detected table 1; row 9; column 18; source printed column 18"", ""PDF page 1; detected table 1; row 9; column 19; source printed column 19"", ""PDF page 1; detected table 1; row 9; column 20; source printed column 20"", ""PDF page 1; detected table 1; row 9; column 21; source printed column 21"", ""PDF page 1; detected table 1; row 9; column 22; source printed column 22"", ""PDF page 1; detected table 1; row 10; column 3; source printed column 3"", ""PDF page 1; detected table 1; row 10; column 4; source printed column 4"", ""PDF page 1; detected table 1; row 10; column 5; source printed column 5"", ""PDF page 1; detected table 1; row 10; column 8; source printed column 8"", ""PDF page 1; detected table 1; row 10; column 11; source printed column 11"", ""PDF page 1; detected table 1; row 10; column 12; source printed column 12"", ""PDF page 1; detected table 1; row 10; column 17; source printed column 17"", ""PDF page 1; detected table 1; row 10; column 18; source printed column 18"", ""PDF page 1; detected table 1; row 10; column 19; source printed column 19"", ""PDF page 1; detected table 1; row 10; column 20; source printed column 20"", ""PDF page 1; detected table 1; row 10; column 21; source printed column 21"", ""PDF page 1; detected table 1; row 10; column 22; source printed column 22"", ""PDF page 1; detected table 1; row 11; column 3; source printed column 3"", ""PDF page 1; detected table 1; row 11; column 4; source printed column 4"", ""PDF page 1; detected table 1; row 11; column 5; source printed column 5"", ""PDF page 1; detected table 1; row 11; column 8; source printed column 8"", ""PDF page 1; detected table 1; row 11; column 11; source printed column 11"", ""PDF page 1; detected table 1; row 11; column 12; source printed column 12"", ""PDF page 1; detected table 1; row 11; column 17; source printed column 17"", ""PDF page 1; detected table 1; row 11; column 18; source printed column 18"", ""PDF page 1; detected table 1; row 11; column 19; source printed column 19"", ""PDF page 1; detected table 1; row 11; column 20; source printed column 20"", ""PDF page 1; detected table 1; row 11; column 21; source printed column 21"", ""PDF page 1; detected table 1; row 11; column 22; source printed column 22"", ""PDF page 1; detected table 1; row 12; column 3; source printed column 3"", ""PDF page 1; detected table 1; row 12; column 4; source printed column 4"", ""PDF page 1; detected table 1; row 12; column 5; source printed column 5"", ""PDF page 1; detected table 1; row 12; column 8; source printed column 8"", ""PDF page 1; detected table 1; row 12; column 11; source printed column 11"", ""PDF page 1; detected table 1; row 12; column 12; source printed column 12"", ""PDF page 1; detected table 1; row 12; column 17; source printed column 17"", ""PDF page 1; detected table 1; row 12; column 18; source printed column 18"", ""PDF page 1; detected table 1; row 12; column 19; source printed column 19"", ""PDF page 1; detected table 1; row 12; column 20; source printed column 20"", ""PDF page 1; detected table 1; row 12; column 21; source printed column 21"", ""PDF page 1; detected table 1; row 12; column 22; source printed column 22"", ""PDF page 1; detected table 1; row 13; column 3; source printed column 3"", ""PDF page 1; detected table 1; row 13; column 4; source printed column 4"", ""PDF page 1; detected table 1; row 13; column 5; source printed column 5"", ""PDF page 1; detected table 1; row 13; column 8; source printed column 8"", ""PDF page 1; detected table 1; row 13; column 11; source printed column 11"", ""PDF page 1; detected table 1; row 13; column 12; source printed column 12"", ""PDF page 1; detected table 1; row 13; column 17; source printed column 17"", ""PDF page 1; detected table 1; row 13; column 18; source printed column 18"", ""PDF page 1; detected table 1; row 13; column 19; source printed column 19"", ""PDF page 1; detected table 1; row 13; column 20; source printed column 20"", ""PDF page 1; detected table 1; row 13; column 21; source printed column 21"", ""PDF page 1; detected table 1; row 13; column 22; source printed column 22"", ""PDF page 1; detected table 1; row 14; column 3; source printed column 3"", ""PDF page 1; detected table 1; row 14; column 4; source printed column 4"", ""PDF page 1; detected table 1; row 14; column 5; source printed column 5"", ""PDF page 1; detected table 1; row 14; column 8; source printed column 8"", ""PDF page 1; detected table 1; row 14; column 11; source printed column 11"", ""PDF page 1; detected table 1; row 14; column 12; source printed column 12"", ""PDF page 1; detected table 1; row 14; column 17; source printed column 17"", ""PDF page 1; detected table 1; row 14; column 18; source printed column 18"", ""PDF page 1; detected table 1; row 14; column 19; source printed column 19"", ""PDF page 1; detected table 1; row 14; column 20; source printed column 20"", ""PDF page 1; detected table 1; row 14; column 21; source printed column 21"", ""PDF page 1; detected table 1; row 14; column 22; source printed column 22"", ""PDF page 1; detected table 1; row 16; column 3; source printed column 3"", ""PDF page 1; detected table 1; row 16; column 4; source printed column 4"", ""PDF page 1; detected table 1; row 16; column 5; source printed column 5"", ""PDF page 1; detected table 1; row 16; column 8; source printed column 8"", ""PDF page 1; detected table 1; row 16; column 11; source printed column 11"", ""PDF page 1; detected table 1; row 16; column 12; source printed column 12"", ""PDF page 1; detected table 1; row 16; column 17; source printed column 17"", ""PDF page 1; detected table 1; row 16; column 18; source printed column 18"", ""PDF page 1; detected table 1; row 16; column 19; source printed column 19"", ""PDF page 1; detected table 1; row 16; column 20; source printed column 20"", ""PDF page 1; detected table 1; row 16; column 21; source printed column 21"", ""PDF page 1; detected table 1; row 16; column 22; source printed column 22"", ""PDF page 1; detected table 1; row 17; column 3; source printed column 3"", ""PDF page 1; detected table 1; row 17; column 4; source printed column 4"", ""PDF page 1; detected table 1; row 17; column 5; source printed column 5"", ""PDF page 1; detected table 1; row 17; column 8; source printed column 8"", ""PDF page 1; detected table 1; row 17; column 11; source printed column 11"", ""PDF page 1; detected table 1; row 17; column 12; source printed column 12"", ""PDF page 1; detected table 1; row 17; column 17; source printed column 17"", ""PDF page 1; detected table 1; row 17; column 18; source printed column 18"", ""PDF page 1; detected table 1; row 17; column 19; source printed column 19"", ""PDF page 1; detected table 1; row 17; column 20; source printed column 20"", ""PDF page 1; detected table 1; row 17; column 21; source printed column 21"", ""PDF page 1; detected table 1; row 17; column 22; source printed column 22"", ""PDF page 1; detected table 1; row 18; column 3; source printed column 3"", ""PDF page 1; detected table 1; row 18; column 4; source printed column 4"", ""PDF page 1; detected table 1; row 18; column 5; source printed column 5"", ""PDF page 1; detected table 1; row 18; column 8; source printed column 8"", ""PDF page 1; detected table 1; row 18; column 11; source printed column 11"", ""PDF page 1; detected table 1; row 18; column 12; source printed column 12"", ""PDF page 1; detected table 1; row 18; column 17; source printed column 17"", ""PDF page 1; detected table 1; row 18; column 18; source printed column 18"", ""PDF page 1; detected table 1; row 18; column 19; source printed column 19"", ""PDF page 1; detected table 1; row 18; column 20; source printed column 20"", ""PDF page 1; detected table 1; row 18; column 21; source printed column 21"", ""PDF page 1; detected table 1; row 18; column 22; source printed column 22""]",,,official,matched_source_context,0.9,Land Acquisition Details of Ganga Expressway File Size: 74.53KB | Language: Hindi 27-09-2021 Click here to View/Download ,1,562,normalized_observations_available,
G025,G025,REAL_002,,REAL_002,matched_source_context,ganga_land_status,https://upeida.up.gov.in/en/article/ganga-expressway?brd=2,https://upeida.up.gov.in/downloadmedia/siteContent/202109201233023162Ganga ExpresswayLS.pdf,https://upeida.up.gov.in/downloadmedia/siteContent/202109201233023162Ganga%20ExpresswayLS.pdf,government_official,1,pdf,UPEIDA,,,,,,,,project_and_district,2021-09-20,20-09-2021,official_index_upload_date,,,2026-09-05T10:26:02+00:00,project_research/REAL_002/02_state_district_land_acquisition/REAL_002_UPEIDA_ganga_land_status_2021-09-20_a96f8a727be7.pdf,a96f8a727be785c21637d96aa917428d3c03d84e3f723d389d7de608c46fcbe1,True,75945,200,application/octet-stream,,,downloaded,"[""acquisition_progress_pct"", ""affected_villages_count"", ""farmers_count"", ""land_acquired_ha"", ""land_purchase_remaining_ha"", ""land_purchased_ha"", ""land_required_ha"", ""land_resumed_exchanged_ha"", ""land_to_be_purchased_ha"", ""land_to_be_resumed_ha"", ""purchase_progress_pct"", ""sale_deeds_count""]","[""PDF page 1; detected table 1; row 7; column 3; source printed column 3"", ""PDF page 1; detected table 1; row 7; column 4; source printed column 4"", ""PDF page 1; detected table 1; row 7; column 5; source printed column 5"", ""PDF page 1; detected table 1; row 7; column 8; source printed column 8"", ""PDF page 1; detected table 1; row 7; column 11; source printed column 11"", ""PDF page 1; detected table 1; row 7; column 12; source printed column 12"", ""PDF page 1; detected table 1; row 7; column 17; source printed column 17"", ""PDF page 1; detected table 1; row 7; column 18; source printed column 18"", ""PDF page 1; detected table 1; row 7; column 19; source printed column 19"", ""PDF page 1; detected table 1; row 7; column 20; source printed column 20"", ""PDF page 1; detected table 1; row 7; column 21; source printed column 21"", ""PDF page 1; detected table 1; row 7; column 22; source printed column 22"", ""PDF page 1; detected table 1; row 8; column 3; source printed column 3"", ""PDF page 1; detected table 1; row 8; column 4; source printed column 4"", ""PDF page 1; detected table 1; row 8; column 5; source printed column 5"", ""PDF page 1; detected table 1; row 8; column 8; source printed column 8"", ""PDF page 1; detected table 1; row 8; column 11; source printed column 11"", ""PDF page 1; detected table 1; row 8; column 12; source printed column 12"", ""PDF page 1; detected table 1; row 8; column 17; source printed column 17"", ""PDF page 1; detected table 1; row 8; column 18; source printed column 18"", ""PDF page 1; detected table 1; row 8; column 19; source printed column 19"", ""PDF page 1; detected table 1; row 8; column 20; source printed column 20"", ""PDF page 1; detected table 1; row 8; column 21; source printed column 21"", ""PDF page 1; detected table 1; row 8; column 22; source printed column 22"", ""PDF page 1; detected table 1; row 9; column 3; source printed column 3"", ""PDF page 1; detected table 1; row 9; column 4; source printed column 4"", ""PDF page 1; detected table 1; row 9; column 5; source printed column 5"", ""PDF page 1; detected table 1; row 9; column 8; source printed column 8"", ""PDF page 1; detected table 1; row 9; column 11; source printed column 11"", ""PDF page 1; detected table 1; row 9; column 12; source printed column 12"", ""PDF page 1; detected table 1; row 9; column 17; source printed column 17"", ""PDF page 1; detected table 1; row 9; column 18; source printed column 18"", ""PDF page 1; detected table 1; row 9; column 19; source printed column 19"", ""PDF page 1; detected table 1; row 9; column 20; source printed column 20"", ""PDF page 1; detected table 1; row 9; column 21; source printed column 21"", ""PDF page 1; detected table 1; row 9; column 22; source printed column 22"", ""PDF page 1; detected table 1; row 10; column 3; source printed column 3"", ""PDF page 1; detected table 1; row 10; column 4; source printed column 4"", ""PDF page 1; detected table 1; row 10; column 5; source printed column 5"", ""PDF page 1; detected table 1; row 10; column 8; source printed column 8"", ""PDF page 1; detected table 1; row 10; column 11; source printed column 11"", ""PDF page 1; detected table 1; row 10; column 12; source printed column 12"", ""PDF page 1; detected table 1; row 10; column 17; source printed column 17"", ""PDF page 1; detected table 1; row 10; column 18; source printed column 18"", ""PDF page 1; detected table 1; row 10; column 19; source printed column 19"", ""PDF page 1; detected table 1; row 10; column 20; source printed column 20"", ""PDF page 1; detected table 1; row 10; column 21; source printed column 21"", ""PDF page 1; detected table 1; row 10; column 22; source printed column 22"", ""PDF page 1; detected table 1; row 11; column 3; source printed column 3"", ""PDF page 1; detected table 1; row 11; column 4; source printed column 4"", ""PDF page 1; detected table 1; row 11; column 5; source printed column 5"", ""PDF page 1; detected table 1; row 11; column 8; source printed column 8"", ""PDF page 1; detected table 1; row 11; column 11; source printed column 11"", ""PDF page 1; detected table 1; row 11; column 12; source printed column 12"", ""PDF page 1; detected table 1; row 11; column 17; source printed column 17"", ""PDF page 1; detected table 1; row 11; column 18; source printed column 18"", ""PDF page 1; detected table 1; row 11; column 19; source printed column 19"", ""PDF page 1; detected table 1; row 11; column 20; source printed column 20"", ""PDF page 1; detected table 1; row 11; column 21; source printed column 21"", ""PDF page 1; detected table 1; row 11; column 22; source printed column 22"", ""PDF page 1; detected table 1; row 12; column 3; source printed column 3"", ""PDF page 1; detected table 1; row 12; column 4; source printed column 4"", ""PDF page 1; detected table 1; row 12; column 5; source printed column 5"", ""PDF page 1; detected table 1; row 12; column 8; source printed column 8"", ""PDF page 1; detected table 1; row 12; column 11; source printed column 11"", ""PDF page 1; detected table 1; row 12; column 12; source printed column 12"", ""PDF page 1; detected table 1; row 12; column 17; source printed column 17"", ""PDF page 1; detected table 1; row 12; column 18; source printed column 18"", ""PDF page 1; detected table 1; row 12; column 19; source printed column 19"", ""PDF page 1; detected table 1; row 12; column 20; source printed column 20"", ""PDF page 1; detected table 1; row 12; column 21; source printed column 21"", ""PDF page 1; detected table 1; row 12; column 22; source printed column 22"", ""PDF page 1; detected table 1; row 14; column 3; source printed column 3"", ""PDF page 1; detected table 1; row 14; column 4; source printed column 4"", ""PDF page 1; detected table 1; row 14; column 5; source printed column 5"", ""PDF page 1; detected table 1; row 14; column 8; source printed column 8"", ""PDF page 1; detected table 1; row 14; column 11; source printed column 11"", ""PDF page 1; detected table 1; row 14; column 12; source printed column 12"", ""PDF page 1; detected table 1; row 14; column 17; source printed column 17"", ""PDF page 1; detected table 1; row 14; column 18; source printed column 18"", ""PDF page 1; detected table 1; row 14; column 19; source printed column 19"", ""PDF page 1; detected table 1; row 14; column 20; source printed column 20"", ""PDF page 1; detected table 1; row 14; column 21; source printed column 21"", ""PDF page 1; detected table 1; row 14; column 22; source printed column 22"", ""PDF page 1; detected table 1; row 16; column 3; source printed column 3"", ""PDF page 1; detected table 1; row 16; column 4; source printed column 4"", ""PDF page 1; detected table 1; row 16; column 5; source printed column 5"", ""PDF page 1; detected table 1; row 16; column 8; source printed column 8"", ""PDF page 1; detected table 1; row 16; column 11; source printed column 11"", ""PDF page 1; detected table 1; row 16; column 12; source printed column 12"", ""PDF page 1; detected table 1; row 16; column 17; source printed column 17"", ""PDF page 1; detected table 1; row 16; column 18; source printed column 18"", ""PDF page 1; detected table 1; row 16; column 19; source printed column 19"", ""PDF page 1; detected table 1; row 16; column 20; source printed column 20"", ""PDF page 1; detected table 1; row 16; column 21; source printed column 21"", ""PDF page 1; detected table 1; row 16; column 22; source printed column 22"", ""PDF page 1; detected table 1; row 17; column 3; source printed column 3"", ""PDF page 1; detected table 1; row 17; column 4; source printed column 4"", ""PDF page 1; detected table 1; row 17; column 5; source printed column 5"", ""PDF page 1; detected table 1; row 17; column 8; source printed column 8"", ""PDF page 1; detected table 1; row 17; column 11; source printed column 11"", ""PDF page 1; detected table 1; row 17; column 12; source printed column 12"", ""PDF page 1; detected table 1; row 17; column 17; source printed column 17"", ""PDF page 1; detected table 1; row 17; column 18; source printed column 18"", ""PDF page 1; detected table 1; row 17; column 19; source printed column 19"", ""PDF page 1; detected table 1; row 17; column 20; source printed column 20"", ""PDF page 1; detected table 1; row 17; column 21; source printed column 21"", ""PDF page 1; detected table 1; row 17; column 22; source printed column 22"", ""PDF page 1; detected table 1; row 18; column 3; source printed column 3"", ""PDF page 1; detected table 1; row 18; column 4; source printed column 4"", ""PDF page 1; detected table 1; row 18; column 5; source printed column 5"", ""PDF page 1; detected table 1; row 18; column 8; source printed column 8"", ""PDF page 1; detected table 1; row 18; column 11; source printed column 11"", ""PDF page 1; detected table 1; row 18; column 12; source printed column 12"", ""PDF page 1; detected table 1; row 18; column 17; source printed column 17"", ""PDF page 1; detected table 1; row 18; column 18; source printed column 18"", ""PDF page 1; detected table 1; row 18; column 19; source printed column 19"", ""PDF page 1; detected table 1; row 18; column 20; source printed column 20"", ""PDF page 1; detected table 1; row 18; column 21; source printed column 21"", ""PDF page 1; detected table 1; row 18; column 22; source printed column 22""]",,,official,matched_source_context,0.9,Land Acquisition Details of Ganga Expressway File Size: 74.17KB | Language: Hindi 20-09-2021 Click here to View/Download ,1,562,normalized_observations_available,
G026,G026,REAL_002,,REAL_002,matched_source_context,ganga_land_status,https://upeida.up.gov.in/en/article/ganga-expressway?brd=2,https://upeida.up.gov.in/downloadmedia/siteContent/202109061442263780Ganga Expressway land status 06 sept.pdf,https://upeida.up.gov.in/downloadmedia/siteContent/202109061442263780Ganga%20Expressway%20land%20status%2006%20sept.pdf,government_official,1,pdf,UPEIDA,,,,,,,,project_and_district,2021-09-06,06-09-2021,official_index_upload_date,,,2026-09-05T10:26:03+00:00,project_research/REAL_002/02_state_district_land_acquisition/REAL_002_UPEIDA_ganga_land_status_2021-09-06_3043d2b8f1b4.pdf,3043d2b8f1b479529e8d8641715f8a56f21a0f01e0871c452d69559485d0334c,True,76136,200,application/octet-stream,,,downloaded,"[""acquisition_progress_pct"", ""affected_villages_count"", ""farmers_count"", ""land_acquired_ha"", ""land_purchase_remaining_ha"", ""land_purchased_ha"", ""land_required_ha"", ""land_resumed_exchanged_ha"", ""land_to_be_purchased_ha"", ""land_to_be_resumed_ha"", ""purchase_progress_pct"", ""sale_deeds_count""]","[""PDF page 1; detected table 1; row 7; column 3; source printed column 3"", ""PDF page 1; detected table 1; row 7; column 4; source printed column 4"", ""PDF page 1; detected table 1; row 7; column 5; source printed column 5"", ""PDF page 1; detected table 1; row 7; column 8; source printed column 8"", ""PDF page 1; detected table 1; row 7; column 11; source printed column 11"", ""PDF page 1; detected table 1; row 7; column 12; source printed column 12"", ""PDF page 1; detected table 1; row 7; column 17; source printed column 17"", ""PDF page 1; detected table 1; row 7; column 18; source printed column 18"", ""PDF page 1; detected table 1; row 7; column 19; source printed column 19"", ""PDF page 1; detected table 1; row 7; column 20; source printed column 20"", ""PDF page 1; detected table 1; row 7; column 21; source printed column 21"", ""PDF page 1; detected table 1; row 7; column 22; source printed column 22"", ""PDF page 1; detected table 1; row 8; column 3; source printed column 3"", ""PDF page 1; detected table 1; row 8; column 4; source printed column 4"", ""PDF page 1; detected table 1; row 8; column 5; source printed column 5"", ""PDF page 1; detected table 1; row 8; column 8; source printed column 8"", ""PDF page 1; detected table 1; row 8; column 11; source printed column 11"", ""PDF page 1; detected table 1; row 8; column 12; source printed column 12"", ""PDF page 1; detected table 1; row 8; column 17; source printed column 17"", ""PDF page 1; detected table 1; row 8; column 18; source printed column 18"", ""PDF page 1; detected table 1; row 8; column 19; source printed column 19"", ""PDF page 1; detected table 1; row 8; column 20; source printed column 20"", ""PDF page 1; detected table 1; row 8; column 21; source printed column 21"", ""PDF page 1; detected table 1; row 8; column 22; source printed column 22"", ""PDF page 1; detected table 1; row 9; column 3; source printed column 3"", ""PDF page 1; detected table 1; row 9; column 4; source printed column 4"", ""PDF page 1; detected table 1; row 9; column 5; source printed column 5"", ""PDF page 1; detected table 1; row 9; column 8; source printed column 8"", ""PDF page 1; detected table 1; row 9; column 11; source printed column 11"", ""PDF page 1; detected table 1; row 9; column 12; source printed column 12"", ""PDF page 1; detected table 1; row 9; column 17; source printed column 17"", ""PDF page 1; detected table 1; row 9; column 18; source printed column 18"", ""PDF page 1; detected table 1; row 9; column 19; source printed column 19"", ""PDF page 1; detected table 1; row 9; column 20; source printed column 20"", ""PDF page 1; detected table 1; row 9; column 21; source printed column 21"", ""PDF page 1; detected table 1; row 9; column 22; source printed column 22"", ""PDF page 1; detected table 1; row 10; column 3; source printed column 3"", ""PDF page 1; detected table 1; row 10; column 4; source printed column 4"", ""PDF page 1; detected table 1; row 10; column 5; source printed column 5"", ""PDF page 1; detected table 1; row 10; column 8; source printed column 8"", ""PDF page 1; detected table 1; row 10; column 11; source printed column 11"", ""PDF page 1; detected table 1; row 10; column 12; source printed column 12"", ""PDF page 1; detected table 1; row 10; column 17; source printed column 17"", ""PDF page 1; detected table 1; row 10; column 18; source printed column 18"", ""PDF page 1; detected table 1; row 10; column 19; source printed column 19"", ""PDF page 1; detected table 1; row 10; column 20; source printed column 20"", ""PDF page 1; detected table 1; row 10; column 21; source printed column 21"", ""PDF page 1; detected table 1; row 10; column 22; source printed column 22"", ""PDF page 1; detected table 1; row 11; column 3; source printed column 3"", ""PDF page 1; detected table 1; row 11; column 4; source printed column 4"", ""PDF page 1; detected table 1; row 11; column 5; source printed column 5"", ""PDF page 1; detected table 1; row 11; column 8; source printed column 8"", ""PDF page 1; detected table 1; row 11; column 11; source printed column 11"", ""PDF page 1; detected table 1; row 11; column 12; source printed column 12"", ""PDF page 1; detected table 1; row 11; column 17; source printed column 17"", ""PDF page 1; detected table 1; row 11; column 18; source printed column 18"", ""PDF page 1; detected table 1; row 11; column 19; source printed column 19"", ""PDF page 1; detected table 1; row 11; column 20; source printed column 20"", ""PDF page 1; detected table 1; row 11; column 21; source printed column 21"", ""PDF page 1; detected table 1; row 11; column 22; source printed column 22"", ""PDF page 1; detected table 1; row 12; column 3; source printed column 3"", ""PDF page 1; detected table 1; row 12; column 4; source printed column 4"", ""PDF page 1; detected table 1; row 12; column 5; source printed column 5"", ""PDF page 1; detected table 1; row 12; column 8; source printed column 8"", ""PDF page 1; detected table 1; row 12; column 11; source printed column 11"", ""PDF page 1; detected table 1; row 12; column 12; source printed column 12"", ""PDF page 1; detected table 1; row 12; column 17; source printed column 17"", ""PDF page 1; detected table 1; row 12; column 18; source printed column 18"", ""PDF page 1; detected table 1; row 12; column 19; source printed column 19"", ""PDF page 1; detected table 1; row 12; column 20; source printed column 20"", ""PDF page 1; detected table 1; row 12; column 21; source printed column 21"", ""PDF page 1; detected table 1; row 12; column 22; source printed column 22"", ""PDF page 1; detected table 1; row 14; column 3; source printed column 3"", ""PDF page 1; detected table 1; row 14; column 4; source printed column 4"", ""PDF page 1; detected table 1; row 14; column 5; source printed column 5"", ""PDF page 1; detected table 1; row 14; column 8; source printed column 8"", ""PDF page 1; detected table 1; row 14; column 11; source printed column 11"", ""PDF page 1; detected table 1; row 14; column 12; source printed column 12"", ""PDF page 1; detected table 1; row 14; column 17; source printed column 17"", ""PDF page 1; detected table 1; row 14; column 18; source printed column 18"", ""PDF page 1; detected table 1; row 14; column 19; source printed column 19"", ""PDF page 1; detected table 1; row 14; column 20; source printed column 20"", ""PDF page 1; detected table 1; row 14; column 21; source printed column 21"", ""PDF page 1; detected table 1; row 14; column 22; source printed column 22"", ""PDF page 1; detected table 1; row 16; column 3; source printed column 3"", ""PDF page 1; detected table 1; row 16; column 4; source printed column 4"", ""PDF page 1; detected table 1; row 16; column 5; source printed column 5"", ""PDF page 1; detected table 1; row 16; column 8; source printed column 8"", ""PDF page 1; detected table 1; row 16; column 11; source printed column 11"", ""PDF page 1; detected table 1; row 16; column 12; source printed column 12"", ""PDF page 1; detected table 1; row 16; column 17; source printed column 17"", ""PDF page 1; detected table 1; row 16; column 18; source printed column 18"", ""PDF page 1; detected table 1; row 16; column 19; source printed column 19"", ""PDF page 1; detected table 1; row 16; column 20; source printed column 20"", ""PDF page 1; detected table 1; row 16; column 21; source printed column 21"", ""PDF page 1; detected table 1; row 16; column 22; source printed column 22"", ""PDF page 1; detected table 1; row 17; column 3; source printed column 3"", ""PDF page 1; detected table 1; row 17; column 4; source printed column 4"", ""PDF page 1; detected table 1; row 17; column 5; source printed column 5"", ""PDF page 1; detected table 1; row 17; column 8; source printed column 8"", ""PDF page 1; detected table 1; row 17; column 11; source printed column 11"", ""PDF page 1; detected table 1; row 17; column 12; source printed column 12"", ""PDF page 1; detected table 1; row 17; column 17; source printed column 17"", ""PDF page 1; detected table 1; row 17; column 18; source printed column 18"", ""PDF page 1; detected table 1; row 17; column 19; source printed column 19"", ""PDF page 1; detected table 1; row 17; column 20; source printed column 20"", ""PDF page 1; detected table 1; row 17; column 21; source printed column 21"", ""PDF page 1; detected table 1; row 17; column 22; source printed column 22"", ""PDF page 1; detected table 1; row 18; column 3; source printed column 3"", ""PDF page 1; detected table 1; row 18; column 4; source printed column 4"", ""PDF page 1; detected table 1; row 18; column 5; source printed column 5"", ""PDF page 1; detected table 1; row 18; column 8; source printed column 8"", ""PDF page 1; detected table 1; row 18; column 11; source printed column 11"", ""PDF page 1; detected table 1; row 18; column 12; source printed column 12"", ""PDF page 1; detected table 1; row 18; column 17; source printed column 17"", ""PDF page 1; detected table 1; row 18; column 18; source printed column 18"", ""PDF page 1; detected table 1; row 18; column 19; source printed column 19"", ""PDF page 1; detected table 1; row 18; column 20; source printed column 20"", ""PDF page 1; detected table 1; row 18; column 21; source printed column 21"", ""PDF page 1; detected table 1; row 18; column 22; source printed column 22""]",,,official,matched_source_context,0.9,Land Acquisition Details of Ganga Expressway File Size: 74.35KB | Language: Hindi 06-09-2021 Click here to View/Download ,1,562,normalized_observations_available,
G027,G027,REAL_002,,REAL_002,matched_source_context,ganga_land_status,https://upeida.up.gov.in/en/article/ganga-expressway?brd=2,https://upeida.up.gov.in/downloadmedia/siteContent/202108311430071978Ganga Exp LS.pdf,https://upeida.up.gov.in/downloadmedia/siteContent/202108311430071978Ganga%20Exp%20LS.pdf,government_official,1,pdf,UPEIDA,,,,,,,,project_and_district,2021-08-31,31-08-2021,official_index_upload_date,,,2026-09-05T10:26:04+00:00,project_research/REAL_002/02_state_district_land_acquisition/REAL_002_UPEIDA_ganga_land_status_2021-08-31_126cacf36270.pdf,126cacf36270dc724e37c70b5eb09e33bcc5dbf566bbe6948c732c1c2958dacf,True,76318,200,application/octet-stream,,,downloaded,"[""acquisition_progress_pct"", ""affected_villages_count"", ""farmers_count"", ""land_acquired_ha"", ""land_purchase_remaining_ha"", ""land_purchased_ha"", ""land_required_ha"", ""land_resumed_exchanged_ha"", ""land_to_be_purchased_ha"", ""land_to_be_resumed_ha"", ""purchase_progress_pct"", ""sale_deeds_count""]","[""PDF page 1; detected table 1; row 7; column 3; source printed column 3"", ""PDF page 1; detected table 1; row 7; column 4; source printed column 4"", ""PDF page 1; detected table 1; row 7; column 5; source printed column 5"", ""PDF page 1; detected table 1; row 7; column 8; source printed column 8"", ""PDF page 1; detected table 1; row 7; column 11; source printed column 11"", ""PDF page 1; detected table 1; row 7; column 12; source printed column 12"", ""PDF page 1; detected table 1; row 7; column 17; source printed column 17"", ""PDF page 1; detected table 1; row 7; column 18; source printed column 18"", ""PDF page 1; detected table 1; row 7; column 19; source printed column 19"", ""PDF page 1; detected table 1; row 7; column 20; source printed column 20"", ""PDF page 1; detected table 1; row 7; column 21; source printed column 21"", ""PDF page 1; detected table 1; row 7; column 22; source printed column 22"", ""PDF page 1; detected table 1; row 8; column 3; source printed column 3"", ""PDF page 1; detected table 1; row 8; column 4; source printed column 4"", ""PDF page 1; detected table 1; row 8; column 5; source printed column 5"", ""PDF page 1; detected table 1; row 8; column 8; source printed column 8"", ""PDF page 1; detected table 1; row 8; column 11; source printed column 11"", ""PDF page 1; detected table 1; row 8; column 12; source printed column 12"", ""PDF page 1; detected table 1; row 8; column 17; source printed column 17"", ""PDF page 1; detected table 1; row 8; column 18; source printed column 18"", ""PDF page 1; detected table 1; row 8; column 19; source printed column 19"", ""PDF page 1; detected table 1; row 8; column 20; source printed column 20"", ""PDF page 1; detected table 1; row 8; column 21; source printed column 21"", ""PDF page 1; detected table 1; row 8; column 22; source printed column 22"", ""PDF page 1; detected table 1; row 9; column 3; source printed column 3"", ""PDF page 1; detected table 1; row 9; column 4; source printed column 4"", ""PDF page 1; detected table 1; row 9; column 5; source printed column 5"", ""PDF page 1; detected table 1; row 9; column 8; source printed column 8"", ""PDF page 1; detected table 1; row 9; column 11; source printed column 11"", ""PDF page 1; detected table 1; row 9; column 12; source printed column 12"", ""PDF page 1; detected table 1; row 9; column 17; source printed column 17"", ""PDF page 1; detected table 1; row 9; column 18; source printed column 18"", ""PDF page 1; detected table 1; row 9; column 19; source printed column 19"", ""PDF page 1; detected table 1; row 9; column 20; source printed column 20"", ""PDF page 1; detected table 1; row 9; column 21; source printed column 21"", ""PDF page 1; detected table 1; row 9; column 22; source printed column 22"", ""PDF page 1; detected table 1; row 10; column 3; source printed column 3"", ""PDF page 1; detected table 1; row 10; column 4; source printed column 4"", ""PDF page 1; detected table 1; row 10; column 5; source printed column 5"", ""PDF page 1; detected table 1; row 10; column 8; source printed column 8"", ""PDF page 1; detected table 1; row 10; column 11; source printed column 11"", ""PDF page 1; detected table 1; row 10; column 12; source printed column 12"", ""PDF page 1; detected table 1; row 10; column 17; source printed column 17"", ""PDF page 1; detected table 1; row 10; column 18; source printed column 18"", ""PDF page 1; detected table 1; row 10; column 19; source printed column 19"", ""PDF page 1; detected table 1; row 10; column 20; source printed column 20"", ""PDF page 1; detected table 1; row 10; column 21; source printed column 21"", ""PDF page 1; detected table 1; row 10; column 22; source printed column 22"", ""PDF page 1; detected table 1; row 11; column 3; source printed column 3"", ""PDF page 1; detected table 1; row 11; column 4; source printed column 4"", ""PDF page 1; detected table 1; row 11; column 5; source printed column 5"", ""PDF page 1; detected table 1; row 11; column 8; source printed column 8"", ""PDF page 1; detected table 1; row 11; column 11; source printed column 11"", ""PDF page 1; detected table 1; row 11; column 12; source printed column 12"", ""PDF page 1; detected table 1; row 11; column 17; source printed column 17"", ""PDF page 1; detected table 1; row 11; column 18; source printed column 18"", ""PDF page 1; detected table 1; row 11; column 19; source printed column 19"", ""PDF page 1; detected table 1; row 11; column 20; source printed column 20"", ""PDF page 1; detected table 1; row 11; column 21; source printed column 21"", ""PDF page 1; detected table 1; row 11; column 22; source printed column 22"", ""PDF page 1; detected table 1; row 12; column 3; source printed column 3"", ""PDF page 1; detected table 1; row 12; column 4; source printed column 4"", ""PDF page 1; detected table 1; row 12; column 5; source printed column 5"", ""PDF page 1; detected table 1; row 12; column 8; source printed column 8"", ""PDF page 1; detected table 1; row 12; column 11; source printed column 11"", ""PDF page 1; detected table 1; row 12; column 12; source printed column 12"", ""PDF page 1; detected table 1; row 12; column 17; source printed column 17"", ""PDF page 1; detected table 1; row 12; column 18; source printed column 18"", ""PDF page 1; detected table 1; row 12; column 19; source printed column 19"", ""PDF page 1; detected table 1; row 12; column 20; source printed column 20"", ""PDF page 1; detected table 1; row 12; column 21; source printed column 21"", ""PDF page 1; detected table 1; row 12; column 22; source printed column 22"", ""PDF page 1; detected table 1; row 14; column 3; source printed column 3"", ""PDF page 1; detected table 1; row 14; column 4; source printed column 4"", ""PDF page 1; detected table 1; row 14; column 5; source printed column 5"", ""PDF page 1; detected table 1; row 14; column 8; source printed column 8"", ""PDF page 1; detected table 1; row 14; column 11; source printed column 11"", ""PDF page 1; detected table 1; row 14; column 12; source printed column 12"", ""PDF page 1; detected table 1; row 14; column 17; source printed column 17"", ""PDF page 1; detected table 1; row 14; column 18; source printed column 18"", ""PDF page 1; detected table 1; row 14; column 19; source printed column 19"", ""PDF page 1; detected table 1; row 14; column 20; source printed column 20"", ""PDF page 1; detected table 1; row 14; column 21; source printed column 21"", ""PDF page 1; detected table 1; row 14; column 22; source printed column 22"", ""PDF page 1; detected table 1; row 16; column 3; source printed column 3"", ""PDF page 1; detected table 1; row 16; column 4; source printed column 4"", ""PDF page 1; detected table 1; row 16; column 5; source printed column 5"", ""PDF page 1; detected table 1; row 16; column 8; source printed column 8"", ""PDF page 1; detected table 1; row 16; column 11; source printed column 11"", ""PDF page 1; detected table 1; row 16; column 12; source printed column 12"", ""PDF page 1; detected table 1; row 16; column 17; source printed column 17"", ""PDF page 1; detected table 1; row 16; column 18; source printed column 18"", ""PDF page 1; detected table 1; row 16; column 19; source printed column 19"", ""PDF page 1; detected table 1; row 16; column 20; source printed column 20"", ""PDF page 1; detected table 1; row 16; column 21; source printed column 21"", ""PDF page 1; detected table 1; row 16; column 22; source printed column 22"", ""PDF page 1; detected table 1; row 17; column 3; source printed column 3"", ""PDF page 1; detected table 1; row 17; column 4; source printed column 4"", ""PDF page 1; detected table 1; row 17; column 5; source printed column 5"", ""PDF page 1; detected table 1; row 17; column 8; source printed column 8"", ""PDF page 1; detected table 1; row 17; column 11; source printed column 11"", ""PDF page 1; detected table 1; row 17; column 12; source printed column 12"", ""PDF page 1; detected table 1; row 17; column 17; source printed column 17"", ""PDF page 1; detected table 1; row 17; column 18; source printed column 18"", ""PDF page 1; detected table 1; row 17; column 19; source printed column 19"", ""PDF page 1; detected table 1; row 17; column 20; source printed column 20"", ""PDF page 1; detected table 1; row 17; column 21; source printed column 21"", ""PDF page 1; detected table 1; row 17; column 22; source printed column 22"", ""PDF page 1; detected table 1; row 18; column 3; source printed column 3"", ""PDF page 1; detected table 1; row 18; column 4; source printed column 4"", ""PDF page 1; detected table 1; row 18; column 5; source printed column 5"", ""PDF page 1; detected table 1; row 18; column 8; source printed column 8"", ""PDF page 1; detected table 1; row 18; column 11; source printed column 11"", ""PDF page 1; detected table 1; row 18; column 12; source printed column 12"", ""PDF page 1; detected table 1; row 18; column 17; source printed column 17"", ""PDF page 1; detected table 1; row 18; column 18; source printed column 18"", ""PDF page 1; detected table 1; row 18; column 19; source printed column 19"", ""PDF page 1; detected table 1; row 18; column 20; source printed column 20"", ""PDF page 1; detected table 1; row 18; column 21; source printed column 21"", ""PDF page 1; detected table 1; row 18; column 22; source printed column 22""]",,,official,matched_source_context,0.9,Land Acquisition Details of Ganga Expressway File Size: 74.53KB | Language: Hindi 31-08-2021 Click here to View/Download ,1,562,normalized_observations_available,
G028,G028,REAL_002,,REAL_002,matched_source_context,ganga_land_status,https://upeida.up.gov.in/en/article/ganga-expressway?brd=2,https://upeida.up.gov.in/downloadmedia/siteContent/202108241457383301Ganga Expresswayland.pdf,https://upeida.up.gov.in/downloadmedia/siteContent/202108241457383301Ganga%20Expresswayland.pdf,government_official,1,pdf,UPEIDA,,,,,,,,project_and_district,2021-08-24,24-08-2021,official_index_upload_date,,,2026-09-05T10:26:05+00:00,project_research/REAL_002/02_state_district_land_acquisition/REAL_002_UPEIDA_ganga_land_status_2021-08-24_79347158f939.pdf,79347158f939a745667e93e1e328eb51c8408888eeee77e731984a6e3e14d213,True,76514,200,application/octet-stream,,,downloaded,"[""acquisition_progress_pct"", ""affected_villages_count"", ""farmers_count"", ""land_acquired_ha"", ""land_purchase_remaining_ha"", ""land_purchased_ha"", ""land_required_ha"", ""land_resumed_exchanged_ha"", ""land_to_be_purchased_ha"", ""land_to_be_resumed_ha"", ""purchase_progress_pct"", ""sale_deeds_count""]","[""PDF page 1; detected table 1; row 7; column 3; source printed column 3"", ""PDF page 1; detected table 1; row 7; column 4; source printed column 4"", ""PDF page 1; detected table 1; row 7; column 5; source printed column 5"", ""PDF page 1; detected table 1; row 7; column 8; source printed column 8"", ""PDF page 1; detected table 1; row 7; column 11; source printed column 11"", ""PDF page 1; detected table 1; row 7; column 12; source printed column 12"", ""PDF page 1; detected table 1; row 7; column 17; source printed column 17"", ""PDF page 1; detected table 1; row 7; column 18; source printed column 18"", ""PDF page 1; detected table 1; row 7; column 19; source printed column 19"", ""PDF page 1; detected table 1; row 7; column 20; source printed column 20"", ""PDF page 1; detected table 1; row 7; column 21; source printed column 21"", ""PDF page 1; detected table 1; row 7; column 22; source printed column 22"", ""PDF page 1; detected table 1; row 8; column 3; source printed column 3"", ""PDF page 1; detected table 1; row 8; column 4; source printed column 4"", ""PDF page 1; detected table 1; row 8; column 5; source printed column 5"", ""PDF page 1; detected table 1; row 8; column 8; source printed column 8"", ""PDF page 1; detected table 1; row 8; column 11; source printed column 11"", ""PDF page 1; detected table 1; row 8; column 12; source printed column 12"", ""PDF page 1; detected table 1; row 8; column 17; source printed column 17"", ""PDF page 1; detected table 1; row 8; column 18; source printed column 18"", ""PDF page 1; detected table 1; row 8; column 19; source printed column 19"", ""PDF page 1; detected table 1; row 8; column 20; source printed column 20"", ""PDF page 1; detected table 1; row 8; column 21; source printed column 21"", ""PDF page 1; detected table 1; row 8; column 22; source printed column 22"", ""PDF page 1; detected table 1; row 9; column 3; source printed column 3"", ""PDF page 1; detected table 1; row 9; column 4; source printed column 4"", ""PDF page 1; detected table 1; row 9; column 5; source printed column 5"", ""PDF page 1; detected table 1; row 9; column 8; source printed column 8"", ""PDF page 1; detected table 1; row 9; column 11; source printed column 11"", ""PDF page 1; detected table 1; row 9; column 12; source printed column 12"", ""PDF page 1; detected table 1; row 9; column 17; source printed column 17"", ""PDF page 1; detected table 1; row 9; column 18; source printed column 18"", ""PDF page 1; detected table 1; row 9; column 19; source printed column 19"", ""PDF page 1; detected table 1; row 9; column 20; source printed column 20"", ""PDF page 1; detected table 1; row 9; column 21; source printed column 21"", ""PDF page 1; detected table 1; row 9; column 22; source printed column 22"", ""PDF page 1; detected table 1; row 10; column 3; source printed column 3"", ""PDF page 1; detected table 1; row 10; column 4; source printed column 4"", ""PDF page 1; detected table 1; row 10; column 5; source printed column 5"", ""PDF page 1; detected table 1; row 10; column 8; source printed column 8"", ""PDF page 1; detected table 1; row 10; column 11; source printed column 11"", ""PDF page 1; detected table 1; row 10; column 12; source printed column 12"", ""PDF page 1; detected table 1; row 10; column 17; source printed column 17"", ""PDF page 1; detected table 1; row 10; column 18; source printed column 18"", ""PDF page 1; detected table 1; row 10; column 19; source printed column 19"", ""PDF page 1; detected table 1; row 10; column 20; source printed column 20"", ""PDF page 1; detected table 1; row 10; column 21; source printed column 21"", ""PDF page 1; detected table 1; row 10; column 22; source printed column 22"", ""PDF page 1; detected table 1; row 11; column 3; source printed column 3"", ""PDF page 1; detected table 1; row 11; column 4; source printed column 4"", ""PDF page 1; detected table 1; row 11; column 5; source printed column 5"", ""PDF page 1; detected table 1; row 11; column 8; source printed column 8"", ""PDF page 1; detected table 1; row 11; column 11; source printed column 11"", ""PDF page 1; detected table 1; row 11; column 12; source printed column 12"", ""PDF page 1; detected table 1; row 11; column 17; source printed column 17"", ""PDF page 1; detected table 1; row 11; column 18; source printed column 18"", ""PDF page 1; detected table 1; row 11; column 19; source printed column 19"", ""PDF page 1; detected table 1; row 11; column 20; source printed column 20"", ""PDF page 1; detected table 1; row 11; column 21; source printed column 21"", ""PDF page 1; detected table 1; row 11; column 22; source printed column 22"", ""PDF page 1; detected table 1; row 12; column 3; source printed column 3"", ""PDF page 1; detected table 1; row 12; column 4; source printed column 4"", ""PDF page 1; detected table 1; row 12; column 5; source printed column 5"", ""PDF page 1; detected table 1; row 12; column 8; source printed column 8"", ""PDF page 1; detected table 1; row 12; column 11; source printed column 11"", ""PDF page 1; detected table 1; row 12; column 12; source printed column 12"", ""PDF page 1; detected table 1; row 12; column 17; source printed column 17"", ""PDF page 1; detected table 1; row 12; column 18; source printed column 18"", ""PDF page 1; detected table 1; row 12; column 19; source printed column 19"", ""PDF page 1; detected table 1; row 12; column 20; source printed column 20"", ""PDF page 1; detected table 1; row 12; column 21; source printed column 21"", ""PDF page 1; detected table 1; row 12; column 22; source printed column 22"", ""PDF page 1; detected table 1; row 14; column 3; source printed column 3"", ""PDF page 1; detected table 1; row 14; column 4; source printed column 4"", ""PDF page 1; detected table 1; row 14; column 5; source printed column 5"", ""PDF page 1; detected table 1; row 14; column 8; source printed column 8"", ""PDF page 1; detected table 1; row 14; column 11; source printed column 11"", ""PDF page 1; detected table 1; row 14; column 12; source printed column 12"", ""PDF page 1; detected table 1; row 14; column 17; source printed column 17"", ""PDF page 1; detected table 1; row 14; column 18; source printed column 18"", ""PDF page 1; detected table 1; row 14; column 19; source printed column 19"", ""PDF page 1; detected table 1; row 14; column 20; source printed column 20"", ""PDF page 1; detected table 1; row 14; column 21; source printed column 21"", ""PDF page 1; detected table 1; row 14; column 22; source printed column 22"", ""PDF page 1; detected table 1; row 16; column 3; source printed column 3"", ""PDF page 1; detected table 1; row 16; column 4; source printed column 4"", ""PDF page 1; detected table 1; row 16; column 5; source printed column 5"", ""PDF page 1; detected table 1; row 16; column 8; source printed column 8"", ""PDF page 1; detected table 1; row 16; column 11; source printed column 11"", ""PDF page 1; detected table 1; row 16; column 12; source printed column 12"", ""PDF page 1; detected table 1; row 16; column 17; source printed column 17"", ""PDF page 1; detected table 1; row 16; column 18; source printed column 18"", ""PDF page 1; detected table 1; row 16; column 19; source printed column 19"", ""PDF page 1; detected table 1; row 16; column 20; source printed column 20"", ""PDF page 1; detected table 1; row 16; column 21; source printed column 21"", ""PDF page 1; detected table 1; row 16; column 22; source printed column 22"", ""PDF page 1; detected table 1; row 17; column 3; source printed column 3"", ""PDF page 1; detected table 1; row 17; column 4; source printed column 4"", ""PDF page 1; detected table 1; row 17; column 5; source printed column 5"", ""PDF page 1; detected table 1; row 17; column 8; source printed column 8"", ""PDF page 1; detected table 1; row 17; column 11; source printed column 11"", ""PDF page 1; detected table 1; row 17; column 12; source printed column 12"", ""PDF page 1; detected table 1; row 17; column 17; source printed column 17"", ""PDF page 1; detected table 1; row 17; column 18; source printed column 18"", ""PDF page 1; detected table 1; row 17; column 19; source printed column 19"", ""PDF page 1; detected table 1; row 17; column 20; source printed column 20"", ""PDF page 1; detected table 1; row 17; column 21; source printed column 21"", ""PDF page 1; detected table 1; row 17; column 22; source printed column 22"", ""PDF page 1; detected table 1; row 18; column 3; source printed column 3"", ""PDF page 1; detected table 1; row 18; column 4; source printed column 4"", ""PDF page 1; detected table 1; row 18; column 5; source printed column 5"", ""PDF page 1; detected table 1; row 18; column 8; source printed column 8"", ""PDF page 1; detected table 1; row 18; column 11; source printed column 11"", ""PDF page 1; detected table 1; row 18; column 12; source printed column 12"", ""PDF page 1; detected table 1; row 18; column 17; source printed column 17"", ""PDF page 1; detected table 1; row 18; column 18; source printed column 18"", ""PDF page 1; detected table 1; row 18; column 19; source printed column 19"", ""PDF page 1; detected table 1; row 18; column 20; source printed column 20"", ""PDF page 1; detected table 1; row 18; column 21; source printed column 21"", ""PDF page 1; detected table 1; row 18; column 22; source printed column 22""]",,,official,matched_source_context,0.9,Land Acquisition Details of Ganga Expressway File Size: 74.72KB | Language: Hindi 24-08-2021 Click here to View/Download ,1,562,normalized_observations_available,
G029,G029,REAL_002,,REAL_002,matched_source_context,ganga_land_status,https://upeida.up.gov.in/en/article/ganga-expressway?brd=2,https://upeida.up.gov.in/downloadmedia/siteContent/202108161419308176Ganga Expressway Land 16 Aug.pdf,https://upeida.up.gov.in/downloadmedia/siteContent/202108161419308176Ganga%20Expressway%20Land%2016%20Aug.pdf,government_official,1,pdf,UPEIDA,,,,,,,,project_and_district,2021-08-16,16-08-2021,official_index_upload_date,,,2026-09-05T10:26:06+00:00,project_research/REAL_002/02_state_district_land_acquisition/REAL_002_UPEIDA_ganga_land_status_2021-08-16_91479a98657d.pdf,91479a98657d0e7d57a608463a1eb74f794cc022f478a47dfad681f184948841,True,89499,200,application/octet-stream,,,downloaded,"[""acquisition_progress_pct"", ""affected_villages_count"", ""farmers_count"", ""land_acquired_ha"", ""land_purchase_remaining_ha"", ""land_purchased_ha"", ""land_required_ha"", ""land_resumed_exchanged_ha"", ""land_to_be_purchased_ha"", ""land_to_be_resumed_ha"", ""purchase_progress_pct"", ""sale_deeds_count""]","[""PDF page 1; detected table 1; row 7; column 3; source printed column 3"", ""PDF page 1; detected table 1; row 7; column 4; source printed column 4"", ""PDF page 1; detected table 1; row 7; column 5; source printed column 5"", ""PDF page 1; detected table 1; row 7; column 8; source printed column 8"", ""PDF page 1; detected table 1; row 7; column 11; source printed column 11"", ""PDF page 1; detected table 1; row 7; column 12; source printed column 12"", ""PDF page 1; detected table 1; row 7; column 17; source printed column 17"", ""PDF page 1; detected table 1; row 7; column 18; source printed column 18"", ""PDF page 1; detected table 1; row 7; column 19; source printed column 19"", ""PDF page 1; detected table 1; row 7; column 20; source printed column 20"", ""PDF page 1; detected table 1; row 7; column 21; source printed column 21"", ""PDF page 1; detected table 1; row 7; column 22; source printed column 22"", ""PDF page 1; detected table 1; row 8; column 3; source printed column 3"", ""PDF page 1; detected table 1; row 8; column 4; source printed column 4"", ""PDF page 1; detected table 1; row 8; column 5; source printed column 5"", ""PDF page 1; detected table 1; row 8; column 8; source printed column 8"", ""PDF page 1; detected table 1; row 8; column 11; source printed column 11"", ""PDF page 1; detected table 1; row 8; column 12; source printed column 12"", ""PDF page 1; detected table 1; row 8; column 17; source printed column 17"", ""PDF page 1; detected table 1; row 8; column 18; source printed column 18"", ""PDF page 1; detected table 1; row 8; column 19; source printed column 19"", ""PDF page 1; detected table 1; row 8; column 20; source printed column 20"", ""PDF page 1; detected table 1; row 8; column 21; source printed column 21"", ""PDF page 1; detected table 1; row 8; column 22; source printed column 22"", ""PDF page 1; detected table 1; row 9; column 3; source printed column 3"", ""PDF page 1; detected table 1; row 9; column 4; source printed column 4"", ""PDF page 1; detected table 1; row 9; column 5; source printed column 5"", ""PDF page 1; detected table 1; row 9; column 8; source printed column 8"", ""PDF page 1; detected table 1; row 9; column 11; source printed column 11"", ""PDF page 1; detected table 1; row 9; column 12; source printed column 12"", ""PDF page 1; detected table 1; row 9; column 17; source printed column 17"", ""PDF page 1; detected table 1; row 9; column 18; source printed column 18"", ""PDF page 1; detected table 1; row 9; column 19; source printed column 19"", ""PDF page 1; detected table 1; row 9; column 20; source printed column 20"", ""PDF page 1; detected table 1; row 9; column 21; source printed column 21"", ""PDF page 1; detected table 1; row 9; column 22; source printed column 22"", ""PDF page 1; detected table 1; row 10; column 3; source printed column 3"", ""PDF page 1; detected table 1; row 10; column 4; source printed column 4"", ""PDF page 1; detected table 1; row 10; column 5; source printed column 5"", ""PDF page 1; detected table 1; row 10; column 8; source printed column 8"", ""PDF page 1; detected table 1; row 10; column 11; source printed column 11"", ""PDF page 1; detected table 1; row 10; column 12; source printed column 12"", ""PDF page 1; detected table 1; row 10; column 17; source printed column 17"", ""PDF page 1; detected table 1; row 10; column 18; source printed column 18"", ""PDF page 1; detected table 1; row 10; column 19; source printed column 19"", ""PDF page 1; detected table 1; row 10; column 20; source printed column 20"", ""PDF page 1; detected table 1; row 10; column 21; source printed column 21"", ""PDF page 1; detected table 1; row 10; column 22; source printed column 22"", ""PDF page 1; detected table 1; row 11; column 3; source printed column 3"", ""PDF page 1; detected table 1; row 11; column 4; source printed column 4"", ""PDF page 1; detected table 1; row 11; column 5; source printed column 5"", ""PDF page 1; detected table 1; row 11; column 8; source printed column 8"", ""PDF page 1; detected table 1; row 11; column 11; source printed column 11"", ""PDF page 1; detected table 1; row 11; column 12; source printed column 12"", ""PDF page 1; detected table 1; row 11; column 17; source printed column 17"", ""PDF page 1; detected table 1; row 11; column 18; source printed column 18"", ""PDF page 1; detected table 1; row 11; column 19; source printed column 19"", ""PDF page 1; detected table 1; row 11; column 20; source printed column 20"", ""PDF page 1; detected table 1; row 11; column 21; source printed column 21"", ""PDF page 1; detected table 1; row 11; column 22; source printed column 22"", ""PDF page 1; detected table 1; row 12; column 3; source printed column 3"", ""PDF page 1; detected table 1; row 12; column 4; source printed column 4"", ""PDF page 1; detected table 1; row 12; column 5; source printed column 5"", ""PDF page 1; detected table 1; row 12; column 8; source printed column 8"", ""PDF page 1; detected table 1; row 12; column 11; source printed column 11"", ""PDF page 1; detected table 1; row 12; column 12; source printed column 12"", ""PDF page 1; detected table 1; row 12; column 17; source printed column 17"", ""PDF page 1; detected table 1; row 12; column 18; source printed column 18"", ""PDF page 1; detected table 1; row 12; column 19; source printed column 19"", ""PDF page 1; detected table 1; row 12; column 20; source printed column 20"", ""PDF page 1; detected table 1; row 12; column 21; source printed column 21"", ""PDF page 1; detected table 1; row 12; column 22; source printed column 22"", ""PDF page 1; detected table 1; row 14; column 3; source printed column 3"", ""PDF page 1; detected table 1; row 14; column 4; source printed column 4"", ""PDF page 1; detected table 1; row 14; column 5; source printed column 5"", ""PDF page 1; detected table 1; row 14; column 8; source printed column 8"", ""PDF page 1; detected table 1; row 14; column 11; source printed column 11"", ""PDF page 1; detected table 1; row 14; column 12; source printed column 12"", ""PDF page 1; detected table 1; row 14; column 17; source printed column 17"", ""PDF page 1; detected table 1; row 14; column 18; source printed column 18"", ""PDF page 1; detected table 1; row 14; column 19; source printed column 19"", ""PDF page 1; detected table 1; row 14; column 20; source printed column 20"", ""PDF page 1; detected table 1; row 14; column 21; source printed column 21"", ""PDF page 1; detected table 1; row 14; column 22; source printed column 22"", ""PDF page 1; detected table 1; row 16; column 3; source printed column 3"", ""PDF page 1; detected table 1; row 16; column 4; source printed column 4"", ""PDF page 1; detected table 1; row 16; column 5; source printed column 5"", ""PDF page 1; detected table 1; row 16; column 8; source printed column 8"", ""PDF page 1; detected table 1; row 16; column 11; source printed column 11"", ""PDF page 1; detected table 1; row 16; column 12; source printed column 12"", ""PDF page 1; detected table 1; row 16; column 17; source printed column 17"", ""PDF page 1; detected table 1; row 16; column 18; source printed column 18"", ""PDF page 1; detected table 1; row 16; column 19; source printed column 19"", ""PDF page 1; detected table 1; row 16; column 20; source printed column 20"", ""PDF page 1; detected table 1; row 16; column 21; source printed column 21"", ""PDF page 1; detected table 1; row 16; column 22; source printed column 22"", ""PDF page 1; detected table 1; row 17; column 3; source printed column 3"", ""PDF page 1; detected table 1; row 17; column 4; source printed column 4"", ""PDF page 1; detected table 1; row 17; column 5; source printed column 5"", ""PDF page 1; detected table 1; row 17; column 8; source printed column 8"", ""PDF page 1; detected table 1; row 17; column 11; source printed column 11"", ""PDF page 1; detected table 1; row 17; column 12; source printed column 12"", ""PDF page 1; detected table 1; row 17; column 17; source printed column 17"", ""PDF page 1; detected table 1; row 17; column 18; source printed column 18"", ""PDF page 1; detected table 1; row 17; column 19; source printed column 19"", ""PDF page 1; detected table 1; row 17; column 20; source printed column 20"", ""PDF page 1; detected table 1; row 17; column 21; source printed column 21"", ""PDF page 1; detected table 1; row 17; column 22; source printed column 22"", ""PDF page 1; detected table 1; row 18; column 3; source printed column 3"", ""PDF page 1; detected table 1; row 18; column 4; source printed column 4"", ""PDF page 1; detected table 1; row 18; column 5; source printed column 5"", ""PDF page 1; detected table 1; row 18; column 8; source printed column 8"", ""PDF page 1; detected table 1; row 18; column 11; source printed column 11"", ""PDF page 1; detected table 1; row 18; column 12; source printed column 12"", ""PDF page 1; detected table 1; row 18; column 17; source printed column 17"", ""PDF page 1; detected table 1; row 18; column 18; source printed column 18"", ""PDF page 1; detected table 1; row 18; column 19; source printed column 19"", ""PDF page 1; detected table 1; row 18; column 20; source printed column 20"", ""PDF page 1; detected table 1; row 18; column 21; source printed column 21"", ""PDF page 1; detected table 1; row 18; column 22; source printed column 22""]",,,official,matched_source_context,0.9,Land Acquisition Details of Ganga Expressway File Size: 87.40KB | Language: Hindi 16-08-2021 Click here to View/Download ,1,562,normalized_observations_available,
G030,G030,REAL_002,,REAL_002,matched_source_context,ganga_land_status,https://upeida.up.gov.in/en/article/ganga-expressway?brd=2,https://upeida.up.gov.in/downloadmedia/siteContent/202108021416431645land detail GE.pdf,https://upeida.up.gov.in/downloadmedia/siteContent/202108021416431645land%20detail%20GE.pdf,government_official,1,pdf,UPEIDA,,,,,,,,project_and_district,2021-08-02,02-08-2021,official_index_upload_date,,,2026-09-05T10:26:07+00:00,project_research/REAL_002/02_state_district_land_acquisition/REAL_002_UPEIDA_ganga_land_status_2021-08-02_9177399ac3a8.pdf,9177399ac3a88dc1107995a77d5a5068bcf68b13834cd271bd22b898e51abbc8,True,76114,200,application/octet-stream,,,downloaded,"[""acquisition_progress_pct"", ""affected_villages_count"", ""farmers_count"", ""land_acquired_ha"", ""land_purchase_remaining_ha"", ""land_purchased_ha"", ""land_required_ha"", ""land_resumed_exchanged_ha"", ""land_to_be_purchased_ha"", ""land_to_be_resumed_ha"", ""purchase_progress_pct"", ""sale_deeds_count""]","[""PDF page 1; detected table 1; row 7; column 3; source printed column 3"", ""PDF page 1; detected table 1; row 7; column 4; source printed column 4"", ""PDF page 1; detected table 1; row 7; column 5; source printed column 5"", ""PDF page 1; detected table 1; row 7; column 8; source printed column 8"", ""PDF page 1; detected table 1; row 7; column 11; source printed column 11"", ""PDF page 1; detected table 1; row 7; column 12; source printed column 12"", ""PDF page 1; detected table 1; row 7; column 17; source printed column 17"", ""PDF page 1; detected table 1; row 7; column 18; source printed column 18"", ""PDF page 1; detected table 1; row 7; column 19; source printed column 19"", ""PDF page 1; detected table 1; row 7; column 20; source printed column 20"", ""PDF page 1; detected table 1; row 7; column 21; source printed column 21"", ""PDF page 1; detected table 1; row 7; column 22; source printed column 22"", ""PDF page 1; detected table 1; row 8; column 3; source printed column 3"", ""PDF page 1; detected table 1; row 8; column 4; source printed column 4"", ""PDF page 1; detected table 1; row 8; column 5; source printed column 5"", ""PDF page 1; detected table 1; row 8; column 8; source printed column 8"", ""PDF page 1; detected table 1; row 8; column 11; source printed column 11"", ""PDF page 1; detected table 1; row 8; column 12; source printed column 12"", ""PDF page 1; detected table 1; row 8; column 17; source printed column 17"", ""PDF page 1; detected table 1; row 8; column 18; source printed column 18"", ""PDF page 1; detected table 1; row 8; column 19; source printed column 19"", ""PDF page 1; detected table 1; row 8; column 20; source printed column 20"", ""PDF page 1; detected table 1; row 8; column 21; source printed column 21"", ""PDF page 1; detected table 1; row 8; column 22; source printed column 22"", ""PDF page 1; detected table 1; row 9; column 3; source printed column 3"", ""PDF page 1; detected table 1; row 9; column 4; source printed column 4"", ""PDF page 1; detected table 1; row 9; column 5; source printed column 5"", ""PDF page 1; detected table 1; row 9; column 8; source printed column 8"", ""PDF page 1; detected table 1; row 9; column 11; source printed column 11"", ""PDF page 1; detected table 1; row 9; column 12; source printed column 12"", ""PDF page 1; detected table 1; row 9; column 17; source printed column 17"", ""PDF page 1; detected table 1; row 9; column 18; source printed column 18"", ""PDF page 1; detected table 1; row 9; column 19; source printed column 19"", ""PDF page 1; detected table 1; row 9; column 20; source printed column 20"", ""PDF page 1; detected table 1; row 9; column 21; source printed column 21"", ""PDF page 1; detected table 1; row 9; column 22; source printed column 22"", ""PDF page 1; detected table 1; row 10; column 3; source printed column 3"", ""PDF page 1; detected table 1; row 10; column 4; source printed column 4"", ""PDF page 1; detected table 1; row 10; column 5; source printed column 5"", ""PDF page 1; detected table 1; row 10; column 8; source printed column 8"", ""PDF page 1; detected table 1; row 10; column 11; source printed column 11"", ""PDF page 1; detected table 1; row 10; column 12; source printed column 12"", ""PDF page 1; detected table 1; row 10; column 17; source printed column 17"", ""PDF page 1; detected table 1; row 10; column 18; source printed column 18"", ""PDF page 1; detected table 1; row 10; column 19; source printed column 19"", ""PDF page 1; detected table 1; row 10; column 20; source printed column 20"", ""PDF page 1; detected table 1; row 10; column 21; source printed column 21"", ""PDF page 1; detected table 1; row 10; column 22; source printed column 22"", ""PDF page 1; detected table 1; row 11; column 3; source printed column 3"", ""PDF page 1; detected table 1; row 11; column 4; source printed column 4"", ""PDF page 1; detected table 1; row 11; column 5; source printed column 5"", ""PDF page 1; detected table 1; row 11; column 8; source printed column 8"", ""PDF page 1; detected table 1; row 11; column 11; source printed column 11"", ""PDF page 1; detected table 1; row 11; column 12; source printed column 12"", ""PDF page 1; detected table 1; row 11; column 17; source printed column 17"", ""PDF page 1; detected table 1; row 11; column 18; source printed column 18"", ""PDF page 1; detected table 1; row 11; column 19; source printed column 19"", ""PDF page 1; detected table 1; row 11; column 20; source printed column 20"", ""PDF page 1; detected table 1; row 11; column 21; source printed column 21"", ""PDF page 1; detected table 1; row 11; column 22; source printed column 22"", ""PDF page 1; detected table 1; row 12; column 3; source printed column 3"", ""PDF page 1; detected table 1; row 12; column 4; source printed column 4"", ""PDF page 1; detected table 1; row 12; column 5; source printed column 5"", ""PDF page 1; detected table 1; row 12; column 8; source printed column 8"", ""PDF page 1; detected table 1; row 12; column 11; source printed column 11"", ""PDF page 1; detected table 1; row 12; column 12; source printed column 12"", ""PDF page 1; detected table 1; row 12; column 17; source printed column 17"", ""PDF page 1; detected table 1; row 12; column 18; source printed column 18"", ""PDF page 1; detected table 1; row 12; column 19; source printed column 19"", ""PDF page 1; detected table 1; row 12; column 20; source printed column 20"", ""PDF page 1; detected table 1; row 12; column 21; source printed column 21"", ""PDF page 1; detected table 1; row 12; column 22; source printed column 22"", ""PDF page 1; detected table 1; row 14; column 3; source printed column 3"", ""PDF page 1; detected table 1; row 14; column 4; source printed column 4"", ""PDF page 1; detected table 1; row 14; column 5; source printed column 5"", ""PDF page 1; detected table 1; row 14; column 8; source printed column 8"", ""PDF page 1; detected table 1; row 14; column 11; source printed column 11"", ""PDF page 1; detected table 1; row 14; column 12; source printed column 12"", ""PDF page 1; detected table 1; row 14; column 17; source printed column 17"", ""PDF page 1; detected table 1; row 14; column 18; source printed column 18"", ""PDF page 1; detected table 1; row 14; column 19; source printed column 19"", ""PDF page 1; detected table 1; row 14; column 20; source printed column 20"", ""PDF page 1; detected table 1; row 14; column 21; source printed column 21"", ""PDF page 1; detected table 1; row 14; column 22; source printed column 22"", ""PDF page 1; detected table 1; row 15; column 3; source printed column 3"", ""PDF page 1; detected table 1; row 15; column 4; source printed column 4"", ""PDF page 1; detected table 1; row 15; column 5; source printed column 5"", ""PDF page 1; detected table 1; row 15; column 8; source printed column 8"", ""PDF page 1; detected table 1; row 15; column 11; source printed column 11"", ""PDF page 1; detected table 1; row 15; column 12; source printed column 12"", ""PDF page 1; detected table 1; row 15; column 17; source printed column 17"", ""PDF page 1; detected table 1; row 15; column 18; source printed column 18"", ""PDF page 1; detected table 1; row 15; column 19; source printed column 19"", ""PDF page 1; detected table 1; row 15; column 20; source printed column 20"", ""PDF page 1; detected table 1; row 15; column 21; source printed column 21"", ""PDF page 1; detected table 1; row 15; column 22; source printed column 22"", ""PDF page 1; detected table 1; row 16; column 3; source printed column 3"", ""PDF page 1; detected table 1; row 16; column 4; source printed column 4"", ""PDF page 1; detected table 1; row 16; column 5; source printed column 5"", ""PDF page 1; detected table 1; row 16; column 8; source printed column 8"", ""PDF page 1; detected table 1; row 16; column 11; source printed column 11"", ""PDF page 1; detected table 1; row 16; column 12; source printed column 12"", ""PDF page 1; detected table 1; row 16; column 17; source printed column 17"", ""PDF page 1; detected table 1; row 16; column 18; source printed column 18"", ""PDF page 1; detected table 1; row 16; column 19; source printed column 19"", ""PDF page 1; detected table 1; row 16; column 20; source printed column 20"", ""PDF page 1; detected table 1; row 16; column 21; source printed column 21"", ""PDF page 1; detected table 1; row 16; column 22; source printed column 22"", ""PDF page 1; detected table 1; row 17; column 3; source printed column 3"", ""PDF page 1; detected table 1; row 17; column 4; source printed column 4"", ""PDF page 1; detected table 1; row 17; column 5; source printed column 5"", ""PDF page 1; detected table 1; row 17; column 8; source printed column 8"", ""PDF page 1; detected table 1; row 17; column 11; source printed column 11"", ""PDF page 1; detected table 1; row 17; column 12; source printed column 12"", ""PDF page 1; detected table 1; row 17; column 17; source printed column 17"", ""PDF page 1; detected table 1; row 17; column 18; source printed column 18"", ""PDF page 1; detected table 1; row 17; column 19; source printed column 19"", ""PDF page 1; detected table 1; row 17; column 20; source printed column 20"", ""PDF page 1; detected table 1; row 17; column 21; source printed column 21"", ""PDF page 1; detected table 1; row 17; column 22; source printed column 22"", ""PDF page 1; detected table 1; row 18; column 3; source printed column 3"", ""PDF page 1; detected table 1; row 18; column 4; source printed column 4"", ""PDF page 1; detected table 1; row 18; column 5; source printed column 5"", ""PDF page 1; detected table 1; row 18; column 8; source printed column 8"", ""PDF page 1; detected table 1; row 18; column 11; source printed column 11"", ""PDF page 1; detected table 1; row 18; column 12; source printed column 12"", ""PDF page 1; detected table 1; row 18; column 17; source printed column 17"", ""PDF page 1; detected table 1; row 18; column 18; source printed column 18"", ""PDF page 1; detected table 1; row 18; column 19; source printed column 19"", ""PDF page 1; detected table 1; row 18; column 20; source printed column 20"", ""PDF page 1; detected table 1; row 18; column 21; source printed column 21"", ""PDF page 1; detected table 1; row 18; column 22; source printed column 22""]",,,official,matched_source_context,0.9,Land Acquisition Details of Ganga Expressway File Size: 74.33KB | Language: Hindi 02-08-2021 Click here to View/Download ,1,562,normalized_observations_available,
G031,G031,REAL_002,,REAL_002,matched_source_context,ganga_land_status,https://upeida.up.gov.in/en/article/ganga-expressway?brd=2,https://upeida.up.gov.in/downloadmedia/siteContent/202107271116493612Ganga Exp land.pdf,https://upeida.up.gov.in/downloadmedia/siteContent/202107271116493612Ganga%20Exp%20land.pdf,government_official,1,pdf,UPEIDA,,,,,,,,project_and_district,2021-07-27,27-07-2021,official_index_upload_date,,,2026-09-05T10:26:08+00:00,project_research/REAL_002/02_state_district_land_acquisition/REAL_002_UPEIDA_ganga_land_status_2021-07-27_e79aa636dc54.pdf,e79aa636dc549cf6450f69e1014ba99d4675da0f2e71899af64259cf17fdcbaa,True,76150,200,application/octet-stream,,,downloaded,"[""acquisition_progress_pct"", ""affected_villages_count"", ""farmers_count"", ""land_acquired_ha"", ""land_purchase_remaining_ha"", ""land_purchased_ha"", ""land_required_ha"", ""land_resumed_exchanged_ha"", ""land_to_be_purchased_ha"", ""land_to_be_resumed_ha"", ""purchase_progress_pct"", ""sale_deeds_count""]","[""PDF page 1; detected table 1; row 7; column 3; source printed column 3"", ""PDF page 1; detected table 1; row 7; column 4; source printed column 4"", ""PDF page 1; detected table 1; row 7; column 5; source printed column 5"", ""PDF page 1; detected table 1; row 7; column 8; source printed column 8"", ""PDF page 1; detected table 1; row 7; column 11; source printed column 11"", ""PDF page 1; detected table 1; row 7; column 12; source printed column 12"", ""PDF page 1; detected table 1; row 7; column 17; source printed column 17"", ""PDF page 1; detected table 1; row 7; column 18; source printed column 18"", ""PDF page 1; detected table 1; row 7; column 19; source printed column 19"", ""PDF page 1; detected table 1; row 7; column 20; source printed column 20"", ""PDF page 1; detected table 1; row 7; column 21; source printed column 21"", ""PDF page 1; detected table 1; row 7; column 22; source printed column 22"", ""PDF page 1; detected table 1; row 8; column 3; source printed column 3"", ""PDF page 1; detected table 1; row 8; column 4; source printed column 4"", ""PDF page 1; detected table 1; row 8; column 5; source printed column 5"", ""PDF page 1; detected table 1; row 8; column 8; source printed column 8"", ""PDF page 1; detected table 1; row 8; column 11; source printed column 11"", ""PDF page 1; detected table 1; row 8; column 12; source printed column 12"", ""PDF page 1; detected table 1; row 8; column 17; source printed column 17"", ""PDF page 1; detected table 1; row 8; column 18; source printed column 18"", ""PDF page 1; detected table 1; row 8; column 19; source printed column 19"", ""PDF page 1; detected table 1; row 8; column 20; source printed column 20"", ""PDF page 1; detected table 1; row 8; column 21; source printed column 21"", ""PDF page 1; detected table 1; row 8; column 22; source printed column 22"", ""PDF page 1; detected table 1; row 9; column 3; source printed column 3"", ""PDF page 1; detected table 1; row 9; column 4; source printed column 4"", ""PDF page 1; detected table 1; row 9; column 5; source printed column 5"", ""PDF page 1; detected table 1; row 9; column 8; source printed column 8"", ""PDF page 1; detected table 1; row 9; column 11; source printed column 11"", ""PDF page 1; detected table 1; row 9; column 12; source printed column 12"", ""PDF page 1; detected table 1; row 9; column 17; source printed column 17"", ""PDF page 1; detected table 1; row 9; column 18; source printed column 18"", ""PDF page 1; detected table 1; row 9; column 19; source printed column 19"", ""PDF page 1; detected table 1; row 9; column 20; source printed column 20"", ""PDF page 1; detected table 1; row 9; column 21; source printed column 21"", ""PDF page 1; detected table 1; row 9; column 22; source printed column 22"", ""PDF page 1; detected table 1; row 10; column 3; source printed column 3"", ""PDF page 1; detected table 1; row 10; column 4; source printed column 4"", ""PDF page 1; detected table 1; row 10; column 5; source printed column 5"", ""PDF page 1; detected table 1; row 10; column 8; source printed column 8"", ""PDF page 1; detected table 1; row 10; column 11; source printed column 11"", ""PDF page 1; detected table 1; row 10; column 12; source printed column 12"", ""PDF page 1; detected table 1; row 10; column 17; source printed column 17"", ""PDF page 1; detected table 1; row 10; column 18; source printed column 18"", ""PDF page 1; detected table 1; row 10; column 19; source printed column 19"", ""PDF page 1; detected table 1; row 10; column 20; source printed column 20"", ""PDF page 1; detected table 1; row 10; column 21; source printed column 21"", ""PDF page 1; detected table 1; row 10; column 22; source printed column 22"", ""PDF page 1; detected table 1; row 11; column 3; source printed column 3"", ""PDF page 1; detected table 1; row 11; column 4; source printed column 4"", ""PDF page 1; detected table 1; row 11; column 5; source printed column 5"", ""PDF page 1; detected table 1; row 11; column 8; source printed column 8"", ""PDF page 1; detected table 1; row 11; column 11; source printed column 11"", ""PDF page 1; detected table 1; row 11; column 12; source printed column 12"", ""PDF page 1; detected table 1; row 11; column 17; source printed column 17"", ""PDF page 1; detected table 1; row 11; column 18; source printed column 18"", ""PDF page 1; detected table 1; row 11; column 19; source printed column 19"", ""PDF page 1; detected table 1; row 11; column 20; source printed column 20"", ""PDF page 1; detected table 1; row 11; column 21; source printed column 21"", ""PDF page 1; detected table 1; row 11; column 22; source printed column 22"", ""PDF page 1; detected table 1; row 12; column 3; source printed column 3"", ""PDF page 1; detected table 1; row 12; column 4; source printed column 4"", ""PDF page 1; detected table 1; row 12; column 5; source printed column 5"", ""PDF page 1; detected table 1; row 12; column 8; source printed column 8"", ""PDF page 1; detected table 1; row 12; column 11; source printed column 11"", ""PDF page 1; detected table 1; row 12; column 12; source printed column 12"", ""PDF page 1; detected table 1; row 12; column 17; source printed column 17"", ""PDF page 1; detected table 1; row 12; column 18; source printed column 18"", ""PDF page 1; detected table 1; row 12; column 19; source printed column 19"", ""PDF page 1; detected table 1; row 12; column 20; source printed column 20"", ""PDF page 1; detected table 1; row 12; column 21; source printed column 21"", ""PDF page 1; detected table 1; row 12; column 22; source printed column 22"", ""PDF page 1; detected table 1; row 14; column 3; source printed column 3"", ""PDF page 1; detected table 1; row 14; column 4; source printed column 4"", ""PDF page 1; detected table 1; row 14; column 5; source printed column 5"", ""PDF page 1; detected table 1; row 14; column 8; source printed column 8"", ""PDF page 1; detected table 1; row 14; column 11; source printed column 11"", ""PDF page 1; detected table 1; row 14; column 12; source printed column 12"", ""PDF page 1; detected table 1; row 14; column 17; source printed column 17"", ""PDF page 1; detected table 1; row 14; column 18; source printed column 18"", ""PDF page 1; detected table 1; row 14; column 19; source printed column 19"", ""PDF page 1; detected table 1; row 14; column 20; source printed column 20"", ""PDF page 1; detected table 1; row 14; column 21; source printed column 21"", ""PDF page 1; detected table 1; row 14; column 22; source printed column 22"", ""PDF page 1; detected table 1; row 15; column 3; source printed column 3"", ""PDF page 1; detected table 1; row 15; column 4; source printed column 4"", ""PDF page 1; detected table 1; row 15; column 5; source printed column 5"", ""PDF page 1; detected table 1; row 15; column 8; source printed column 8"", ""PDF page 1; detected table 1; row 15; column 11; source printed column 11"", ""PDF page 1; detected table 1; row 15; column 12; source printed column 12"", ""PDF page 1; detected table 1; row 15; column 17; source printed column 17"", ""PDF page 1; detected table 1; row 15; column 18; source printed column 18"", ""PDF page 1; detected table 1; row 15; column 19; source printed column 19"", ""PDF page 1; detected table 1; row 15; column 20; source printed column 20"", ""PDF page 1; detected table 1; row 15; column 21; source printed column 21"", ""PDF page 1; detected table 1; row 15; column 22; source printed column 22"", ""PDF page 1; detected table 1; row 16; column 3; source printed column 3"", ""PDF page 1; detected table 1; row 16; column 4; source printed column 4"", ""PDF page 1; detected table 1; row 16; column 5; source printed column 5"", ""PDF page 1; detected table 1; row 16; column 8; source printed column 8"", ""PDF page 1; detected table 1; row 16; column 11; source printed column 11"", ""PDF page 1; detected table 1; row 16; column 12; source printed column 12"", ""PDF page 1; detected table 1; row 16; column 17; source printed column 17"", ""PDF page 1; detected table 1; row 16; column 18; source printed column 18"", ""PDF page 1; detected table 1; row 16; column 19; source printed column 19"", ""PDF page 1; detected table 1; row 16; column 20; source printed column 20"", ""PDF page 1; detected table 1; row 16; column 21; source printed column 21"", ""PDF page 1; detected table 1; row 16; column 22; source printed column 22"", ""PDF page 1; detected table 1; row 17; column 3; source printed column 3"", ""PDF page 1; detected table 1; row 17; column 4; source printed column 4"", ""PDF page 1; detected table 1; row 17; column 5; source printed column 5"", ""PDF page 1; detected table 1; row 17; column 8; source printed column 8"", ""PDF page 1; detected table 1; row 17; column 11; source printed column 11"", ""PDF page 1; detected table 1; row 17; column 12; source printed column 12"", ""PDF page 1; detected table 1; row 17; column 17; source printed column 17"", ""PDF page 1; detected table 1; row 17; column 18; source printed column 18"", ""PDF page 1; detected table 1; row 17; column 19; source printed column 19"", ""PDF page 1; detected table 1; row 17; column 20; source printed column 20"", ""PDF page 1; detected table 1; row 17; column 21; source printed column 21"", ""PDF page 1; detected table 1; row 17; column 22; source printed column 22""]",,,official,matched_source_context,0.9,Land Acquisition Details of Ganga Expressway File Size: 74.37KB | Language: Hindi 27-07-2021 Click here to View/Download ,1,562,normalized_observations_available,
G032,G032,REAL_002,,REAL_002,matched_source_context,ganga_land_status,https://upeida.up.gov.in/en/article/ganga-expressway?brd=2,https://upeida.up.gov.in/downloadmedia/siteContent/202108021720426483GE land.pdf,https://upeida.up.gov.in/downloadmedia/siteContent/202108021720426483GE%20land.pdf,government_official,1,pdf,UPEIDA,,,,,,,,project_and_district,2021-07-19,19-07-2021,official_index_upload_date,,,2026-09-05T10:26:09+00:00,project_research/REAL_002/02_state_district_land_acquisition/REAL_002_UPEIDA_ganga_land_status_2021-07-19_28ed22f419f0.pdf,28ed22f419f00fbaa201832f9d37f5befc414bd310b7edacbaa323d3a0d6b5d1,True,76287,200,application/octet-stream,,,downloaded,"[""acquisition_progress_pct"", ""affected_villages_count"", ""farmers_count"", ""land_acquired_ha"", ""land_purchase_remaining_ha"", ""land_purchased_ha"", ""land_required_ha"", ""land_resumed_exchanged_ha"", ""land_to_be_purchased_ha"", ""land_to_be_resumed_ha"", ""purchase_progress_pct"", ""sale_deeds_count""]","[""PDF page 1; detected table 1; row 8; column 3; source printed column 3"", ""PDF page 1; detected table 1; row 8; column 4; source printed column 4"", ""PDF page 1; detected table 1; row 8; column 5; source printed column 5"", ""PDF page 1; detected table 1; row 8; column 8; source printed column 8"", ""PDF page 1; detected table 1; row 8; column 11; source printed column 11"", ""PDF page 1; detected table 1; row 8; column 12; source printed column 12"", ""PDF page 1; detected table 1; row 8; column 17; source printed column 17"", ""PDF page 1; detected table 1; row 8; column 18; source printed column 18"", ""PDF page 1; detected table 1; row 8; column 19; source printed column 19"", ""PDF page 1; detected table 1; row 8; column 20; source printed column 20"", ""PDF page 1; detected table 1; row 8; column 21; source printed column 21"", ""PDF page 1; detected table 1; row 8; column 22; source printed column 22"", ""PDF page 1; detected table 1; row 9; column 3; source printed column 3"", ""PDF page 1; detected table 1; row 9; column 4; source printed column 4"", ""PDF page 1; detected table 1; row 9; column 5; source printed column 5"", ""PDF page 1; detected table 1; row 9; column 8; source printed column 8"", ""PDF page 1; detected table 1; row 9; column 11; source printed column 11"", ""PDF page 1; detected table 1; row 9; column 12; source printed column 12"", ""PDF page 1; detected table 1; row 9; column 17; source printed column 17"", ""PDF page 1; detected table 1; row 9; column 18; source printed column 18"", ""PDF page 1; detected table 1; row 9; column 19; source printed column 19"", ""PDF page 1; detected table 1; row 9; column 20; source printed column 20"", ""PDF page 1; detected table 1; row 9; column 21; source printed column 21"", ""PDF page 1; detected table 1; row 9; column 22; source printed column 22"", ""PDF page 1; detected table 1; row 10; column 3; source printed column 3"", ""PDF page 1; detected table 1; row 10; column 4; source printed column 4"", ""PDF page 1; detected table 1; row 10; column 5; source printed column 5"", ""PDF page 1; detected table 1; row 10; column 8; source printed column 8"", ""PDF page 1; detected table 1; row 10; column 11; source printed column 11"", ""PDF page 1; detected table 1; row 10; column 12; source printed column 12"", ""PDF page 1; detected table 1; row 10; column 17; source printed column 17"", ""PDF page 1; detected table 1; row 10; column 18; source printed column 18"", ""PDF page 1; detected table 1; row 10; column 19; source printed column 19"", ""PDF page 1; detected table 1; row 10; column 20; source printed column 20"", ""PDF page 1; detected table 1; row 10; column 21; source printed column 21"", ""PDF page 1; detected table 1; row 10; column 22; source printed column 22"", ""PDF page 1; detected table 1; row 11; column 3; source printed column 3"", ""PDF page 1; detected table 1; row 11; column 4; source printed column 4"", ""PDF page 1; detected table 1; row 11; column 5; source printed column 5"", ""PDF page 1; detected table 1; row 11; column 8; source printed column 8"", ""PDF page 1; detected table 1; row 11; column 11; source printed column 11"", ""PDF page 1; detected table 1; row 11; column 12; source printed column 12"", ""PDF page 1; detected table 1; row 11; column 17; source printed column 17"", ""PDF page 1; detected table 1; row 11; column 18; source printed column 18"", ""PDF page 1; detected table 1; row 11; column 19; source printed column 19"", ""PDF page 1; detected table 1; row 11; column 20; source printed column 20"", ""PDF page 1; detected table 1; row 11; column 21; source printed column 21"", ""PDF page 1; detected table 1; row 11; column 22; source printed column 22"", ""PDF page 1; detected table 1; row 12; column 3; source printed column 3"", ""PDF page 1; detected table 1; row 12; column 4; source printed column 4"", ""PDF page 1; detected table 1; row 12; column 5; source printed column 5"", ""PDF page 1; detected table 1; row 12; column 8; source printed column 8"", ""PDF page 1; detected table 1; row 12; column 11; source printed column 11"", ""PDF page 1; detected table 1; row 12; column 12; source printed column 12"", ""PDF page 1; detected table 1; row 12; column 17; source printed column 17"", ""PDF page 1; detected table 1; row 12; column 18; source printed column 18"", ""PDF page 1; detected table 1; row 12; column 19; source printed column 19"", ""PDF page 1; detected table 1; row 12; column 20; source printed column 20"", ""PDF page 1; detected table 1; row 12; column 21; source printed column 21"", ""PDF page 1; detected table 1; row 12; column 22; source printed column 22"", ""PDF page 1; detected table 1; row 14; column 3; source printed column 3"", ""PDF page 1; detected table 1; row 14; column 4; source printed column 4"", ""PDF page 1; detected table 1; row 14; column 5; source printed column 5"", ""PDF page 1; detected table 1; row 14; column 8; source printed column 8"", ""PDF page 1; detected table 1; row 14; column 11; source printed column 11"", ""PDF page 1; detected table 1; row 14; column 12; source printed column 12"", ""PDF page 1; detected table 1; row 14; column 17; source printed column 17"", ""PDF page 1; detected table 1; row 14; column 18; source printed column 18"", ""PDF page 1; detected table 1; row 14; column 19; source printed column 19"", ""PDF page 1; detected table 1; row 14; column 20; source printed column 20"", ""PDF page 1; detected table 1; row 14; column 21; source printed column 21"", ""PDF page 1; detected table 1; row 14; column 22; source printed column 22"", ""PDF page 1; detected table 1; row 15; column 3; source printed column 3"", ""PDF page 1; detected table 1; row 15; column 4; source printed column 4"", ""PDF page 1; detected table 1; row 15; column 5; source printed column 5"", ""PDF page 1; detected table 1; row 15; column 8; source printed column 8"", ""PDF page 1; detected table 1; row 15; column 11; source printed column 11"", ""PDF page 1; detected table 1; row 15; column 12; source printed column 12"", ""PDF page 1; detected table 1; row 15; column 17; source printed column 17"", ""PDF page 1; detected table 1; row 15; column 18; source printed column 18"", ""PDF page 1; detected table 1; row 15; column 19; source printed column 19"", ""PDF page 1; detected table 1; row 15; column 20; source printed column 20"", ""PDF page 1; detected table 1; row 15; column 21; source printed column 21"", ""PDF page 1; detected table 1; row 15; column 22; source printed column 22"", ""PDF page 1; detected table 1; row 16; column 3; source printed column 3"", ""PDF page 1; detected table 1; row 16; column 4; source printed column 4"", ""PDF page 1; detected table 1; row 16; column 5; source printed column 5"", ""PDF page 1; detected table 1; row 16; column 8; source printed column 8"", ""PDF page 1; detected table 1; row 16; column 11; source printed column 11"", ""PDF page 1; detected table 1; row 16; column 12; source printed column 12"", ""PDF page 1; detected table 1; row 16; column 17; source printed column 17"", ""PDF page 1; detected table 1; row 16; column 18; source printed column 18"", ""PDF page 1; detected table 1; row 16; column 19; source printed column 19"", ""PDF page 1; detected table 1; row 16; column 20; source printed column 20"", ""PDF page 1; detected table 1; row 16; column 21; source printed column 21"", ""PDF page 1; detected table 1; row 16; column 22; source printed column 22"", ""PDF page 1; detected table 1; row 17; column 3; source printed column 3"", ""PDF page 1; detected table 1; row 17; column 4; source printed column 4"", ""PDF page 1; detected table 1; row 17; column 5; source printed column 5"", ""PDF page 1; detected table 1; row 17; column 8; source printed column 8"", ""PDF page 1; detected table 1; row 17; column 11; source printed column 11"", ""PDF page 1; detected table 1; row 17; column 12; source printed column 12"", ""PDF page 1; detected table 1; row 17; column 17; source printed column 17"", ""PDF page 1; detected table 1; row 17; column 18; source printed column 18"", ""PDF page 1; detected table 1; row 17; column 19; source printed column 19"", ""PDF page 1; detected table 1; row 17; column 20; source printed column 20"", ""PDF page 1; detected table 1; row 17; column 21; source printed column 21"", ""PDF page 1; detected table 1; row 17; column 22; source printed column 22""]",,,official,matched_source_context,0.9,Land Acquisition Details of Ganga Expressway File Size: 74.50KB | Language: Hindi 19-07-2021 Click here to View/Download ,1,562,normalized_observations_available,
G033,G033,REAL_002,,REAL_002,matched_source_context,ganga_land_status,https://upeida.up.gov.in/en/article/ganga-expressway?brd=2,https://upeida.up.gov.in/downloadmedia/siteContent/202108021719268953Ganga Expressway status.pdf,https://upeida.up.gov.in/downloadmedia/siteContent/202108021719268953Ganga%20Expressway%20status.pdf,government_official,1,pdf,UPEIDA,,,,,,,,project_and_district,2021-07-12,12-07-2021,official_index_upload_date,,,2026-09-05T10:26:10+00:00,project_research/REAL_002/02_state_district_land_acquisition/REAL_002_UPEIDA_ganga_land_status_2021-07-12_b9082088644d.pdf,b9082088644dd29e92928cf69f848dda2984616dc34c464b11c3f7898896f549,True,73055,200,application/octet-stream,,,downloaded,"[""acquisition_progress_pct"", ""affected_villages_count"", ""farmers_count"", ""land_acquired_ha"", ""land_purchase_remaining_ha"", ""land_purchased_ha"", ""land_required_ha"", ""land_resumed_exchanged_ha"", ""land_to_be_purchased_ha"", ""land_to_be_resumed_ha"", ""purchase_progress_pct"", ""sale_deeds_count""]","[""PDF page 1; detected table 1; row 7; column 3; source printed column 3"", ""PDF page 1; detected table 1; row 7; column 4; source printed column 4"", ""PDF page 1; detected table 1; row 7; column 5; source printed column 5"", ""PDF page 1; detected table 1; row 7; column 8; source printed column 8"", ""PDF page 1; detected table 1; row 7; column 11; source printed column 11"", ""PDF page 1; detected table 1; row 7; column 12; source printed column 12"", ""PDF page 1; detected table 1; row 7; column 17; source printed column 17"", ""PDF page 1; detected table 1; row 7; column 18; source printed column 18"", ""PDF page 1; detected table 1; row 7; column 19; source printed column 19"", ""PDF page 1; detected table 1; row 7; column 20; source printed column 20"", ""PDF page 1; detected table 1; row 7; column 21; source printed column 21"", ""PDF page 1; detected table 1; row 7; column 22; source printed column 22"", ""PDF page 1; detected table 1; row 8; column 3; source printed column 3"", ""PDF page 1; detected table 1; row 8; column 4; source printed column 4"", ""PDF page 1; detected table 1; row 8; column 5; source printed column 5"", ""PDF page 1; detected table 1; row 8; column 8; source printed column 8"", ""PDF page 1; detected table 1; row 8; column 11; source printed column 11"", ""PDF page 1; detected table 1; row 8; column 12; source printed column 12"", ""PDF page 1; detected table 1; row 8; column 17; source printed column 17"", ""PDF page 1; detected table 1; row 8; column 18; source printed column 18"", ""PDF page 1; detected table 1; row 8; column 19; source printed column 19"", ""PDF page 1; detected table 1; row 8; column 20; source printed column 20"", ""PDF page 1; detected table 1; row 8; column 21; source printed column 21"", ""PDF page 1; detected table 1; row 8; column 22; source printed column 22"", ""PDF page 1; detected table 1; row 9; column 3; source printed column 3"", ""PDF page 1; detected table 1; row 9; column 4; source printed column 4"", ""PDF page 1; detected table 1; row 9; column 5; source printed column 5"", ""PDF page 1; detected table 1; row 9; column 8; source printed column 8"", ""PDF page 1; detected table 1; row 9; column 11; source printed column 11"", ""PDF page 1; detected table 1; row 9; column 12; source printed column 12"", ""PDF page 1; detected table 1; row 9; column 17; source printed column 17"", ""PDF page 1; detected table 1; row 9; column 18; source printed column 18"", ""PDF page 1; detected table 1; row 9; column 19; source printed column 19"", ""PDF page 1; detected table 1; row 9; column 20; source printed column 20"", ""PDF page 1; detected table 1; row 9; column 21; source printed column 21"", ""PDF page 1; detected table 1; row 9; column 22; source printed column 22"", ""PDF page 1; detected table 1; row 10; column 3; source printed column 3"", ""PDF page 1; detected table 1; row 10; column 4; source printed column 4"", ""PDF page 1; detected table 1; row 10; column 5; source printed column 5"", ""PDF page 1; detected table 1; row 10; column 8; source printed column 8"", ""PDF page 1; detected table 1; row 10; column 11; source printed column 11"", ""PDF page 1; detected table 1; row 10; column 12; source printed column 12"", ""PDF page 1; detected table 1; row 10; column 17; source printed column 17"", ""PDF page 1; detected table 1; row 10; column 18; source printed column 18"", ""PDF page 1; detected table 1; row 10; column 19; source printed column 19"", ""PDF page 1; detected table 1; row 10; column 20; source printed column 20"", ""PDF page 1; detected table 1; row 10; column 21; source printed column 21"", ""PDF page 1; detected table 1; row 10; column 22; source printed column 22"", ""PDF page 1; detected table 1; row 11; column 3; source printed column 3"", ""PDF page 1; detected table 1; row 11; column 4; source printed column 4"", ""PDF page 1; detected table 1; row 11; column 5; source printed column 5"", ""PDF page 1; detected table 1; row 11; column 8; source printed column 8"", ""PDF page 1; detected table 1; row 11; column 11; source printed column 11"", ""PDF page 1; detected table 1; row 11; column 12; source printed column 12"", ""PDF page 1; detected table 1; row 11; column 17; source printed column 17"", ""PDF page 1; detected table 1; row 11; column 18; source printed column 18"", ""PDF page 1; detected table 1; row 11; column 19; source printed column 19"", ""PDF page 1; detected table 1; row 11; column 20; source printed column 20"", ""PDF page 1; detected table 1; row 11; column 21; source printed column 21"", ""PDF page 1; detected table 1; row 11; column 22; source printed column 22"", ""PDF page 1; detected table 1; row 12; column 3; source printed column 3"", ""PDF page 1; detected table 1; row 12; column 4; source printed column 4"", ""PDF page 1; detected table 1; row 12; column 5; source printed column 5"", ""PDF page 1; detected table 1; row 12; column 8; source printed column 8"", ""PDF page 1; detected table 1; row 12; column 11; source printed column 11"", ""PDF page 1; detected table 1; row 12; column 12; source printed column 12"", ""PDF page 1; detected table 1; row 12; column 17; source printed column 17"", ""PDF page 1; detected table 1; row 12; column 18; source printed column 18"", ""PDF page 1; detected table 1; row 12; column 19; source printed column 19"", ""PDF page 1; detected table 1; row 12; column 20; source printed column 20"", ""PDF page 1; detected table 1; row 12; column 21; source printed column 21"", ""PDF page 1; detected table 1; row 12; column 22; source printed column 22"", ""PDF page 1; detected table 1; row 14; column 3; source printed column 3"", ""PDF page 1; detected table 1; row 14; column 4; source printed column 4"", ""PDF page 1; detected table 1; row 14; column 5; source printed column 5"", ""PDF page 1; detected table 1; row 14; column 8; source printed column 8"", ""PDF page 1; detected table 1; row 14; column 11; source printed column 11"", ""PDF page 1; detected table 1; row 14; column 12; source printed column 12"", ""PDF page 1; detected table 1; row 14; column 17; source printed column 17"", ""PDF page 1; detected table 1; row 14; column 18; source printed column 18"", ""PDF page 1; detected table 1; row 14; column 19; source printed column 19"", ""PDF page 1; detected table 1; row 14; column 20; source printed column 20"", ""PDF page 1; detected table 1; row 14; column 21; source printed column 21"", ""PDF page 1; detected table 1; row 14; column 22; source printed column 22"", ""PDF page 1; detected table 1; row 16; column 3; source printed column 3"", ""PDF page 1; detected table 1; row 16; column 4; source printed column 4"", ""PDF page 1; detected table 1; row 16; column 5; source printed column 5"", ""PDF page 1; detected table 1; row 16; column 8; source printed column 8"", ""PDF page 1; detected table 1; row 16; column 11; source printed column 11"", ""PDF page 1; detected table 1; row 16; column 12; source printed column 12"", ""PDF page 1; detected table 1; row 16; column 17; source printed column 17"", ""PDF page 1; detected table 1; row 16; column 18; source printed column 18"", ""PDF page 1; detected table 1; row 16; column 19; source printed column 19"", ""PDF page 1; detected table 1; row 16; column 20; source printed column 20"", ""PDF page 1; detected table 1; row 16; column 21; source printed column 21"", ""PDF page 1; detected table 1; row 16; column 22; source printed column 22"", ""PDF page 1; detected table 1; row 17; column 3; source printed column 3"", ""PDF page 1; detected table 1; row 17; column 4; source printed column 4"", ""PDF page 1; detected table 1; row 17; column 5; source printed column 5"", ""PDF page 1; detected table 1; row 17; column 8; source printed column 8"", ""PDF page 1; detected table 1; row 17; column 11; source printed column 11"", ""PDF page 1; detected table 1; row 17; column 12; source printed column 12"", ""PDF page 1; detected table 1; row 17; column 17; source printed column 17"", ""PDF page 1; detected table 1; row 17; column 18; source printed column 18"", ""PDF page 1; detected table 1; row 17; column 19; source printed column 19"", ""PDF page 1; detected table 1; row 17; column 20; source printed column 20"", ""PDF page 1; detected table 1; row 17; column 21; source printed column 21"", ""PDF page 1; detected table 1; row 17; column 22; source printed column 22"", ""PDF page 1; detected table 1; row 18; column 3; source printed column 3"", ""PDF page 1; detected table 1; row 18; column 4; source printed column 4"", ""PDF page 1; detected table 1; row 18; column 5; source printed column 5"", ""PDF page 1; detected table 1; row 18; column 8; source printed column 8"", ""PDF page 1; detected table 1; row 18; column 11; source printed column 11"", ""PDF page 1; detected table 1; row 18; column 12; source printed column 12"", ""PDF page 1; detected table 1; row 18; column 17; source printed column 17"", ""PDF page 1; detected table 1; row 18; column 18; source printed column 18"", ""PDF page 1; detected table 1; row 18; column 19; source printed column 19"", ""PDF page 1; detected table 1; row 18; column 20; source printed column 20"", ""PDF page 1; detected table 1; row 18; column 21; source printed column 21"", ""PDF page 1; detected table 1; row 18; column 22; source printed column 22""]",,,official,matched_source_context,0.9,Land Acquisition Details of Ganga Expressway File Size: 71.34KB | Language: Hindi 12-07-2021 Click here to View/Download ,1,452,normalized_observations_available,
G034,G034,REAL_002,,REAL_002,matched_source_context,ganga_land_status,https://upeida.up.gov.in/en/article/ganga-expressway?brd=2,https://upeida.up.gov.in/downloadmedia/siteContent/202108021718090796Ganga Expressway.pdf,https://upeida.up.gov.in/downloadmedia/siteContent/202108021718090796Ganga%20Expressway.pdf,government_official,1,pdf,UPEIDA,,,,,,,,project_and_district,2021-07-06,06-07-2021,official_index_upload_date,,,2026-09-05T10:26:11+00:00,project_research/REAL_002/02_state_district_land_acquisition/REAL_002_UPEIDA_ganga_land_status_2021-07-06_8a7b167ad75b.pdf,8a7b167ad75b2bc1ee8dc8d04eca14a57fc039739087849cf1c83f865cf9e382,True,71787,200,application/octet-stream,,,downloaded,"[""acquisition_progress_pct"", ""affected_villages_count"", ""farmers_count"", ""land_acquired_ha"", ""land_purchase_remaining_ha"", ""land_purchased_ha"", ""land_required_ha"", ""land_resumed_exchanged_ha"", ""land_to_be_purchased_ha"", ""land_to_be_resumed_ha"", ""purchase_progress_pct"", ""sale_deeds_count""]","[""PDF page 1; detected table 1; row 7; column 3; source printed column 3"", ""PDF page 1; detected table 1; row 7; column 4; source printed column 4"", ""PDF page 1; detected table 1; row 7; column 5; source printed column 5"", ""PDF page 1; detected table 1; row 7; column 8; source printed column 8"", ""PDF page 1; detected table 1; row 7; column 11; source printed column 11"", ""PDF page 1; detected table 1; row 7; column 12; source printed column 12"", ""PDF page 1; detected table 1; row 7; column 17; source printed column 17"", ""PDF page 1; detected table 1; row 7; column 18; source printed column 18"", ""PDF page 1; detected table 1; row 7; column 19; source printed column 19"", ""PDF page 1; detected table 1; row 7; column 20; source printed column 20"", ""PDF page 1; detected table 1; row 7; column 21; source printed column 21"", ""PDF page 1; detected table 1; row 7; column 22; source printed column 22"", ""PDF page 1; detected table 1; row 8; column 3; source printed column 3"", ""PDF page 1; detected table 1; row 8; column 4; source printed column 4"", ""PDF page 1; detected table 1; row 8; column 5; source printed column 5"", ""PDF page 1; detected table 1; row 8; column 8; source printed column 8"", ""PDF page 1; detected table 1; row 8; column 11; source printed column 11"", ""PDF page 1; detected table 1; row 8; column 12; source printed column 12"", ""PDF page 1; detected table 1; row 8; column 17; source printed column 17"", ""PDF page 1; detected table 1; row 8; column 18; source printed column 18"", ""PDF page 1; detected table 1; row 8; column 19; source printed column 19"", ""PDF page 1; detected table 1; row 8; column 20; source printed column 20"", ""PDF page 1; detected table 1; row 8; column 21; source printed column 21"", ""PDF page 1; detected table 1; row 8; column 22; source printed column 22"", ""PDF page 1; detected table 1; row 9; column 3; source printed column 3"", ""PDF page 1; detected table 1; row 9; column 4; source printed column 4"", ""PDF page 1; detected table 1; row 9; column 5; source printed column 5"", ""PDF page 1; detected table 1; row 9; column 8; source printed column 8"", ""PDF page 1; detected table 1; row 9; column 11; source printed column 11"", ""PDF page 1; detected table 1; row 9; column 12; source printed column 12"", ""PDF page 1; detected table 1; row 9; column 17; source printed column 17"", ""PDF page 1; detected table 1; row 9; column 18; source printed column 18"", ""PDF page 1; detected table 1; row 9; column 19; source printed column 19"", ""PDF page 1; detected table 1; row 9; column 20; source printed column 20"", ""PDF page 1; detected table 1; row 9; column 21; source printed column 21"", ""PDF page 1; detected table 1; row 9; column 22; source printed column 22"", ""PDF page 1; detected table 1; row 10; column 3; source printed column 3"", ""PDF page 1; detected table 1; row 10; column 4; source printed column 4"", ""PDF page 1; detected table 1; row 10; column 5; source printed column 5"", ""PDF page 1; detected table 1; row 10; column 8; source printed column 8"", ""PDF page 1; detected table 1; row 10; column 11; source printed column 11"", ""PDF page 1; detected table 1; row 10; column 12; source printed column 12"", ""PDF page 1; detected table 1; row 10; column 17; source printed column 17"", ""PDF page 1; detected table 1; row 10; column 18; source printed column 18"", ""PDF page 1; detected table 1; row 10; column 19; source printed column 19"", ""PDF page 1; detected table 1; row 10; column 20; source printed column 20"", ""PDF page 1; detected table 1; row 10; column 21; source printed column 21"", ""PDF page 1; detected table 1; row 10; column 22; source printed column 22"", ""PDF page 1; detected table 1; row 11; column 3; source printed column 3"", ""PDF page 1; detected table 1; row 11; column 4; source printed column 4"", ""PDF page 1; detected table 1; row 11; column 5; source printed column 5"", ""PDF page 1; detected table 1; row 11; column 8; source printed column 8"", ""PDF page 1; detected table 1; row 11; column 11; source printed column 11"", ""PDF page 1; detected table 1; row 11; column 12; source printed column 12"", ""PDF page 1; detected table 1; row 11; column 17; source printed column 17"", ""PDF page 1; detected table 1; row 11; column 18; source printed column 18"", ""PDF page 1; detected table 1; row 11; column 19; source printed column 19"", ""PDF page 1; detected table 1; row 11; column 20; source printed column 20"", ""PDF page 1; detected table 1; row 11; column 21; source printed column 21"", ""PDF page 1; detected table 1; row 11; column 22; source printed column 22"", ""PDF page 1; detected table 1; row 12; column 3; source printed column 3"", ""PDF page 1; detected table 1; row 12; column 4; source printed column 4"", ""PDF page 1; detected table 1; row 12; column 5; source printed column 5"", ""PDF page 1; detected table 1; row 12; column 8; source printed column 8"", ""PDF page 1; detected table 1; row 12; column 11; source printed column 11"", ""PDF page 1; detected table 1; row 12; column 12; source printed column 12"", ""PDF page 1; detected table 1; row 12; column 17; source printed column 17"", ""PDF page 1; detected table 1; row 12; column 18; source printed column 18"", ""PDF page 1; detected table 1; row 12; column 19; source printed column 19"", ""PDF page 1; detected table 1; row 12; column 20; source printed column 20"", ""PDF page 1; detected table 1; row 12; column 21; source printed column 21"", ""PDF page 1; detected table 1; row 12; column 22; source printed column 22"", ""PDF page 1; detected table 1; row 13; column 3; source printed column 3"", ""PDF page 1; detected table 1; row 13; column 4; source printed column 4"", ""PDF page 1; detected table 1; row 13; column 5; source printed column 5"", ""PDF page 1; detected table 1; row 13; column 8; source printed column 8"", ""PDF page 1; detected table 1; row 13; column 11; source printed column 11"", ""PDF page 1; detected table 1; row 13; column 12; source printed column 12"", ""PDF page 1; detected table 1; row 13; column 17; source printed column 17"", ""PDF page 1; detected table 1; row 13; column 18; source printed column 18"", ""PDF page 1; detected table 1; row 13; column 19; source printed column 19"", ""PDF page 1; detected table 1; row 13; column 20; source printed column 20"", ""PDF page 1; detected table 1; row 13; column 21; source printed column 21"", ""PDF page 1; detected table 1; row 13; column 22; source printed column 22"", ""PDF page 1; detected table 1; row 14; column 3; source printed column 3"", ""PDF page 1; detected table 1; row 14; column 4; source printed column 4"", ""PDF page 1; detected table 1; row 14; column 5; source printed column 5"", ""PDF page 1; detected table 1; row 14; column 8; source printed column 8"", ""PDF page 1; detected table 1; row 14; column 11; source printed column 11"", ""PDF page 1; detected table 1; row 14; column 12; source printed column 12"", ""PDF page 1; detected table 1; row 14; column 17; source printed column 17"", ""PDF page 1; detected table 1; row 14; column 18; source printed column 18"", ""PDF page 1; detected table 1; row 14; column 19; source printed column 19"", ""PDF page 1; detected table 1; row 14; column 20; source printed column 20"", ""PDF page 1; detected table 1; row 14; column 21; source printed column 21"", ""PDF page 1; detected table 1; row 14; column 22; source printed column 22"", ""PDF page 1; detected table 1; row 16; column 3; source printed column 3"", ""PDF page 1; detected table 1; row 16; column 4; source printed column 4"", ""PDF page 1; detected table 1; row 16; column 5; source printed column 5"", ""PDF page 1; detected table 1; row 16; column 8; source printed column 8"", ""PDF page 1; detected table 1; row 16; column 11; source printed column 11"", ""PDF page 1; detected table 1; row 16; column 12; source printed column 12"", ""PDF page 1; detected table 1; row 16; column 17; source printed column 17"", ""PDF page 1; detected table 1; row 16; column 18; source printed column 18"", ""PDF page 1; detected table 1; row 16; column 19; source printed column 19"", ""PDF page 1; detected table 1; row 16; column 20; source printed column 20"", ""PDF page 1; detected table 1; row 16; column 21; source printed column 21"", ""PDF page 1; detected table 1; row 16; column 22; source printed column 22"", ""PDF page 1; detected table 1; row 17; column 3; source printed column 3"", ""PDF page 1; detected table 1; row 17; column 4; source printed column 4"", ""PDF page 1; detected table 1; row 17; column 5; source printed column 5"", ""PDF page 1; detected table 1; row 17; column 8; source printed column 8"", ""PDF page 1; detected table 1; row 17; column 11; source printed column 11"", ""PDF page 1; detected table 1; row 17; column 12; source printed column 12"", ""PDF page 1; detected table 1; row 17; column 17; source printed column 17"", ""PDF page 1; detected table 1; row 17; column 18; source printed column 18"", ""PDF page 1; detected table 1; row 17; column 19; source printed column 19"", ""PDF page 1; detected table 1; row 17; column 20; source printed column 20"", ""PDF page 1; detected table 1; row 17; column 21; source printed column 21"", ""PDF page 1; detected table 1; row 17; column 22; source printed column 22"", ""PDF page 1; detected table 1; row 18; column 3; source printed column 3"", ""PDF page 1; detected table 1; row 18; column 4; source printed column 4"", ""PDF page 1; detected table 1; row 18; column 5; source printed column 5"", ""PDF page 1; detected table 1; row 18; column 8; source printed column 8"", ""PDF page 1; detected table 1; row 18; column 11; source printed column 11"", ""PDF page 1; detected table 1; row 18; column 12; source printed column 12"", ""PDF page 1; detected table 1; row 18; column 17; source printed column 17"", ""PDF page 1; detected table 1; row 18; column 18; source printed column 18"", ""PDF page 1; detected table 1; row 18; column 19; source printed column 19"", ""PDF page 1; detected table 1; row 18; column 20; source printed column 20"", ""PDF page 1; detected table 1; row 18; column 21; source printed column 21"", ""PDF page 1; detected table 1; row 18; column 22; source printed column 22""]",,,official,matched_source_context,0.9,Land Acquisition Details of Ganga Expressway File Size: 70.10KB | Language: Hindi 06-07-2021 Click here to View/Download ,1,364,normalized_observations_available,
G035,G035,REAL_002,,REAL_002,matched_source_context,ganga_land_status,https://upeida.up.gov.in/en/article/ganga-expressway?brd=2,https://upeida.up.gov.in/downloadmedia/siteContent/202108021716461544Ganga Expressway LS.pdf,https://upeida.up.gov.in/downloadmedia/siteContent/202108021716461544Ganga%20Expressway%20LS.pdf,government_official,1,pdf,UPEIDA,,,,,,,,project_and_district,2021-06-28,28-06-2021,official_index_upload_date,,,2026-09-05T10:26:12+00:00,project_research/REAL_002/02_state_district_land_acquisition/REAL_002_UPEIDA_ganga_land_status_2021-06-28_7249a8ad0657.pdf,7249a8ad0657dcf41e8cec027f59371b3e90406c91834f3a7041813e6e8fa601,True,70921,200,application/octet-stream,,,downloaded,"[""acquisition_progress_pct"", ""affected_villages_count"", ""farmers_count"", ""land_acquired_ha"", ""land_purchase_remaining_ha"", ""land_purchased_ha"", ""land_required_ha"", ""land_resumed_exchanged_ha"", ""land_to_be_purchased_ha"", ""land_to_be_resumed_ha"", ""purchase_progress_pct"", ""sale_deeds_count""]","[""PDF page 1; detected table 1; row 7; column 3; source printed column 3"", ""PDF page 1; detected table 1; row 7; column 4; source printed column 4"", ""PDF page 1; detected table 1; row 7; column 5; source printed column 5"", ""PDF page 1; detected table 1; row 7; column 8; source printed column 8"", ""PDF page 1; detected table 1; row 7; column 11; source printed column 11"", ""PDF page 1; detected table 1; row 7; column 12; source printed column 12"", ""PDF page 1; detected table 1; row 7; column 17; source printed column 17"", ""PDF page 1; detected table 1; row 7; column 18; source printed column 18"", ""PDF page 1; detected table 1; row 7; column 19; source printed column 19"", ""PDF page 1; detected table 1; row 7; column 20; source printed column 20"", ""PDF page 1; detected table 1; row 7; column 21; source printed column 21"", ""PDF page 1; detected table 1; row 7; column 22; source printed column 22"", ""PDF page 1; detected table 1; row 8; column 3; source printed column 3"", ""PDF page 1; detected table 1; row 8; column 4; source printed column 4"", ""PDF page 1; detected table 1; row 8; column 5; source printed column 5"", ""PDF page 1; detected table 1; row 8; column 8; source printed column 8"", ""PDF page 1; detected table 1; row 8; column 11; source printed column 11"", ""PDF page 1; detected table 1; row 8; column 12; source printed column 12"", ""PDF page 1; detected table 1; row 8; column 17; source printed column 17"", ""PDF page 1; detected table 1; row 8; column 18; source printed column 18"", ""PDF page 1; detected table 1; row 8; column 19; source printed column 19"", ""PDF page 1; detected table 1; row 8; column 20; source printed column 20"", ""PDF page 1; detected table 1; row 8; column 21; source printed column 21"", ""PDF page 1; detected table 1; row 8; column 22; source printed column 22"", ""PDF page 1; detected table 1; row 9; column 3; source printed column 3"", ""PDF page 1; detected table 1; row 9; column 4; source printed column 4"", ""PDF page 1; detected table 1; row 9; column 5; source printed column 5"", ""PDF page 1; detected table 1; row 9; column 8; source printed column 8"", ""PDF page 1; detected table 1; row 9; column 11; source printed column 11"", ""PDF page 1; detected table 1; row 9; column 12; source printed column 12"", ""PDF page 1; detected table 1; row 9; column 17; source printed column 17"", ""PDF page 1; detected table 1; row 9; column 18; source printed column 18"", ""PDF page 1; detected table 1; row 9; column 19; source printed column 19"", ""PDF page 1; detected table 1; row 9; column 20; source printed column 20"", ""PDF page 1; detected table 1; row 9; column 21; source printed column 21"", ""PDF page 1; detected table 1; row 9; column 22; source printed column 22"", ""PDF page 1; detected table 1; row 10; column 3; source printed column 3"", ""PDF page 1; detected table 1; row 10; column 4; source printed column 4"", ""PDF page 1; detected table 1; row 10; column 5; source printed column 5"", ""PDF page 1; detected table 1; row 10; column 8; source printed column 8"", ""PDF page 1; detected table 1; row 10; column 11; source printed column 11"", ""PDF page 1; detected table 1; row 10; column 12; source printed column 12"", ""PDF page 1; detected table 1; row 10; column 17; source printed column 17"", ""PDF page 1; detected table 1; row 10; column 18; source printed column 18"", ""PDF page 1; detected table 1; row 10; column 19; source printed column 19"", ""PDF page 1; detected table 1; row 10; column 20; source printed column 20"", ""PDF page 1; detected table 1; row 10; column 21; source printed column 21"", ""PDF page 1; detected table 1; row 10; column 22; source printed column 22"", ""PDF page 1; detected table 1; row 11; column 3; source printed column 3"", ""PDF page 1; detected table 1; row 11; column 4; source printed column 4"", ""PDF page 1; detected table 1; row 11; column 5; source printed column 5"", ""PDF page 1; detected table 1; row 11; column 8; source printed column 8"", ""PDF page 1; detected table 1; row 11; column 11; source printed column 11"", ""PDF page 1; detected table 1; row 11; column 12; source printed column 12"", ""PDF page 1; detected table 1; row 11; column 17; source printed column 17"", ""PDF page 1; detected table 1; row 11; column 18; source printed column 18"", ""PDF page 1; detected table 1; row 11; column 19; source printed column 19"", ""PDF page 1; detected table 1; row 11; column 20; source printed column 20"", ""PDF page 1; detected table 1; row 11; column 21; source printed column 21"", ""PDF page 1; detected table 1; row 11; column 22; source printed column 22"", ""PDF page 1; detected table 1; row 12; column 3; source printed column 3"", ""PDF page 1; detected table 1; row 12; column 4; source printed column 4"", ""PDF page 1; detected table 1; row 12; column 5; source printed column 5"", ""PDF page 1; detected table 1; row 12; column 8; source printed column 8"", ""PDF page 1; detected table 1; row 12; column 11; source printed column 11"", ""PDF page 1; detected table 1; row 12; column 12; source printed column 12"", ""PDF page 1; detected table 1; row 12; column 17; source printed column 17"", ""PDF page 1; detected table 1; row 12; column 18; source printed column 18"", ""PDF page 1; detected table 1; row 12; column 19; source printed column 19"", ""PDF page 1; detected table 1; row 12; column 20; source printed column 20"", ""PDF page 1; detected table 1; row 12; column 21; source printed column 21"", ""PDF page 1; detected table 1; row 12; column 22; source printed column 22"", ""PDF page 1; detected table 1; row 14; column 3; source printed column 3"", ""PDF page 1; detected table 1; row 14; column 4; source printed column 4"", ""PDF page 1; detected table 1; row 14; column 5; source printed column 5"", ""PDF page 1; detected table 1; row 14; column 8; source printed column 8"", ""PDF page 1; detected table 1; row 14; column 11; source printed column 11"", ""PDF page 1; detected table 1; row 14; column 12; source printed column 12"", ""PDF page 1; detected table 1; row 14; column 17; source printed column 17"", ""PDF page 1; detected table 1; row 14; column 18; source printed column 18"", ""PDF page 1; detected table 1; row 14; column 19; source printed column 19"", ""PDF page 1; detected table 1; row 14; column 20; source printed column 20"", ""PDF page 1; detected table 1; row 14; column 21; source printed column 21"", ""PDF page 1; detected table 1; row 14; column 22; source printed column 22"", ""PDF page 1; detected table 1; row 16; column 3; source printed column 3"", ""PDF page 1; detected table 1; row 16; column 4; source printed column 4"", ""PDF page 1; detected table 1; row 16; column 5; source printed column 5"", ""PDF page 1; detected table 1; row 16; column 8; source printed column 8"", ""PDF page 1; detected table 1; row 16; column 11; source printed column 11"", ""PDF page 1; detected table 1; row 16; column 12; source printed column 12"", ""PDF page 1; detected table 1; row 16; column 17; source printed column 17"", ""PDF page 1; detected table 1; row 16; column 18; source printed column 18"", ""PDF page 1; detected table 1; row 16; column 19; source printed column 19"", ""PDF page 1; detected table 1; row 16; column 20; source printed column 20"", ""PDF page 1; detected table 1; row 16; column 21; source printed column 21"", ""PDF page 1; detected table 1; row 16; column 22; source printed column 22"", ""PDF page 1; detected table 1; row 17; column 3; source printed column 3"", ""PDF page 1; detected table 1; row 17; column 4; source printed column 4"", ""PDF page 1; detected table 1; row 17; column 5; source printed column 5"", ""PDF page 1; detected table 1; row 17; column 8; source printed column 8"", ""PDF page 1; detected table 1; row 17; column 11; source printed column 11"", ""PDF page 1; detected table 1; row 17; column 12; source printed column 12"", ""PDF page 1; detected table 1; row 17; column 17; source printed column 17"", ""PDF page 1; detected table 1; row 17; column 18; source printed column 18"", ""PDF page 1; detected table 1; row 17; column 19; source printed column 19"", ""PDF page 1; detected table 1; row 17; column 20; source printed column 20"", ""PDF page 1; detected table 1; row 17; column 21; source printed column 21"", ""PDF page 1; detected table 1; row 17; column 22; source printed column 22"", ""PDF page 1; detected table 1; row 18; column 3; source printed column 3"", ""PDF page 1; detected table 1; row 18; column 4; source printed column 4"", ""PDF page 1; detected table 1; row 18; column 5; source printed column 5"", ""PDF page 1; detected table 1; row 18; column 8; source printed column 8"", ""PDF page 1; detected table 1; row 18; column 11; source printed column 11"", ""PDF page 1; detected table 1; row 18; column 12; source printed column 12"", ""PDF page 1; detected table 1; row 18; column 17; source printed column 17"", ""PDF page 1; detected table 1; row 18; column 18; source printed column 18"", ""PDF page 1; detected table 1; row 18; column 19; source printed column 19"", ""PDF page 1; detected table 1; row 18; column 20; source printed column 20"", ""PDF page 1; detected table 1; row 18; column 21; source printed column 21"", ""PDF page 1; detected table 1; row 18; column 22; source printed column 22""]",,,official,matched_source_context,0.9,Land Acquisition Details of Ganga Expressway File Size: 69.26KB | Language: Hindi 28-06-2021 Click here to View/Download ,1,474,normalized_observations_available,
G036,G036,REAL_002,,REAL_002,matched_source_context,ganga_land_status,https://upeida.up.gov.in/en/article/ganga-expressway?brd=2,https://upeida.up.gov.in/downloadmedia/siteContent/202108021713556006Ganga Expressway land.pdf,https://upeida.up.gov.in/downloadmedia/siteContent/202108021713556006Ganga%20Expressway%20land.pdf,government_official,1,pdf,UPEIDA,,,,,,,,project_and_district,2021-06-21,21-06-2021,official_index_upload_date,,,2026-09-05T10:26:13+00:00,project_research/REAL_002/02_state_district_land_acquisition/REAL_002_UPEIDA_ganga_land_status_2021-06-21_c408afc02a3c.pdf,c408afc02a3c37ac88ade94f67685e6b5cf19ebb56d895f8ffc04d70178f8512,True,71799,200,application/octet-stream,,,downloaded,"[""acquisition_progress_pct"", ""affected_villages_count"", ""farmers_count"", ""land_acquired_ha"", ""land_purchase_remaining_ha"", ""land_purchased_ha"", ""land_required_ha"", ""land_resumed_exchanged_ha"", ""land_to_be_purchased_ha"", ""land_to_be_resumed_ha"", ""purchase_progress_pct"", ""sale_deeds_count""]","[""PDF page 1; detected table 1; row 7; column 3; source printed column 3"", ""PDF page 1; detected table 1; row 7; column 4; source printed column 4"", ""PDF page 1; detected table 1; row 7; column 5; source printed column 5"", ""PDF page 1; detected table 1; row 7; column 8; source printed column 8"", ""PDF page 1; detected table 1; row 7; column 11; source printed column 11"", ""PDF page 1; detected table 1; row 7; column 12; source printed column 12"", ""PDF page 1; detected table 1; row 7; column 17; source printed column 17"", ""PDF page 1; detected table 1; row 7; column 18; source printed column 18"", ""PDF page 1; detected table 1; row 7; column 19; source printed column 19"", ""PDF page 1; detected table 1; row 7; column 20; source printed column 20"", ""PDF page 1; detected table 1; row 7; column 21; source printed column 21"", ""PDF page 1; detected table 1; row 7; column 22; source printed column 22"", ""PDF page 1; detected table 1; row 8; column 3; source printed column 3"", ""PDF page 1; detected table 1; row 8; column 4; source printed column 4"", ""PDF page 1; detected table 1; row 8; column 5; source printed column 5"", ""PDF page 1; detected table 1; row 8; column 8; source printed column 8"", ""PDF page 1; detected table 1; row 8; column 11; source printed column 11"", ""PDF page 1; detected table 1; row 8; column 12; source printed column 12"", ""PDF page 1; detected table 1; row 8; column 17; source printed column 17"", ""PDF page 1; detected table 1; row 8; column 18; source printed column 18"", ""PDF page 1; detected table 1; row 8; column 19; source printed column 19"", ""PDF page 1; detected table 1; row 8; column 20; source printed column 20"", ""PDF page 1; detected table 1; row 8; column 21; source printed column 21"", ""PDF page 1; detected table 1; row 8; column 22; source printed column 22"", ""PDF page 1; detected table 1; row 9; column 3; source printed column 3"", ""PDF page 1; detected table 1; row 9; column 4; source printed column 4"", ""PDF page 1; detected table 1; row 9; column 5; source printed column 5"", ""PDF page 1; detected table 1; row 9; column 8; source printed column 8"", ""PDF page 1; detected table 1; row 9; column 11; source printed column 11"", ""PDF page 1; detected table 1; row 9; column 12; source printed column 12"", ""PDF page 1; detected table 1; row 9; column 17; source printed column 17"", ""PDF page 1; detected table 1; row 9; column 18; source printed column 18"", ""PDF page 1; detected table 1; row 9; column 19; source printed column 19"", ""PDF page 1; detected table 1; row 9; column 20; source printed column 20"", ""PDF page 1; detected table 1; row 9; column 21; source printed column 21"", ""PDF page 1; detected table 1; row 9; column 22; source printed column 22"", ""PDF page 1; detected table 1; row 10; column 3; source printed column 3"", ""PDF page 1; detected table 1; row 10; column 4; source printed column 4"", ""PDF page 1; detected table 1; row 10; column 5; source printed column 5"", ""PDF page 1; detected table 1; row 10; column 8; source printed column 8"", ""PDF page 1; detected table 1; row 10; column 11; source printed column 11"", ""PDF page 1; detected table 1; row 10; column 12; source printed column 12"", ""PDF page 1; detected table 1; row 10; column 17; source printed column 17"", ""PDF page 1; detected table 1; row 10; column 18; source printed column 18"", ""PDF page 1; detected table 1; row 10; column 19; source printed column 19"", ""PDF page 1; detected table 1; row 10; column 20; source printed column 20"", ""PDF page 1; detected table 1; row 10; column 21; source printed column 21"", ""PDF page 1; detected table 1; row 10; column 22; source printed column 22"", ""PDF page 1; detected table 1; row 11; column 3; source printed column 3"", ""PDF page 1; detected table 1; row 11; column 4; source printed column 4"", ""PDF page 1; detected table 1; row 11; column 5; source printed column 5"", ""PDF page 1; detected table 1; row 11; column 8; source printed column 8"", ""PDF page 1; detected table 1; row 11; column 11; source printed column 11"", ""PDF page 1; detected table 1; row 11; column 12; source printed column 12"", ""PDF page 1; detected table 1; row 11; column 17; source printed column 17"", ""PDF page 1; detected table 1; row 11; column 18; source printed column 18"", ""PDF page 1; detected table 1; row 11; column 19; source printed column 19"", ""PDF page 1; detected table 1; row 11; column 20; source printed column 20"", ""PDF page 1; detected table 1; row 11; column 21; source printed column 21"", ""PDF page 1; detected table 1; row 11; column 22; source printed column 22"", ""PDF page 1; detected table 1; row 12; column 3; source printed column 3"", ""PDF page 1; detected table 1; row 12; column 4; source printed column 4"", ""PDF page 1; detected table 1; row 12; column 5; source printed column 5"", ""PDF page 1; detected table 1; row 12; column 8; source printed column 8"", ""PDF page 1; detected table 1; row 12; column 11; source printed column 11"", ""PDF page 1; detected table 1; row 12; column 12; source printed column 12"", ""PDF page 1; detected table 1; row 12; column 17; source printed column 17"", ""PDF page 1; detected table 1; row 12; column 18; source printed column 18"", ""PDF page 1; detected table 1; row 12; column 19; source printed column 19"", ""PDF page 1; detected table 1; row 12; column 20; source printed column 20"", ""PDF page 1; detected table 1; row 12; column 21; source printed column 21"", ""PDF page 1; detected table 1; row 12; column 22; source printed column 22"", ""PDF page 1; detected table 1; row 14; column 3; source printed column 3"", ""PDF page 1; detected table 1; row 14; column 4; source printed column 4"", ""PDF page 1; detected table 1; row 14; column 5; source printed column 5"", ""PDF page 1; detected table 1; row 14; column 8; source printed column 8"", ""PDF page 1; detected table 1; row 14; column 11; source printed column 11"", ""PDF page 1; detected table 1; row 14; column 12; source printed column 12"", ""PDF page 1; detected table 1; row 14; column 17; source printed column 17"", ""PDF page 1; detected table 1; row 14; column 18; source printed column 18"", ""PDF page 1; detected table 1; row 14; column 19; source printed column 19"", ""PDF page 1; detected table 1; row 14; column 20; source printed column 20"", ""PDF page 1; detected table 1; row 14; column 21; source printed column 21"", ""PDF page 1; detected table 1; row 14; column 22; source printed column 22"", ""PDF page 1; detected table 1; row 16; column 3; source printed column 3"", ""PDF page 1; detected table 1; row 16; column 4; source printed column 4"", ""PDF page 1; detected table 1; row 16; column 5; source printed column 5"", ""PDF page 1; detected table 1; row 16; column 8; source printed column 8"", ""PDF page 1; detected table 1; row 16; column 11; source printed column 11"", ""PDF page 1; detected table 1; row 16; column 12; source printed column 12"", ""PDF page 1; detected table 1; row 16; column 17; source printed column 17"", ""PDF page 1; detected table 1; row 16; column 18; source printed column 18"", ""PDF page 1; detected table 1; row 16; column 19; source printed column 19"", ""PDF page 1; detected table 1; row 16; column 20; source printed column 20"", ""PDF page 1; detected table 1; row 16; column 21; source printed column 21"", ""PDF page 1; detected table 1; row 16; column 22; source printed column 22"", ""PDF page 1; detected table 1; row 17; column 3; source printed column 3"", ""PDF page 1; detected table 1; row 17; column 4; source printed column 4"", ""PDF page 1; detected table 1; row 17; column 5; source printed column 5"", ""PDF page 1; detected table 1; row 17; column 8; source printed column 8"", ""PDF page 1; detected table 1; row 17; column 11; source printed column 11"", ""PDF page 1; detected table 1; row 17; column 12; source printed column 12"", ""PDF page 1; detected table 1; row 17; column 17; source printed column 17"", ""PDF page 1; detected table 1; row 17; column 18; source printed column 18"", ""PDF page 1; detected table 1; row 17; column 19; source printed column 19"", ""PDF page 1; detected table 1; row 17; column 20; source printed column 20"", ""PDF page 1; detected table 1; row 17; column 21; source printed column 21"", ""PDF page 1; detected table 1; row 17; column 22; source printed column 22"", ""PDF page 1; detected table 1; row 18; column 3; source printed column 3"", ""PDF page 1; detected table 1; row 18; column 4; source printed column 4"", ""PDF page 1; detected table 1; row 18; column 5; source printed column 5"", ""PDF page 1; detected table 1; row 18; column 8; source printed column 8"", ""PDF page 1; detected table 1; row 18; column 11; source printed column 11"", ""PDF page 1; detected table 1; row 18; column 12; source printed column 12"", ""PDF page 1; detected table 1; row 18; column 17; source printed column 17"", ""PDF page 1; detected table 1; row 18; column 18; source printed column 18"", ""PDF page 1; detected table 1; row 18; column 19; source printed column 19"", ""PDF page 1; detected table 1; row 18; column 20; source printed column 20"", ""PDF page 1; detected table 1; row 18; column 21; source printed column 21"", ""PDF page 1; detected table 1; row 18; column 22; source printed column 22""]",,,official,matched_source_context,0.9,Land Acquisition Details of Ganga Expressway File Size: 70.12KB | Language: Hindi 21-06-2021 Click here to View/Download ,1,562,normalized_observations_available,
G037,G037,REAL_002,,REAL_002,matched_source_context,ganga_land_status,https://upeida.up.gov.in/en/article/ganga-expressway?brd=2,https://upeida.up.gov.in/downloadmedia/siteContent/202108021711408452Ganga Expressway land status.pdf,https://upeida.up.gov.in/downloadmedia/siteContent/202108021711408452Ganga%20Expressway%20land%20status.pdf,government_official,1,pdf,UPEIDA,,,,,,,,project_and_district,2021-06-14,14-06-2021,official_index_upload_date,,,2026-09-05T10:26:14+00:00,project_research/REAL_002/02_state_district_land_acquisition/REAL_002_UPEIDA_ganga_land_status_2021-06-14_3bffbb4992cd.pdf,3bffbb4992cd68052fbff67fb090586c7aa76208104f79a8b28c9670b6b8bf48,True,72294,200,application/octet-stream,,,downloaded,"[""acquisition_progress_pct"", ""affected_villages_count"", ""farmers_count"", ""land_acquired_ha"", ""land_purchase_remaining_ha"", ""land_purchased_ha"", ""land_required_ha"", ""land_resumed_exchanged_ha"", ""land_to_be_purchased_ha"", ""land_to_be_resumed_ha"", ""purchase_progress_pct"", ""sale_deeds_count""]","[""PDF page 1; detected table 1; row 8; column 3; source printed column 3"", ""PDF page 1; detected table 1; row 8; column 4; source printed column 4"", ""PDF page 1; detected table 1; row 8; column 5; source printed column 5"", ""PDF page 1; detected table 1; row 8; column 8; source printed column 8"", ""PDF page 1; detected table 1; row 8; column 11; source printed column 11"", ""PDF page 1; detected table 1; row 8; column 12; source printed column 12"", ""PDF page 1; detected table 1; row 8; column 17; source printed column 17"", ""PDF page 1; detected table 1; row 8; column 18; source printed column 18"", ""PDF page 1; detected table 1; row 8; column 19; source printed column 19"", ""PDF page 1; detected table 1; row 8; column 20; source printed column 20"", ""PDF page 1; detected table 1; row 8; column 21; source printed column 21"", ""PDF page 1; detected table 1; row 8; column 22; source printed column 22"", ""PDF page 1; detected table 1; row 9; column 3; source printed column 3"", ""PDF page 1; detected table 1; row 9; column 4; source printed column 4"", ""PDF page 1; detected table 1; row 9; column 5; source printed column 5"", ""PDF page 1; detected table 1; row 9; column 8; source printed column 8"", ""PDF page 1; detected table 1; row 9; column 11; source printed column 11"", ""PDF page 1; detected table 1; row 9; column 12; source printed column 12"", ""PDF page 1; detected table 1; row 9; column 17; source printed column 17"", ""PDF page 1; detected table 1; row 9; column 18; source printed column 18"", ""PDF page 1; detected table 1; row 9; column 19; source printed column 19"", ""PDF page 1; detected table 1; row 9; column 20; source printed column 20"", ""PDF page 1; detected table 1; row 9; column 21; source printed column 21"", ""PDF page 1; detected table 1; row 9; column 22; source printed column 22"", ""PDF page 1; detected table 1; row 10; column 3; source printed column 3"", ""PDF page 1; detected table 1; row 10; column 4; source printed column 4"", ""PDF page 1; detected table 1; row 10; column 5; source printed column 5"", ""PDF page 1; detected table 1; row 10; column 8; source printed column 8"", ""PDF page 1; detected table 1; row 10; column 11; source printed column 11"", ""PDF page 1; detected table 1; row 10; column 12; source printed column 12"", ""PDF page 1; detected table 1; row 10; column 17; source printed column 17"", ""PDF page 1; detected table 1; row 10; column 18; source printed column 18"", ""PDF page 1; detected table 1; row 10; column 19; source printed column 19"", ""PDF page 1; detected table 1; row 10; column 20; source printed column 20"", ""PDF page 1; detected table 1; row 10; column 21; source printed column 21"", ""PDF page 1; detected table 1; row 10; column 22; source printed column 22"", ""PDF page 1; detected table 1; row 11; column 3; source printed column 3"", ""PDF page 1; detected table 1; row 11; column 4; source printed column 4"", ""PDF page 1; detected table 1; row 11; column 5; source printed column 5"", ""PDF page 1; detected table 1; row 11; column 8; source printed column 8"", ""PDF page 1; detected table 1; row 11; column 11; source printed column 11"", ""PDF page 1; detected table 1; row 11; column 12; source printed column 12"", ""PDF page 1; detected table 1; row 11; column 17; source printed column 17"", ""PDF page 1; detected table 1; row 11; column 18; source printed column 18"", ""PDF page 1; detected table 1; row 11; column 19; source printed column 19"", ""PDF page 1; detected table 1; row 11; column 20; source printed column 20"", ""PDF page 1; detected table 1; row 11; column 21; source printed column 21"", ""PDF page 1; detected table 1; row 11; column 22; source printed column 22"", ""PDF page 1; detected table 1; row 12; column 3; source printed column 3"", ""PDF page 1; detected table 1; row 12; column 4; source printed column 4"", ""PDF page 1; detected table 1; row 12; column 5; source printed column 5"", ""PDF page 1; detected table 1; row 12; column 8; source printed column 8"", ""PDF page 1; detected table 1; row 12; column 11; source printed column 11"", ""PDF page 1; detected table 1; row 12; column 12; source printed column 12"", ""PDF page 1; detected table 1; row 12; column 17; source printed column 17"", ""PDF page 1; detected table 1; row 12; column 18; source printed column 18"", ""PDF page 1; detected table 1; row 12; column 19; source printed column 19"", ""PDF page 1; detected table 1; row 12; column 20; source printed column 20"", ""PDF page 1; detected table 1; row 12; column 21; source printed column 21"", ""PDF page 1; detected table 1; row 12; column 22; source printed column 22"", ""PDF page 1; detected table 1; row 14; column 3; source printed column 3"", ""PDF page 1; detected table 1; row 14; column 4; source printed column 4"", ""PDF page 1; detected table 1; row 14; column 5; source printed column 5"", ""PDF page 1; detected table 1; row 14; column 8; source printed column 8"", ""PDF page 1; detected table 1; row 14; column 11; source printed column 11"", ""PDF page 1; detected table 1; row 14; column 12; source printed column 12"", ""PDF page 1; detected table 1; row 14; column 17; source printed column 17"", ""PDF page 1; detected table 1; row 14; column 18; source printed column 18"", ""PDF page 1; detected table 1; row 14; column 19; source printed column 19"", ""PDF page 1; detected table 1; row 14; column 20; source printed column 20"", ""PDF page 1; detected table 1; row 14; column 21; source printed column 21"", ""PDF page 1; detected table 1; row 14; column 22; source printed column 22"", ""PDF page 1; detected table 1; row 16; column 3; source printed column 3"", ""PDF page 1; detected table 1; row 16; column 4; source printed column 4"", ""PDF page 1; detected table 1; row 16; column 5; source printed column 5"", ""PDF page 1; detected table 1; row 16; column 8; source printed column 8"", ""PDF page 1; detected table 1; row 16; column 11; source printed column 11"", ""PDF page 1; detected table 1; row 16; column 12; source printed column 12"", ""PDF page 1; detected table 1; row 16; column 17; source printed column 17"", ""PDF page 1; detected table 1; row 16; column 18; source printed column 18"", ""PDF page 1; detected table 1; row 16; column 19; source printed column 19"", ""PDF page 1; detected table 1; row 16; column 20; source printed column 20"", ""PDF page 1; detected table 1; row 16; column 21; source printed column 21"", ""PDF page 1; detected table 1; row 16; column 22; source printed column 22"", ""PDF page 1; detected table 1; row 17; column 3; source printed column 3"", ""PDF page 1; detected table 1; row 17; column 4; source printed column 4"", ""PDF page 1; detected table 1; row 17; column 5; source printed column 5"", ""PDF page 1; detected table 1; row 17; column 8; source printed column 8"", ""PDF page 1; detected table 1; row 17; column 11; source printed column 11"", ""PDF page 1; detected table 1; row 17; column 12; source printed column 12"", ""PDF page 1; detected table 1; row 17; column 17; source printed column 17"", ""PDF page 1; detected table 1; row 17; column 18; source printed column 18"", ""PDF page 1; detected table 1; row 17; column 19; source printed column 19"", ""PDF page 1; detected table 1; row 17; column 20; source printed column 20"", ""PDF page 1; detected table 1; row 17; column 21; source printed column 21"", ""PDF page 1; detected table 1; row 17; column 22; source printed column 22"", ""PDF page 1; detected table 1; row 18; column 3; source printed column 3"", ""PDF page 1; detected table 1; row 18; column 4; source printed column 4"", ""PDF page 1; detected table 1; row 18; column 5; source printed column 5"", ""PDF page 1; detected table 1; row 18; column 8; source printed column 8"", ""PDF page 1; detected table 1; row 18; column 11; source printed column 11"", ""PDF page 1; detected table 1; row 18; column 12; source printed column 12"", ""PDF page 1; detected table 1; row 18; column 17; source printed column 17"", ""PDF page 1; detected table 1; row 18; column 18; source printed column 18"", ""PDF page 1; detected table 1; row 18; column 19; source printed column 19"", ""PDF page 1; detected table 1; row 18; column 20; source printed column 20"", ""PDF page 1; detected table 1; row 18; column 21; source printed column 21"", ""PDF page 1; detected table 1; row 18; column 22; source printed column 22""]",,,official,matched_source_context,0.9,Land Acquisition Details of Ganga Expressway File Size: 70.60KB | Language: Hindi 14-06-2021 Click here to View/Download ,1,562,normalized_observations_available,
G038,G038,,,REAL_002,review_required,ganga_land_status,https://upeida.up.gov.in/en/article/ganga-expressway?brd=2,https://upeida.up.gov.in/downloadmedia/siteContent/202108021709176988Ganga Express way land.pdf,https://upeida.up.gov.in/downloadmedia/siteContent/202108021709176988Ganga%20Express%20way%20land.pdf,government_official,1,pdf,UPEIDA,,,,,,,,project_and_district,2021-06-09,09-06-2021,official_index_upload_date,,,2026-09-05T10:26:15+00:00,project_research/REAL_002/02_state_district_land_acquisition/REAL_002_UPEIDA_ganga_land_status_2021-06-09_2371b532f873.pdf,2371b532f87353939629f52d2743fc0990ba1058a8a18af95764fca6a700e333,True,73084,200,application/octet-stream,,,downloaded,[],[],,,official,review_required,,Land Acquisition Details of Ganga Expressway File Size: 71.37KB | Language: Hindi 09-06-2021 Click here to View/Download ,1,610,raw_and_candidate_evidence_only,
G039,G039,,,REAL_002,review_required,ganga_land_status,https://upeida.up.gov.in/en/article/ganga-expressway?brd=2,https://upeida.up.gov.in/downloadmedia/siteContent/202108121140551822GE 31 MAY.pdf,https://upeida.up.gov.in/downloadmedia/siteContent/202108121140551822GE%2031%20MAY.pdf,government_official,1,pdf,UPEIDA,,,,,,,,project_and_district,2021-05-31,31-05-2021,official_index_upload_date,,,2026-09-05T10:26:16+00:00,project_research/REAL_002/02_state_district_land_acquisition/REAL_002_UPEIDA_ganga_land_status_2021-05-31_f23a3051ffbf.pdf,f23a3051ffbf4aaf3457f70379733d800ddaa606dcf5ca3a86aef35301efbb5c,True,90798,200,application/octet-stream,,,downloaded,[],[],,,official,review_required,,Land Acquisition Details of Ganga Expressway File Size: 88.67 KB | Language: Hindi 31-05-2021 Click here to View/Download ,1,449,raw_and_candidate_evidence_only,
G040,G040,,,REAL_002,review_required,ganga_land_status,https://upeida.up.gov.in/en/article/ganga-expressway?brd=2,https://upeida.up.gov.in/downloadmedia/siteContent/202108121409301734note-1.pdf,https://upeida.up.gov.in/downloadmedia/siteContent/202108121409301734note-1.pdf,government_official,1,pdf,UPEIDA,,,,,,,,project_and_district,2021-05-21,21-05-2021,official_index_upload_date,,,2026-09-05T10:26:17+00:00,project_research/REAL_002/03_compensation/REAL_002_UPEIDA_ganga_land_status_2021-05-21_059da95c200d.pdf,059da95c200daf1bbba39b6bb7f99d277864fdf2e04620d14a34f076e42dd60c,True,2940420,200,application/octet-stream,,,downloaded,[],[],,,official,review_required,,Regarding the approval of the proposed rates by the district level committee for the purchase of land identified for the Ganga Expressway project. File Size: 2.80MB | Language: Hindi 21-05-2021 Click here to View/Download ,7,0,raw_and_candidate_evidence_only,
G041,G041,,,REAL_002,review_required,ganga_land_status,https://upeida.up.gov.in/en/article/ganga-expressway?brd=2,https://upeida.up.gov.in/downloadmedia/siteContent/202108121411383818note.pdf,https://upeida.up.gov.in/downloadmedia/siteContent/202108121411383818note.pdf,government_official,1,pdf,UPEIDA,,,,,,,,project_and_district,2021-05-21,21-05-2021,official_index_upload_date,,,2026-09-05T10:26:17+00:00,project_research/REAL_002/03_compensation/REAL_002_UPEIDA_ganga_land_status_2021-05-21_9fb350f65e43.pdf,9fb350f65e431eb157e5df91e01e517c3dd538511d87f4995c8deb2b2527c213,True,52679466,200,application/octet-stream,,,downloaded,[],[],,,official,review_required,,Regarding the approval of the proposed rates by the district level committee for the purchase of land identified for the Ganga Expressway project. File Size: 50.24MB | Language: Hindi 21-05-2021 Click here to View/Download ,108,0,raw_and_candidate_evidence_only,
S003,S003,,,REAL_003,review_required,uttarakhand_project_booklet,https://morth.nic.in/sites/default/files/PragatiKiNayiGati/pdf/uttarakhand.pdf,https://morth.nic.in/sites/default/files/PragatiKiNayiGati/pdf/uttarakhand.pdf,http://morth.gov.in/sites/default/files/PragatiKiNayiGati/pdf/uttarakhand.pdf,government_official,1,,MoRTH,,,,,,,,programme,,,,,,2026-09-05T10:25:39+00:00,,,False,,200,text/html; charset=UTF-8,"Wed, 22 Jul 2026 06:58:59 GMT",,failed,[],[],,,review_required,review_required,,Historical Char Dham programme context; not Rudraprayag-only. ,0,0,not_extracted,RuntimeError: expected_pdf_received_html
S020,S020,,,REAL_003,review_required,induction_material_2019,https://morth.nic.in/sites/default/files/Induction_Material%20May_2019.pdf,https://morth.nic.in/sites/default/files/Induction_Material%20May_2019.pdf,http://morth.gov.in/sites/default/files/Induction_Material%20May_2019.pdf,government_official,1,,MoRTH,,,,,,,,programme,,,,,,2026-09-05T10:25:42+00:00,,,False,,200,text/html; charset=UTF-8,"Wed, 22 Jul 2026 06:58:59 GMT",,failed,[],[],,,review_required,review_required,,Historical Char Dham section only. ,0,0,not_extracted,RuntimeError: expected_pdf_received_html
S023,S023,REAL_003,,REAL_003,matched_source_context,chardham_status,https://www.pib.gov.in/PressReleaseIframePage.aspx?PRID=1942883&lang=2&reg=48,https://www.pib.gov.in/PressReleaseIframePage.aspx?PRID=1942883&lang=2&reg=48,https://www.pib.gov.in/PressReleaseIframePage.aspx?PRID=1942883&lang=2&reg=48,government_official,1,html,PIB_MoRTH,,,,,,,,programme,,,,,,2026-09-05T10:30:48+00:00,project_research/REAL_003/01_authority/REAL_003_PIB_MoRTH_chardham_status_undated_4edbe9837ffd.html,4edbe9837ffd6579990f3e7d8b215399792fe6c66f91053917cf10636d8f130a,True,65351,200,text/html; charset=utf-8,,XXXXXXXX,downloaded,"[""constructed_length_km""]","[""HTML body; exact anchor in saved extraction""]",,,official,matched_source_context,0.9,Verify exact internal project and record scope. JICA is the government lender disclosure host where applicable. ,1,2,normalized_observations_available,
S032,S032,,,REAL_003,review_required,annual_report_2024_25,https://morth.gov.in/backend/documents/uploaded/1755600919_Annual-Report-English-with-Cover.pdf,https://morth.gov.in/backend/documents/uploaded/1755600919_Annual-Report-English-with-Cover.pdf,https://morth.gov.in/backend/documents/uploaded/1755600919_Annual-Report-English-with-Cover.pdf,government_official,1,pdf,MoRTH,,,,,,,,mixed_projects,,,,,,2026-09-05T10:30:55+00:00,project_research/REAL_003/01_authority/REAL_003_MoRTH_annual_report_2024_25_undated_59f3693bddda.pdf,59f3693bddda349aef2e87c4c344bca7d7028167e6e12d840468e8bc67624251,True,19474671,200,application/pdf,"Tue, 19 Aug 2025 10:55:00 GMT",,downloaded,[],[],,,official,review_required,,Verify exact internal project and record scope. JICA is the government lender disclosure host where applicable. ,144,234,raw_and_candidate_evidence_only,
S038,S038,REAL_003,,REAL_003,matched_source_context,citizens_green_doon_judgment_2021,https://api.sci.gov.in/supremecourt/2020/22369/22369_2020_4_1503_32125_Judgement_14-Dec-2021.pdf,https://api.sci.gov.in/supremecourt/2020/22369/22369_2020_4_1503_32125_Judgement_14-Dec-2021.pdf,https://api.sci.gov.in/supremecourt/2020/22369/22369_2020_4_1503_32125_Judgement_14-Dec-2021.pdf,government_official,1,pdf,Supreme_Court_of_India,,,,,,,,case,,,,,,2026-09-05T10:40:29+00:00,project_research/REAL_003/05_legal/REAL_003_Supreme_Court_of_India_citizens_green_doon_judgment_2021_undated_d0060a8ef4c8.pdf,d0060a8ef4c8ab33b768f19f188771e06c63f55613b3b3dc2d03a245e95474c8,True,638173,200,application/pdf,"Tue, 14 Dec 2021 07:29:34 GMT","""9bcdd-5d31626a8784b""",downloaded,"[""case_number"", ""case_status"", ""court""]","[""PDF page 1"", ""PDF page 82""]",,,official,matched_source_context,0.9,Exact geographic/project scope must be retained. ,83,81,normalized_observations_available,
S022,S022,REAL_003,,REAL_003,matched_source_context,chardham_landslide_mitigation,https://www.pib.gov.in/PressReleasePage.aspx?PRID=1481895&lang=2&reg=48,https://www.pib.gov.in/PressReleasePage.aspx?PRID=1481895&lang=2&reg=48,https://www.pib.gov.in/PressReleasePage.aspx?PRID=1481895&lang=2&reg=48,government_official,1,html,PIB_MoRTH,,,,,,,,programme,2017-02-06,,,,,2026-09-05T10:30:48+00:00,project_research/REAL_003/07_climate_landscape/REAL_003_PIB_MoRTH_chardham_landslide_mitigation_2017-02-06_f36c99af9745.html,f36c99af9745318396bff78022b07f4bc59496ee076ae4798292a448f02b2993,True,56014,200,text/html; charset=utf-8,,XXXXXXXX,downloaded,"[""barrier_description""]","[""HTML body; exact anchor in saved extraction""]",,,official,matched_source_context,0.9,Verify exact internal project and record scope. JICA is the government lender disclosure host where applicable. ,1,2,normalized_observations_available,
S004,S004,,,REAL_004,review_required,line_3_SIA,https://corporate.mmrcl.com/sites/default/files/sia-report.pdf,https://corporate.mmrcl.com/sites/default/files/sia-report.pdf,https://corporate.mmrcl.com/sites/default/files/sia-report.pdf,government_official,1,,MMRCL,,,,,,,,project,,,,,,2026-09-05T10:25:39+00:00,,,False,,200,text/html,"Thu, 03 Sep 2026 10:04:26 GMT",,failed,[],[],,,review_required,review_required,,Colaba-Bandra-SEEPZ Line III only. ,0,0,not_extracted,RuntimeError: expected_pdf_received_html
S024,S024,REAL_004,,REAL_004,matched_source_context,mumbai_line_3_updated_SIA,https://www.jica.go.jp/english/our_work/social_environmental/id/asia/south/india/c8h0vm0000935z0n-att/c8h0vm0000fdf6vp.pdf,https://www.jica.go.jp/english/our_work/social_environmental/id/asia/south/india/c8h0vm0000935z0n-att/c8h0vm0000fdf6vp.pdf,https://www.jica.go.jp/Resource/english/our_work/social_environmental/id/asia/south/india/c8h0vm0000935z0n-att/c8h0vm0000fdf6vp.pdf,official_lender_disclosure,2,pdf,JICA_MMRC,,,,,,,,project,,,,,,2026-09-05T10:30:48+00:00,project_research/REAL_004/04_rr_social_impact/REAL_004_JICA_MMRC_mumbai_line_3_updated_SIA_undated_4caa00311654.pdf,4caa0031165427958fc66cbe64a4b572b841b0080997e4d44282ce49e45d303f,True,8174821,200,application/pdf,"Thu, 15 Jun 2023 05:15:17 GMT","""7cbce5-5fe242768a340""",downloaded,"[""government_land_allotted_ha"", ""land_acquired_ha"", ""land_required_ha""]","[""PDF page 36"", ""PDF page 16""]",,,official,matched_source_context,0.9,Verify exact internal project and record scope. JICA is the government lender disclosure host where applicable. ,124,269,normalized_observations_available,
S025,S025,,,REAL_004,review_required,mumbai_line_3_original_SIA,https://libportal.jica.go.jp/library/Data/DocforEnvironment/EIA-EPC/EastAsia-SouthwesternAsian/MumbaiMetoroL3P/SIA.pdf,https://libportal.jica.go.jp/library/Data/DocforEnvironment/EIA-EPC/EastAsia-SouthwesternAsian/MumbaiMetoroL3P/SIA.pdf,https://libportal.jica.go.jp/library/Data/DocforEnvironment/EIA-EPC/EastAsia-SouthwesternAsian/MumbaiMetoroL3P/SIA.pdf,official_lender_disclosure,2,pdf,JICA_MMRC,,,,,,,,project,,,,,,2026-09-05T10:30:50+00:00,project_research/REAL_004/04_rr_social_impact/REAL_004_JICA_MMRC_mumbai_line_3_original_SIA_undated_2e26119ad4f4.pdf,2e26119ad4f4a3999f5acdcdf3f23e8a833737202f852029856342c7db6c24ec,True,5154952,200,application/pdf,"Tue, 20 Jan 2015 01:38:54 GMT","""04b83d95134d01:0""",downloaded,[],[],,,official,review_required,,Verify exact internal project and record scope. JICA is the government lender disclosure host where applicable. ,125,30,raw_and_candidate_evidence_only,
S027,S027,,,REAL_005,review_required,official_safeguards_index,https://www.jica.go.jp/english/about/policy/environment/id/asia/south/a_b_fi/index.html,https://www.jica.go.jp/english/about/policy/environment/id/asia/south/a_b_fi/index.html,https://www.jica.go.jp/english/about/policy/environment/id/asia/south/a_b_fi/index.html,official_lender_disclosure,2,html,JICA,,,,,,,,discovery_only,,,,,,2026-09-05T10:30:51+00:00,project_research/REAL_005/01_authority/REAL_005_JICA_official_safeguards_index_undated_217d731bacf8.html,217d731bacf8971f6d53204b7903227b632c869ba27bbe2e5b37e1874d3beb36,True,316898,200,text/html,"Fri, 04 Sep 2026 08:01:36 GMT","""4d5e2-65aa3ad6c7800""",downloaded,[],[],,,official,review_required,,Verify exact internal project and record scope. JICA is the government lender disclosure host where applicable. ,1,2619,raw_and_candidate_evidence_only,
S005,S005,,,REAL_005,review_required,phase_IV_2_SIA,https://backend.delhimetrorail.com/documents/7524/SIA_Nov26_2024.pdf,https://backend.delhimetrorail.com/documents/7524/SIA_Nov26_2024.pdf,,government_official,1,,DMRC,,,,,,,,phase,,,,,,2026-09-05T10:25:39+00:00,,,False,,,,,,failed,[],[],,,review_required,review_required,,"Phase IV-2 corridors, distinct from priority Phase IV corridors. ",0,0,not_extracted,"RuntimeError: verified_windows_http_error: curl: (60) schannel: SEC_E_UNTRUSTED_ROOT (0x80090325) - The certificate chain was issued by an authority that is not trusted.
More details here: https://curl.se/docs/sslcerts.html

curl failed to verify the legitimacy of the server and therefore could not
establish a secure connection to it. To learn more about this situation and
how to fix it, please visit the webpage mentioned above."
S006,S006,,,REAL_005,review_required,phase_IV_priority_SIA,https://delhimetrorail.com/otherdocuments/SIA_Phase-IVPriorityCorridorsDecember2020.pdf,https://delhimetrorail.com/otherdocuments/SIA_Phase-IVPriorityCorridorsDecember2020.pdf,,government_official,1,,DMRC,,,,,,,,phase,,,,,,2026-09-05T10:25:40+00:00,,,False,,,,,,failed,[],[],,,review_required,review_required,,Priority corridors as defined in report. ,0,0,not_extracted,"RuntimeError: verified_windows_http_error: curl: (60) schannel: SEC_E_UNTRUSTED_ROOT (0x80090325) - The certificate chain was issued by an authority that is not trusted.
More details here: https://curl.se/docs/sslcerts.html

curl failed to verify the legitimacy of the server and therefore could not
establish a secure connection to it. To learn more about this situation and
how to fix it, please visit the webpage mentioned above."
S034,S034,REAL_005,,REAL_005,matched_source_context,phase_IV_RAP_2020,https://www.jica.go.jp/english/about/policy/environment/id/asia/south/a_b_fi/index.html,https://www.jica.go.jp/english/our_work/social_environmental/id/asia/south/india/c8h0vm0000f88o6o-att/c8h0vm0000f88o9q.pdf,https://www.jica.go.jp/Resource/english/our_work/social_environmental/id/asia/south/india/c8h0vm0000f88o6o-att/c8h0vm0000f88o9q.pdf,official_lender_disclosure,2,pdf,JICA_DMRC,,,,,,,,phase,,,,,,2026-09-05T10:33:12+00:00,project_research/REAL_005/04_rr_social_impact/REAL_005_JICA_DMRC_phase_IV_RAP_2020_undated_acf5cfe1780b.pdf,acf5cfe1780ba93146e23e9cc459bc71737b0d1bc6aed236e7b4cd9ae6fcffe3,True,9946848,200,application/pdf,"Thu, 15 Jun 2023 05:15:33 GMT","""97c6e0-5fe24285cc740""",downloaded,"[""compensation_budget_inr"", ""land_required_ha""]","[""PDF page 36"", ""PDF page 84""]",,,official,matched_source_context,0.9,Direct file from official page. Preserve internal scope and dates. ,118,1134,normalized_observations_available,
S035,S035,,,REAL_005,review_required,phase_IV_SIA_addendum_2020,https://www.jica.go.jp/english/about/policy/environment/id/asia/south/a_b_fi/index.html,https://www.jica.go.jp/english/our_work/social_environmental/id/asia/south/india/c8h0vm0000f88o6o-att/c8h0vm0000fgpcfo.pdf,https://www.jica.go.jp/Resource/english/our_work/social_environmental/id/asia/south/india/c8h0vm0000f88o6o-att/c8h0vm0000fgpcfo.pdf,official_lender_disclosure,2,pdf,JICA_DMRC,,,,,,,,phase,,,,,,2026-09-05T10:33:12+00:00,project_research/REAL_005/04_rr_social_impact/REAL_005_JICA_DMRC_phase_IV_SIA_addendum_2020_undated_59994c2c7a53.pdf,59994c2c7a53d7171779706875e5904deaf3df56f8ae17e61fcc34601a4fc658,True,1112295,200,application/pdf,"Thu, 15 Jun 2023 05:15:33 GMT","""10f8e7-5fe24285cc740""",downloaded,[],[],,,official,review_required,,Direct file from official page. Preserve internal scope and dates. ,12,234,raw_and_candidate_evidence_only,
S026,S026,,,REAL_005,review_required,phase_IV_2_EIA,https://www.jica.go.jp/english/about/policy/environment/id/asia/south/a_b_fi/india/__icsFiles/afieldfile/2024/11/26/EIA-Nov26_2024_1.pdf,https://www.jica.go.jp/english/about/policy/environment/id/asia/south/a_b_fi/india/__icsFiles/afieldfile/2024/11/26/EIA-Nov26_2024_1.pdf,https://www.jica.go.jp/english/about/policy/environment/id/asia/south/a_b_fi/india/__icsFiles/afieldfile/2024/11/26/EIA-Nov26_2024_1.pdf,official_lender_disclosure,2,pdf,JICA_DMRC,,,,,,,,phase,,,,,,2026-09-05T10:30:51+00:00,project_research/REAL_005/06_approvals/REAL_005_JICA_DMRC_phase_IV_2_EIA_undated_9710d42e31e8.pdf,9710d42e31e82b0e615dc9628916beee96f48d92db8050ba691b69fd9da20ffb,True,16011191,200,application/pdf,"Tue, 26 Nov 2024 04:51:38 GMT","""f44fb7-627c99ab92a80""",downloaded,[],[],,,official,review_required,,Verify exact internal project and record scope. JICA is the government lender disclosure host where applicable. ,322,673,raw_and_candidate_evidence_only,
S007,S007,REAL_006,,REAL_006,matched_source_context,phase_II_corridor_4_SIA,https://wcag.chennaimetrorail.org/wp-content/uploads/sites/3/2023/12/Approved-Social-Impact-Assessment-Resettlement-Plan-Corridor-4-1.pdf,https://wcag.chennaimetrorail.org/wp-content/uploads/sites/3/2023/12/Approved-Social-Impact-Assessment-Resettlement-Plan-Corridor-4-1.pdf,https://wcag.chennaimetrorail.org/wp-content/uploads/sites/3/2023/12/Approved-Social-Impact-Assessment-Resettlement-Plan-Corridor-4-1.pdf,government_official,1,pdf,CMRL,,,,,,,,corridor,,,,,,2026-09-05T10:22:28+00:00,project_research/REAL_006/04_rr_social_impact/REAL_006_CMRL_phase_II_corridor_4_SIA_undated_ee1b1887f257.pdf,ee1b1887f257bde081ef1a8fc3e8d65c066725615e529ebafec60791cdcaf64c,True,3427903,200,application/pdf,"Thu, 04 Apr 2024 08:59:43 GMT","""1fb6256f6e86da1:0""",downloaded,"[""RR_budget_inr"", ""affected_families"", ""compensation_budget_inr"", ""land_required_ha""]","[""PDF page 11"", ""PDF page 3"", ""PDF page 62""]",,,official,matched_source_context,0.9,Phase II corridor 4; verify internal headings rather than filename alone. ,111,1195,normalized_observations_available,
S008,S008,REAL_006,,REAL_006,matched_source_context,phase_II_corridor_5_SIA,https://chennaimetrorail.org/wp-content/uploads/2023/12/Approved-Social-Impact-Assessment-Resettlement-Plan-Corridor-5-1.pdf,https://chennaimetrorail.org/wp-content/uploads/2023/12/Approved-Social-Impact-Assessment-Resettlement-Plan-Corridor-5-1.pdf,https://chennaimetrorail.org/wp-content/uploads/2023/12/Approved-Social-Impact-Assessment-Resettlement-Plan-Corridor-5-1.pdf,government_official,1,pdf,CMRL,,,,,,,,corridor,,,,,,2026-09-05T10:22:29+00:00,project_research/REAL_006/04_rr_social_impact/REAL_006_CMRL_phase_II_corridor_5_SIA_undated_b8ba6efed3ca.pdf,b8ba6efed3cadb438fecc4cb05407289e6f947905eedc7c9313d39772627c733,True,7376959,200,application/pdf,"Tue, 02 Apr 2024 12:14:34 GMT","""64eb1253f784da1:0""",downloaded,"[""land_required_ha"", ""station_count""]","[""PDF page 4"", ""PDF page 14""]",,,official,matched_source_context,0.9,Potential filename/internal corridor mismatch; hold until reviewed. ,132,2707,normalized_observations_available,
S015,S015,,,REAL_006,review_required,phase_II_land_index,https://wcag.chennaimetrorail.org/phase-ii-land/,https://wcag.chennaimetrorail.org/phase-ii-land/,https://wcag.chennaimetrorail.org/phase-ii-land/,government_official,1,html,CMRL,,,,,,,,phase,,,,,,2026-09-05T10:22:32+00:00,project_research/REAL_006/04_rr_social_impact/REAL_006_CMRL_phase_II_land_index_undated_7c839bd1eb1d.html,7c839bd1eb1de02fa70f0f98067aca1f8667f40e7385f2ecf1f0dfd8727afdf1,True,116437,200,text/html; charset=UTF-8,,,downloaded,[],[],,,official,review_required,,Official download index. ,1,279,raw_and_candidate_evidence_only,
S009,S009,REAL_007,,REAL_007,matched_source_context,bharatmala_status,https://www.pib.gov.in/Pressreleaseshare.aspx?PRID=2085551&lang=2&reg=48,https://www.pib.gov.in/Pressreleaseshare.aspx?PRID=2085551&lang=2&reg=48,https://www.pib.gov.in/Pressreleaseshare.aspx?PRID=2085551&lang=2&reg=48,government_official,1,html,PIB_MoRTH,,,,,,,,programme,,,,,,2026-09-05T10:22:29+00:00,project_research/REAL_007/01_authority/REAL_007_PIB_MoRTH_bharatmala_status_undated_3b9aa6d5fd0e.html,3b9aa6d5fd0ee398f57b82eecfbaf58dbcedd40f03feea0f96c21cca01a48848,True,82193,200,text/html; charset=utf-8,,XXXXXXXX,downloaded,"[""awarded_length_km"", ""constructed_length_km""]","[""HTML body; exact anchor in saved extraction""]",,,official,matched_source_context,0.9,Programme totals only; not a parcel project. ,1,120,normalized_observations_available,
S018,S018,REAL_007,,REAL_007,matched_source_context,bharatmala_package_annexure,https://sansad.in/getFile/loksabhaquestions/annex/187/AU1139_7LjMPC.pdf?source=pqals,https://sansad.in/getFile/loksabhaquestions/annex/187/AU1139_7LjMPC.pdf?source=pqals,https://sansad.in/getFile/loksabhaquestions/annex/187/AU1139_7LjMPC.pdf?source=pqals,government_official,1,pdf,Lok_Sabha_MoRTH,,,,,,,,programme_packages,,,,,,2026-09-05T10:22:33+00:00,project_research/REAL_007/01_authority/REAL_007_Lok_Sabha_MoRTH_bharatmala_package_annexure_undated_f6d2652357ff.pdf,f6d2652357ff76ff7c9d2d04bfc8fa4a5f5dfec6e4bb50478314e3ee6d596c64,True,360435,200,application/pdf,,,downloaded,"[""barrier_description""]","[""PDF page 2""]",,,official,matched_source_context,0.9,Parse package rows and reasons separately. ,4,332,normalized_observations_available,
S010,S010,,,REAL_008,review_required,zojila_presentation_index,https://www.nhidcl.com/en/presentation-zojila-tunnel,https://www.nhidcl.com/en/presentation-zojila-tunnel,https://www.nhidcl.com/en/presentation-zojila-tunnel,government_official,1,html,NHIDCL,,,,,,,,project,,,,,,2026-09-05T10:25:40+00:00,project_research/REAL_008/01_authority/REAL_008_NHIDCL_zojila_presentation_index_undated_82e64f0fbdfa.html,82e64f0fbdfaa7cfadd49aef38177295ac5b55b9468e24b065d0132f96039889,True,40296,200,text/html; charset=UTF-8,"Fri, 04 Sep 2026 13:58:03 GMT","""1788530283""",downloaded,[],[],,,official,review_required,,Discover the actual presentation PDF. ,1,0,raw_and_candidate_evidence_only,
S017,S017,REAL_008,,REAL_008,matched_source_context,zojila_progress_release,https://ladakh.gov.in/ladakh-chief-secretary-reviews-zojila-tunnel-progress-12-km-completed-project-on-track-for-2028-finish/,https://ladakh.gov.in/ladakh-chief-secretary-reviews-zojila-tunnel-progress-12-km-completed-project-on-track-for-2028-finish/,https://ladakh.gov.in/ladakh-chief-secretary-reviews-zojila-tunnel-progress-12-km-completed-project-on-track-for-2028-finish/,government_official,1,html,Ladakh_Administration,,,,,,,,project,,,,,,2026-09-05T10:22:33+00:00,project_research/REAL_008/01_authority/REAL_008_Ladakh_Administration_zojila_progress_release_undated_c79daa65d898.html,c79daa65d898e01f18dd2947a5865973fe3a57636f7f59e5cbe7d03db8bab668,True,104161,200,text/html; charset=UTF-8,,,downloaded,"[""barrier_description"", ""completion_target"", ""constructed_tunnel_length_km""]","[""HTML body; exact anchor in saved extraction""]",,,official,matched_source_context,0.9,Zojila progress announcement; not acquisition status. ,1,0,normalized_observations_available,
S036,S036,REAL_008,,REAL_008,matched_source_context,zojila_presentation,https://www.nhidcl.com/en/presentation-zojila-tunnel,https://www.nhidcl.com/sites/default/files/2024-05/zozila-tunnel-presentation-final.pdf,https://www.nhidcl.com/sites/default/files/2024-05/zozila-tunnel-presentation-final.pdf,government_official,1,pdf,NHIDCL,,,,,,,,project,,,,,,2026-09-05T10:33:12+00:00,project_research/REAL_008/01_authority/REAL_008_NHIDCL_zojila_presentation_undated_a55344d01fa0.pdf,a55344d01fa0d93502d0603b433d60d4d0e9ecef2251185a6cd950a71d91fdc9,True,2003343,200,application/pdf,"Thu, 30 May 2024 12:36:42 GMT",,downloaded,"[""access_constraint""]","[""PDF page 4""]",,,official,matched_source_context,0.9,Direct file from official page. Preserve internal scope and dates. ,16,60,normalized_observations_available,
S040,S040,,REAL_008,REAL_008,matched_source_context,project_status_2023_04_30,https://www.nhidcl.com/sites/default/files/2024-04/project_status_as_on_30.04.2023.pdf,https://www.nhidcl.com/sites/default/files/2024-04/project_status_as_on_30.04.2023.pdf,https://www.nhidcl.com/sites/default/files/2024-04/project_status_as_on_30.04.2023.pdf,government_official,1,pdf,NHIDCL,,,,,,,,mixed_projects,,,,,,2026-09-05T10:40:29+00:00,project_research/REAL_008/01_authority/REAL_008_NHIDCL_project_status_2023_04_30_undated_d2a253737902.pdf,d2a2537379027753d43ba51274160cca7a228ba9ec1690f24f33e9affcfc8935,True,670384,200,application/pdf,"Fri, 26 Apr 2024 11:19:48 GMT",,downloaded,"[""contractor_name"", ""financial_progress"", ""physical_progress"", ""row_available_pct""]","[""PDF page 12""]",,,official,matched_source_context,0.9,Exact geographic/project scope must be retained. ,30,6479,normalized_observations_available,
S011,S011,,,REAL_008,review_required,zojila_approach_package_III_DPR,https://www.nhidcl.com/sites/default/files/tenders/tendors/uploads/815b2/PKG%20III_Main%20Report%20%20Pkg%20III.pdf,https://www.nhidcl.com/sites/default/files/tenders/tendors/uploads/815b2/PKG%20III_Main%20Report%20%20Pkg%20III.pdf,https://www.nhidcl.com/sites/default/files/tenders/tendors/uploads/815b2/PKG%20III_Main%20Report%20%20Pkg%20III.pdf,government_official,1,pdf,NHIDCL,,,,,,,,related_package,,,,,,2026-09-05T10:25:40+00:00,project_research/REAL_008/07_climate_landscape/REAL_008_NHIDCL_zojila_approach_package_III_DPR_undated_16148e8d4be1.pdf,16148e8d4be1711696ec1f396877fa30afa86f92c2813bb54e90c16b705b8d58,True,8313470,200,application/pdf,"Wed, 23 Jul 2025 11:06:57 GMT",,downloaded,[],[],,,official,review_required,,Approach/avalanche protection package; do not treat as main tunnel land acquisition. ,170,721,raw_and_candidate_evidence_only,
S012,S012,,,REAL_009,review_required,official_project_documents_index,https://msrdc.in/Site/Information/ViewFrmEvents.aspx?Doctype=P,https://msrdc.in/Site/Information/ViewFrmEvents.aspx?Doctype=P,https://msrdc.in/Site/Information/ViewFrmEvents.aspx?Doctype=P,government_official,1,html,MSRDC,,,,,,,,discovery_only,,,,,,2026-09-05T10:22:31+00:00,project_research/REAL_009/06_approvals/REAL_009_MSRDC_official_project_documents_index_undated_1e8c04d65fc6.html,1e8c04d65fc651736f97386fcfa7085985a5dc69bfc4013e2664b3bfd21cb561,True,61896,200,text/html; charset=utf-8,,,downloaded,[],[],,,official,review_required,,Mixed project index; extract only matching Nagpur-Mumbai evidence. ,1,0,raw_and_candidate_evidence_only,
S028,S028,REAL_009,,REAL_009,matched_source_context,samruddhi_package_III_forest_inprinciple,https://forestsclearance.nic.in/writereaddata/RO_App_Inprinciple/140220181FC-II-MH-71-2017-NGP.pdf,https://forestsclearance.nic.in/writereaddata/RO_App_Inprinciple/140220181FC-II-MH-71-2017-NGP.pdf,https://forestsclearance.nic.in/writereaddata/RO_App_Inprinciple/140220181FC-II-MH-71-2017-NGP.pdf,government_official,1,pdf,MoEFCC,,,,,,,,package,,,,,,2026-09-05T10:30:52+00:00,project_research/REAL_009/06_approvals/REAL_009_MoEFCC_samruddhi_package_III_forest_inprinciple_undated_f49f95e8298a.pdf,f49f95e8298ac79c34594685d6a0865ab272930db9292cebb80e95e57f2e3789,True,3183165,200,application/pdf,"Wed, 14 Feb 2018 07:50:29 GMT",",""",downloaded,"[""approval_status"", ""forest_diversion_area_ha""]","[""PDF page 1""]",,,official,matched_source_context,0.9,Verify exact internal project and record scope. JICA is the government lender disclosure host where applicable. ,3,0,normalized_observations_available,
S029,S029,,,REAL_009,review_required,samruddhi_package_IV_TOR,https://environmentclearance.nic.in/writereaddata/Online/TOR/27_Apr_2016_200147460W2515LFYAnnexure-ProposedTORFile.pdf,https://environmentclearance.nic.in/writereaddata/Online/TOR/27_Apr_2016_200147460W2515LFYAnnexure-ProposedTORFile.pdf,https://environmentclearance.nic.in/writereaddata/Online/TOR/27_Apr_2016_200147460W2515LFYAnnexure-ProposedTORFile.pdf,government_official,1,pdf,MoEFCC,,,,,,,,package,,,,,,2026-09-05T10:30:53+00:00,project_research/REAL_009/06_approvals/REAL_009_MoEFCC_samruddhi_package_IV_TOR_undated_d17aa4ce6642.pdf,d17aa4ce66422133d35336d155782b69e8fbe732086978cdb36e1df740286fa5,True,368985,200,application/pdf,"Wed, 27 Apr 2016 14:31:46 GMT",,downloaded,[],[],,,official,review_required,,Verify exact internal project and record scope. JICA is the government lender disclosure host where applicable. ,10,0,raw_and_candidate_evidence_only,
S014,S014,,,REAL_010,review_required,corporate_plan_2020,https://dfccil.com/images/uploads/img/Revised-01-12-2020-corporate-plan_SX71.pdf,https://dfccil.com/images/uploads/img/Revised-01-12-2020-corporate-plan_SX71.pdf,https://dfccil.com/images/uploads/img/Revised-01-12-2020-corporate-plan_SX71.pdf,government_official,1,pdf,DFCCIL,,,,,,,,mixed_corridors,,,,,,2026-09-05T10:22:32+00:00,project_research/REAL_010/01_authority/REAL_010_DFCCIL_corporate_plan_2020_undated_f8db86897dde.pdf,f8db86897dde3ddee3845142cdcbce888b05f32a790413bc6c8eb7f5cbd62cd4,True,2648706,200,application/pdf,"Sun, 19 Apr 2026 07:19:43 GMT","""4e91fe5cccfdc1:0""",downloaded,[],[],,,official,review_required,,Must separate Eastern and Western corridor rows. ,80,412,raw_and_candidate_evidence_only,
S013,S013,REAL_010,,REAL_010,matched_source_context,EDFC_RPF_addendum_2018,https://dfccil.com/upload/Addendum-2__2018__to_Resettlement_Policy_Framework__2011__Revised_in_2015_14_12_2018.pdf,https://dfccil.com/upload/Addendum-2__2018__to_Resettlement_Policy_Framework__2011__Revised_in_2015_14_12_2018.pdf,https://dfccil.com/upload/Addendum-2__2018__to_Resettlement_Policy_Framework__2011__Revised_in_2015_14_12_2018.pdf,government_official,1,pdf,DFCCIL,,,,,,,,corridor,,,,,,2026-09-05T10:22:31+00:00,project_research/REAL_010/04_rr_social_impact/REAL_010_DFCCIL_EDFC_RPF_addendum_2018_undated_40ee60d04680.pdf,40ee60d04680bdba2cff825d4e00f61a63a5bafe3b01de1dc89376fba5e18f67,True,2655079,200,application/pdf,"Sun, 19 Apr 2026 07:29:01 GMT","""20198b31cecfdc1:0""",downloaded,"[""land_required_ha"", ""land_to_be_acquired_ha"", ""landowners_count""]","[""PDF page 6""]",,,official,matched_source_context,0.9,EDFC I/II/III RPF direct purchase; keep policy estimates distinct from actual acquisition. ,39,44,normalized_observations_available,
