page,reference,text
1,PDF page 1," 
 
  
 
 
  
Environment Impact 
Assessment Report 
 
 
For 
 
Delhi Metro Phase IV-2 
Project  
 
Inderlok - Indraprastha (Line 5 Extension) 
Lajpat Nagar - Saket G Block (Line 11)  
Rithala-Nathupur (Line 1 Extension)  
 
 
 
In New Delhi, India 
 
2024 "
2,PDF page 2," 
Environment Impact Assessment for Delhi Metro Phase IV-2 Project 
 
 
a JICA DELHI METRO RAIL CORPORATION LTD. 
 
Content Table 
 
 
EXECUTIVE SUMMARY  ................................ ................................ ................................ ...........................  1 
A. INTRODUCTION .......................................................................................................................................................... 1 
B. PROJECT DESCRIPTION .......................................................................................................................................... 1 
C. LEGAL, POLICY AND INSTITUTIONAL FRAMEWORK ............................................................................. 1 
D. ALTERNATIVE ANALYSIS ...................................................................................................................................... 1 
E. ENVIRONMENTAL BASELINE DATA ................................................................................................................ 1 
F. SCOPING .......................................................................................................................................................................... 2 
G. SURVEY AND ANALYSIS RESULTS .................................................................................................................... 2 
H. IMPACT ASSESSMENT ............................................................................................................................................. 3 
I. ENVIRONMENTAL MANAGEMENT PLAN ..................................................................................................... 5 
J. ENVIRONMENTAL MONITORING PLAN......................................................................................................... 6 
K. IMPLEMENTATION ARRANGEMENT .............................................................................................................. 7 
L. GRIEVANCE REDRESSAL MECHANISM .......................................................................................................... 7 
CHAPTER 1. INTRODUCTION ................................ ................................ ................................ .................  8 
1.1. Background ..................................................................................................................................................................... 8 
1.2. Existing Metro System in Delhi ............................................................................................................................. 9 
1.3. Needs for Expansion and New lines ................................................................................................................ 10 
1.4. Objective and Scope of The Study .................................................................................................................... 13 
1.5. JICA Guideline ............................................................................................................................................................. 13 
1.6. EIA Categorization as per JICA Guideline ..................................................................................................... 14 
1.7. EIA approach and Methodology ........................................................................................................................ 14 
CHAPTER 2. PROJECT DESCRIPTION ................................ ................................ ................................ . 19 
2.1. Background of the Project Approval ............................................................................................................... 19 
2.2. Proposed Phase Metro Corridors ..................................................................................................................... 19 
2.3. Environmental Sensitivity Areas ...................................................................................................................... 44 
2.4. Land Selection Process for Project Components ...................................................................................... 49 
2.5. Construction Methodology .................................................................................................................................. 49 
2.6. Maintenance Activities during Operation .................................................................................................... 51 
2.7. Project Cost .................................................................................................................................................................. 51 
CHAPTER 3. LEGAL, POLICY AND INSTITUTIONAL FRAMEWORK ................................ ............. 52 
3.1. Applicable Policy, Rules & Regulations to project interventions/activities............................... 52 
3.2. Institutional Frameworks for Enforcement of Environmental Management ........................... 58 
3.3. Environment standards ......................................................................................................................................... 59 "
3,PDF page 3," 
Environment Impact Assessment for Delhi Metro Phase IV-2 Project 
 
 
b JICA DELHI METRO RAIL CORPORATION LTD. 
 
3.4. JICA guidelines on environmental and social consideration .............................................................. 63 
3.5. Applicability of EIA and Resettlement Action plan ................................................................................. 71 
3.6. International Treaties and Agreements ........................................................................................................ 71 
3.7. Clearances and Permissions required for the Project ........................................................................... 72 
CHAPTER 4. ALTERNATIVE ANALYSIS ................................ ................................ ..............................  75 
4.1. “Without Project” Alternative (Business as Usual) ................................................................................. 75 
4.2. Alternative analysis ................................................................................................................................................. 76 
4.3. Impact of Alternative routes and their comparison ............................................................................... 86 
4.4. Additional Review on Corridor 3: Depot Alternatives........................................................................... 92 
CHAPTER 5. Current Status of Environment and Social Conditions ................................ ......... 95 
5.1. Project Area ................................................................................................................................................................. 95 
5.2. Land Environment.................................................................................................................................................... 96 
5.3. Hazard and Vulnerability ................................................................................................................................... 101 
5.4. Morphological Ridge Management ............................................................................................................... 107 
5.5. Water Environment .............................................................................................................................................. 108 
5.6. Air Environment ..................................................................................................................................................... 114 
5.7. Biological environment....................................................................................................................................... 117 
5.8. Social Environment ............................................................................................................................................... 124 
5.9. Others ........................................................................................................................................................................... 132 
CHAPTER 6. SCOPING................................ ................................ ................................ ..........................  134 
6.1. Project Phases.......................................................................................................................................................... 134 
6.2. Scoping of Impacts ................................................................................................................................................ 134 
6.3. Survey and Analysis Methodology ................................................................................................................ 138 
CHAPTER 7. SURVEY AND ANALYSIS RESULTS ................................ ................................ ............ 174 
7.1. Pollution ..................................................................................................................................................................... 174 
7.2. Natural Environment ........................................................................................................................................... 191 
7.3. Social Environment ............................................................................................................................................... 204 
7.4. Others ........................................................................................................................................................................... 210 
CHAPTER 8. ENVIRONMENTAL IMPACTS ASESSMENT ................................ ..............................  213 
8.1. Introduction .............................................................................................................................................................. 213 
8.2. Summary of Environment Impact Assessment ...................................................................................... 213 
8.3. Negative Environmental Impacts  ................................................................................................................. 219 
8.4. Positive Environmental Impacts during operation phase ................................................................ 229 
CHAPTER 9. ENVIRONMENTAL MANAGEMENT PLAN ................................ ................................  232 
9.1. Mitigation Measures ............................................................................................................................................. 232 
9.2. Environmental Management Plan ................................................................................................................. 246 
9.3. Disaster Management .......................................................................................................................................... 261 "
4,PDF page 4," 
Environment Impact Assessment for Delhi Metro Phase IV-2 Project 
 
 
c JICA DELHI METRO RAIL CORPORATION LTD. 
 
9.4. Emergency Measures ........................................................................................................................................... 262 
CHAPTER 10. ENVIRONMENTAL MONITORING PLAN................................ ................................  265 
10.1. Environmental Monitoring Plan .................................................................................................................. 265 
10.2. EMOP Implementation ..................................................................................................................................... 284 
CHAPTER 11. IMPLEMENTATION ARRANGEMENT ................................ .............................  285 
11.1. Institutional Arrangement for implementation of EMP.................................................................. 285 
11.2. Key Institution Roles and Responsibilities for implementing EMP .......................................... 285 
CHAPTER 12. Grievance Redress Mechanism................................ ................................ ....... 287 
12.1. Grievance Prevention........................................................................................................................................ 287 
12.2. GRM Operation Team ........................................................................................................................................ 287 
12.3. Anticipated Grievances .................................................................................................................................... 287 
12.4. Grievance Procedure ......................................................................................................................................... 287 
12.5. Raising and Recording of Grievance.......................................................................................................... 289 
12.6. Disseminating GRM ............................................................................................................................................ 290 
CHAPTER 13. STAKEHOLDER CONSULTATION ................................ ................................ .... 292 
13.1. Objectives ................................................................................................................................................................ 292 
13.2. Stakeholder Identification .............................................................................................................................. 293 
13.3. Group Discussions in the Study Area ........................................................................................................ 293 
13.4. Stakeholder Meetings ....................................................................................................................................... 294 
13.5. Stakeholder Engagement Plan ..................................................................................................................... 309 
13.6. Information Disclosure .................................................................................................................................... 309 
CHAPTER 14. CONCLUSIONS AND RECOMMENDATIONS ................................ ...................  310 
14.1. Conclusions ............................................................................................................................................................ 310 
14.2. Recommendations .............................................................................................................................................. 310 
 
 
  "
5,PDF page 5," 
Environment Impact Assessment for Delhi Metro Phase IV-2 Project 
 
 
d JICA DELHI METRO RAIL CORPORATION LTD. 
 
 
LIST OF TABLE  
 
Table 1.1: Existing Metro Alignment (as of 2024)...................................................................................... 9 
Table 1.2: Detail of Proposed Phase IV -2 Corridors .............................................................................. 10 
Table 1.3: Data collection items ........................................................................................................................ 16 
Table 2.1: Detail of Metro Corridors ............................................................................................................... 20 
Table 2.2: Operation and Maintenance related Facilities .................................................................... 20 
Table 2.3: Details of integrating stations ..................................................................................................... 21 
Table 2.4: Details of Integrating Stations ..................................................................................................... 22 
Table 2-5: Updated Delhi Metro Phase IV-2 Demand Forecast, FY 2041 .................................... 22 
Table 2.6: Station Location Characteristics  ............................................................................................... 28 
Table 2.7: Information on depot plans .......................................................................................................... 37 
Table 2.8: Proposed Rolling Stock ................................................................................................................... 39 
Table 2.9: Train Speed (in Kmph) .................................................................................................................... 39 
Table 2.10: Power Demand (in MVA) for Corridor 1 & 2 ..................................................................... 40 
Table 2.11: Power Demand (in MVA) for Corridor 3 .............................................................................. 40 
Table 2.12: Power Source for Corridor 3 ..................................................................................................... 41 
Table 2.13: Track Structure by Type .............................................................................................................. 43 
Table 2.14: Sensitive Receptors ........................................................................................................................ 44 
Table 2.15: Details of land required for project (in m2) ....................................................................... 49 
Table 3.1: Environmental and Social Regulations ................................................................................... 53 
Table 3.2: Environmental Standards Applied for the Project ........................................................... 59 
Table 3.3 National Ambient Air Quality Standards 2009 .................................................................... 60 
Table 3.4: Primary surface water quality Criteria for Designated-Best-Use-Classes............ 60 
Table 3.5: Drinking Water Standard (IS 10500: 2012) ......................................................................... 61 
Table 3.6: Ambient Air Quality standards in respect of Noise (CPCB Standards) .................. 62 
Table 3.7: Soil Analysis Results ......................................................................................................................... 62 
Table 3.8: Comparison of National Policies, Regulations with JICA ............................................... 63 
Table 3.9: Function of EIA AND RAP .............................................................................................................. 71 
Table 3.10: International Conventions and Treaties ............................................................................. 71 
Table 3.11: Clearances and Permissions required for Project .......................................................... 73 
Table 4.1: Presenting the “with” and “without” Project Scenario ................................................... 75 
Table 4.2: Alternative Route Analysis for Inderlok to Indraprastha Corridor (Line 5) ....... 86 
Table 4.3: Alternative Route Analysis for Lajpat Nagar to Saket G Block Corridor (Line11)
 .................................................................................................................................................................................. 88 
Table 4.4: Alternative Route Analysis for Rithala–Narela–Nathupur Corridor (Line 1) ..... 91 
Table 5.1 Stratigraphic succession of rocks in Delhi area ................................................................... 99 
Table 5.2: Recent Major Flood events in Delhi ....................................................................................... 101 
Table 5.3: Long-term Meteorological data, IMD New Delhi (Safdarjang) ................................ 114 
Table 5.4 : Temporal Variation in Green Cover of NCT of Delhi.................................................... 120 
Table 5.5 : District Wise Forest Cover of Delhi ...................................................................................... 120 
Table 5.6 : District Forest type of Delhi ..................................................................................................... 122 
Table 5.7: Population Details of Delhi......................................................................................................... 125 
Table 5.8: District wise Population in the Study Area ........................................................................ 126 
Table 5.9: Demographic Structure of the Study Area ......................................................................... 127 
Table 5.10: Health Infrastructure in Delhi ............................................................................................... 129 
Table 5.11: Mortality Rate in Delhi .............................................................................................................. 129 
Table 5.12: Morbidity Pattern in Delhi ....................................................................................................... 130 
Table 5.13: Age and Gender Wise Details of Crash Victims ............................................................. 133 
Table 6.1: Scoping for the Project Facilities with Reasons Evaluated ....................................... 134 
Table 6.2: Survey Items and Survey Method ........................................................................................... 138 
Table 6.3: Ambient Air Quality Monitoring Stations and justification ....................................... 142 
Table 6.4: Techniques Adopted/Protocols for Ambient Air Quality Monitoring ................. 146 "
6,PDF page 6," 
Environment Impact Assessment for Delhi Metro Phase IV-2 Project 
 
 
e JICA DELHI METRO RAIL CORPORATION LTD. 
 
Table 6.5: Water sampling Stations ............................................................................................................. 148 
Table 6.6: Methods for Analysis of Soil Properties .............................................................................. 155 
Table 6.7: Soil Sample collection Locations ............................................................................................. 156 
Table 6.8: Ambient Noise Level Monitoring Stations and justification .......................... 160 
Table 6.9: Vibration Monitoring Locations .............................................................................................. 166 
Table 6.10: Details of Samples Collected during Socio Economic Survey ................................ 172 
Table 6.11: List of the Locations for Field Survey of Socio-Economic Survey ....................... 173 
Table 7.1: Baseline Results for the Ambient Air Quality Monitoring Locations ................... 174 
Table 7.2: Secondary Monitoring data of July 2023 ............................................................................ 177 
Table 7.3: Secondary Monitoring data of March 2024 ....................................................................... 177 
Table 7.4: Surface Water Quality Sampling Results for Dry Season ........................................... 181 
Table 7.5: Surface Water Quality Results for Wet Season ................................................................ 182 
Table 7.6: Ground Water Quality Sampling Results for Dry Season ........................................... 184 
Table 7.7: Ground Water Quality Results for Wet Season ................................................................ 185 
Table 7.8: Soil Analysis Results ...................................................................................................................... 188 
Table 7.9: Ambient Noise Level Monitoring Results Data ................................................................ 189 
Table 7.10: Noise Standards as per Noise Regulation (Pollution & Control) Rules, 2000
 ............................................................................................................................................................................... 190 
Table 7.11: Ambient Vibration Level Monitoring Results Data ..................................................... 190 
Table 7.12 Forest area and Green area along the project alignment ......................................... 192 
Table 7.13: location and area of deemed forest the project alignment pass through ....... 192 
Table 7.14 : Tree individuals recorded from the Metro Corridors .............................................. 196 
Table 7.14 :Procedure of obtaining Tree cut permit and compensation planting............... 196 
Table 7.15: Tree, Shrubs, Herbs and Grasses recorded from Metro Corridors (Dry Season and 
wet Season) .................................................................................................................................................... 197 
Table 7.16: Mammals, reptiles and amphibians recorded from Delhi Metro Phase IV-2 Corridors 
(Dry and Wet Season) ............................................................................................................................... 201 
Table 7.17: Avifauna recorded from Delhi Metro Phase IV-2 Corridors (Dry and Wet 
Season) ............................................................................................................................................................. 201 
Table 7.18 Average Income of the Respondents ................................................................................... 205 
Table 7.19: Social Infrastructure and Services within 50 Meters along the Metro Stations
 ............................................................................................................................................................................... 207 
Table 7.20: Details of underground Utility Services ........................................................................... 209 
Table 7.21: Details of aboveground Utility Services............................................................................ 210 
Table 8.1: Environment Impact Assessment Summary..................................................................... 213 
Table 8.2: Noise Level Prediction during construction phase ....................................................... 220 
Table 8.3: Vibration Level Prediction during construction phase ............................................... 221 
Table 8.4: Reduction in Vehicle Trips ......................................................................................................... 231 
Table 8.5: Reduction in Fuel Consumption .............................................................................................. 231 
Table 8.6: Net Saving on Fuel Expenditure (Rs Million) ................................................................... 231 
Table 9.1: Environmental Management Plan (EMP) ........................................................................... 247 
Table 10.1: Pre-Construction and Construction Stage Monitoring Schedule ......................... 266 
Table 10.2 : Operation Stage Monitoring Schedule...................................................................... 279 
Table 11.1: Roles and Responsibilities of Key Institutions.............................................................. 286 
Table 13.1: Details of GD and Addressal of Issues................................................................................ 293 
Table 13.2 : 1st Stakeholder Meeting ........................................................................................................... 296 
Table 13.3 : Minutes of Meetings for 1st Stakeholder Meeting ..................................................... 296 
Table 13.4: 2nd Stakeholder Meeting ........................................................................................................... 302 
Table 13.5 : Minutes of Meetings for 2nd Stakeholder Meeting...................................................... 303 
 "
7,PDF page 7," 
Environment Impact Assessment for Delhi Metro Phase IV-2 Project 
 
 
f JICA DELHI METRO RAIL CORPORATION LTD. 
 
 LIST OF FIGURE  
 
Figure 1.1: Study Area Map for all Corridors ................................................................................................. 11 
Figure 1.2: Existing and Proposed Metro Alignment ................................................................................. 12 
Figure 2.1: Typical drawing of U-shaped girder (left: Single/ right: Double) ............................... 23 
Figure 2.2:Brief diagram of Cut & Cover Tunnel .......................................................................................... 23 
Figure 2.3: Brief diagram of TBM Tunnel......................................................................................................... 24 
Figure 2.4: Ramp (Structure transition section) .......................................................................................... 24 
Figure 2.5: Conceptual Longitudinal Section of Elevated Station........................................................ 25 
Figure 2.6: Conceptual Cross Section of Elevated Station ....................................................................... 25 
Figure 2.7: Conceptual cross section of At-grade Station ........................................................................ 26 
Figure 2.8: Conceptual Longitudinal Section of Underground Station ............................................. 26 
Figure 2.9: Conceptual Cross Section of Underground Station ............................................................. 27 
Figure 2.10: Study Area Map for Corridor 1 (Inderlok to Indraprastha) ........................................ 32 
Figure 2.11: Study Area Map for Corridor 2 (Lajpat Nagar to Saket G Block) .............................. 34 
Figure 2.12: Study Area Map for Corridor 3 (Rithala – Narela – Nathupur).................................. 36 
Figure 2.13: Location of Depots for the Delhi Metro Phase IV-2 ......................................................... 37 
Figure 2.14： Location of Depots for the Delhi Metro Network .......................................................... 38 
Figure 2.15: Sanoth Depot (Draft) ....................................................................................................................... 39 
Figure 2.16：Sensitive area map for Corridor 1 .......................................................................................... 46 
Figure 2.17：Sensitive area map for Corridor 2 .......................................................................................... 47 
Figure 2.18： Sensitive area map for Corridor 3 ......................................................................................... 48 
Figure 4.1: Corridor 1 - Land Use and Target Area ..................................................................................... 78 
Figure 4.2: Corridor 1 - Available Metro Service and Catchment Area ............................................ 79 
Figure 4.3: Corridor 1 - Existing Road Network and Road Classification ....................................... 79 
Figure 4.4: Corridor 1 - Identified Route Options........................................................................................ 80 
Figure 4.5: Corridor 2 - Land Use and Target Area ..................................................................................... 81 
Figure 4.6: Corridor 2 - Available Metro Service and Catchment Area ............................................ 81 
Figure 4.7: Corridor 2 - Existing Road Network and Road Classification ....................................... 82 
Figure 4.8: Corridor 2 - Route Option and Selected Alignment ............................................................ 83 
Figure 4.9: Corridor 3 - Land Use and Target Area ..................................................................................... 83 
Figure 4.10: Corridor 3 - Available Metro Service and Catchment Area.......................................... 84 
Figure 4.11: Corridor 3 - Existing Road Network and Road Classification..................................... 85 
Figure 4.12: Corridor 3 - Existing Road Network and Routes ............................................................... 85 
Figure 4.13: Corridor 3 - Existing Road Network, Influence Area and Routes ............................. 86 
Figure 4.14: Map showing ASI Protected Monuments at Inderlok to Indraprastha Corridor
 ...................................................................................................................................................................................... 88 
Figure 4.15: Map showing ASI Protected Monuments at Lajpat Nagar to Saket G Block 
Corridor 2 ............................................................................................................................................................... 90 
Figure 4.16: Corridor 3 – Alignment and Depot Alternatives................................................................ 92 
Figure 4.17: Location of Depot Alternative 1 for Corridor 3.................................................................. 93 
Figure 5.1 Delhi District Map .................................................................................................................................. 96 
Figure 5.2: Geomorphological Map of Delhi ................................................................................................... 98 
Figure 5.3: Geological Map of Delhi .................................................................................................................. 100 
Figure 5.4: Earthquake Hazard Map ................................................................................................................ 102 
Figure 5.5: Landslide Incidence Map of India ............................................................................................. 103 
Figure 5.6: Showing Flood Hazard Map of Delhi NCT............................................................................. 104 
Figure 5.7 Location of Zone 0 .............................................................................................................................. 106 
Figure 5.8 Location of Zone 0 in the Project area ..................................................................................... 107 
Figure 5.9: Map showing Morphological Ridge area of Corridor 1 .................................................. 108 
Figure 5.10: River and Drainage in Delhi ...................................................................................................... 109 
Figure 5.11: Depth to Water Level Map (Pre-Monsson) ....................................................................... 112 
Figure 5.12: Hydrogeological Map of Delhi .................................................................................................. 113 
Figure 5.13: Climatological data of Delhi 2021 .......................................................................................... 114 "
8,PDF page 8," 
Environment Impact Assessment for Delhi Metro Phase IV-2 Project 
 
 
g JICA DELHI METRO RAIL CORPORATION LTD. 
 
Figure 5.14: Chart showing average annual rainfall pattern from year 2014-2023 .............. 115 
Figure 5.15: Secondary wind rose of New Delhi (Safdarjang) ........................................................... 116 
Figure 5.16 Daily Air Quality Index for Delhi 2023 ................................................................................. 117 
Figure 5.17 : Corridor 2 Distance from Asola-Bhatti WLS & Okhla Bird Sanctuary and their Eco-
Sensitive Zones ................................................................................................................................................. 119 
Figure 5.18: Forest Cover Map of NCT of Delhi .......................................................................................... 121 
Figure 5.19 : Protected Forests under Department of Forest and Wildlife, Govt. of NCT of 
Delhi ....................................................................................................................................................................... 123 
Figure 5.20: Decadal Population Growth (%) of Rural and Urban of Delhi ................................ 125 
Figure 5.21 Location of Municipalities .......................................................................................................... 126 
Figure 5.22: Number of Road accidents in Delhi in the Year 2021-22 .......................................... 132 
Figure 6.1: Map showing Ambient Air Quality Monitoring Locations (Corridor 1) ................ 143 
Figure 6.2: Map showing Ambient Air Quality Monitoring Locations (Corridor 2) ................ 144 
Figure 6.3: Map showing Ambient Air Quality Monitoring Locations (Corridor 3) ................ 145 
Figure 6.4: Map showing Surface Water Sampling Locations (Corridor 1) ................................ 149 
Figure 6.5: Map showing Surface Water Sampling Locations (Corridor 2) ................................ 150 
Figure 6.6: Map showing Surface Water Sampling Locations (Corridor 3) ................................ 151 
Figure 6.7: Map showing Ground water Sampling Locations (Corridor 1) ................................. 152 
Figure 6.8: Map showing Ground water Sampling Locations (Corridor 2) ................................. 153 
Figure 6.9: Map showing Ground water Sampling Locations (Corridor 3) ................................. 154 
Figure 6.10: Map showing Soil Sampling Locations Map (Corridor 1) .......................................... 157 
Figure 6.11: Map showing Soil Sampling Locations Map (Corridor 2) .......................................... 158 
Figure 6.12: Map showing Soil Sampling Locations Map (Corridor 3) .......................................... 159 
Figure 6.13: Map showing Ambient Noise Level Monitoring Locations (Corridor 2) ........... 162 
Figure 6.14: Map showing Ambient Noise Level Monitoring Locations (Corridor 1) ........... 163 
Figure 6.15: Map showing Ambient Noise Level Monitoring Locations (Corridor 3) ........... 164 
Figure 6.16: Methodology ..................................................................................................................................... 165 
Figure 6.17: Map showing Vibration Monitoring Locations (Corridor 1) .................................... 167 
Figure 6.18: Map showing Vibration Monitoring Locations (Corridor 2) .................................... 168 
Figure 6.19: Map showing Vibration Monitoring Locations (Corridor 3) .................................... 169 
Figure 6.20: Representing the Category of Respondents Interviewed During Survey ......... 173 
Figure 6.21: Interaction with stall owners at proposed Bawana Industrial Area Sector 3 & 4 and 
Narela Metro Station ...................................................................................................................................... 173 
Figure 7.1: Graphical Representation of Air quality Survey Result ................................................. 176 
Figure 7.2: Map showing Continuous Ambient Air Quality Monitoring Stations (CAAQMS) of 
CPCB in Delhi ..................................................................................................................................................... 178 
Figure 7.3: Graphical Representation of Equivalent Noise Levels ................................................... 190 
Figure 7.4: Location of DDA Park Near Jhandewala ................................................................................ 193 
Figure 7.5: Location of Hauz Khas Forest ..................................................................................................... 193 
Figure 7.6: Location of Jahapanah City Forest ............................................................................................ 193 
Figure 7.7 Location of Deemed Forest 1 and 2........................................................................................... 194 
Figure 7.8 Location of Deemed Forest 3 and 4........................................................................................... 194 
Figure 7.9 Location of Deemed Forest ５...................................................................................................... 195 
Figure 7.10 Photo of existing road cutting through Hauz Khas (left) and Deemed Forest 2 on 
Sirifort Road ....................................................................................................................................................... 195 
Figure 7.11 Plants observed at project area ................................................................................................ 200 
Figure 7.12 Photographs taken during Surveys ........................................................................................ 204 
Figure 7.13: Respondents having Access to Infrastructure ................................................................. 208 
Figure 10.1: Organizational Setup during Construction Phase ......................................................... 284 
Figure 10.2: Organizational Setup during Operation Phase ................................................................ 284 
Figure 11.1: Implementation Structure of EMP implementation ..................................................... 285 
Figure 12.1: GRM implementation Process.................................................................................................. 288 
Figure 12.2 Delhi Metro online GRM information .................................................................................... 290 
Figure 12.3 Delhi Metro online GRM information .................................................................................... 291 "
9,PDF page 9," 
Environment Impact Assessment for Delhi Metro Phase IV-2 Project 
 
 
h JICA DELHI METRO RAIL CORPORATION LTD. 
 
Figure 13.1: Notice for 1st Stakeholder Meeting published on 24.05.2024 in the Dainik 
Tribune ................................................................................................................................................................. 295 
Figure 13.2: Notice for 2nd Stakeholder Meeting published in the Dainik Tribune on 05.07.2024 
in both Hindi and English languages. .................................................................................................... 295 
Figure 13.3: Photographs of 1st Stake Holder Meeting conducted on 03.06.2024 .................. 302 
Figure 13.4: Photographs of 2nd Stake Holder Meeting conducted on 16.07.2024 ................. 309 
  
 
List of Annexures 
ANNEXURE I DMRC. GNCTD Letter No. 3(129)/TPT/MRTS/2011/PF/562 1 
ANNEXURE II MoHUA Letter No. 14011/60/2014-MRTS-I 4 
ANNEXURE III MoHUA, Letter No. 14011/60/2014-MRTS-I (Pt.) dated 21.06.2019 7 
ANNEXURE IV MoHUA, vide their Letter No. K -14011/60/2014-MRTS-I(Pt.) dated 
23.07.2019 9 
ANNEXURE V Letter on submission of DPR 11 
ANNEXURE VI MoHUA, letter No. K-14011/60/2014-MRTS-I(Pt.) dated 24.09.2019 13 
ANNEXURE VII Revised National Ambient Air Quality Standards (NAAQS)  
[NAAQS Notification dated 18th November 2009] 15 
ANNEXURE VIII Emission Standards for Construction Equipment 17 
ANNEXURE IX Field sampling survey results 20 
ANNEXURE X Biological Environment 161 
ANNEXURE XI Critical Habitat Assessment 178 
ANNEXURE XII Environmental Monitoring Format (DRAFT) 184 
 
  "
10,PDF page 10," 
Environment Impact Assessment for Delhi Metro Phase IV-2 Project 
 
 
i JICA DELHI METRO RAIL CORPORATION LTD. 
 
 
ABBREVIATIONS  
 
 
ASI  -  Archaeological Survey of India 
ATC  - Radio based Automatic Train Control 
BIS  -  Bureau of Indian Standards 
CGWB  -  Central Ground Water Board CPCB   
CPCB -  Central Pollution Control board 
CPWD  -  Central Public Works Department 
CTE  -  Consent to Establishment 
DDA - Delhi Development Authority   
DMRC -   Delhi Metro Rail Corporation  
DPCC  -   Delhi Pollution Control Board  
DPR  -   Detailed Project Report 
DTC  -  Delhi Transport Corporation 
EIA -   Environmental Impact Assessment  
EMP  -  Environmental Management Plan 
EPA  -  Environmental Protection Act 
ETP  -  Effluent Treatment Plant 
GHG  -  Green House Gas 
IMD -  Indian Meteorological Department 
ISO  - International Organization for Standardization 
JBIC -  Japan Bank for International Cooperation 
JICA -  Japan International Cooperation Agency 
KLD -  Kilo Liter per Day 
MoEF&CC -  Ministry of Environmental Forest and Climate Change 
MRTS  -  Mass Rapid Transit System  
NCR  -  National Capital Region  
NCT  -  National Capital Territory 
NGO  -  Non Government Organization  
NHAI -  National Highway Authority of India  
NOC  -  No Objection certificate 
OCC - Operation Control Centre 
PAP  -  Project Affect People 
PIU  -  Project Implementation Report 
RESCO - Renewable Energy Service Company 
R & R  -  Rehabilitation and Resettlement  
SPCB  -  State Pollution Control Board  
SPM  -  Suspended Particulate Matter  
STP  -  Sewage Treatment Plant 
TBM  - Tunnel Boring Machine 
WHO  -  World Health Organization 
UN - United Nations "
11,PDF page 11," 
Environment Impact Assessment for Delhi Metro Phase IV-2 Project 
 
 
1 A DELHI METRO RAIL COOPERATION LTD. 
 
EXECUTIVE SUMMARY  
A. INTRODUCTION 
The scope of Environmental Impact Assessment (EIA) included establishing environmental 
baseline, assess impacts resulting from pre-construction, construction and operation phases and 
propose safeguard measures for protection of environment. An environmental management plan 
was developed to mitigate the adverse impacts during construction and operation phases of the 
project. Cost of implementing the EMP and post -implementation environmental monitoring has 
been estimated. Rehabilitation and Resettlement is presented as part of a separate Social Impact 
Assessment (SIA) Report. 
The Ministry  of Environment Forests and Climate  Change (MoEF&CC), Government  of India, 
Notification of 14 th September 2006 and its  amendment dated 1 st December 2009 list projects 
that require environmental clearance. As per this Notification a metro rail project does not 
require environmental clearance from MoEF&CC. 
The scope of the study is framed as per Japan International Cooperation Agency (JICA) Guidelines 
for Environmental and Social Considerations (January 2022) (the JICA Guidelines). The objectives 
of the JICA guidelines are to encourage Project proponents to have appropriate consideration for 
environmental and social impacts, as well as to ensure that JICA’s support for examination of 
environmental and social considerations are conducted accordingly. 
B. PROJECT DESCRIPTION 
The EIA study covers the proposed metro corridors. Three metro corridors have been proposed 
in New Delhi to cater the requirement of the city viz. 
Corridor 1 is Inderlok to Indraprastha, Line 5 extension (Green line) which is 12.377km in length, 
Corridor 2 is Lajpat Nagar to Saket G Block, Line 11 (Gold line) which is 8.385 km in length and 
Corridor 3: Rithala–Narela-Nathupur, Line 1 Extension (Red line) which is 26.463 km in length. 
Total length of elevated portion is 34.896km out of which in 1.028 km in Corridor 1,8.385 km in 
Corridor 2  and 25.483 km in Corridor 3 . The length of underground section is 11.349 km in 
Corridor 1.0 km in Corridor 2 and 3, in this At Grade is 0.980 km in Corridor 3 only. 
Total 37 stations are proposed on the route out of which 8 stations are proposed on underground 
section, 28 stations are proposed on elevated section and 1 station is proposed as at grade.  
C. LEGAL, POLICY AND INSTITUTIONAL FRAMEWORK 
The project's execution will be overseen in accordance with the environmental laws, regulations, 
and standards at both the national and state levels. The proposed project will be implemented in 
compliance with the JICA Guidelines. These regulations necessitate the avoidance, minimization, 
and mitigation of potential environmental and social impacts.  
D. ALTERNATIVE ANALYSIS 
The proposed Delhi Metro Phase IV-2 project has been finalized after considering environmental 
and social concerns, considerations of traffic, integration with the  existing system and  
importantly, the overall economic and financial viability. The underlying principles for evaluation 
for each corridor  is without affecting the overall usefulness of the corridor. In the analysis of 
alternatives, a comparison of scenario with and without the project has also been made. 
Advantages and disadvantages have been spelt out. 
E. ENVIRONMENTAL BASELINE DATA  "
12,PDF page 12," 
Environment Impact Assessment for Delhi Metro Phase IV-2 Project 
 
 
2 A DELHI METRO RAIL COOPERATION LTD. 
 
The environmental baseline data collected for EIA study includes physiography, geology and soils, 
ground water hydrology, flora and fauna, meteorology, air pollution, noise  and vibration as well 
as social economic environment.  
F. SCOPING 
The monitoring of environmental parameters has been conducted within the direct impact zone 
(Proposed ROW of 20m) and indirect zone (50 m) as is the usual practice for such projects.  The 
study has been essentially carried out in two parts: from primary and from secondary sources. 
Hence, we have collected primary data for dry season (May to June 2024 ) and wet season 
(September 2024 for ground water and surface water, flora and fauna only) as well as Secondary 
data (CPCB) for dry season i.e. March 2024 and Wet season data for July 2023.  
Field study has been conducted for collection of Environment Baseline Data (Primary Data) along 
the project alignment on key parameters like- Baseline Data for Physical Environment (Air, Water, 
Noise, Vibration Soil, fauna and flora, Land etc.) 
G.  SURVEY AND ANALYSIS RESULTS 
 
Physiography: The physiography of Delhi is dominated by the River Yamuna, the Aravalli range 
and the plains in between and the Delhi Ridge and its four sections. The Delhi and Noida drains 
fall into the  Yamuna River. The average gradient is of the order of 1 to 4 m/km.  Delhi area is 
generally flat. The Yamuna River is Delhi’s source of drinking water. 
Soil: The soil forming material of the area consists of the alluvium derived from the Aravalli 
through the numerous ephemeral drainage ways and the alluvium derived from the Yamuna that 
consists of the material from the Siwalik and the Himalayas. Dominant influ ence of the Aravalli 
alluvium is apparent in Mehrauli area including a part of the I.A.R.I. (Indian Agriculture Research 
Institute). Yamuna and Aravalli alluvium form the distinct soil forming materials in the area. 
When we consider variation within d ifferent alluviums, texture of the material becomes an 
important differentiating characteristic. Quartz dominates in the sand fraction with iron oxide 
minerals up to 5- 10% and biotite from 5-25%. Quantitative mineralogy of the clay fraction in the 
soil of I.A.R.I. Farm has shown that smectite is the dominant double layer mineral, which is from 
23-40%, followed by mica 10 -28% and kaolinite 12 -19%. Amorphous mineral varies from 6 to 
24%. Presence of smectite and amorphous minerals seem to have their effect o n CEC (Cation 
Exchange Capacity) and available moisture capacity of the soils of the Territory. Thus, mineralogy 
of the soils may be described as mixed. 
Seismicity: Delhi is located in Seismic Zone IV under the Seismic zoning map of India. 
Meteorology and Air Environment : Meteorology: Delhi has an extreme climate, which is very 
cold in winter and hot in summer. The climatic conditions in project area are characterized by a 
rainy season (July -October), winter (November -March) and  Summer (April -June). Long term 
climate data from 199 1-2020 was collected from nearest  Indian Meteorological Department 
(IMD) station i.e. New Delhi (Safdarjang). The maximum daily mean temperature of 44.3° C has 
been recorded in the month of May while minimum daily me an temperature of 3.5° C has been 
recorded in the month of January. The total annual rainfall is 762.3 mm (1991 -2020). The 
maximum monthly total rainfall recorded is 226.8 mm which occurred in August and minimum 
monthly rainfall is 4.1 mm which recorded in  month of November. The maximum mean wind 
speed is 8.8 m/s recorded in the month of June while the minimum mean wind speed is 3.9 m /s 
recorded in the month of November.  
Air Quality: Air quality monitoring was carried out at 12 locations near the corridors. PM10, PM2.5, 
SO2 & NOx concentrations within the study area were found to vary from 100.67 to 154.32 μg/m3, 
54.58 to 72.53 μg/m3, 16.38 to 21.15 μg/m 3, and 22.11 to 30.84 μg/m 3, respectively and CO and "
13,PDF page 13," 
Environment Impact Assessment for Delhi Metro Phase IV-2 Project 
 
 
3 A DELHI METRO RAIL COOPERATION LTD. 
 
O3 were found to be in the range of 0.64 mg/m 3 to 0.86 mg/m 3 and 11.50 to 21.73 μg/m 3, 
respectively. The baseline concentrations for Ambient Air Quality are exceeding the permissible 
limit of NAAQ 2009 standards. 
Noise: Ambient noise levels were monitored at 12  locations. The equivalent noise quality level 
ranged from 60.3 dB (A) to 69.54 dB (A) during daytime and 51.51 dB (A) to 58.93 dB (A) during 
nighttime. The residential zone i.e., N4- Pushp Vihar noise level in the range of 68.22 dB (A) during 
daytime and 57.89 dB (A) during nighttime. The noise levels observed are higher during daytime 
as per CPCB standards. Noise level in N2 - Pushp Bhawan, which has been categorized into 
commercial zone was 65.69 dB (A) duri ng daytime and 56.95 dB (A) during nighttime which is 
exceeding the limits of CPCB standards.  
Vibration: Baseline vibration monitoring was carried out for 24 hours at 12 locations, which are 
adjacent to the proposed metro lines and susceptible to vibrations. The instrumentation used for 
measuring vibration includes NOMIS instrument. PPV was converted into VdB using the formula 
recommended by Transit Noise and Vibration Impact Assessment. Vibration limits specified in 
FTA-VA-90-1003-06 specification s have been suggested for comparison of the results. PPV of 
Ground Vibrations in 3 axes was measured at 12 sampling locations for 24 hours using NO MIS 
Instruments. The values recorded are in the range of 72dB to 80 VdB.  
Water Environment: Water sampling was done at 6 locations for ground water and 6 locations 
for surface water. Ground water quality results show that water will be fit for drinking after 
conventional treatment. i.e., the ground water requires treatment through membrane 
filtration/reverse osmosis (RO) process.  As per report  – “Dynamic Groundwater Resources of 
Delhi” (Central Ground Water Board, New Delhi, March 2023 ), the total annual groundwater 
recharge is 38,152.55 Ham . Out of 34 assessment units (tehsils ), 13 units (38.24 %) have been 
categorized as ‘Over-exploited’, 12 units (35.29 %) as ‘Critical’, 4 units (11.76 %) as ‘Semi-critical’, 
and 5 units (14.71 %) as ‘Safe’ categories of assessment units. 
Hydrology: The project route passes through several drainage channels. The project area is 
located in the floodplain of the Yamuna River, and the frequency of flooding due to the Yamuna 
River overflowing near the project area during the monsoon season is increasing year by year. In 
addition, due to the rapi d urbanization of Delhi and the inadequacy of the drainage system, 
localized flooding often occurs. Zone 0 is a particularly high-risk area within the flood zone of the 
Yamuna River, and part of Route 2 passes through it. Route 1 and 3: The water table depth of the 
Yamuna River floodplain and northern groundwater is 7 -10 m bgl, and in the area of New Delhi 
and the south, where Route 2 passes, it is mainly 14-27 m bgl. 
Ecological Environment: Laying of metro lines and their construction is impacting 15,856 trees 
and flora fauna species as well on Alignment 1 , 2 & 3. Along alignment 1 , 1,971 trees will be 
impacted, while along alignment 2  and alignment 3, 1,500 and  12,385 trees will be impacted  
respectively. During site visit s, common tree species found were Acacia nilotica, commonly 
known as Kikar, Azadirachta indica, recognized as Neem, Ficus religiosa, referred to as Pipal, 
Mangifera indica, or Eucalyptus tereticornis known as Eucalyptus. 
H. IMPACT ASSESSMENT  
The anticipated impacts are categorized into Pre-Construction phase, Construction phase and 
Operation phase impacts. Environment al attributes considered for the impact are Land 
Environment, Air Environment, Soil,  Groundwater Environment,  Surface Water Environment  
Noise Environment, Biological Environment & Socio-Economic Environment. 
Impacts due to Project Location 
 
Project Affected People (PAPs) : The land required for the construction of proposed Metro 
Stations is on Government land and no Private structure will be affected by the project. The "
14,PDF page 14," 
Environment Impact Assessment for Delhi Metro Phase IV-2 Project 
 
 
4 A DELHI METRO RAIL COOPERATION LTD. 
 
government structures and Land acquired for the project includes Central Government CPWD 
quarters, DDA Land, MCD Parks, Railway quarters, area of Indraprastha Power Generation 
Company Ltd. and Delhi Jal Board. 
Change of Land Use: The project will be developed on government land. The land identified for 
temporary use shall  be returned to  the owning  agencies, after the completion  of the project  
construction. However, change in land use will be done as the existing  dilapidated government 
structure will be demolished to develop the metro line and station.  
Loss of Forests/Trees: Laying of metro line s and construction will impact 15,856 trees. With 
removal of these trees, CO2 absorption is likely to decrease by 0.36 MT and oxygen generation to 
increase by 0.78 MT per year.  
Utility/Drainage Problems: Telephone lines, electric poles and wires, electrical connection 
boxes, gas pipeline, water lines within the proposed project locations may be required to be  
shifted. During the utility shifting , respective service s may be affected due the laying of 
transmission lines. NOC will be required from all concerned departments which own the utilities. 
The Metro lines are crossing 399 light poles, 45 electric poles, 128 main holes, 24 single poles, 1 
telephone pole and 6 HT lines, 6 junction boxes, 3 electric main holes and 1 gas pipeline. During 
the laying of transmission line, activity at a particular area will be impacted, which will however 
be only temporary. 
Selection of disposal site: The project will generate a lot of muck. Improper disposal sites can 
lead to soil and water contamination and hence selection of disposal site is very important. 
Impact due to Project Construction 
The most likely  negative impacts related to the construction  works are mostly  of temporary  
nature. The likely impacts due to construction are; 
• Soil Erosion: Run off from unprotected excavated areas, can result in excessive soil erosion, 
especially when the erodibility of soil  is high. In general, construction  works are stopped 
during monsoon season. 
• Water quality: Ground water contamination can take place if chemical substances get 
leached by precipitation of water and percolate to the ground water table. Dumping of 
construction materials could result in hazardous leachate percolating into ground water, if 
not disposed off properly. 
• Noise Pollution: When a dump truck, excavator,  and pneumatic tool are operating  
simultaneously at a site, the noise levels near the equipment can be significant. Therefore, 
additional protective measures may be necessary for anyone working nearby. 
• Vibration: Vibration level of more than 0.1 inch/second (100 VdB) is found to impact humans 
and structures. Ambient vibrations are in the range of 72 to 80 VdB. 
• Impact due to Land Subsidence: Land subsidence is not anticipated at stations which will 
be constructed by cut and cover method as well as through tunnel boring machine (TBM). 
• Traffic Diversions: During construction period, complete/partial traffic diversions on road 
will be required, as most of the construction activities are on the road. 
• Risk to Existing Buildings:  Construction involves cut and cover, tunnelling and piling. As 
part of pre -construction/construction activities building condition survey will have to be 
conducted. "
15,PDF page 15," 
Environment Impact Assessment for Delhi Metro Phase IV-2 Project 
 
 
5 A DELHI METRO RAIL COOPERATION LTD. 
 
• Pollution due to Transportation of Construction Material and Soil: During the period of 
construction emission due to  truck movement on  account of transportation  of civil 
construction material and disposal/backfill of earth will be generated. Particulate  pollution 
occurs due to excavation,  loading and unloading  of construction  materials, construction 
equipment emission etc. Resulting  pollution is short term. Adequate measures ha ve been 
proposed to mitigate their impact. 
• Increased Water and Energy Demand: The demand for water and energy will increase  
during construction phase. 
• Hydrology:.The installation of bridge piers in the drains and the lack of construction drainage 
channels may affect surface water flow, and flooding may occur during the monsoon season. 
Groundwater: Construction in the underground area may affect groundwater flow. 
Positive Environmental Impacts 
 
Employment Opportunities: In Operation phase, people will be employed for operation and 
maintenance of the system. Thus, the project  will provide substantial direct employment and 
consequent indirect employment. 
Benefits to Economy: These corridors will yield benefits in terms of  
• growth in economic activity due to better accessibility,  
• savings in fuel consumption,  
• corresponding reduction in cost of road construction and maintenance,  
• reduction in vehicle operating costs,  
• savings in travel time, improvement in quality of life and  
• reduction in loss of productivity due to health disorders resulting from pollution and 
accidents. 
Direct Benefits to Passengers:  The project will result in direct benefits to users of Metro and 
other modes: reduction in vehicle operating costs, savings in travel time, improvement in quality 
of life, reduction in loss of productivity due to  health disorders resulting from pollution and 
reduction in road accidents. 
Reduced air and noise pollution:  The metro is expected to off take bulk of road traffic. Thus, 
there are significant reductions of air and noise pollutants due to proposed metro corridors.  
I. ENVIRONMENTAL MANAGEMENT PLAN 
 
The impacts will be mitigated or reduced by incorporating environmental management plan into 
the project. 
Compensatory Afforestation: About 15,856 trees are likely  to be lost, each tree cut will be 
compensated for by planting 10 trees. The plantation sites are not know n as yet. As regards the 
procedure, broadly speaking, after the permission of tree felling is received from Department of 
Forest (DOEF), Government of National Capital Territory of Delhi (GNCTD), land for planting 10 
times the number of trees to be planted will be provided by DOEF of GNCTD since DMRC does not 
own lands. The DOEF of GNCTD will raise a financial demand with DMRC for planting the required 
number of trees and for their upkeep for the next 3 -4 years and DMRC will transfer the amount  
of money prior to initiation of such plantation. 
Use of Energy and Water:  Requirement of electrical energy for climate control, lighting and 
other facilities at stations shall be optimized by proper use of natural day/night light and design "
16,PDF page 16," 
Environment Impact Assessment for Delhi Metro Phase IV-2 Project 
 
 
6 A DELHI METRO RAIL COOPERATION LTD. 
 
of passenger flow inside stations and on streets outside stations. Rainwater harvesting shall be 
implemented in stations. 
Risk Due to Earthquake:  All structures shall be designed to with stand earthquake of Seismic 
Zone IV. Station design shall be done to facilitate quicker emergency evacuation. 
Housekeeping: Procedures for storage, handling and transport of construction material shall be 
prescribed in SH&E method statement approved for construction. 
Hazardous Waste Management:  It shall  be stored and disposed  of by  the Contractor as per 
Hazardous and Other Wastes (Management, Handling & Trans-boundary movement) Rules 2016. 
Construction and Demolition Waste Management: The construction contractor is required to 
take the measures in accordance with Construction and Demolition Waste Management Rules 
2016. 
Workplace Facilities:  The facilities shall be provided by the Contractor, like: Water supply, 
wastewater and sewage treatment, Solid Waste Management Shelter at Workplace, Canteen 
Facilities, First aid facilities, Day Crèche Facilities, Health care awareness and clinics.  No Labour 
camp is allowed within the construction site.  
Welfare and Safety of Labour:  Construction works shall be executed as laid down  in the 
Conditions of Contract document on Safety Health and Environment (SH&E) to be followed by the 
Contractor and approved by the Implementing Agency. 
Utility Plan: The proposed Metro alignments run along major roads of the city and are required 
to negotiate sub-surface, surface and overhead utility services. Prior to the execution of work at 
site, detailed investigation of all utilities will be undertaken and plans for their retention in situ 
with precautions or temporary/permanent diversions prepared and got approved by respective 
agencies. 
Air Pollution and Noise Pollution Control:  Mitigation measures shall be adopted during  the 
construction period, as given in the DMRC’s contract provision.  
 
Traffic Diversion/Management: Measures such as road widening, traffic segregation, one-way 
movements, traffic diversions, acquisition of service lanes, etc. need to be undertaken. 
Soil Erosion  Control: Excavation shall be limited;  temporary berms and use  of temporary 
mulches, fabrics, mats, seeding, or other control devices or methods may be used. 
Rainwater Harvesting: To conserve and augment the storage of groundwater, it has been 
proposed to construct roof top rainwater harvesting structure of suitable capacity at the elevated 
stations and in the elevated alignment. 
Disaster Management and Emergency Plans: Disaster management and emergency plans will 
be prepared by the Contractor. To ensure proper disaster management, an Emergency Action  
Committee shall be constituted, consisting of Station Controller concerned, Police Officer of the 
area, Home Guard representative, Fire Brigade representative, Health Department representative, 
Department of Information and Publicity, and Non -Governmental Organization of the area. 
Emergency measures will include provision for Emergency Lighting, Fire Protection, Ventilation 
Shafts, Emergency doors. 
J. ENVIRONMENTAL MONITORING PLAN 
During construction stage environmental monitoring will be carried out for air quality, noise 
levels, vibrations, and water quality. During the construction phase, monitoring will be conducted "
17,PDF page 17," 
Environment Impact Assessment for Delhi Metro Phase IV-2 Project 
 
 
7 A DELHI METRO RAIL COOPERATION LTD. 
 
as follows: air quality will be monitored 24 hours twice a week at 12 locations till the end of 
construction. Noise levels will also be monitored for 24 hours once a week at 12 locations over 
the same period. Vibration will be assessed 24 hours once a week at 12 locations till end of 
construction. Surface and ground water quality and soil conditions will be checked once every 
four months at 6 locations till end of construction. 
The project authority in coordination with th e DOEF of GNCTD shall monitor  the status of 
ecology/trees along the project corridor at least once a year during construction phase to 
maintain the ecological environment and to monitor the survival rate of planted trees. 
Monitoring of health risk issues that might  arise throughout the project  lifetime will be done. 
Medical Checkups at construction sites will be performed to monitor the potential spread of 
diseases. Regular inspection and medical checkups shall be carried out to workers health and 
safety monitoring.  
During the operation phase, air quality will be monitored for 2x24 hours, twice a month, at 12 
locations for 2 years. Noise and vibration will be monitored for 24 hours, at 12locations, 
respectively, for 2 years . Surface water and groundwater quality will be evaluated once in six 
months at 6 locations for 2 years. 
The project authority in coordination with the DOEF of GNCTD  shall monitor  the status of 
ecology/trees along the project corridor at least once in two yea rs during operation phase in 
order to maintain the ecological environment and to monitor the survival rate of planted trees. 
Monitoring of health risk issues that might arise throughout the project lifetime will be done.  
K. IMPLEMENTATION ARRANGEMENT 
DMRC has the most important role for environment management plan  implementation and up-
dation. DMRC shall carry out periodical monitoring. 
L. GRIEVANCE REDRESSAL MECHANISM  
DMRC has an existing GRM which will be followed. DMRC employs a comprehensive redressal 
mechanism to handle complaints, suggestions, and appreciations. Local communities and 
commuters can lodge their feedback through various channels, including complaint books at 
customer care centres, email, a 24/7 IVRS helpline, social media platforms, and government 
portals or letters. Upon receipt, an acknowledgment is provided in different forms, such as a 
commuter copy for written complaints or an interim rep ly for email complaints. DMRC reviews 
complaints to determine the necessary action. If needed, the complaint is forwarded to the 
relevant official for an action taken report, and the complainant is informed accordingly. Finally, 
a suitable reply is given once the required actions are completed. 
  "
18,PDF page 18," 
Environment Impact Assessment for Delhi Metro Phase IV-2 Project 
 
 
8 A DELHI METRO RAIL COOPERATION LTD. 
 
CHAPTER 1. INTRODUCTION 
CHAPTER 1. 
1.1. Background 
India is experiencing a rapid increase in its urban population. This urbanization presents both 
opportunities and challenges for the country. Since independence, the percentage of Indians 
living in cities has exploded. In 1901, only 11% were urban dwellers. By 2017, that number had 
jumped to 34%, and projections estimate a 40% urban population by 2030. This growth isn't 
limited to a few megaciti es. Numerous medium -sized cities are also booming, creating a more 
balanced urban landscape. 
Cities are hubs for economic activity, attracting people seeking jobs in industries and services. 
This economic growth is a major driver of urbanization. Limited opportunities in rural areas, such 
as agriculture, push people towards cities in search of a better life. 
Urbanization can bring economic benefits like poverty reduction and GDP growth. Cities can also 
be centres of innovation and cultural exchange. The rapid influx of people to cities strains urban 
infrastructure. Cities often struggle to provide adequate housing, sanitation, and transportation. 
When influx of people of people from neighbouring districts are not addressed adequately these 
create social problems. Economic losses and adverse impacts on public health have resulted from 
automotive pollution, inclu ding air contamination and noise pollution. It is, therefore, urgently 
required to improve public transport systems while also aiming to mitigate or manage traffic 
congestion and improve the urban environment. 
To manage this transformation, India needs significant investment in urban infrastructure. Public 
and private funds are crucial for creating liveable and sustainable cities. It is important to 
distinguish between Delhi's city proper and its entire metropolitan area. The National Capital 
Region (NCR), which includes neighbouring satellite cities like Gurgaon and Noida, has an 
estimated population exceeding 33 million in 2024, making it the largest metropolitan area in 
India. Within Delhi's city limits, the p opulation is also substantial. The 2011 census recorded a 
population of over 11 million, and estimates suggest it is likely higher today. 
Delhi's status as the capital city and a major economic hub attracts people seeking jobs and 
opportunities in various sectors like IT, finance, and government services. Delhi has made 
significant advances in developing its public transportation system, par ticularly with the 
introduction of the Delhi Metro. Launched in 2002, the Delhi Metro revolutionized public 
transport in the city. It's a rapid transit system with a vast network of underground and elevated 
railway lines, offering a fast and convenient alternative to congested roads. 
The three-year plan (April 2017–March 2020) put forward by the Government of India (GOI) calls 
for increased budget for metro construction projects, as well as the development of the urban 
transport sector from the viewpoints of safety, energy efficiency, and preservation of the social 
environment. Metros are being built in Ahmedabad, Bengaluru, Chennai, Delhi, Kolkata, and 
Mumbai, with support from Japan, and blueprints for metro construction have already been 
prepared for several cities across the country. 
Delhi metropolitan areas were significant population growth and increased economic efficiency 
are expected, have prepared Detailed Project Reports (DPRs) for metro construction and have 
proceeded with construction. There is a strong demand for support from  Japan for these metro 
projects from concerned organizations and the GOI  to ensure project feasibility. Therefore, it is 
desirable to support the formulation of plans by the respective executing agencies of these 
projects for the essential elements for ens uring project feasibility. India is experiencing a rapid 
increase in its urban population. This urbanization presents both opportunities and challenges 
for the country. Since independence, the percentage of Indians living in cities has exploded. In "
19,PDF page 19," 
Environment Impact Assessment for Delhi Metro Phase IV-2 Project 
 
 
9 A DELHI METRO RAIL COOPERATION LTD. 
 
1901, only 11% were urban dwellers. By 2017, that number had jumped to 34%, and projections 
estimate a 40% urban population by 2030. This growth isn't limited to a few megacities. 
Numerous medium-sized cities are also booming, creating a more balanced urban landscape. 
1.2. Existing Metro System in Delhi  
An integral part of Delhi's modern amenities is the Delhi Metro, a key component of the city's 
public transportation system operated by the Delhi Metro Rail Corporation Limited (DMRC). The 
Delhi Metro offers an efficient and reliable means of commuting, wi th an extensive network 
covering Delhi and neighbouring cities like Noida, Gurgaon, Faridabad, and Ghaziabad. It is the 
world's tenth -largest metro system by length of lines. It was India's second modern public 
transportation system.  
Having been established in 1995 by the Indian and Delhi governments, it currently spans 392.44 
km consisting of 10 colour -coded lines with 288 stations. Comprising several lines such as the 
Red, Yellow, Blue, Green, Violet, Orange (Airport Express), Pink, Magenta, and Grey Lines, along 
with the Aqua Line of the Noida Metro. Key interchange hubs like Rajiv Chowk, Kashmere Gate, 
and Hauz Khas facilitate seamless transfers between lines, enhancing connectivity across the 
region.  
The metro system includes air-conditioned coaches and modern stations equipped with facilities 
like escalators, elevators, and ticket vending machines, ensuring a comfortable journey for 
passengers. It is designed to be accessible to all, including individuals with disabilities, featuring 
tactile paths for the visually impaired and dedicated spaces for wheelchair users.  
The Delhi Metro has also contributed tremendously on the environment front by becoming the 
first ever railway project in the world to claim carbon credits for regenerative braking. DMRC has 
also been certified by the United Nations (UN) as the first Metro Rail and Rail based system in the 
world to get carbon Credits for reducing Green House gas emissions as it has helped to reduce 
pollution levels in the city by 6.3 lakh (630,000) tons every year thus helping in reducing global 
warming. 
It has also set up roof top solar power plants at many of its stations. All stations of the presently 
under construction corridors are being constructed as green buildings. Apart from providing 
Delhiites with a comfortable public transport option, the Delh i Metro is also contributing 
significantly towards controlling pollution as well as reducing vehicular congestion on the roads. 
Continuously expanding, the Delhi Metro plays a crucial role in easing traffic congestion, reducing 
pollution, and providing a reliable mode of transportation for millions of commuters daily.  
Details of existing metro lines are shown in below. 
Table 1.1: Existing Metro Alignment (as of 2024) 
S. No. DMRC Metro Lines Length (Km) Stations (no.)  
1 Line 1 – Red Line 
Rithala to Shaheed Sthal (New bus Stand) 34.549 29 
2 Line 2 – Yellow Line 
Samaypur Badli to Millennium City Centre Gurugram 49.019 37 
3 Line 3 – Blue Line 
Dwarka Sec 21 to Noida Electronic City 56.114 50 
4 Line 4 – Blue Line 
Yamuna Bank to Vaishali 8.511 8 
5 Line 5 – Green Line 
Kirti Nagar/ Inderlok to Brig. Hoshiar Singh 28.781 24 
6 Line 6 – Violet Line 
Kashmere Fate to Raja Nahar Singh (Ballabhgarh) 46.341 34 "
20,PDF page 20," 
Environment Impact Assessment for Delhi Metro Phase IV-2 Project 
 
 
10 A DELHI METRO RAIL COOPERATION LTD. 
 
S. No. DMRC Metro Lines Length (Km) Stations (no.)  
7 Line 7 – Pink Line 
Majlis Park to Shiv Vihar 59.242 38 
8 Line 8 – Magenta Line 
Janakpuri West to Botanical Garden 37.461 25 
9 Line 9 – Grey Line 
Dwarka to Dhansa Bus Stand 5.491 4 
10 Orange Line (Airport Express) 
New Delhi to Yashobhoomi Dwarka Sec 25 24.917 7 
Other Metros in NCR   
 Aqua Line: Noida–Greater Noida 29.168 21 
 Rapid Metro (Gurugram) 12.854 11 
TOTAL 392.448 288 
 
1.3. Needs for Expansion and New lines 
By providing an alternative to road transport, the Delhi Metro helps reduce traffic congestion and 
air pollution in the city, promoting sustainable urban mobility with initiatives to use renewable 
energy sources. The railway system is well-integrated with other public transport modes, such as 
buses and autorickshaws, enhancing overall connectivity and convenience for commuters. With 
ongoing expansions and new lines under construction. 
Continuing the already impressive railway development in Delhi, the newly approved Delhi Metro 
Rapid Transport System - Phase IV consists of six total corridors categorized in two: 3 Priority 
Corridors and 3 Remaining Corridors 9. Priority Corridors: These are targeted for completion by 
2026. As of July 2024, more than 50% of work on all three is complete. Remaining Corridors: 
Three additional corridors received approval recently. 
The Delhi Metro Phase IV project boasts a lengthy and comprehensive DPR. It contains detailed 
corridor description, route alignment, ridership projections, design specifications, project 
implementation plan, and financial projections. A separate report on environmental and social 
impact assessment is made.  
DMRC has been proposed three metro corridors in Delhi -NCR, C orridor-1: Inderlok to 
Indraprastha, Corridor-2: Lajpat Nagar to Saket G Block, and Corridor -3: Rithala-Nathupur to 
cater the requirement of the city with total of 37 stations.  
Table 1.2: Detail of Proposed Phase IV -2 Corridors 
S. 
No Corridor Type Length (km) Stations 
1. Corridor 1 
(Inderlok to Indraprastha) 
Underground 11.349 8 
Elevated 1.028 1 
Sub Total 12.377 9 
2. Corridor 2 
(Lajpat Nagar to Saket G block 
Underground 0 0 
Elevated 8.385 7 
Sub Total 8.385 7 
3. Corridor 3 
(Rithala – Narela – Nathupur) 
Underground 0 0 
Elevated 25.483 20 
At Grade 0.980 1 
Sub Total 26.463 21 
Total 47.225 37 
Source: Detailed Project Report for DMRC Phase IV priority Corridors (November 2019, updated in August 2022) 
 
9 Delhi Metro Phase IV Priority Corridor and Remaining Corridor are also called Delhi Metro Phase IV-A and IV-B, 
respectively.  "
21,PDF page 21," 
Environment Impact Assessment for Delhi Metro Phase IV-2 Project 
 
 
11 JIC DELHI METRO RAIL COOPERATION LTD. 
 
 
Figure 1.1: Study Area Map for all Corridors 
Corridors of Delhi Metro IV-2 
Corridor 3 
Corridor 1 
Corridor 2 "
22,PDF page 22," 
Environment Impact Assessment for Delhi Metro Phase IV-2 Project 
 
 
12 JIC DELHI METRO RAIL COOPERATION LTD. 
 
 
Figure 1.2: Existing and Proposed Metro Alignment 
Corridor 1 
Corerridor3 
Corridor 2 "
23,PDF page 23," 
Environment Impact Assessment for Delhi Metro Phase IV-2 Project 
 
 
13 JIC A DELHI METRO RAIL CORPORATION LTD. 
 
1.4. Objective and Scope of The Study 
The objective of the study is to carry out EIA study and preparation of EIA report as per 
requirement of the funding agency, JICA.  
In the Ministry of Environment, Forests and Climate Change (MoEF&CC), - previously named 
‘Ministry of Environment and Forests’ -, Government of India, Notification of “14 th September 
2006 and its further amendment”, it is stated that railway projects do not require environmental 
clearance from MoEF&CC.  
As DMRC has planned for funding for the proposed Phase IV-2 of Delhi Metro from JICA, the scope 
of the study is required to be framed according to the requirements of the JICA Guidelines. Thus, 
the Project requires the EIA  & Social Impact Assessment (SIA) to achieve the approval for the 
construction of the project from JICA. This document is the EIA report, while  SIA report was 
prepared in a separate document.  
The scope of the EIA is to: 
• Review previous project/EIA related reports 
• Review the Indian legal framework and international treaty and policy measures to fill 
the gaps with the JICA Guidelines  
• Establish environmental baseline , assess impacts resulting from pre -construction, 
construction and operation phases of the projec t, and safeguard measures for 
protection of environment for sustainable development during project cycles 
• Identify Institutional Plan for Environment Management Plan (EMP) and Environment 
monitoring Plan (EMOP) implementation 
• Conduct meaningful participation of stakeholders and incorporates stakeholder 
opinions into decision-making processes, 
• Disclose information on environmental and social considerations in collaboration with 
project proponent, to ensure accountability and to promote participation of various 
stakeholders.  
• Prepare an EIA report to meet the requirements for environmental and social 
considerations stated in the JICA Guidelines and national laws and obtain approval from 
JICA and Advisory Committee for Environmental and Social Considerations (ACESC). 
1.5. JICA Guideline  
The objectives of the JICA Guidelines are to encourage DMRC as the p roject proponent to have 
appropriate consideration for environmental and social impacts, as well as to ensure that JICA’s 
support for examination of environmental and social considerations are conducted accordingly. 
In its confirmation of environmental and social considerations, JICA places importance on 
dialogue with all involved partners (e.g. the host country, local governments, borrowers and 
project proponents) regarding environmental and social considerations. Wh ile DMRC as the 
project proponent  bear the ultimate responsibility for the environmental and social 
considerations of projects, JICA supports and reviews appropriate environmental and social 
considerations undertaken by the project proponent. This is to av oid or to minimize impacts on 
the environment and local communities caused by development projects, and to prevent the 
occurrence of unacceptable adverse impacts. Transparent and accountable processes, as well as 
active participation of key stakeholders (e.g. local residents and local NGOs affected by the 
project) in all stages of the project are highly considered.  It is important to establish the social 
and institutional framework that allows the reflection and consideration of environmental and 
social costs in decision-making. JICA make clear in their “Guidelines” that the environmental and "
24,PDF page 24," 
Environment Impact Assessment for Delhi Metro Phase IV-2 Project 
 
 
14 JIC A DELHI METRO RAIL CORPORATION LTD. 
 
social considerations applied for the project do not deviate significantly from the World Bank’s 
environmental and social policies. 
1.6. EIA Categorization as per JICA Guideline  
According to JICA Guidelines, the proposed project is classified as Category A. The Project is 
required to be categorized in the sensitive class as a project in the “Roads, railways and bridges” 
sector. This implies it has potential sensitivities similar to a project located in or near sensitive 
areas such as such as areas of National Parks, nationally designated protected areas, or areas with 
cultural, historical or archaeological value. 
Category A: Projects are classified as Category A if these are likely to have significant adverse 
impacts on the environment and society. Projects with complicated or unprecedented impacts 
that are difficult to assess, or projects with a wide range of impacts or irreversible impacts, are 
also classified as Category A. 
1.7. EIA approach and Methodology  
The project has various social and environmental impacts. Such as shifting of high-tension 
electrical wires, tree felling, and generation of sludge. The laying of the metro main will disrupt 
roads, and require tree felling. There may also be inconvenience to various departments and the 
public at locations where pipeline intersects with highways, railways, canals etc. Relocation of 
utilities including gas, sewer, telephone etc will be required which will cause inconvenience to 
the community. Heavy machinery usage at sites could cause noise and air pollution. Furthermore, 
tree cutting  and felling  may impact loca l ecosystems, and poor management and improper 
disposal of construction waste could lead to contamination of local water sources and soil etc. 
Therefore, the project required a comprehensive Environmental and Social Impact Assessment 
and EMP. This involves developing multiple plans for managing potential environmental and 
social impacts for the corridors of the Project. 
The approach is to follow the sequence of steps adopted in an EIA study to ascertain the existing 
baseline conditions and assess the impacts due to pre -construction, construction and operation 
of the project. The approach and methodology adopted for the EIA study includes a desktop study 
of the key project activities and the initial design of the proposed project based on the available 
engineering reports for the project, discussions with the stake holder agencies and review of 
development plans and map s in order to compile relevant baseline biophysical and socio -
economic information about the study area. 
Identification of Encroachments: Identifying instances of encroachment and potential physical 
displacement of communities resulting from the project. 
Accessibility and Barrier Assessment: Analysing the impact of project activities, including the 
construction of metro line networks, on accessibility and potential barrier effects. 
Mitigation Measures: Identifying and proposing appropriate mitigation measures to address the 
impacts of project construction and operation activities. 
Step I: Review of documents and Identification of the Project through Field Inspection 
EIA study was started by reviewing all relevant project documents, including project DPR, project 
maps, previously prepared ESIA, site survey report, and other related materials. Extensive data 
collection from credible and authenticated secondary sources to gather infor mation relevant to 
the study. A thorough desk study has been done to gain a holistic understanding of the project, its 
components, and its surrounding environment. Site visits and transact along the proposed metro "
25,PDF page 25," 
Environment Impact Assessment for Delhi Metro Phase IV-2 Project 
 
 
15 JIC A DELHI METRO RAIL CORPORATION LTD. 
 
line and google images should also be used to identify potential impacts. Identified and record of 
potential impact, regardless of whether they seem large or small.  
Step II: Screening 
Team comprising Environment, Social and Biodiversity specialists has visited the project area to 
familiarize themselves with the footprint, area of influence and site setting vis -a-vis 
environmental and socially sensitive receptors. Introductory meetings held in due course with 
stakeholders to inform the scoping exercise. The screening visit helped in initial assessment of: 
• The Environmental and Social baseline was generated 
• Mapping of key informants. 
• The nature and extent of impacts  
• Extent of impacts on indigenous people (if any) and cultural heritage of the area. 
• Extent of impact on biodiversity and natural resources in and around the project site 
Step III: Scoping and Consideration of Alternatives 
The scoping visit also helped to assess the extent of details and any additional studies or 
cumulative impacts from other similar projects in the vicinity. Defining the extent of the area of 
influence around the project site to assess the range of impacts and implications. Based on the 
scoping and reconnaissance survey, the following plan of action should be ascertained: 
• To identify various stakeholders involved in the project. 
• To assess the area of influence with project related environmental, social & community 
health impacts. 
• To plan for primary baseline data collection for Environment & Social survey. 
• To identify key social & environmental baseline parameters and their locations within 
the project area of influence.  
• To identify presence of sensitive receptors.  
• To collect secondary data from various relevant agencies. 
• To assess implications of the project on local indigenous communities. 
• To identify potential impacts & risks associated with various environmental, social and 
ecological aspects 
Step IV: Public Consultation 
In order to meet the above requirement of the JICA Guidelines, the stakeholders meeting (SHM) 
was held twice under initiative of the project proponent in the course of this study.  
Notification of SHMs : The public notification of SHM  was made through newspaper and 
verbal measures. Such notification was made at least 10 days before holding the SHM. The 
Consultant was responsible for the preparation of request letters, venue, materials for 
presentation to include leaflets/hand-outs, if applicable  
Schedule of SHM conducted: 
1) 1st SHM (3 June 2024) at the Scoping Stage: project outline, predicted positive and 
negative impacts, survey items and methodology, project schedule and exchange 
opinions 
2) 2nd SHM (16 July 2024) at the Draft EIA stage: project details, analysis of positive 
and negative impacts, mitigation measures and monitoring plan and exchange 
opinion. 
Consultation with Public: In order to meet the above requirement of the JICA Guidelines, the 
SHM was held twice under initiative of the project proponent in the course of this study 
through the discussion between DMRC and JICA Study Team (JST) as per requirement.  "
26,PDF page 26," 
Environment Impact Assessment for Delhi Metro Phase IV-2 Project 
 
 
16 JIC A DELHI METRO RAIL CORPORATION LTD. 
 
Record of SHM : The consultant prepared Minutes of Meeting (MM) of SHMs with an 
attendant list matched with signature and photo. It should be noted that all documents were 
prepared in both English and Hindi. 
Group Discussion (GD): GDs were conducted at Electricity Board Office, Kundli: 21 May,2024 
and Ajmal Khan Park: 22  May,2024 to engage people actively in the planning and 
implementation of the Environment and Social Management Plan  in order to  spread the 
information about the project and to gather the views, concerns and apprehensions of the 
respondents that might affect them positively or negatively and to ensure that they 
understand the project components.  The participants in the GD were selected by the 
interviewers working for the subcontractor, who visited the Phase IV-2 station locations and 
informed people who lived or worked within 50m of the project site on each corridor before 
the GD was held. The participants were informed of the date, time and venue of the GD 
verbally, and the GD was held for all the participants who attended on the day. and  measures 
in terms of suitable site selections with ease of access were considered. Also, provisions were 
kept for disabled people and senior citizens such as providing assistance in pick-up and drop-
off from their residence. 
Major opinion and summary of discussion : The Consultant initiated the proceedings and 
welcomed the gathering and explained about the project in brief and EIA studies carried out. 
The Consultant  presented the project and EIA findings in English/Hindi to the participants.  
Step V: Baseline Data Collection, Interpretation and Impact Prediction 
The study was carried out in two parts: Primary and Secondary sources. The baseline 
environmental conditions were surveyed and recorded using the available data, and a 
preliminary site investigation on the following environmental areas made. Approach and detailed 
methodology have described in relevant chapter of EIA.  
Table 1.3: Data collection items 
Pollution Natural Environment Social Environment 
 Air quality 
 Water 
quality 
(surface 
and ground 
water) 
 Soil quality 
 Waste and 
hazardous 
materials 
 Noise and 
Vibration 
 Others 
 Protected area 
 Ecosystem including 
Flora, Fauna, and 
aquatic species and 
Biodiversity including 
Rare, endangered and 
endemic species 
(IUCCN and National 
definitions) along the 
prioritized corridor and 
its vicinity 
 General topography 
and geology 
 Hydrological situation 
 Others 
 Socio-economic profile in the project area 
 Involuntary Resettlement 
 Vulnerable groups 
 Ethnic minorities and indigenous peoples 
 Local economy and livelihood 
 Land use and Utilization of local resources 
 Water usage, including fishing rights, if any 
 Availability of the existing social infrastructures, utilities 
and services 
 Social institutions such as local decision-making 
institutions 
 Unequal distribution of benefit and damage and local 
conflict of interest 
 Cultural and historical heritage, religious facilities, other 
sensitive facilities 
 Landscape Character, Visual Impacts 
 Public Health (sanitation and infectious disease such as 
HIV/AIDs) 
 Occupational Health and Safety 
 Traffic Accidents 
 Flood and other natural disaster risk 
 Gender 
 Children rights 
 Public access/ Community division 
Step VI: Mitigation Measures 
Based on the identified impacts for pre-construction/ construction, operation and closure phases 
a mitigation management plan has been prepared , an impact matrix has been generated and 
suitable the mitigation measures have been suggested for each anticipated significant/non -"
27,PDF page 27," 
Environment Impact Assessment for Delhi Metro Phase IV-2 Project 
 
 
17 JIC A DELHI METRO RAIL CORPORATION LTD. 
 
significant adverse environmental and social impact throughout the project cycle including the 
monitoring plan.  
Step VII: Develop Environment management plan and environment monitoring plan  
Based on the predicted impacts, Environment Management Plan (EMP) was prepared which 
describe the frequencies of monitoring, implementing agency and budget along with the roles and 
responsibility of the implementing agency. An EMP was prepared suggesting economically 
feasible control technologies and procedures to minimize any impact on environment. 
The EMP describes the following management plans with a description of relevant activities, 
institutional responsibilities, budgetary allocation, timelines, and reporting arrangements: 
• Construction Labour Management Plan  
• Waste Management Plan  
- C&D Waste Management 
- Hazardous Waste 
- Municipal Solid Waste 
- E-Waste 
- Battery Waste etc. 
• Occupational Health and Safety Plan  
• Stakeholder Engagement Plan  
• Grievance Redressal Mechanism (GRM) 
• Cultural Management Plan along with Chance Finding Procedure 
• Traffic Management Plan 
Step VIII: Identify implementing Institutions 
The Environment management plan implementation and up -dating is an important part of EIA. 
While the Contractor will implement the EMP, the supervision work shall be carried out by the 
Environment and Social Safeguard Specialist of DMRC. The DMRC shall carry out periodical 
internal monitoring. It is to be noted that entire team of Contractor and DMRC, will support in 
managing the Environment and Social Management Plan. External Monitoring shall be carried out 
by an independent agency.  
Step IX: Reporting To Decision Making Body 
Reporting the findings of an EIA to a decision-making body involves presenting a comprehensive 
and clear account of the assessment process. The report succinctly summarises the project 
purpose and scope, detail the methodologies used for data collection and impact assessment, and 
present anticipated environmental, social, and economic impacts both with and without 
mitigation measures. Clear descriptions of baseline conditions, evaluation criteria, and proposed 
mitigation strategies are provided, along with an assessment of the effectiveness of these 
measures in reducing potential adverse effects.  
Step X: Prepare EIA Report 
The EIA report for the project has been structured in two volumes as hereunder: 
• Volume 1: EIA Report 
• Volume 2: EIA Annexures  
Volume 1 of the EIA of the project has been structured into 14 sections with Executive summary 
and Reference. Volume 2 EIA Appendices include the plan and profile of project, environmental 
and social surveys/investigations reports, and background data/information referred in EIA. "
28,PDF page 28," 
Environment Impact Assessment for Delhi Metro Phase IV-2 Project 
 
 
18 JIC A DELHI METRO RAIL CORPORATION LTD. 
 
Executive summary 
1. Introduction: This section describes background of project, need/requirement, objective and 
scope and structure of the EIA report. 
2. Project Description:  This section summarizes the project details/salient features, water 
requirement, details of metro line a, road safety features considered for the project road. 
3. Policy Legal and Regulatory Framework:  This section describes the environmental and 
social policies and regulations of Government of India, Government. of Delhi as well as JICA, 
required statutory clearances and various other policies which are applicable to the project. 
4. Analysis of Alternatives: This section describes the alternatives evaluated for finalizing the 
improvement proposals of the project, with a prime objective to minimize environmental and 
social impacts. 
5. Current Status of Environmental and Social Conditions: This chapter describes the current 
condition of the pollution, natural as well as the social environment.  
6. Scoping: This chapter illustrates the positive/adverse impacts resulting from the project on 
the existing environmental setting  identified in the Project area and set further survey and 
analysis methodology. 
7. Survey and Analysis Results: This chapter presents the findings of the physical surveys and 
the analysis and findings of the results. 
8. Impact Assessment (including Cumulative Impacts) This section identifies and evaluates 
the anticipated environmental and social risks, impacts and the commensurate mitigation 
measures due to the proposed project. 
9. Environmental Management Plan: This section summarizes the Environmental (and Social) 
Management Plan to minimize and/or avoid the risks and impacts due to the project. 
10. Environmental Monitoring Plan This plan provides the parameters and indicators for 
monitoring, including the methodologies, frequencies and reporting periods. 
11. Implementation Arrangements: The institutional arrangements for EMP implementation 
supervision and monitoring mechanism for the project implementation phase. 
12. Grievance Redress Mechanism: The mechanism for the redressal of all environmental and 
social concerns from the local community during the EIA process. 
13. Public Consultation and Disclosure : This section describes the stakeholder consultations 
conducted along the project road and its outcome for EIA. 
14. Conclusions and Recommendations : The conclusion and recommendations will describe 
findings of the assessment and provide actionable steps to mitigate adverse environmental 
impacts.  
References: Provides the list of reference materials and websites used to gather secondary data 
for the baseline conditions of the environment. 
***** "
29,PDF page 29," 
Environment Impact Assessment for Delhi Metro Phase IV-2 Project 
 
 
19 JIC A DELHI METRO RAIL CORPORATION LTD. 
 
CHAPTER 2. PROJECT DESCRIPTION 
2.1. Background of the Project Approval  
An earlier Phase -IV with its length of approx. 103.93 km was proposed by DMRC. GNCTD vide 
their Letter No. 3(129)/TPT/MRTS/2011/PF/562 ( Annexure-I) dated 27/12/2018 has 
conveyed the approval of all six corridors. However, the Ministry of Housing and Urban Affairs 
(MoHUA) has conveyed the approval for only 3 priority corridors viz., (i) Aerocity to Tughlakabad, 
(ii) R.K. Ashram to Janakpuri (West) and (iii) Mukundpur – Maujpur, with a total length of 61.679 
km, vide their Letter No. 14011/60/2014-MRTS-I (Annexure-II) dated 09/03/2019. 
MoHUA, vide their Letter No. 14011/60/2014 -MRTS-I (Pt.) dated 21.06.2019 ( Annexure–III) 
has asked DMRC to prepare the Detailed Project Report (DPR) of remaining 3 corridors of Phase 
IV, namely, (i) Inderlok to Inderprastha, (ii) Lajpat Nagar to Saket G -Block, and, (iii) Rithala - 
Bawana-Nathupur. 
MoHUA, vide their Letter No. K -14011/60/2014-MRTS-I(Pt.) dated 23.07.2019 (Annexure- IV) 
wanted the proposal of the remaining 3 corridors of Delhi Metro Phase 4 to be reviewed by 
examining the adoption of Metro Lite standards. The detailed project report for the remaining 3 
corridors was submitted to MoHUA considering all the three corridors  as metro corridors on 
09.08.2019. (Annexure-V). 
MoHUA, vide their letter No. K -14011/60/2014-MRTS-I(Pt.) dated 24.09.2019 ( Annexure-VI) 
again required the proposal of remaining 3 corridors of Delhi Metro Phase 4 to be reviewed by 
examining the adoption of Metro Lite standards. 
Subsequently, a meeting was held on 06.05.2022, wherein a detailed presentation was made on 
the Rithala – Nathupur corridor and deliberations were held regarding the provision of Metro 
Lite system vs. a conventional Metro system, and it was subsequently proposed to go ahead with 
the provision of conventional Metro system for the Rithala – Narela – Nathupur corrido 
2.2. Proposed Phase Metro Corridors 
2.2.1. Project Location 
Three metro corridors have been proposed in New Delhi to cater the requirement of the city viz 
Corridor 1: Inderlok to Indraprasthath, Corridor 2: Lajpat Nagar to Saket G Block, and Corridor 3: 
Rithala to Nathupur.  
2.2.2. Project Details 
Corridor 1 is Inderlok to Indraprastha, Line 5 extension (Green line) which is 12.377 km in length, 
Corridor 2 is Lajpat Nagar to Saket G Block, Line 11 (Gold line) which is 8.385 km in length and 
Corridor 3: Rithala–Narela-Nathupur, Line 1 Extension (Red line) which is 26.463 km in length. 
Total length of elevated portion is 34.896 km out of which in 1.028 km in Corridor 1, 8.385 km in 
Corridor 2 and 25.483 km in Corridor 3 . The length of underground section is 11.349 km in 
Corridor 1.0 km in Corridor 2 and 3 .  At Grade is 0.980 km in Corridor 3 only. Total 37 stations 
are proposed on the route out of which 8 stations are proposed on underground section, 28 
stations are proposed on elevated section and 1 Station is proposed as at grade. 
Depot will be only constructed for corridor 3, while existing depots will accommodate Corridor 1 
and Corridor 2.  
Details of project profile and associate facilities are described in and . "
30,PDF page 30," 
Environment Impact Assessment for Delhi Metro Phase IV-2 Project 
 
 
20 JIC A DELHI METRO RAIL CORPORATION LTD. 
 
Table 2.1: Detail of Metro Corridors 
S. 
No Corridor Type Length (km) Stations 
1. Corridor 1 
(Inderlok to Indraprastha) 
Underground 11.349 8 
Elevated 1.028 1 
Sub Total 12.377 9 
2. Corridor 2 
(Lajpat Nagar to Saket G block 
Underground 0 0 
Elevated 8.385 7 
Sub Total 8.385 7 
3. Corridor 3 
(Rithala – Narela – Nathupur) 
Underground 0 0 
Elevated 25.483 20 
At Grade 0.980 1 
Sub Total 26.463 21 
Total 47.225 37 
Source: Detailed Project Report for DMRC Phase IV priority Corridors (November 2019, updated in August 2022)*The 
data has been revised by DMRC under consideration of affecting structure and private land acquisition.  
 
Table 2.2: Operation and Maintenance related Facilities  
Facility Corridor 1 
Inderlok to Indraprastha 
Corridor 2 
Lajpat Nagar to Saket G 
Block 
Corridor 3 
Rithala Narela Nathupur 
Corridor 
Depot Existing depot 
( Bahadurgath Depot) 
Existing depot  
(Sarita Vihar) New depot (Sanoth Depot) 
Operations 
Control Centre 
(OCC) 
Existing Operations Control 
Centre (OCC) at DMRC 
Metro Bhawan 
Existing Operations Control 
Centre (OCC) at DMRC 
Metro Bhawan 
Existing Operations Control 
Centre (OCC) at DMRC 
Metro Bhawan 
Power supply A new Indraprastha RSS 
will be installed 
The Khanpur RSS on Line 
10 (under construction) will 
be upgraded to supply 
power 
Existing Rithala RSS power 
supply will cover from 
Rithala to Rohini Sector 34. 
The Sanoth Depot RSS 
power supply will cover 
from Rohini Sector 34 to 
Nathupur 
 
2.2.3. Description of Route Alignments  
(1) Corridor 1: Inderlok to Indraprastha, Line 5 extension (Green line) 
DMRC has proposed the development of Corridor -1, which will extend from Inderlok to 
Indraprastha.  
Proposed Stations: This corridor will feature a total of 9 stations, with eight being underground 
and one elevated. The stations along this route include Inderlok, Daya Basti, Sarai Rohilla, Ajmal 
Khan Park, Jhandewala, New Delhi, Delhi Gate, Delhi Secretariat, and Indraprastha.  
Chainages: Chainage at Centre line of proposed Inderlok Station has been reckoned as ‘0’ and it 
increases towards Indraprastha. 
Coordinates: Coordinates system adopted for topographical survey is WGS 84 for Northing and 
Easting. However, ground elevations are with respect to GTS benchmark of survey of India. 
Directions: Direction from Inderlok to Indraprastha is named as ‘Up line’ and ‘Down line’ is 
converse of it. "
31,PDF page 31," 
Environment Impact Assessment for Delhi Metro Phase IV-2 Project 
 
 
21 JIC A DELHI METRO RAIL CORPORATION LTD. 
 
Construction requirements: Construction activities will be carried out over government land, 
with the entire project expected to be completed in approximately 4 years. The construction will 
affect a total of 1,971 trees. 
Justification for underground section : This corridor passes through more than 20 most 
densely populated subdivision of the city and crosses two railway yards at Sarai Rohilla and New 
Delhi. The railway yards are wide enough that it is very difficult to cross them in single span. Also, 
construction of piers in between/on running tracks is not desired due to safety considerations. 
Moreover, ROW of roads along the alignment is also not enough to accommodate elevated metro 
structure/corridor. Further corridor passes by the side of a number of Archaeological Survey of 
India (ASI) protected monuments such as Delhi Gate etc. In view of all the above-mentioned facts, 
it has been decided to plan maximum portion of this corridor as underground corridor except 
about 1km length as elevated near Inderlok. 
Integration of Metro System: 
Table 2.3: Details of integrating stations 
S. No. Station Remarks 
1. Inderlok Integration with existing Dilshad Garden to Rithala line and 
Inderlok-Mundka Line 
2. Nabi Karim Integration with RK Ashram Marg – Janakpuri West Line 
(Ph-IV Corridor) 
3. New Delhi Integration with existing Jahangirpuri – HUDA City Centre and Airport Express 
metro line. And also, with Indian Railways 
4. Delhi Gate Integration with Central Secretariats to Kashmere Gate line. 
5 Indraprastha Integrating with Line-3 and Line-4 
Source: Detailed Project Report for DMRC Phase IV priority Corridors (November 2019, updated in August 2022)  
 
(2) Corridor 2 : Lajpat Nagar to Saket G Block, Line 11 (Gold line) 
The total length of the Corridor is 7.247km with 7 elevated stations. 
Chainages: Chainage at Centre line of proposed Lajpat Nagar Station has been reckoned as ‘0’ and 
it increases towards Saket G Block. 
Coordinates: Coordinates system adopted for topographical survey is WGS 84 for Northing and 
Easting. However, ground elevations are with respect to GTS benchmark of survey of India. 
Directions: Direction from Lajpat Nagar to Saket G Block has been named as ‘Up line’ and ‘Down 
line’ is converse of it. 
Proposed Stations: seven new stations on Corridor -1, extending from Lajpat Nagar to Saket G 
Block. These stations, all of which will be elevated, include Lajpat Nagar, Andrews Ganj, Greater 
Kailash I, Chirag Delhi, Pushp Bhawan, Saket District Centre, and Pushp Vihar.  
Construction requirements: The construction activities will be conducted on government land 
and are expected to take approximately three years to complete. This project will impact a total 
of 1,500 trees in the area. There are total 20 curves on the alignment of this corridor. Sharpest 
radius is 0.152 km which has been used at one location in the elevated section whereas largest 
radius is 1 .002 km. Radius more than 1 km has been used at 2 locations. Change of grade takes 
place at 24 locations along this corridor. Flattest grade is level which has been provided at the 
stations. Level gradient has been provided at 8 locations and about 35.10% length of corridor is 
on level gradient. Steepest gradient on the route is 3.42 % which has been provided in between 
km 6.974 to km 7.275 for a length of 0.301km. "
32,PDF page 32," 
Environment Impact Assessment for Delhi Metro Phase IV-2 Project 
 
 
22 JIC A DELHI METRO RAIL CORPORATION LTD. 
 
Integration of metro system: While deciding station locations efforts have been made to make 
integration of metro system with other mode of transport such as existing metro system and 
railways as far as possible. The details of stations which will have integration with other mode of 
transport are given below: 
Table 2.4: Details of Integrating Stations 
S. No. Name of Station Remarks 
1. Lajpat Nagar Integration with existing Lajpat Nagar metro station on the Central 
secretariat Badarpur metro corridor. 
2 Chirag Dilli Integration with proposed Chirag Dilli metro station on the  Janakpuri-
Botanical Garden metro corridor. 
3 Saket G Block Integration with proposed Saket G Block metro station on the proposed 
Aerocity to Tughlakabad metro corridor. 
Source: Detailed Project Report for DMRC Phase IV priority Corridors (November 2019, updated in August 2022)  
 
(3) Corridor 3 (Rithala – Narela – Nathupur) Line 1 Extension (Red line) 
The DMRC has proposed the construction of Corridor-3, which will extend from Rithala – Narela 
– Nathupur., with length of 26.582 km ( 25.602 km elevated and 0.980 km At Grade ) and 21 
stations.  
Chainage: Chainage of Centre line of Rithala station has been reckoned as 361.34m and it 
increases towards Nathupur. 
Coordinates: Coordinates system adopted for topographical survey is WGS 84 for Northing and 
Easting. However, ground elevations are with respect to GTS benchmark of survey of India. 
Directions: Direction from Rithala to Nathupur has been named as ‘Up line’ and ‘Down line’ is 
converse of it. 
Proposed Stations: This corridor will feature a total of 21 stations, with 20 being elevated and 1 
at grade. The stations along this route include Rohini Sec 25, Rohini Sec 26, Rohini Sec 31, Rohini 
Sec 32, Rohini Sec 36, Barwala, Rohini Sec 35, Rohini Sec 34, Bawana Ind.  
Construction requirements: Area sec 3 & 4, Bawana Ind Area Sec 1 & 2, Bawana JJ Colony, 
Sanoth, New Sanoth, Depot, Bhorgarh Village, Anaj Mandi Narela, Narela DDA Sports Complex, 
Narela, Narela Sec 5, and Nathupur . This project will impact a total of 12,385 trees in the area.  
Construction activities will be carried out over both governments, with the entire project 
expected to be completed in approximately 3 year.  
2.2.4. Demand Forecast 
The forecast of passengers per day for the three corridors for the year 2041 is as follows: 
Table 2-5: Updated Delhi Metro Phase IV-2 Demand Forecast, FY 2041 
 ( unit : people per day) 
year Corridor 1 
Inderlok- Indraprastha 
Corridor 2 
Lajpat Nagar-Saket G 
Corridor 3 
Rithala – Narla- Kundli 
2041 271,000 80,000 168,000 
Source: DMRC 
 
2.2.5. Structure Design 
(1) Viaduct "
33,PDF page 33," 
Environment Impact Assessment for Delhi Metro Phase IV-2 Project 
 
 
23 JIC A DELHI METRO RAIL CORPORATION LTD. 
 
For standard elevated sections, will have a simple structure from the viewpoint of workability 
and cost-effectiveness. The Double U-shaped girders are applied as a standard elevated section. 
Many U-shaped girders are used in Delhi. The span is 28m. It can be adjusted between 16m and 
31m. Segment construction girders (Box girder, U-shaped girder) can also be selected in locations 
where crane erection is difficult. 
  
Source: DPR 2022 
Figure 2.1: Typical drawing of U-shaped girder (left: Single/ right: Double) 
(2) Underground Structure 
For underground sections, NATM or Cut & Cover is applied. Emergency evacuation walkways will 
be also provided approximately every 500 m. At least one such passage is provided between 
stations. It is a passage tunnel connecting the up line tunnel and the down line tunnel. Ventilation 
is provided at the ends of underground stations, and no ventilation shafts are provided between 
stations. 
 
At location other than Cross over At Cross over section location 
Source: DMRC 
Figure 2.2:Brief diagram of Cut & Cover Tunnel  
"
34,PDF page 34," 
Environment Impact Assessment for Delhi Metro Phase IV-2 Project 
 
 
24 JIC A DELHI METRO RAIL CORPORATION LTD. 
 
 
Source: DMRC 
Figure 2.3: Brief diagram of TBM Tunnel 
(3) Ramp (Structure transition section) 
The transition structure from the elevated section to the tunnel section is as follows; elevated 
section > U-shaped retaining wall section (slab constructed under the track) > (ground level) > U-
shaped retaining wall section -> tunnel section. The boundary between the elevated section and 
the U-shaped retaining wall section is 5m high. 
Regarding the section from the elevated section to the ground level, it is proposed it will be 
possible to improve construction efficiency and reduce project costs by using the RRR 
construction method, which has a good track record in Japan. 
  
Source:DMRC 
Figure 2.4: Ramp (Structure transition section) 
2.2.6. Station 
(1) Station Structure 
a. Elevated Station 
Elevated stations will be constructed within the road. To avoid obstructing road traffic, pillars 
will be provided in the median. A vertical clearance of 5.5 m is provided under the concourse. All 
stations will have a side platform. 
"
35,PDF page 35," 
Environment Impact Assessment for Delhi Metro Phase IV-2 Project 
 
 
25 JIC A DELHI METRO RAIL CORPORATION LTD. 
 
 
Source: DMRC 
Figure 2.5: Conceptual Longitudinal Section of Elevated Station 
 
Source: DMRC 
Figure 2.6: Conceptual Cross Section of Elevated Station 
b. At-Grade Station 
The only one at -grade station is the 'Depot Station' on Line 1 Extension. Slabs are built on the 
surface of the ground, on which tracks, platforms, etc. are constructed. Platform type is side 
platform. The platforms of the up line and down line are connected by underground passage. 
"
36,PDF page 36," 
Environment Impact Assessment for Delhi Metro Phase IV-2 Project 
 
 
26 JIC A DELHI METRO RAIL CORPORATION LTD. 
 
 
Source: DMRC 
Figure 2.7: Conceptual cross section of At-grade Station 
c. Underground Station 
All underground stations are constructed using the Cut & Cover with top -down method. The 
diaphragm walls for such station constructions are 80 to 100 cm thickness and are used as a 
permanent side wall of the station. By using the top -down method, the surfa ce can be restored 
quickly. 
Most underground stations have three levels. The lowest level contains the platforms, track, 
pump rooms, etc. The other levels provide space for the concourse as well as equipment and other 
facilities required for station operations, such as electrical and machine rooms. Evacuation routes 
and ventilation shafts are provided at both ends of the station. 
 
Source: DMRC 
Figure 2.8: Conceptual Longitudinal Section of Underground Station 
"
37,PDF page 37," 
Environment Impact Assessment for Delhi Metro Phase IV-2 Project 
 
 
27 JIC A DELHI METRO RAIL CORPORATION LTD. 
 
 
Source: DMRC 
Figure 2.9: Conceptual Cross Section of Underground Station 
(2) Location  
The Location Characteristics for Stations of all three Corridors are as follows: 
  
"
38,PDF page 38," Environment Impact Assessment for Delhi Metro Phase IV-2 Project 
 
  
28 JIC DELHI METRO RAIL CORPORATION LTD. 
 
Table 2.6: Station Location Characteristics  
S. No. Station Chainage 
(m) 
Inter Station 
Distance 
Rail Level 
amsl (m) Station type Location Catchment Area 
Corridor 1 
1 Inderlok 355.901 - - Elevated Located on Off the Road Sahzada Park Inderlok, Shastri Nagar, Shivaji Nagar 
2 Daya Basti 1,700 1,700 202.80 Underground Located on the Road near RPF Colony Dyabasti, Shashtri Ngar, Railway 
Colony, RPF Colony 
3 Sarai Rohilla 2,786 1,086 206.70 Underground Located on Off the Road by the side of New 
Rohtak Road 
SARAI ROHILLA , Anand Parvat, Than 
Singh Nagar, Dev Nagar, Punjab Basti 
4 Ajmal Khan Park 4,218.888 1,432.888 206.800 Underground Located on Off the Road under Ajmal Khan 
Park 
SARAI ROHILLA , Anand Parvat, Than 
Singh Nagar, Dev Nagar, Punjab Basti 
5 Jhandewalan 5,008.888 790 - Underground Located on DDA park near Jhandewala 
temple  
- 
* Nabi Karim 5,928.888 920 203.0 Underground Located on Off the Road under MCD 
Parking Area 
Nabi Karim, Shahi Idgah Colony 
6 New Delhi 7,778.888 1,850 188.13 Underground Located on the Jawaharlal Nehru Marg New Delhi Railway Station, Ajmeri 
Gate, Ramlila Ground 
7 Delhi Gate 9,458.888 1,680 179.500 Underground Located on the Jawaharlal Nehru Marg 
near Exiting Delhi Gate Metro Station 
Delhi Gate, Feroze Shah Kotla Stadium, 
Darayaganj, LNJP Colony, Raj Ghat 
8 Delhi Sachivalya 11,259.608 1800.72 190.50 Underground Located near I.T.O I.T.O, IG Stadium, Delhi Sachivalya 
9 Indraprastha 12,288.989 1,029.381 214.50 Underground Located in Open land Adjacent to Exiting 
Indraprastha Metro Station 
Delhi Sachivalaya, IG Stadium 
Corridor 2 
1 Lajpat Nagar 0.000  
135 
(Distance from 
dead end) 
225.40 Elevated 
Located on Road near Existing Lajpat 
Nagar Metro Station. (Violet Line) 
Defence Colony, Lajpat Nagar 
2 Andrews Ganj 1,035 1,035 227.50 Elevated Located on the Footpath Opposite Raj 
Kumari Amrit Kaur College of Nursing. 
Andrews Ganj, Andrews Ganj 
Extension, Jamrudpu 
3 Greater Kailash-I 2,683 1,648 230.50 Elevated Located on Off Road near Greater Kailash-I Greater Kailash, Jamrudpur, Sadiq 
Nagar 
4 Chirag Delhi 3,803 1,120 241.60 Elevated Located on Dr.BR Ambedkar Marg Chirag Delhi, Soami Nagar, Savitri 
Nagar 
5 Pushpa Bhawan 4,886.2 1,083.200 241.60 Elevated 
Located on Dr.BR Ambedkar Marg 
opposite to Sector 7 Pushp Vihar and forest 
area. 
Pushp Vihar Sector 7. 
6 Saket District 
Centre 5,576.2 690 239.200 Elevated Located on Off the road near Saket District 
Centre 
Saket, Pushp Vihar, Khidaki Village "
39,PDF page 39," Environment Impact Assessment for Delhi Metro Phase IV-2 Project 
 
  
29 JIC DELHI METRO RAIL CORPORATION LTD. 
 
S. No. Station Chainage 
(m) 
Inter Station 
Distance 
Rail Level 
amsl (m) Station type Location Catchment Area 
7 Pushp Vihar 6,500.2 924 239.60 Elevated Located on Shaheed Pankaj Juyal Marg 
near NBCC Plaza building. 
Saket, Pushp Vihar  
** 
Saket G Block 
 (to be constructed 
under Line 10 under 
phase IV ) 
-- 
917 
(from Pushp 
Vuhar) 
241.68 Elevated 
Located on Mehrauli -Badarpur Road near 
Defence Area 
Saket, Pushp Vihar 
 
Corridor 3 
1 Rohini Sector 25 874 874 227.20 Elevated   
2 Sector 26 Rohini 1,916 1042 227.50 Elevated 
The station is located near Sector 26 Rohini 
on Bhagwan Mahavir Marg, opposite  DDA 
Parks of Sector 24 and Sector 26 of Rohini. 
Sector 24  Rohini, Deep Vihar,  Sector 
26 Rohini, Prahlad Vihar, Sector 22, 
Begumpur, etc,  
3 Sector 31 2,662 746 228.3 Elevated 
The station is located on Bhagwan Mahavir 
Marg, in Sector 31 Rohini 
Sector 31Rohini, Pehladur Village, 
Begum Vihar, Sector 16 Rohini,  
Bawana 
4 Sector 32 3,408 944.5 228.70 Elevated The station is located on Bhagwan Mahavir 
Marg, in Sector 32 Rohini 
Sector 32 Rohini, Begumpur Village, 
Sector 37 Rohini 
5 Sector 36 Rohini 4,352.5 937.2 228.5 Elevated Sector Road between Sector 36 and Sector 
31 Rohini 
Sector 31 Rohini, Sector 35 Rohini, Jain 
Colony, Sector 36 Rohini 
6 Barwala Station 5289.7 840 228 Elevated 
The station is located on road connecting 
Bawana road and Utsavmarg,  opposite 
DDA Housing 
Sec.-35 Rohini, DDA Housing, Village 
Barwala, North part of Sector 
36Rohini 
7 Sector 35 Rohini 6,129.7 1,600 228.100 Elevated Ustav Marg, abutting Sector 34. Southern part of Sector 34. 
8 Sector 34 Rohini 7,729.7 1,096 228 Elevated UER II, abutting western part of Sector 34. Sector 34 and group housing opposite 
to western Sector 34. 
9 Bawana Industrial 
Area Sector 3,4 8,825.7 1,424 230.40 Elevated Bawana Industrial Area Sector 3 and 
Sector 4 
Bawana Industrial Estate, Sec. -3 and 
Sector 4 
10 Bawana Ind. Area 
sector-1,2 10,249.7 1,204.1 231.50 Elevated 
Road joining Bawana Road with UER II, 
dividing Bawana Industrial Area Sector 1 
and Sector 2 
DSIIDC Bawana  Industrial Estate, 
Sector-1and Sector 2 
11 Bawana JJ Colony 
Station 11,453.8 1,750.8 231.40 Elevated UER-I Road (Urban Extension Road), 
opposite JJ Colony Bawana 
JJ Colony,  Sector 2, eastern parts of 
Vijay Nagar 
12 Sanoth Station 13,204.6 1,328 229.40 Elevated 
UER-I Road (Urban Extension Road), 
opposite Sanoth Village. 
Sanoth Village,  DSIIDC Bawana 
Industrial AreaSec.-5, Ghoga Colony, 
DSIIDC Industrial workers housing 
13 New Sanoth station 14,532.6 1,671.3 230 Elevated UER-I Road (Urban Extension Road), 
opposite New Sanoth Colony 
Sanoth Colony "
40,PDF page 40," Environment Impact Assessment for Delhi Metro Phase IV-2 Project 
 
  
30 JIC DELHI METRO RAIL CORPORATION LTD. 
 
S. No. Station Chainage 
(m) 
Inter Station 
Distance 
Rail Level 
amsl (m) Station type Location Catchment Area 
14 Depot Station 16,203.9 1,440.3 219.6 At-Grade UER-I Road (Urban Extension  Road), in 
front of Bharat Mata Public School 
Swatantra Nagar, Bankner Village, 
DDA Flat Phase G5 Narela 
15 Bhorgarh Village 
Station 17,644.2 1,627.7 230.3 Elevated 
UER-I Road (Urban Extension Road),  
towards DDA Park 
DSIIDC Bhorgarh Industrial Area, 
Village Bhorgarh, Punjabi Colony, Old 
Anaj Mandi 
16 Anaj Mandi Narela 
Station 19,271.9 1,038.6 225.20 Elevated 
UER-I Road, opposite DSIIDC  Narela 
Industrial Area 
DSIIDC Narela 
Industrial Area, Kurenai Village, Slum 
Area Narela, Narela Mandi 
17 Narela DDA Sports 
Complex Station 20,310.5 1,048 225.100 Elevated Marmurpur Marg to UER II opposite  to 
DDA EWS Flats Narela 
DDA EWS  Flats Narela, National 
Institute of Technology Delhi 
18 Narela Station 21,358.5 1,274 225.70 Elevated Marmurpur Marg to UER II opposite to  
Sector A-6. 
Sector A-5, A-6, and A -9 Narela, Pana 
Mamurpur 
19 Narela Sec 5 
Station 22,632.5 1,878 225.300 Elevated Delhi Haryana border on SH-138 Police colony, Janta Flats, Sector a/5 of 
Narela 
20 Kundli Station 24,510.5 730 225.30 Elevated State Highway 138 with drain in the  
Industrial area in Kundli 
Sector 64 of Sonipat 
21 Nathupur Station 25,920.1 1,378.9 225.700 Elevated besides NH44 adjacent to drain no 8 
opposites to Tuscon city 
TDI city, Tuscon  Heights, Sec 47, Sec 
57, Sec 49 of Sonepat 
Note: * Nabi Karim Station and ** Saket G Block are the being constructed as a part of different lines 
 
Source: Detailed Project Report for DMRC Phase IV priority Corridors (November 2019, updated in August 2022) and Detailed project Report for Ri thala-Narela-Kindli Corridor (August 
2023) prepared by RITES "
41,PDF page 41," Environment Impact Assessment for Delhi Metro Phase IV-2 Project 
 
  
31 JIC DELHI METRO RAIL CORPORATION LTD. 
 
 
"
42,PDF page 42," Environment Impact Assessment for Delhi Metro Phase IV-2 Project 
 
  
32 JIC DELHI METRO RAIL CORPORATION LTD. 
 
Figure 2.10: Study Area Map for Corridor 1 (Inderlok to Indraprastha) "
43,PDF page 43," Environment Impact Assessment for Delhi Metro Phase IV-2 Project 
 
  
33 JIC DELHI METRO RAIL CORPORATION LTD. 
 
 
"
44,PDF page 44," Environment Impact Assessment for Delhi Metro Phase IV-2 Project 
 
  
34 JIC DELHI METRO RAIL CORPORATION LTD. 
 
Figure 2.11: Study Area Map for Corridor 2 (Lajpat Nagar to Saket G Block) "
45,PDF page 45," Environment Impact Assessment for Delhi Metro Phase IV-2 Project 
 
  
35 JIC DELHI METRO RAIL CORPORATION LTD. 
 
 
"
46,PDF page 46," Environment Impact Assessment for Delhi Metro Phase IV-2 Project 
 
  
36 JIC DELHI METRO RAIL CORPORATION LTD. 
 
Figure 2.12: Study Area Map for Corridor 3 (Rithala – Narela – Nathupur) "
47,PDF page 47," 
Environment Impact Assessment for Delhi Metro Phase IV-2 Project 
 
 
37 JI A DELHI METRO RAIL CORPORATION LTD. 
 
2.2.7. Depot 
During operation phase, train maintenance activities will be carried out in the main depot cum 
workshops where the overhaul and corrective maintenance facilities for whole fleet are planned. 
The maintenance workshops will be managed by a team of managers who will plan, coordinate 
and manage various activities in depot to ensure that the trains are well maintained and cleaned 
for daily passenger service. The main activities that will be taking place in maintenance depot will 
be train washing, filter cleaning, HVAC filter cleaning, bogie cleaning, internal train cleaning, roof 
wash, heavy train cleaning, evaporator cleaning and condenser cleaning. 
Table 2.7: Information on depot plans 
Corridor Proposed plan of Depot 
Corridor 1: Line 5 Extension The rolling stocks on this corridor will use the existing Bahadurgarh and 
Mundka Depots that being used by Line 5. 
Corridor 2: Line 11 The rolling stocks on this line only enter the Sarita Vihar Depot via Metro 
Line 10 for inspections and repairs. 
Corridor 3: Line 1 Extension Line1 Extension performs car inspections and repairs on this corridor at 
the new Sanoth Depot 
 
 
Source: DMRC 
Figure 2.13: Location of Depots for the Delhi Metro Phase IV-2 
"
48,PDF page 48," 
Environment Impact Assessment for Delhi Metro Phase IV-2 Project 
 
 
38 JI A DELHI METRO RAIL CORPORATION LTD. 
 
 
Source:DMRC 
Figure 2.14： Location of Depots for the Delhi Metro Network 
 
  
"
49,PDF page 49," 
Environment Impact Assessment for Delhi Metro Phase IV-2 Project 
 
 
39 JI A DELHI METRO RAIL CORPORATION LTD. 
 
The Sanoth depot on the Line 1 extension (corridor 3) will be constructed by filling on the ground 
surface. Smaller structures such as boundary retaining walls and drainage systems are required. 
 
Source: DMRC 
Figure 2.15: Sanoth Depot (Draft) 
2.2.8. Rolling Stock 
The trains running on each Corridor will have the features shown in the table below.  
Table 2.8: Proposed Rolling Stock 
Items 
Corridor 1 
Inderlok to 
Indraprastha 
Corridor 2 
Lajpat Nagar to Saket G 
Block 
Corridor 3 
Rithala Narela 
Nathupur 
Trainset 4-car 3-car 4-car 
Car Width 2.9 m 3.2 m 3.2 m 
Gauge Standard Gauge 
(1,435 mm) 
Standard Gauge 
(1,435 mm) 
Broad Gauge  
(1,676 mm) 
2.2.9. Operational Train Speed 
Table 2.9: Train Speed (in Kmph) 
Items Corridor 1 Corridor 2 Corridor 3 
Design speed 95 90 90 
Operating speed 85 80 80 
Scheduled speed 35  35 35 
Design speed - maximum allowable speed for structure and rolling stock 
Operating speed - maximum allowable speed of train during revenue hours 
Scheduled speed - average speed of train between terminals 
2.2.10. Auxiliary supply10 
(1) Auxiliary supply for Corridor 1 and Corridor 2 
The auxiliary supply and general electrical services of the elevated and above ground portion 
shall generally follow the system design of 33 kV ring main adopted for corresponding sections 
 
10 DPR 
"
50,PDF page 50," 
Environment Impact Assessment for Delhi Metro Phase IV-2 Project 
 
 
40 JI A DELHI METRO RAIL CORPORATION LTD. 
 
of Phase – II with some modifications based on techno - economic study being done and same is 
adopted in phase-III. 
(2) Auxiliary supply for Corridor 3 
Two Auxiliary Packaged sub -stations (PSS) are envisaged to be provided in the station for 
stepping down 33kV supply to 415V for auxiliary applications. The PSS will be located at Ground 
level. The auxiliary load requirements have been assessed at 200kW for Elevated Stations. 
2.2.11. Power supply 
(1) Power Demand 
a. Power supply for Corridor 1 & Corridor 2 
Electrical Power is required for operation of Metro system for running of trains, station services 
including illumination of buildings, air conditioning of underground stations, ventilation of 
tunnels, lifts, escalators, signalling, telecommunication, firefighting etc., workshops, depots & 
other maintenance infrastructure within the premises of metro system.  
Existing system of electric traction on all the corridors of Delhi Metro constructed in Phase – I, 
Phase – II and adopted in Phase – III is at 25kV ac single phase. The same traction system for the 
proposed Phase-IV corridors has been considered, viz 25 kV 50 Hz ac single phase. 
In open areas at grade and on elevated structures, flexible overhead equipment (OHE), similar to 
the existing corridors has been considered to be provided. The additional peak demands of power 
for the corridor for the year 2023, 2031 and 2041 is shown below. 
Table 2.10: Power Demand (in MVA) for Corridor 1 & 2 
Year Corridor Traction Auxiliary Traction Auxiliary Total 
2023 Inderlok to Indraprastha 5.10 23.59 6.31 25.57 31.88 Lajpat Nagar to Saket G Block 1.21 1.98 
2031 Inderlok to Indraprastha 5.44 26.44 6.72 28.91 35.63 Lajpat Nagar to Saket G Block 1.28 2.47 
2041 Inderlok to Indraprastha 6.27 29.28 7.55 32.24 39.74 Lajpat Nagar to Saket G Block 1.28 2.96 
Source: DPR 
b. Power supply for Corridor 3 
The power requirements of a metro system are determined by peak-hour demands of power for 
traction and auxiliary applications. Broad estimation of auxiliary and traction power demand is 
made based on the following assumptions: - 
• Specific Energy Consumption of Rolling Stock – 50 kWh/1000 GTKM 
• Elevated Station Load - 100 kW initially and 200 kW in the year 2041. 
• Depot Auxiliary Load – 1500 kW initially and 1750 kW in the year 2041. 
Keeping in mind the train operation plan and the demand of auxiliary and traction power, power 
requirements projected for the year 2028 & 2041, are summarized in Table 2.11. 
Table 2.11: Power Demand (in MVA) for Corridor 3 
Corridor Year 2028 2041 
Rithala (existing) – Nathupur -Corridor 
Traction 7.99 7.99 
Auxiliary 4.57 7.59 
Total 12.56 15.58 
Source: DPR "
51,PDF page 51," 
Environment Impact Assessment for Delhi Metro Phase IV-2 Project 
 
 
41 JI A DELHI METRO RAIL CORPORATION LTD. 
 
 
(2) Source of power supply 
a. Corridor 1 & Corridor 2 
Since Delhi metro has adopted 25kV ac single phase overhead catenary traction system, therefore 
the power supply at 66 kV or 220kV level only has to be taken from the Grid Sub Stations of Delhi 
Transco Limited (DTL) on technical consideration of short circuit level etc. 
 
• The power supply for Indraprastha to Inderlok corridor of Phase – IV of Delhi Mass 
Rapid Transit System (MRTS Mass Rapid Transit System (MRTS) will be provided by 
laying the cables from distant Maharani Bagh Grid sub stations of Delhi Transco Ltd at 
66 kV voltage level as informed by DTL to IP RSS. This source will be main source of 
power. No neutral section is planned in this corridor. R.K. Ashram RSS of Line -8 
extension will serve as standby source through interlinking at Nabi Karim station. 
• Lajpat Nagar -Saket G Block corridor will be powered from Khanpur RSS of IGD to 
Tughlakabad corridor supply through dedicated Feeding Post at Saket G Block. This will 
serve as main source of power. No neutral section is planned in this corridor. The 
standby power will be taken by tapping from ROCS of IGD - Tughlakabad corridor at 
Saket G Block. Hence no separate RSS will be built for it. 
b. Corridor 3 
The power supply at 66 kV / 132kv / 220kV level only has to be taken from the Grid Sub Stations 
of Delhi Transco Limited (DTL) on technical consideration of short circuit level etc. 
Table 2.12: Power Source for Corridor 3 
Corridor Delhi Transco Ltd Source 
(GSS) 
DMRC Receiving 
Substation (RSS) 
Rithala (existing) –Nathupur Corridor DSIIDC Bawana 220kV GSS Sanoth Depot RSS 
Rohini Sector - 11 Rithala 66 kV RSS (Existing) 
Source: DPR 
(3) Supervisory Control and Data Acquisition (SCADA) System 11 
The entire scheme of power supply, traction and auxiliary supply will be monitored and 
controlled from centralized Operation Control Centres commissioned in Phase I and Phase 2 of 
Delhi metro project, which will need to be augmented. The protocol of the equipment shall be so 
designed as to be compatible with that being used by Delhi Metro in the existing, Phase -III and 
Phase – IV corridors. 
(4) Power Backup12 
a. Corridor 1 & Corridor 2 
No DG Sets are required at the Stations. Common Uninterruptible Power Supply (UPS) shall be 
provided at elevated station(s) by  Signal and Telecom ( S&T) Department, which will feed the 
requirements of S&T Loads as well as Electrical and Mechanical (E&M) Loads. 
Similarly, common UPS shall be provided at underground station(s) by E&M Department, which 
will feed the requirements of S&T Loads as well as E&M Loads. The Capacity of the UPS shall be 
60 KVA for Interlocking Stations and 30 KVA for Non- interlocking Stations. 
 
11 Source: DPR 
12 Source: DPR "
52,PDF page 52," 
Environment Impact Assessment for Delhi Metro Phase IV-2 Project 
 
 
42 JI A DELHI METRO RAIL CORPORATION LTD. 
 
The entire system of power supply (receiving, traction and auxiliary supply) shall be monitored 
and controlled from a centralized Operation Control Centre (OCC) through SCADA system. 
Modern SCADA system with intelligent remote terminal units (RTUs) shall b e provided. Optical 
fibre provided for telecommunications will be used as communication carrier for SCADA system 
b. Corridor 3 
Common UPS shall be provided at elevated station(s) by S&T Department, which will feed  the 
requirements of S&T Loads as well as E&M Loads. 
UPS shall be provided by S&T and the total capacity of UPS will be decided by S&T after 
considering E&M load of 20kVA (with 90 minutes backup). 
(5) Solar power  
Solar PV power system is proposed to be installed at various sites using the RESCO (Renewable 
Energy Service Company) model at Stations and Depots for which adequate and necessary 
provision in the design of roofs may be planned by DMRC. 
“RESCO Model” is where the developers intend to provide solar power system on rooftop/sites 
owned by DMRC on mutually agreed terms and conditions from Metro Authority and enters a PPA 
(Power purchase agreement) with DMRC for supply of Solar power for 25 years from the date of 
Commissioning of project.  
a. Corridor 1and 2 
In elevated stations about 50 kWp to 100 kWp capacity of Solar PV power system can be provided 
depending upon type of roof availability, shadow free roof area, orientation of stations. In DMRC 
receiving sub-station 25 to 50 kWp capacity Solar PV systems ar e generally provided. In DMRC 
Depot area, approx.1000 kWp to 1500 kWp of solar capacity has been provided. Solar PV system 
in station parking area can also be planned as per availability of area. 
b. Corridor 3 
In the elevated stations about 50 kWp to 150 kWp capacity of Solar PV power system can be 
provided depending upon type of roof availability, shadow free roof area, orientation of stations. 
In receiving sub-station 20 kWp to 50 kWp capacity Solar PV systems are generally provided and 
in Depot area, approx.1000 kWp to 1500 kWp of solar capacity can be provided. Solar PV system 
in station parking area can also be planned as per availability of area 
The entire system of power supply (receiving, traction and auxiliary supply) shall be monitored 
and controlled from a centralized OCC through SCADA system. Modern SCADA system with 
intelligent RTUs shall be provided. Optical fibre provided for telecommunications will be used as 
communicate on carrier for SCADA system. 
2.2.12. Track Work 
Detailed design of ballastless / ballasted track will be done in -house by DMRC. The track centre 
on the elevated section is kept as 4.1m uniform throughout the corridor to standardize the 
superstructure, except at few locations, wherever scissors crossovers are planned, it is kept 4.5m. 
For underground rail level at midsection in tunnelling portion shall be kept at least 12.0m below 
the ground level. At stations, the desirable depth of rail below ground level is 13.5m, so that 
station concourse can be located above the platforms. 
 
 
 "
53,PDF page 53," 
Environment Impact Assessment for Delhi Metro Phase IV-2 Project 
 
 
43 JI A DELHI METRO RAIL CORPORATION LTD. 
 
Table 2.13: Track Structure by Type  
 
Note: RCC – Reinforced Cement Concrete 
Source: DMRC 
 
2.2.13. Signalling & Telecommunication works 
These will be split into separate Signalling contracts & Telecommunication contracts. Signalling 
works will be got executed through ‘Design, Construct, installation, testing, & commissioning’ 
basis. It is proposed to have one Signalling contract for entire stretch for each corridor 
respectively. 
The proposed Signalling system design for metro line corridor is as under: 
• Continuous Automatic Train Control System (CATC) 
• Automatic Train Operation System (ATO) (GoA-2) 
• Radio based Automatic Train Control (ATC) System 
• Automatic Train Protection (ATP) System 
• On-board Equipment 
• Cab Signalling 
• Fall-Back System 
• Interlocking System device 
• Trackside Radio equipment 
• Track Vacancy Detection System (Axle Counter) 
• Electric Point Machine 
• Track side Signals 
• Centralized Traffic Control System 
• Uninterruptable Power Supply of Signalling 
• Metal Cable for Signalling 
• Optical Fibre Cable for Backbone Signalling Network 
Telecommunication works will be got done through ‘construct’ contract with detailed designs 
being done in-house. DDCs may also be engaged for specialized items where necessary. Most of 
the materials required for telecommunication works like cable etc. will be procured by DMRC and 
supplied to the construction contractors. Entire Telecommunication works can be carried out 
through a single contract for each corridor respectively. 
"
54,PDF page 54," 
Environment Impact Assessment for Delhi Metro Phase IV-2 Project 
 
 
44 JI A DELHI METRO RAIL CORPORATION LTD. 
 
2.2.14. Automatic Fare Collection System 
Automatic fare collection (AFC) system is proposed. AFC system proves to be cheaper than semi-
automatic (Manual System) in long run due to reduced manpower cost of ticketing staff, reduced 
maintenance in comparison to paper ticket machines  overall, less cost of recyclable tickets in 
comparison to paper tickets and prevention of leakage of revenue. Relatively, the automatic fare 
collection system has advantages over the manual system. 
2.2.15. Tunnel Ventilation and Air-conditioning System  
Normal ventilation of tunnels should be provided through piston effect of trains. Tunnel 
Ventilation equipment will also be provided to supplement tunnel ventilation for abnormal 
conditions like train halting between the stations, rise of air temperature i nside the tunnel and 
incidence of smoke or fire etc.  In case of inter – station separation between underground shafts 
is beyond 1.5km as per the final alignment plan, mid -section ventilation shafts may be required. 
2.2.16. O&M staff 
DMRC has about 13,800 staff, and 12,000 people engaged in O&M activities. 
2.3. Environmental Sensitivity Areas 
Sensitivity Areas of the Project within a 50 m radius from the project alignment is listed below. 
Table 2.14: Sensitive Receptors  
Corridors Code Location Name Latitude Longitude 
Distance from 
edge of ROW 
(m) 
Corridor 1: Inderlok to Indraprastha 
Residential 
area 
1. Karol Bagh 28° 39' 41.691"" N 77° 11' 9.748"" E 17 
School 
2. Government Sarvodaya Kanya 
Vidyalaya 28° 38' 24.700"" N 77° 14' 18.721"" E Boundary along 
Corridor 
3. SKV, Government Girls Senior 
Secondary School, Bulbuli Khana 28° 38' 27.887"" N 77° 14' 1.390"" E 7 
4. M.C.D. Primary School 28° 38' 57.197"" N 77° 13' 18.735"" E 47 
5. Sanatam Hari Mandir Girls School 28° 39' 6.674"" N 77° 12' 38.827"" E 50 
6. Sri Guru Tech Bahadur Khalsa 
Boys Sr. Sec. School 28° 39' 17.925"" N 77° 11' 17.988"" E Boundary along 
Corridor 
Hospital 
7. Mrs. Girdhar Lal Maternity 
Hospital 28° 38' 36.974"" N 77° 13' 29.224"" E Boundary along 
Corridor 
8. MOPD 28° 38' 34.765"" N 77° 13' 28.953"" E Boundary along 
Corridor 
Museum 9. National Gandhi Museum 28° 38' 20.203"" N 77° 14' 45.466"" E Boundary along 
Corridor 
Waterbody 11. Najafgarh Drain 28°40'17.592""N  77°9'34.109""E 10 
Corridor 2: Lajpat Nagar to Saket G Block 
Residential 
area 
12. Lajpat Nagar  28° 34' 11.195"" N 77° 14' 10.868"" E 12 
13. Sadiq Nagar 28° 33' 25.592"" N 77° 13' 45.281"" E Adjacent 
14. Pushp Vihar 28° 31' 41.865"" N 77° 13' 43.398"" E Adjacent 
15. Defence Colony 28° 34' 6.297"" N 77° 14' 4.342"" E Adjacent 
School 
16. Govt. Girls Sr. Sec. School, Pushp 
Vihar, Sect-I, M.B. Road, New 
Delhi 
28°31'27.296""N 77°13'18.860""E Boundary along 
Corridor 
17. Amrita Vidyalayam 28°31'42.032""N 77°13'43.431""E 10 
18. Nigam Pratibha Vidyalaya (Co-
ed) 28°31'41.424""N 77°13'44.216""E 43 "
55,PDF page 55," 
Environment Impact Assessment for Delhi Metro Phase IV-2 Project 
 
 
45 JI A DELHI METRO RAIL CORPORATION LTD. 
 
Corridors Code Location Name Latitude Longitude 
Distance from 
edge of ROW 
(m) 
19. Amrita Vidyalayam, Delhi 28°31'41.350""N 77°13'42.166""E 7 
20. S.D.N. Pratibha Primary School 28°31'40.732""N 77°13'45.878""E 4 
21. MCD Primary Government School 28°31'40.031""N 77°13'45.103""E Adjacent 
22. DPS International 28°31'42.250""N 77°13'28.245""E Adjacent 
23. Govt. Boys Sr. Sec. School Pushp 
Vihar, Sect-1, M. B. Road , New 
Delhi 
28°31'28.275""N 77°13'19.291""E Boundary along 
Corridor 
24. Amity International School, 
Sector-7, Pushp Vihar, New 
Delhi-17 
28°31'41.634""N 77°13'38.971""E 9 
25. Krishna Public School 
(The Indian School) 28°33'22.688""N 77°13'44.104""E 10 
Protected 
area k 
26. Hauz Khas Forest 28°33'7.92""N 77°13'40.49""E 15 m from ROW 
27. Jahanpanah City Forest 28°31'52.088""N 77°14'6.569""E 5m from ROW 
Deemed 
Forest 
29. Inner Ring Road (Azadpur to 
Azadpur 40 Km) near Andrews 
Ganj 
28°33'55.598""N 77°14'0.942""E Passing through 
the Corridor 
30. Sirifort Road near Greater 
Kailash-I 28°33'14.648""N 77°13'41.242""E Passing through 
the Corridor 
31. 4. Ho-Chi Minh Marg near Chirag 
Delhi 28°32'29.855""N 77°13'41.242""E Passing through 
the Corridor 
32. 5 (iii) Chirag Delhi Main Rd near 
Chirag Delhi 28°32'23.216""N 77°13'56.858""E Passing through 
the Corridor 
33. 5 (iv) MB Road, Batra Hospital to 
Ladosarai near Pushp Vihar 28° 31' 0.490"" N 77° 13' 13.283"" E 400m alongside 
the Corridor 
Corridor 3: Rithala – Narela – Nathupur 
School 
34. Govt. Sarvodaya Kanya Vidyalaya 28° 45' 6.280"" N 77° 4' 24.323"" E 40 
35. MCD Primary School (Co-ed) 28° 51' 50.873"" N 77° 6' 0.073"" E School within 
Corridor 
36. Dev Rishikul Modern School 28° 51' 57.258"" N 77° 5' 59.712"" E 12 
Waterbody 
37. Nangloi Drain 28°43'38.665""N  77°6'3.771""E Corridor 
passing through  
38. Delhi Tail Distributary 28°48'18.303""N  77°2'51.682""E Corridor 
passing through 
39. Bawana Distributary 28°47'47.197""N  77°2'43.251""E  40 
40. Nahri Major Distributary  28°50'20.338""N  77°6'8.573""E  Corridor 
passing through 
41. Drain No. 8  28°53'3.134""N  77°6'59.972""E  Corridor 
passing through 
Deemed 
Forest 
42. 4. Karnal Railway line (Old Sabzi 
Mandi to Haryana border 
(Safiabad) near Bhorgarh Village 
 28°50'7.78""N 77°5'22.467""E Passing through 
the Corridor 
Source: site survey 
 
 "
56,PDF page 56," 
Environment Impact Assessment for Delhi Metro Phase IV-2 Project 
 
 
46 A DELHI METRO RAIL CORPORATION LTD. 
 
 
Figure 2.16：Sensitive area map for Corridor 1 
"
57,PDF page 57," 
Environment Impact Assessment for Delhi Metro Phase IV-2 Project 
 
 
47 A DELHI METRO RAIL CORPORATION LTD. 
 
 
Figure 2.17：Sensitive area map for Corridor 2 
"
58,PDF page 58," 
Environment Impact Assessment for Delhi Metro Phase IV-2 Project 
 
 
48 A DELHI METRO RAIL CORPORATION LTD. 
 
 
Figure 2.18： Sensitive area map for Corridor 3 
"
59,PDF page 59," 
Environment Impact Assessment for Delhi Metro Phase IV-2 Project 
 
 
49 J DELHI METRO RAIL CORPORATION LTD. 
 
2.4. Land Selection Process for Project Components  
The proposed project require s land for different purposes. Land is mainly required for route 
alignments of rail tracks, station buildings, platforms, entry/exit structures, traffic integration, 
car shed, power sub-stations, ventilation shafts, administrative buildings, property development, 
depots and work sites etc. Land is a scarce commodity in Delhi metropolitan areas. Acquisition of 
lands make affected families landless in most cases. After planning, the land requirement is kept 
to a minimum and the acquisition of private land in particular, was avoided. 
The land details required for the project include temporary and permanent area. In Corridor 1 
Inderlok - Indraprastha Line 5 Extension (Green Line) the permanent area required is 107,550m2 
m2 and 55,491m2 is the temporary area, in Lajpat Nagar -Saket G Block Line 11(Gold Line), the 
permanent area required is about 67,700 m2 and temporary area required is 22,662 m2. and in 
Corridor 3 Rithala-Nathupur Line 1 Extension (Red Line) the permanent area required is about 
299,861m2 and temporary area required is 110,508m2. No agricultural land is acquired in all the 
three corridors of the proposed Metro project).13  
Table 2.15: Details of land required for project (in m2) 
S. 
No. Corridor Permanent Area Temporary Area Total 
Government Private Government Private 
1 Inderlok -Indraprastha 107,550 0 55,491.29 0 163,041.29 
2 Lajpat Nagar – Saket G 
Block 67,700  0 22,662 0 90,362 
3 Rithala – Narela Nathupur  299,861 0 110,508 0 410,369 
 Total 475,111 0 188,661.29 0 663,772.29 
Source: Site survey by Vardan 
2.5. Construction Methodology14  
2.5.1. Underground Construction 
For the underground sections running under the road, the cut and cover method of underground 
construction can be employed. However keeping in view the inconvenience to the traffic 
movement, it is proposed to tunnel through by using Tunnel Boring Machine (TBM) or New 
Austrian Tunnelling Method (NATM) in the overburden soil mass. Tunnel excavation for a major 
length of underground section is expected to be carried out by Tunnel Boring Machines. There 
are few stretches along the underground alignment where Cut  & Cover method has been 
considered for construction after Switch Over Ramp (SOR). Tunnel boring machines (TBMs) 
capable of drilling in soft soil with a finished internal diameter of 5.6 m. can be successfully 
employed for boring tunnels through this stratum. The tunnels are proposed with a minimum soil 
cover of 6.0 m15. 
2.5.2. Underground Stations 
All the underground stations have been proposed to be constructed by cut and cover with top - 
down method. The diaphragm walls for such station constructions would be 80 to 100 cm. thick 
and will function as a permanent side wall of the station. It is, ther efore, necessary to construct 
the diaphragm walls ab watertight and with the required concrete strength as has been done in 
other phases of Delhi Metro station construction. By resorting to top -down method the surface 
 
13 Detailed Project Report for DMRC Phase IV priority Corridors (November 2019, updated in August 2022) 
14 Ibid. 
15 Ibid. "
60,PDF page 60," 
Environment Impact Assessment for Delhi Metro Phase IV-2 Project 
 
 
50 J DELHI METRO RAIL CORPORATION LTD. 
 
could be restored quickly, and further excavations and construction of the station will not hamper 
the surface activity. 
2.5.3. Cut and Cover Method of Construction of Underground Stations 
• Diversion of utilities 
• Construction of support walls 
• Excavation between the support walls along with the installation of struts between the 
two walls to keep them in position. 
• Construction of tunnel/structure and removal of temporary struts. 
• Back filling and restoration of the surface. 
2.5.4. Elevated Structure  
(1) Pre-Cast Construction 
For viaducts segmental pre-cast construction requires a casting yard. The construction depot will 
have facilities for casting beds, curing and stacking area, batching plant with storage facilities for 
aggregates and cement, site testing laboratories, reinf orcement steel yard and fabrication yard 
etc. An area of about 2.5 ha to 3.0 ha is required for each construction depot. For casting of 
segments both long line and short line method can be adopted. 
(2) Launching Scheme 
Launching girder is specially designed for launching of segments. The suggested launching 
scheme is designed in such a way that initially the launching girder is erected on pier head at one 
end of the work. The segments are lifted in sequence and when the lifting is over, they are dry 
matched while hanging from the launching girder.  
Segments are glued with epoxy and pre -stressed from one end. The girder is lowered on the 
temporary / permanent bearings after pre -stressing. The launching girder then moves over the 
launched span to next span and the sequences continue. 
(3) Structural system of viaduct 
The superstructure of a large part of the viaduct comprises of simply supported spans. However 
at major crossing over or along existing bridge, special steel or continuous unit will be provided. 
Normally the Box Girder having a soffit width of about 4.0 m (approximately) accommodates the 
two tracks situated at 4.2 m centre to centre (c/c). The Box Girder superstructure for almost all 
the simply supported standard spans will be constructed by precast pre - stressed segmental 
construction with epoxy bonded joints. 
The standard spans c/c of piers of simply supported spans constructed by precast segmental 
construction technique has been proposed as 28.0 m. The usual segments shall be 3.0 m in length 
except the Diaphragm segments, which shall be 2.0 m each. The other spans (c/c of pier) comprise 
of 31.0 m, 25.0 m, 22.0 m, 19.0 m & 16.0 m, which shall be made by removing/adding usual 
segments of 3.0 m each from the centre of the span. 
(4) Substructure 
The viaduct superstructure will be supported on single cast -in-place RC pier. The shape of the 
pier follows the flow of forces. For the standard spans, the pier gradually widens at the top to 
support the bearing under the box webs. At this preliminary design stage, the size of pier is found 
to be limited to 1.8 m to 2.0 m diameter of circular shape for most of its height so that it occupies 
the minimum space at ground level where the alignment often follows the central verge of 
existing roads. "
61,PDF page 61," 
Environment Impact Assessment for Delhi Metro Phase IV-2 Project 
 
 
51 J DELHI METRO RAIL CORPORATION LTD. 
 
To prevent the direct collision of vehicle to pier, a Jersey Shaped crash barrier of 1.0  m height 
above existing road level has been provided all around the pier. A gap of 25 mm has also been 
provided in between the crash barrier and outer face of pier. The shape of upper part of pier has 
been so dimensioned that a required clearance of 5.5 m is always available on roadside beyond 
vertical plane drawn on outer face of crash barrier. In such a situation, the minimum height of rail 
above the existing road is 8.4 m. 
The longitudinal centre to centre spacing of elastomeric/pot bearing over a pier would be about 
1.8 m. The space between the elastomeric bearings will be utilized for placing the lifting jack 
required for the replacement of elastomeric bearing. 
(5) Construction of elevated stations 
It is proposed to construct the elevated stations with elevated concourse over the road at most of 
the locations to minimize land acquisition. To keep the rail level low, it is proposed not to take 
viaduct through the stations. Thus, a separate structural configuration is required (although this 
may necessitate the break in the launching operations at each station location) 
Sub-structure for the station portion will also be similar to that of viaduct and will be carried out 
in the same manner. However, there will be single viaduct column in the station area, which will 
be located on the median and supporting the concourse gir ders by a cantilever arm so as to 
eliminate the columns on right of way. 
2.5.5. Construction related facilities 
The construction related facilities such as construction yards, batching plants, quarry sites, soil 
damp sites etc, will utilize the existing sites. Workers camp will be not be established however  
the contractor set up porta cabins at each construction site and. Labour camps should include 
basic facilities for labour such as drinking water (RO), food mess, electricity, toilets (Male Female 
separately), septic tank, beds, Almira/storage box, emergency first-aid room etc. Contractor will 
calculate daily water requirement, details of earthwork, material requirement and labour camp 
requirements data.  
2.5.6. Construction Period 
As per the acquired experience, total work can be completed in 4 years from date of start.  
2.6. Maintenance Activities during Operation 
During operation phase, train maintenance activities will be carried out in the main depot cum 
workshops where the overhaul and corrective maintenance facilities for whole fleet are planned. 
The maintenance workshops will be managed by a team of managers w ho will plan, coordinate 
and manage various activities in depot to ensure that the trains are well maintained and cleaned 
for daily passenger service. The main activities that will be taking place in maintenance depot will 
be train washing, filter cleaning, HVAC filter cleaning, bogie cleaning, internal train cleaning, roof 
wash, heavy train cleaning, evaporator cleaning and condenser cleaning. 
2.7. Project Cost 
The proposed metro projects from Inderlok to Indraprastha, Lajpat Nagar to Saket G Block, and 
Rithala – Narela – Nathupur represent significant infrastructure investments aimed at enhancing 
urban connectivity. The Inderlok to Indraprastha corridor has an estimated cost of  R.s. 4927.3 
crore (49.273 billion), while the Lajpat Nagar to Saket G Block line is projected to cost R.s.695.906 
crore (6.959 billion). The Rithala – Narela – Nathupur extension is expected to require a larger 
investment of R.s. 6559.75 c rore (65.60 billion) . Together, these projects amount to a total 
estimated cost of R.s.12,182.956 crore (121.83 billion). 
*****"
62,PDF page 62," 
Environment Impact Assessment for Delhi Metro Phase IV-2 Project 
 
 
52 J DELHI METRO RAIL CORPORATION LTD. 
 
CHAPTER 3. LEGAL, POLICY AND INSTITUTIONAL FRAMEWORK  
A review of the legal and regulatory framework related to the environmental and social in terms of 
their relevance and applicability to the project is presented in this chapter. 
3.1. Applicable Policy, Rules & Regulations to project interventions/activities 
The project's execution will be overseen in accordance with the environmental laws, regulations, and 
standards at both the national and state levels. Additionally, the safeguard policies set forth by the JICA 
Guidelines will be adhered to. These regulations necessitate the avoidance, minimization, and mitigation 
of potential environmental and social impacts. The responsibility for ensuring that subprojects align with 
the legal framework, whether it be at the national, st ate, or municipal level, lies with th e agencies 
responsible for executing and implementing the project. Adherence to these policies is mandatory 
throughout all phases of the project, including design, construction, and operation and maintenance.  
The law on the environment, the ""Environment (Protection) Act 1986"" has been enacted in India, which 
was established the basic outline of environmental protection. The ""National Environment policy"" was 
established in May 2006, and the ""Environment Impact A ssessment Notification"" 2006” on project 
categories for environmental compliance certificate, screening and scoping procedures, public 
consultations, etc. has been enacted in September 2006. These procedures are under the responsibility of 
the Impact Asses sment Division under the MoEF&CC. MoEF&CC, Notification of “14 th September 2006 
and its further amendment”, railway projects do not require environmental clearance from MoEF&CC.  
a. Environment (Protection) Act 1986  
The Environment (Protection) Act is positioned as the Basic Environment Law in India, and explains the 
basic outline of environmental protection, and consists of 4 chapters and 26 items in total. The law 
stipulates the central government's responsibilities  for the prevention, management and reduction of 
environmental pollution. The government is empowered to develop appropriate rules to achieve the goals 
of the Act. The Act defines ""Environment"" as ""includes water, air and land and the inter - relationship 
which exists among and between water, air and land, and human beings, other living creatures, plants, 
micro-organism and property"". The Act provides the authority to prevent, regulate and reduce 
environmental pollution and activities which damage environment. The government is empowered to set 
rules in sectors where environmental protection and regulation are required.  
b. Environment Impact Assessment Notification"" 2006  
EIA in India is positioned as the primary procedure for reviewing and approving new or modified projects 
under the National environment policy 2006, which was developed under the Environmental (Protection) 
Act. The EIA procedure is stipulated in the Enviro nmental Impact Assessment Notification 2006, which 
includes Requirements of prior Environmental Clearance (hereinafter referred to as ""EC""), Assessment 
authority, Categorization of projects and activities, Screening, Scoping and Appraisal Committees, EC 
application, Validity of EC, Post EC Monitoring, and Transferability of EC etc. Various formats have also 
been established in the Notification. There is no EIA ordinance system by regional governments in India. 
The environmental categories of India are divided into three groups, A, B1 and B2 as shown in the table 
below. The criteria between category A and B is relatively clear, but the criteria between category B1 and 
B2 is indefinite. Therefore, it will be judged by screening process. The EC issuance supervisory authority, 
the inspection authority, and other necessary documents are different for each category.  
 
As stated earlier, under the Notification of “14th September 2006 and its further amendment”, it is 
observed that railway and metro projects do not require environmental clearance from MoEF&CC.  "
63,PDF page 63," Environment Impact Assessment for Delhi Metro Phase IV-2 Project 
 
 
53 J DELHI METRO RAIL CORPORATION LTD. 
 
Table 3.1: Environmental and Social Regulations  
S. No Act / Law Description Applicability to Project Regulating 
Authority Phase 
1.  National 
Environmental Policy 
(NEP) 2006 
NEP is a comprehensive guiding document in India 
for all environmental conservation programs and 
legislations by central, state and local government. 
This policy advocates collaboration method of 
different stakeholders to harness potential resources 
and strengthen environmental management. 
NOT APPLICABLE 
Project shall adhere to the NEP principle, for 
conservation of environmental resources 
and abatement of pollution 
MOEF&CC 
 
Construction 
and Operation 
phases 
2.  Environment 
Protection Act, 1986 
and its subsequent 
amendments 
The Environment (Protection) Act is an umbrella 
legislation seeking to supplement the existing laws 
on the control of pollution (the Water Act and the Air 
Act) by enacting a general legislation for 
environment protection and to fill the gaps in 
regulation of major environmental. hazards.  
APPLICABLE 
Establishment of Batching Plant also needs 
Consent to Establish (CTE) from State 
Pollution Control Board (SPCB)/ State 
Pollution Control Committee (SPCC). In 
addition to this Consent to Operate (CTO) 
needs to be obtained before the start of 
operation under the relevant Air and Water 
act. 
Delhi Pollution 
Control Committee 
(DPCC) 
 
Construction 
and Operation 
phases 
3.  Environmental Impact 
Assessment (EIA) 
Notification, 2006 and 
its subsequent 
amendment.  
The EIA Notification set out the requirement for 
environmental assessment in India. The Schedule I of 
the notification defines threshold of activities which 
require to undertake an environmental assessment 
and obtain an environmental clearance from 
statutory bodies. 
 NOT APPLICABLE  
The Metro Projects activities are not covered 
under the ambit of EIA Notification, 2006 
dated 14.09.2006 and its amendment.  
 
MOEF&CC/ State 
Environment 
Impact Assessment 
Authority (SEIAA) 
Pre 
construction 
phase  
4.  Indian Forest Act 2002  
Forests (Conservation) 
Act, 1980 and its 
subsequent 
amendment 2023 
Objectives of this Act are to enhancement of 
conservation of natural resources and ensuring 
ecosystem stability through conservation of forest 
biodiversity, water catchments and soil fertility.  
APPLICABLE 
The Metro line passing through the Right of 
Way (RoW) of roads such as National 
Highways (NH), State Highways (SH), Major 
District Roads (MDR), canals, and railway 
tracks will necessitate tree cutting and land 
clearing. Portions of this area fall under 
designated forest land, requiring careful 
consideration and appropriate clearances.  
Forest 
Department, 
MoEF&CC  
 
Pre-
construction 
phases 
5.  Biological Diversity Act, 
2002  
 
provide for conservation of biological diversity, 
sustainable use of its components and fair and 
equitable sharing of the benefits arising out of the use 
of biological resources, knowledge and for matters 
connected therewith or incidental thereto 
APPLICABLE 
 
National 
Biodiversity 
Authority 
Pre-
construction 
phases and 
Construction 
and Operation 
phases "
64,PDF page 64," Environment Impact Assessment for Delhi Metro Phase IV-2 Project 
 
 
54 J DELHI METRO RAIL CORPORATION LTD. 
 
S. No Act / Law Description Applicability to Project Regulating 
Authority Phase 
6.  The Scheduled Tribes 
and Other Traditional 
Forest Dwellers 
(Recognition of Forest 
Rights) Act 2006 & its 
subsequent 
amendment 
The act vests forest rights and occupation in forest 
land to forest dwellers, including Scheduled Tribes 
and traditional forest dwellers.  
NOT APPLICABLE  
As per the reconnaissance survey and 
available data; there are no Scheduled 
Tribes/traditional forest dweller in the 
project area.  
Ministry of Tribal 
Affairs. Tribal 
Welfare 
Department/MOE
F&CC 
- 
7.  Wildlife Protection Act, 
1972 and its 
amendment  
The Act provides for the protection of wild animals, 
birds; and for matters connected therewith or 
ancillary or incidental there to. 
APPLICABLE  
The project is not passing through any 
protect area authorized by government of 
India as per Wild life protection Act, 1972.  
However Schedule species has been 
identified during survey for which 
conservation plan has been prepared. 
Chief Conservator 
Wildlife, 
NBWL/State 
Forest Department 
and MOEF&CC. 
- 
8.  Ancient Monuments 
and Archaeological 
Sites and Remains Acts, 
1958, its Rules, Ancient 
Monuments and 
Archaeological Sites 
and Remains 
(Amendment & 
Validation) Act 2010 
and its amendment  
Conservation of cultural and historical remains in 
India 
 
NOT APPLICABLE  
There are no ancient monuments and 
archaeological sites and remains within the 
50 m buffer of the project. 
  
National 
Monument 
Authority 
Construction 
and Operation 
phases 
9.  Hazardous and Other 
Wastes (Management 
and Trans -boundary 
Movement) Rules, 2016 
and its amendment  
This rule obligates hazardous waste generators, 
transporter and recycler of the hazardous waste for 
safe handling practices and its management. 
APPLICABLE 
 
CPCB Construction 
and Operation 
phases 
10.  The Air (Prevention and 
Control of Pollution) 
Act, 1981 and its 
amendments 
This act provides the prevention and control of air 
pollution and all other related matters. The act 
through CPCB sets the standard limits for projects 
and takes care of the prescribed limits of emissions. 
APPLICABLE 
Consent to establish (CTE) and Consent to 
Operate (CTO) needs to be obtained for 
batching plant/hot mix plant  
CPCB  Pre-
Construction 
for CTE 
 Pre- Operation 
for CTO 
11.  The Water (Prevention 
and Control of 
Pollution) Act, 1974 
and its amendments 
This act provides the prevention and control of water 
pollution and maintaining or restoring water quality 
for any project. 
APPLICABLE 
Consent to establish (CTE) and Consent to 
Operate (CTO) needs to be obtained for 
batching plant/hot mix plant . 
CPCB Pre-
Construction 
for CTE 
Pre- Operation 
for CTO "
65,PDF page 65," Environment Impact Assessment for Delhi Metro Phase IV-2 Project 
 
 
55 J DELHI METRO RAIL CORPORATION LTD. 
 
S. No Act / Law Description Applicability to Project Regulating 
Authority Phase 
12.  The Noise Pollution 
(Regulation and 
Control) Rules, 2000 
and the Noise Pollution 
(Regulation and 
Control) Amendment) 
Rules, 2010 
As per the Rules 3 and 4 of the Noise (Regulation & 
Control) Rules, 2000 as amended in October 2002, 
noise emissions in the project area should not exceed 
standards specified in the Schedule. 
APPLICABLE 
There shall be generation of noise during 
construction & operation phase. Adhere 
with the ambient noise level standards by 
adopting measures.  
CPCB Construction 
and Operation 
phases 
13.  Solid Waste 
Management Rules, 
2016 
As per the rule, waste generator to segregate and 
store the waste generated by them in three separate 
streams namely bio -degradable, non-biodegradable 
and domestic hazardous wastes in suitable bins and 
handover segregated wastes to authorized vendors 
APPLICABLE 
Solid waste generation from the project 
construction and operation activities 
attracts the provision of the rules. 
SPCB, Urban Local 
Bodies (ULBs) 
Construction 
and Operation 
phases 
14.  Construction and 
Demolition Rules, 2016 
This Rules shall be applicable to manage waste 
resulting from construction, repair, retrofitting and 
demolition of any civil structure.  
APPLICABLE  
Waste generated needs to be properly 
disposed as per C & D Rules 2016. 
CPCB, DPCC, Urban 
Local bodies 
(ULBs). 
Construction 
phases 
15.  Batteries Waste 
Management Rules, 
2022 
As per the rule, Consumers must responsibly deposit 
used batteries with dealers, manufacturers, 
importers, assemblers, registered recyclers, or at 
designated collection centres, avoiding any other 
disposal methods.  
APPLICABLE 
Rules will be applicable during construction 
and operation phases, as the project will use 
batteries for machinery.  
CPCB, DPCC, Urban 
Local bodies 
(ULBs). 
Construction 
and Operation 
phases 
16.  Plastic Waste 
Management 
(Amendment) Rules, 
2022 
These rules cover various aspects of plastic waste 
management, including collection, segregation, 
processing, recycling, and disposal. Waste generators 
are obligated to minimize plastic waste, segregate 
waste at the source, refrain from littering, and pay 
user fees for plastic waste management.  
APPLICABLE 
Rules will be applicable during construction 
and operation phases for packaging material 
and use of plastic etc. 
CPCB, DPCC, Urban 
Local bodies 
(ULBs). 
Construction 
and Operation 
phases 
17.  E-Waste (Management) 
Rules, 2022 
Bulk consumer of electrical and electronic 
equipment will ensure that e -waste generated shall 
be channelized through collection centre or dealer of 
authorized producer or dismantler or recycler or 
through the designated (take back) service provider 
of the producer to authorized dismantler or recycler. 
APPLICABLE  
The e -waste generated from the project 
during construction and operation phase has 
to comply with the provisions of the rules 
and disposed through the prescribed 
channels only. 
CPCB, DPCC, Urban 
Local bodies 
(ULBs). 
Construction 
and Operation 
phase 
18.  Electricity Act, 2003 
and its subsequent 
amendments 2022 
Relevant sections of the Act pertaining to laying and 
repairing transmission lines to prescribe safety 
measures, accident reporting. 
APPLICABLE  
The Section of Electricity Act is applicable on 
health and safety of the workers. 
Delhi Transco Ltd Construction 
phases 
19.  Manufacture, Storage 
and Import of 
Hazardous Chemicals 
(MSIHC) Rules, 1989 
and as amended 
A regulatory framework in India aimed at ensuring 
the safe handling, storage, and importation of 
hazardous chemicals. The rules are designed to 
prevent and mitigate the risks associated with the 
APPLICABLE 
Rules will be applicable during construction 
and operation phases, if any chemicals used 
such as paints, oils and grease etc. 
DPCC/CPCB Construction 
and Operation 
phases "
66,PDF page 66," Environment Impact Assessment for Delhi Metro Phase IV-2 Project 
 
 
56 J DELHI METRO RAIL CORPORATION LTD. 
 
S. No Act / Law Description Applicability to Project Regulating 
Authority Phase 
manufacturing, storage, and import of such 
substances. 
20.  The Delhi Preservation 
Of Trees Act, 1994 and 
as amended in 2020 
The Delhi Preservation of Trees Act, 1994 and 
amended in 2020 was enacted to protect and 
preserve trees in the National Capital Territory of 
Delhi. The primary objectives of the Act include the 
prevention of unnecessary tree felling, the 
promotion of tree planting, and the maintenance of 
the ecological balance in the urban environment. 
Applicable  
The Metro line passing through the Right of 
Way (RoW) of roads such as National 
Highways (NH), State Highways (SH), Major 
District Roads (MDR), canals, and railway 
tracks will necessitate tree cutting and land 
clearing. 
Forest department  Pre 
construction  
21.  The Indian Factories 
Act, 1948 and State 
Rules 
This act is enacted for the welfare of workers. APPLICABLE 
Comply with all requirements of Factories 
Rules and participate in periodic inspection. 
Labour 
Department.  
Construction 
phases 
22.  The Building and Other 
Construction Workers’ 
(Regulation of 
Employment and 
Conditions of Service) 
Act, 1996 and as 
amended 
This Act provides for safety, health and welfare 
measures of buildings and construction workers in 
every establishment which employs or employed 
during the preceding year ten or more such workers. 
These measures include fixing hours for normal 
working day,  weekly paid rest day, wages for 
overtime, provision of basic welfare amenities like 
drinking water, latrines, urinals, crèches, first aid, 
canteens and temporary living quarters within or 
near the work site.  
APPLICABLE 
This condition should be the part of 
Concession agreement for construction 
workers.  
Department of 
Labour & 
Employment. 
The Building 
and Other 
Construction 
Workers’ 
(Regulation of 
Employment 
and Conditions 
of Service) Act, 
1996 
23.  The Right to Fair 
Compensation and 
Transparency in Land 
Acquisition, 
Rehabilitation and 
Resettlement Act, 2013 
Set out rule for acquisition of land by Government. APPLICABLE 
The land required for the metro is proposed 
on Government land, hence there will no 
acquisition under this act.  
Deputy 
Commissioner 
Delhi/area 
Pre 
construction  
24.  The Code on Wages 
2019 
The Code focuses on simplifying the existing Labour 
laws dealing with payment of wages, overtime, 
bonus, minimum wages etc. by bringing uniformity in 
the definition of terms and reducing the burden of 
filing returns and maintaining the registers under 
different acts.  
APPLICABLE 
This condition should be the part of 
contractor agreement for construction 
workers. DMRC shall ensure compliance, as 
per the applicability 
Department of 
Labour & 
Employment. 
Construction 
25.  The Code on Social 
Security, 2020 
The Code amalgamates and replaces nine existing 
social security laws, bringing them under a single 
umbrella. This includes laws related to provident 
funds, employment injury benefits, health and 
maternity benefits, social security for workers, and 
other related provisions. 
APPLICABLE 
This condition should be the part of 
contractor agreement for construction 
workers. DMRC shall ensure compliance, as 
per the applicability. 
Department of 
Labour & 
Employment. 
Construction "
67,PDF page 67," Environment Impact Assessment for Delhi Metro Phase IV-2 Project 
 
 
57 J DELHI METRO RAIL CORPORATION LTD. 
 
S. No Act / Law Description Applicability to Project Regulating 
Authority Phase 
26.  The Workmen’s 
Compensation Act, 
1923 
The Workmen’s Compensation Act, 1923 requires if 
personal injury is caused to a workman by accident 
arising out of and in the course of his employment, 
his employer shall be liable to pay compensation in 
accordance with the provisions of this Act. 
APPLICABLE 
This condition should be the part of 
contractor agreement for construction 
workers. DMRC shall ensure compliance, as 
per the applicability. 
Department of 
Labour & 
Employment. 
Construction 
27.  Minimum Wages Act, 
1948 and as amended 
Minimum Wages fixed by appropriate Government 
as per provisions of the Act if the employment is a 
scheduled employment. Construction of Buildings, 
Roads and Runways are scheduled employment. 
APPLICABLE 
This condition should be the part of 
contractor agreement for construction 
workers. DMRC shall ensure compliance, as 
per the applicability. 
Department of 
Labour & 
Employment. 
Construction 
28.  Equal Remuneration 
Act, 1979  and as 
amended 
Provides for payment of equal wages for work of 
equal nature to male and female workers and not for 
making discrimination against female employees in 
the matters of transfers, training and promotions etc. 
APPLICABLE 
Equal wages to male and female during 
construction and operation of the project 
Department of 
Labour & 
Employment. 
Construction 
29.  The Contract Labour 
(Regulation & 
Abolition) Act, 1970 
and Rules  and as 
amended 
The contractors are also required to provide at 
minimum amenities like canteen, urinals, restrooms 
or alternate accommodation (if night halting labour), 
first aid, safe drinking water, etc.  
APPLICABLE 
DMRC shall ensure compliance of the Act 
requirement as per agreement with  
Contractor. 
Department of 
Labour & 
Employment. 
Construction 
30.  The Child Labour 
(Prohibition and 
Regulation) Act, 1986  
and as amended 
The Act prohibits employment of children in certain 
occupation and processes. The Act also specifies 
conditions of work for children, if permitted to work. 
APPLICABLE 
This condition should be the part of 
Concession agreement for workers. DMRC 
shall ensure compliance, as per the 
applicability. 
Department of 
Social Security and 
Women & Child 
Development 
Construction 
31.  Public Liability and 
Insurance Act, 1991 and 
as amended 
The main objective of the Public Liability Insurance 
Act 1991 is to provide for damages to victims of an 
accident which occurs as a result of handling any 
hazardous substance. The Act applies to all owners 
associated with the production or handling of any 
hazardous chemicals. 
APPLICABLE 
 PLI Act is applicable  
Deputy 
Commissioner  
Construction 
32.  The Sexual Harassment 
of Women at Workplace 
(Prevention, 
Prohibition and 
Redressal) Act, 2013 
It is a law in India that aims to prevent and prohibit 
sexual harassment of women at workplace. 
APPLICABLE 
DMRC shall ensure compliance, as per the 
applicability. 
Department of 
Social Security and 
Women & Child 
Development 
Construction "
68,PDF page 68," 
Environment Impact Assessment for Delhi Metro Phase IV-2 Project 
 
 
58 J A DELHI METRO RAIL CORPORATION LTD. 
 
3.2. Institutional Frameworks for Enforcement of Environmental Management  
In India Institutional frameworks for enforcement of environmental management relevant to 
Phase IV-2 are summarized below. As per the regulations above, the competent authorities of the 
pollution control will authorize and supervise the project activities of Phase IV-2. Considering the 
cultural heritages, DMRC needs to obtain the project permission and be monitored by the 
competent authorities during construction and operation due to project activities within the 
regulated area.  
3.2.1. Central Government Level 
(1) Ministry of Environment, Forest and Climate Change (MoEFCC)  
The MoEFCC is a central government agency responsible for the formulation, implementation and 
supervision of India's environmental and forestry policy and regulations. It has superior power 
as the highest authority for various permissions and licenses for development activities. 
Considering the relevance of Phase IV-2, MoEFCC may not be the direct authority to authorize 
project activities, but it is the governing ministry of the pollution control boards below. 
(2)  Central Pollution Control Board (PCB)  
Central Pollution Control Board (CPCB) The Central Pollution Control Board is responsible for 
pollution control throughout the country. In addition to the control of air, noise and water 
pollution, it is also responsible for ensuring effective control of disposal of hazardous wastes and 
storage and handling of dangerous chemicals and substances. With the enactment of air and 
water pollution laws, states have set -up their own State Pollution Control Boards (SPCBs) to 
monitor industrial emissions and effluents and to approve the operation of new industries after 
scrutiny. The functions of the SPCBs include:  
• The planning of comprehensive state programs for the prevention and control of air and 
water pollution and to ensure the implementation thereof;  
• Inspection of pollution control equipment/ plans for monitoring of their efficiency  
• The SPCB in consultation with the Central Pollution Control Board may establish norms 
for air quality, gaseous emission and noise level etc.  
(3)  National Monuments Authority, Archaeological Survey of India, and Department of 
Archaeology  
The protection of cultural heritage is very strict in India, and strict management has been 
enforced by the Historic Monuments and Archaeological Sites and Remains (Amendment and 
Validation) Act, 2010.  
 National Monuments Authority is the principal national authority preserving national heritage 
sites and regulating activities of the regulated area. It formulates policies based on the act, 
establishes restricted areas, and approves final permissions for activities in a regulated area. 
Archaeological Survey of India (ASI) is the sole designated authority to investigate the notified 
national heritage sites as per the law. Within 100 m of the prohibited area around any centrally 
protected monument or site, p ermissions for repair and renovation are granted for 
buildings/structures constructed before 1992 or constructed after 1992 with approval from 
Director-General of ASI.  
 Department of Archaeology of the NCT Delhi manages the cultural heritages within the NCT Delhi 
area and the first authority to consult and submit the heritage clearance as per the law. The 
department reviews the application and forwards the clearance appl ications to ASI with its 
review report.  
(4) National Board for Wildlife  "
69,PDF page 69," 
Environment Impact Assessment for Delhi Metro Phase IV-2 Project 
 
 
59 J A DELHI METRO RAIL CORPORATION LTD. 
 
The National Board for Wildlife (NBWL) is a statutory body that is concerned with all wildlife -
related matters and provides clearances to all projects adjacent to national parks and wildlife 
sanctuaries. It advises the central government on policies and programs that can be undertaken 
for the conservation and development of wildlife and forests. 
3.2.2. State Government Level 
• State Pollution Control Boards: Each state has its own board to regulate pollution and 
enforce environmental standards. 
• Delhi Development Authority 
3.3. Environment standards 
Table shows the environmental standards applied for the Project to monitor as official 
recommendation or guidance to protect human beings or receptors against adverse effects of 
pollutants while standards are referred to any legally enforceable limits or quantities. The l ist 
includes relevant internationally accepted standards that may be used as reference in developing 
monitoring criteria in the absence of local standards. If national environmental standards differ 
from international standards, JICA requires the more stri ngent standards to be adopted and 
monitored for environmental compliance. In the absence of national environmental standards, 
internationally recognized standards may be used. Compliance to the below listed standards are 
monitored by DMRC and JICA. 
Table 3.2: Environmental Standards Applied for the Project 
Study Item Standards applied 
Ambient Air Quality National Ambient Air Quality Standards set by CPCB dated 18th Nov.2009 
World Health Organization Ambient Air Guideline (2021) 
Soil Fertility 
Standard 
 CPCB reference document June 2020 
Indian Agriculture Research Institute 
Surface and Effluent 
Water Quality, 
Groundwater Quality 
IS 10500:2012 Indian Standard Drinking Water-Specification 
IS:2296, General Standards for Discharge of Environmental Pollutants in 
Environment (Protection) Rules, 1986 
WHO Guidelines for Drinking-Water Quality 
World Bank Group-International Finance Corporation’s (WBG -IFC) 
Environmental, Health and Safety (EHS) Guidelines of 2007 
Noise  
EPA-1986, Noise pollution (Regulation Control), Rule -2000, PCLS / 02/1992,  
Edition IV. 
“Standards for the Regulation of Noise Generated by Specific Construction Work 
(Ministry of Environment, Japan, 1998) 
WBG-IFC, EHS Guidelines of 2007 
Vibration  US Federal Transit Authority (FTA) Transit Noise and Vibration Impact 
Assessment Manual (Report 0123), 2018 
 
3.3.1. Applicable Indian Environment Standards 
The Central Pollution Control Board (CPCB) has stipulated different environmental standards 
with regards to. Ambient Air Quality, Noise Quality, Water and Wastewater for the country as a 
whole under EP Act, 1986. WB EHS guidelines shall also be applicable for best international 
practices. Some of these standards shall only be applicable either construction phase or operation 
phase of the proposed project. The applicable environmental standards for the proposed project 
have been discussed in the subsequent sections. The ambient air quality standards will be 
applicable only during the construction phase of the project and the wastewater discharges from 
the project during both construction and operation phases shall be as per the general dischar ge 
standards as sector specific standards are not available for water supply projects.  
 "
70,PDF page 70," 
Environment Impact Assessment for Delhi Metro Phase IV-2 Project 
 
 
60 J A DELHI METRO RAIL CORPORATION LTD. 
 
(1) Ambient Air Quality Standards  
Standards for Ambient Air Quality will only be applicable during construction phase only as no 
air major polluting process is expected during operation phase of the project. National Ambient 
Air Quality Standards (NAAQS), as notified under Environment (Pro tection) Rules 1986 and 
revised through Environment (Protection) Seventh Amendment Rules, 2009 (Annexure-VII) are 
given in below table. Emission Standards for Construction Equipment is included in Annexure-
VIII. 
Table 3.3 National Ambient Air Quality Standards 2009 
Pollutant 
Time 
Weighted 
Average 
Concentration in Ambient Air 
Industrial, Residential, Rural 
and Other Areas 
Sulphur Dioxide (SO2), µg/m3 24 hours** 80 
Nitrogen Dioxide (NO2), µg/m3 24 hours** 80 
Particulate Matter (size less than 10 µm) or PM10 µg/m3 24 hours** 100 
Particulate Matter (size less than 2.5 µm) or PM2.5 µg/m3 24 hours** 60 
Ozone (O3) µg/m3 1 hour** 180 
Lead (Pb) µg/m3 24 hours** 1.0 
Carbon Monoxide (CO) mg/m3 1 hour** 04 
Ammonia (NH3) µg/m3 24 hours** 400 
Benzene (C6H6) µg/m3 Annual* 5 
Benzo (a) Pyrene (BaP)- particulate phase only, ng/m3 Annual* 1 
Arsenic(As), ng/m3 Annual* 6 
Nickel (Ni), ng/m3  Annual* 20 
* Annual arithmetic mean of minimum 104 measurements in a year at a particular site taken twice a week 24 hourly at 
uniform intervals. 
** 24 hourly or 8 hourly or 1 hourly monitored values, as applicable, shall be complied with 98% of the time, they may exceed 
the limits but not on two consecutive days of monitoring.  
Source: National Ambient Air Quality Standards, Central Pollution Control Board Notification in the Gazette of India, 
Extraordinary, New Delhi, 18th November, 2009 
 
(2) Water Quality Standards  
The designated best use classification as prescribed by CPCB for surface water is as given in Table 
below .  
Table 3.4: Primary surface water quality Criteria for Designated-Best-Use-Classes 
Designated Best Use Class Criteria 
Drinking Water Source 
without conventional 
treatment but after 
disinfection 
A 
1.Total Coliforms Organism MPN/100ml shall be 50 or less  
2. pH between 6.5 and 8.5  
3. Dissolved Oxygen 6mg/l or more  
4. Biochemical Oxygen Demand 5 days 20 °C, 2mg/l or less  
Outdoor bathing 
(Organised) B 
1.Total Coliforms Organism MPN/100ml shall be 500 or less  
2. pH between 6.5 and 8.5  
3. Dissolved Oxygen 5mg/l or more  
4. Biochemical Oxygen Demand 5 days 20 °C, 3mg/l or less  
Drinking water source 
after conventional C 
1. Total Coliforms Organism MPN/100ml shall be 5000 or less  
2. pH between 6 and 9 
3. Dissolved Oxygen 4mg/l or more  "
71,PDF page 71," 
Environment Impact Assessment for Delhi Metro Phase IV-2 Project 
 
 
61 J A DELHI METRO RAIL CORPORATION LTD. 
 
Designated Best Use Class Criteria 
treatment and 
disinfection 
4. Biochemical Oxygen Demand 5 days 20 °C, 3mg/l or less  
Propagation of Wildlife 
and Fisheries D 
1. pH between 6.5 and 8.5  
2. Dissolved Oxygen 4mg/l or more  
3. Free Ammonia (as N)  
4. Biochemical Oxygen Demand 5 days 20 °C, 2mg/l or less  
Irrigation, Industrial 
Cooling, Controlled 
Waste disposal 
E 
1. pH between 6.0 and 8.5  
2. Electrical Conductivity at 25 °C micro mhos/cm, maximum 2250  
3. Sodium absorption Ratio Max. 26 
4. Boron Max. 2mg/l  
  Below-E Not meeting any of the A, B, C, D & E criteria 
Source: https://cpcb.nic.in/water-quality-criteria/ 
Table 3.5: Drinking Water Standard (IS 10500: 2012) 
Characteristics Desirable limit Permissible limit 
Essential Characteristics 
Colour, Hazen Units, Max 5 25 
Odour Unobjectionable - 
Taste Agreeable - 
 Turbidity, NTU, Max 5 10 
PH value  6.5 to 8.5 - 
Total Hardness (as CaCo3), mg/l, Max 300 600 
Iron (as Fe), mg/l, Max 0.3 1.0 
Chlorides (as Cl), mg/l, Max 250 1,000 
Residual free chlorine, mg/l, Max 0.2 - 
Desirable Characteristics 
Dissolved solids, mg/l, Max 500 2,000 
Calcium as (Ca), mg/l, Max 75 200 
Magnesium (as Mg), mg/l, Max 30 75 
Copper (as Cu), mg/l, Max 0.05 1.5 
Manganese (as Mn), mg/l, Max 0.1 0.3 
Sulphates (as So4), mg/l, Max 200 400 
Nitrate (as No3), mg/l, Max 45 100 
Fluoride (as F0, mg/l, Max 1.0 1.5 
Phenolic compounds (as C6H5OH), mg/l, Max 0.001 0.002 
Mercury (as Hg), mg/l, Max 0.001 - 
Cadmium (as Cd), mg/l, Max 0.01 - 
Selenium (as Se), mg/l, Max 0.01 - 
Arsenic (as As), mg/l, Max 0.05 - 
Cyanide (as CN), mg/l, Max 0.05 
 
Lead (as Pb), mg/l, Max 0.05 - 
Anionic detergents (as MBAS), mg/l, Max 0.02 1.0 
Chromium (as Cr6+), mg/l, Max 0.05 - 
PAH, mg/l, Max - - 
Mineral oil, mg/l, Max 0.01 0.03 
Pesticides, mg/l, MAX Absent 0.001 
Alkalinity, mg/l, Max 200 600 
Aluminium (as Al), mg/l, Max 0.03 0.2 
Boron, mg/l, Max 1 5 
 
  "
72,PDF page 72," 
Environment Impact Assessment for Delhi Metro Phase IV-2 Project 
 
 
62 J A DELHI METRO RAIL CORPORATION LTD. 
 
(3) Ambient Noise Standards  
Noise standards notified by the MoEF&CC vide gazette notification dated 14 February 2000 based 
is given in table below . 
Table 3.6: Ambient Air Quality standards in respect of Noise (CPCB Standards) 
Area Code Category of Area/Zone Limits in dB(A) Leq 
Day Time Night Time 
(A) Industrial area 75 70 
(B) Commercial area 65 55 
(C) Residential area 55 45 
(D) Silence Zone 50 40 
Note: - 
(1) Day time shall mean from 6.00 a.m. to 10.00 p.m. 
(2) Night-time shall mean from 10.00 p.m. to 6.00 a.m. 
(3) Silence zone is defined as an area comprising not less than 100 meters around hospitals, educational institutions 
and courts. The silence zones are zones, which are declared as such by the competent authority. 
(4) Mixed categories of areas may be declared as one of the four-abovementioned categories by the competent authority. 
(5) dB (A) Leq denotes the time weighted average of the level of sound in decibels on scale A which is relatable to human 
hearing. 
(6) A “decibel” is a unit in which noise is measured. 
(7) “ A” in dB (A) Leq, denotes the frequency weighting in the measurement of noise and corresponds to frequency 
response characteristics of the human ear . 
 
(4) Soil Fertility Standard 
Soil Fertility was compared according to Soil Survey Manual of Indian Agricultural Research  
Institute (IARI, 1970). 
Table 3.7: Soil Analysis Results 
S. 
No. Soil Nutrients Soil Fertility Range 
Low Medium High 
1 Organic carbon as a measure of available 
Nitrogen (%) 
<0.5 0.5-0.75 >0.75 
2 Available N (kg/ha) <280 280-560 >560 
3 Available P (Kg/ha) <10 10-24.6 >24.6 
4 Available K (kg/ha) <108 108-280 >280 
5 Soil 
Reactiv
ity 
Extrem
ely 
acidic 
Very  
strongl
y acidic 
Strongl
y 
 acidic 
Modera
tely 
acidic 
Slightly 
acidic 
 Neutral Slightly 
alkaline 
Modera
tely 
alkaline 
Strongl
y 
alkaline 
 pH 
Range 
<4.5 4.5 –5.0 5.1 – 
5.5 
5.6-6.0 6.1-6.5 6.6- 7.3 7.4-7.8 7.9-8.4 8.5-9.0 
6 Micro Nutrients Critical Levels 
(Deficient) 
Critical Levels 
(Sufficient) 
(i) Available Zinc (mg/l) <0.6 >0.6 
(ii) Available Boron (mg/l) <0.5 >0.5 
(iii) Available Iron (mg/l) <4.5 >4.5 
(iv) Available Manganese (mg/l) <1.0 >1.0 
(v) Available Copper (mg/l) <0.5 >0.5 
7 Sodium Absorption Ratio 
Excellent 
<1.0 
Good  
1-1.9 
Fair 
 2- 3.9 
Poor 
 4-7.9 
Very Poor 
 8-14.9 
Unacceptable>
15 
8 Electrical Conductivity (mS/cm)  
Salt free (0-2) Salinity 
effect negligible 
Slightly Saline (4-8) 
Yield of many crops 
restricted 
Moderately Saline (8-15) 
Only tolerant crops yield 
satisfactorily  
Highly Saline >15, Only 
very tolerant crops yield 
satisfactorily  
 
  "
73,PDF page 73," 
Environment Impact Assessment for Delhi Metro Phase IV-2 Project 
 
 
63 J A DELHI METRO RAIL CORPORATION LTD. 
 
3.4. JICA guidelines on environmental and social consideration 
The proposed project will be implemented in compliance with the JICA Environmental and Social 
Considerations guidelines. JICA encourages host country governments including local 
governments, borrowers, and project proponents, to implement the appropriate measures for 
environmental and social considerations when engaging in cooperation activities. At the same 
time, JICA provides support for and examinations of envir onmental and social considerations in 
accordance with the guidelines. Details of JICA guidelines are provide in item 2.4 of this EIA report. 
Table below provides a comparison of the National Policy, Regulations and ESF duly highlighting 
the policy gaps and redressal. 
Table 3.8: Comparison of National Policies, Regulations with JICA 
Particular JICA ESC GL policy Country System gaps and measures 
Basic 
Principles 
1. Environmental and social impacts 
caused by projects must be assessed 
and examined at the earliest possible 
planning stage. Alternatives or 
mitigation measures must be 
examined, in order to avoid such 
impacts as much as possible, and to 
minimize, reduce or mitigate them 
when such avoidance is imposs ible. 
The result of the examinations must 
be reflected into the project plan. 
2. Such examinations must be 
endeavoured to include an analysis of 
environmental and social costs and 
benefits in the most quantitative 
terms possible, as well as a qualitative 
analysis, and to be in a close harmony 
with the economic, financial, 
institutional, social, and technical 
analyses of projects. 
3. The findings of the examination of 
environmental and social 
considerations, including alternatives 
and mitigation measures, must be 
documented as an independent 
document or as a part of other 
documents. Environmental 
assessment reports must be prepared 
for projects with potential significant 
impacts. 
4. For projects which may have 
significant impacts, or  for 
controversial projects, a committee of 
experts may be formed so that 
projects may seek their opinions, in 
order to increase accountability.  
 (JICA ESC, Appendix 1, Item 1) 
EIA Notification, 2006, As per 
EIA Notification, project listed 
in the Schedule of this 
Notification only requires EIA 
study to be conducted for 
identifying environmental 
impacts of the project on 
environment. The EIA report is 
guided by Terms of References 
(ToR) issued by expert 
appraisal committees of 
MOEF&CC for obtaining prior 
Environmental Clearance. 
These Rules provides the 
regulatory requirements for 
obtaining the required 
permits/approvals for 
generation and management of 
different categories of waste at 
different levels - producer, 
user, recycling/treatment 
facility etc.  
The Rules also outline the 
requirements for management 
and safe disposal of wastes at 
different levels.  
 
 As mentioned, 
provisions of EIA 
Notification are 
applicable only to 
the projects listed 
in the schedule of 
EIA notification 
2006. However 
Metro project are 
exempted in the 
notification.  
 JICA guidelines are 
applicable on the 
project. 
 Accordingly, 
EIA/EMP, SIA 
should prepared 
for project. The 
provision of 
detailed EIA 
process described 
aims to address 
the biophysical 
and socio - 
economic issues 
associated with 
the Project and 
implementation of 
the same should be 
done during 
project stage.  
Examination 
of Measure 
1. Multiple alternatives must be 
examined in order to avoid or 
minimize adverse impacts by the 
project and to choose better project 
options in terms of environmental 
and social considerations. In the 
examination of measures, priority is 
to be given to avoi dance of 
environmental impacts. When this is 
not possible, minimization, reduction, 
and then mitigation of the impacts 
must be considered, in accordance 
with the mitigation hierarchy. 
Compensation measures must be 
examined only when significant 
The Environmental Protection 
Act is an umbrella Act in which 
permissible limits for ambient 
air quality, water quality, noise 
limits etc. has been laid down 
by CPCB under EP Act, 1986 
which requires to be complied 
with. 
The industry must carry out 
regular monitoring on site and 
reports to be submitted to 
pollution control boards on 
regular basis. In addition, 
annual environmental 
 There are no 
significant gaps 
between JICA and 
national laws. 
 National as well as 
International 
Environmental 
standards 
(according to 
applicable JICA 
Guideline) shall be 
used as reference 
standards and 
should be 
followed.  "
74,PDF page 74," 
Environment Impact Assessment for Delhi Metro Phase IV-2 Project 
 
 
64 J A DELHI METRO RAIL CORPORATION LTD. 
 
Particular JICA ESC GL policy Country System gaps and measures 
impacts still remain even with the 
aforementioned measures. 
2. Appropriate plans and systems for 
measures, such as monitoring plans 
and environmental management 
plans, must be prepared. The costs of 
implementing such plans and 
systems, and the financial methods to 
fund such costs, must be determined. 
For projects w ith particularly 
significant impacts, detailed 
environmental management plans 
must be prepared. 
 (JICA ESC, Appendix 1, Item 2) 
statement is also to be 
submitted. 
 
 R5 (Refuse, 
reduce, reuse, 
repurpose, 
recycle) will be 
followed for the 
waste 
management and 
Contractors will 
prepare a waste 
management plan. 
 Accordingly, the 
Project will also 
develop and 
implement 
measures and 
procedures for 
managing waste 
and hazardous 
materials during 
construction and 
operation phase of 
project. 
Impacts to 
consider 
voluntary resettlement and loss of 
means of livelihood are to be avoided 
when feasible by exploring all viable 
alternatives. If avoidance is not 
possible even after such examination, 
effective measures to minimize 
impacts and to compensate for losses 
must be taken upon agreement with 
the affected people. 
2. Project affected people, such as 
people to be resettled involuntarily 
and/or people who may lose their 
livelihoods by the project, must be 
provided sufficient compensations 
and supports by the project 
proponents in a timely manner. 
Compensations must be calculated at 
full replacement cost as much as 
possible and  provided in advance. 
Project proponents must make efforts 
for the affected people to improve or 
at least restore their standards of 
living, income opportunities and 
production levels  to the pre -project 
levels. Measures to achieve this may 
include Providing land or monetary 
compensations for losses of land or 
assets, supporting for alternative 
sustainable livelihood, supporting for 
expenses necessary for relocation, 
and supporting for re -establishment 
of communities at resettlement sites. 
3. Compensation standards are 
disclosed and consistently applied. 
The project affected persons need to 
be aware of the compensation 
standards. In principle, the contents 
of the individual compensation to be 
agreed are explained to the project 
affected pers ons in writing, and the 
project affected persons can confirm 
the contents at any time. 
4. Appropriate participation of the 
project affected people and their 
communities must be promoted in 
the planning, implementation and 
monitoring of measures against 
The Right to Fair 
Compensation and 
Transparency in Land 
Acquisition, Rehabilitation and 
Resettlement Act, 2013. 
 
Land Acquisition Act 1894 was 
passed with the purpose of 
enabling the procurement of 
land for the purpose of 
activities which are in the 
interests of the country. These 
include procedures for the 
acquisition of land, declaration 
of acquisition intent, hearing of 
objections, and final 
possession of the land amongst 
others. 
In last decade, the LA Act 1894 
has been debated over for its 
archaic characters, which do 
not fit into the current realities. 
The current reality 
surrounding the process of 
land acquisition has changed 
tremendously, and therefore, 
the need was felt for th e 
passing of a new law. A new 
Land Acquisition Resettlement 
and Rehabilitation Bill (LARR) 
2011, which was renamed to 
The Right to Fair 
Compensation and 
Transparency in Land 
Acquisition, Rehabilitation and 
Resettlement Act (RTFCTLARR 
Act), was passed by bo th the 
houses of Parliament and given 
the President’s assent on 26th 
September 2013. The new law 
came into force in January 
2014 and is applicable to the 
project.  
The new law stipulates 
mandatory consent of at least 
70% of affected people for 
acquiring land for Public 
 The provisions of 
national act are 
more stringent 
and take care of all 
possible 
shortcomings 
including detailed 
SIA, Public 
consultation/discl
osure and very 
liberal 
compensation 
assessment 
process to make it 
at par with 
replacement cost 
coupled with R&R 
provisions making 
it fully comparable 
with JICA 
requirement.  
 Gap exists 
specifically related 
to aspects such as 
identification of 
non-titleholders as 
PAPs; cut off dates 
for non-
titleholders and 
valuation of 
structures with 
depreciation. 
 SIA and RAP 
should be 
prepared for 
project where land 
acquisition and 
physical and / or 
economic 
displacement is 
envisaged and 
provisions of the 
RPF prepared for 
the programme. 
 "
75,PDF page 75," 
Environment Impact Assessment for Delhi Metro Phase IV-2 Project 
 
 
65 J A DELHI METRO RAIL CORPORATION LTD. 
 
Particular JICA ESC GL policy Country System gaps and measures 
involuntary resettlement and loss of 
livelihood. 
5. For projects that result in large -
scale involuntary resettlement, a 
Resettlement Action Plans (RAP) 
must be prepared and made available 
to the public prior to the resettlement 
and provision of compensation and 
support. In preparing the RAP, 
consultations must be held with the 
project affected people and 
communities, based on sufficient 
information made available to them 
in advance. When consultations are 
held, explanations must be given in 
languages and forms that are 
understandable to the project 
affected people. It is desirable that the 
RAP includes elements laid out in the 
Environmental and Social Standard 
(ESS) 5 of the World Bank’s 
environmental and social policies. 
 (JICA ESC, Appendix 1, Item 8) 
Private Partnership (PPP) 
projects and 80% for acquiring 
land for private companies. It 
also requires that payment of 
compensation for the owners 
of the acquired land will be 
four times the market value in 
rural areas and twice in urban 
areas. It also stipulates that the 
land cannot be vacated until 
the entire compensation is 
awarded to the affected 
parties.  
The law has the provision that 
the companies can lease the 
land instead of purchasing it. 
Besides, the private companies 
will have to provide for 
rehabilitation and 
resettlement if land acquired 
through private negotiations is 
more than 50 acres and 100 
acres in urban and rural areas, 
respectively 
Compliance 
with Laws, 
Standards, 
and Plans 
1. Projects must comply with the laws, 
ordinances, and standards related to 
environmental and social 
considerations established by host 
country governments, including local 
governments. Projects must also 
conform to the environmental and 
social considerati on policies and 
plans of the host country 
governments. 
2. In principle, Projects must be 
undertaken outside of areas that are 
specifically designated for 
conservation of nature or cultural 
heritages by the host county 
governments, unless the main 
purpose of the Projects is to promote 
or restore the protection of such 
areas. Also, projects shall not cause 
significant adverse impacts on such 
designated conservation areas. 
 (JICA ESC, Appendix 1, Item 4) 
Ancient Monuments and 
Archaeological Sites and 
Remains Acts, 1958, its Rules, 
Ancient Monuments and 
Archaeological Sites and 
Remains (Amendment & 
Validation) Act 2010 and its 
amendment. 
 An Act to regulate the export 
trade in antiquities and art 
treasures, to provide for the 
prevention of smuggling of, 
and fraudulent dealings in, 
antiquities, to provide for the 
compulsory acquisition of 
antiquities and art treasures 
for preservation in pu blic 
places and to provide for 
certain other matters 
 There are no 
significant gaps 
between JICA 
guideline and 
national laws 
Social 
Acceptability 
1. Projects must be adequately 
coordinated so that they are accepted 
in a socially appropriate manner for 
the countries and areas where the 
projects are planned. For Projects 
with potentially significant 
environmental and social impacts, 
sufficient consultations with local 
stakeholders, such as local residents, 
must be conducted via disclosure of 
information at an early stage, at which 
time alternatives for project plans are 
examined. The outcome of such 
consultations must be incorporated 
into the project plans. 
2. Appropriate considerations must 
be given to vulnerable social groups, 
such as women, children, elderly 
peoples, people in poverty, 
indigenous peoples, persons with 
disabilities, refugees, internally 
displaced persons, and minorities. 
Such vulnerable soc ial groups are 
Environmental Impact 
Assessment Notification-2006, 
14th Sep-2006, as amended in 
2009 and 2013 and Right to 
Information Act 2005. 
Environmental Impact 
Assessment Notification-2006, 
14th Sep-2006, as amended in 
2009 and 2013: defined in dr. 
No.1 
Act to provide for setting out 
the practical regime of right to 
information for citizens to 
secure access to information 
under the control of public 
authorities, in order to 
promote transparency and 
accountability in the working 
of every public authority 
 There is a 
provision of public 
hearing in EIA 
notification and 
also RFCTLARR 
Act 2013 
mandates 
consultations with 
affected persons.  
 A Gap exists as this 
standard 
prescribes: the 
way all 
stakeholders – 
affected, other 
interested and 
physically 
disadvantaged and 
vulnerable groups 
will be identified 
and engaged by 
the project; 
information "
76,PDF page 76," 
Environment Impact Assessment for Delhi Metro Phase IV-2 Project 
 
 
66 J A DELHI METRO RAIL CORPORATION LTD. 
 
Particular JICA ESC GL policy Country System gaps and measures 
susceptible to environmental and 
social impacts and may have little 
access to decision -making processes 
within society. 
 (JICA ESC, Appendix 1, Item 5) 
disclosure that will 
take place on 
project 
activities/develop
ments and 
feedback sought; 
and GRM 
mechanism shall 
be put in place for 
the entire project.  
 JICA guidelines are 
applicable on the 
project. 
Climate 
Change 
1. For projects that are expected to 
generate more than a certain amount 
of greenhouse gas emissions, the total 
amount of greenhouse gas emissions 
will be estimated and disclosed 
before the project implementation. 
 (JICA ESC, Appendix 1, Item 6) 
National Action Plan on 
Climate Change 2008. 
The National Action Plan on 
Climate Change (NAPCC) is the 
cornerstone of India's climate 
strategy, launched in 2008. It 
outlines eight national 
missions, each focusing on 
different aspects of climate 
change mitigation and 
adaptation 
 There are no 
significant gaps 
between JICA 
guideline and 
national laws. 
 However, JICA 
guideline directed 
to calculate the 
greenhouse gas 
emissions due to 
project  
Biodiversity 1. Projects must not involve 
significant conversion or significant 
degradation of critical habitats or 
critical forests. 
2. Illegal logging of forests must be 
avoided. Project proponents need to 
obtain logging permits from 
regulatory agencies, and are 
encouraged to obtain forest 
certifications for forestry projects, in 
order to ensure the prevention of 
illegal logging. 
 (JICA ESC, Appendix 1, Item 7) 
Forest (Conservation) Act, 
1980  
The Forest Conservation Act, 
1980 has set a process for 
diversion of forest land for 
non-forest purposes across all 
forest categories i.e. village 
forests, protected forests and 
reserve forests.  
Wildlife (Protection) Act, 1972  
Wildlife sanctuaries can be 
declared by individual state 
wildlife boards through the 
Wildlife (Protection) Act, 1972. 
The states can then nominate 
declared sanctuaries as 
national parks by sending a 
recommendation to the 
national wildlife board. 
Wetlands (Conservation and 
Management) Rules, 2017. 
Wetlands that have been 
identified under the Ramsar 
Convention and by the 
Central/State Government 
have been protected by 
prohibiting the industries or 
activities that are undertaken 
in and around the declared 
wetland complexes. 
 The Country has 
taken various step 
to conserve 
biodiversity hence 
there is no major 
gap. 
Involuntary 
Resettlement 
and Loss of 
Livelihood 
1. Involuntary resettlement and loss 
of means of livelihood are to be 
avoided when feasible by exploring 
all viable alternatives. If avoidance is 
not possible even after such 
examination, effective measures to 
minimize impacts and to compensate 
for losses must be taken upon 
agreement with the affected people. 
2. Project affected people, such as 
people to be resettled involuntarily 
and/or people who may lose their 
livelihoods by the project, must be 
provided sufficient compensations 
The Right to Fair 
Compensation and 
Transparency in Land 
Acquisition, Rehabilitation and 
Resettlement Act, 2013. 
 
Land Acquisition Act 1894 was 
passed with the purpose of 
enabling the procurement of 
land for the purpose of 
activities which are in the 
interests of the country. These 
include procedures for the 
acquisition of land, declaration 
 The provisions of 
national act are 
more stringent 
and take care of all 
possible 
shortcomings 
including detailed 
SIA, Public 
consultation/discl
osure and very 
liberal 
compensation 
assessment 
process to make it "
77,PDF page 77," 
Environment Impact Assessment for Delhi Metro Phase IV-2 Project 
 
 
67 J A DELHI METRO RAIL CORPORATION LTD. 
 
Particular JICA ESC GL policy Country System gaps and measures 
and supports by the project 
proponents in a timely manner. 
Compensations must be calculated at 
full replacement cost as much as 
possible, and provided in advance. 
Project proponents must make efforts 
for the affected people to improve or 
at least restore t heir standards of 
living, income opportunities and 
production levels to the pre -project 
levels. Measures to achieve this may 
include: Providing land or monetary 
compensations for losses of land or 
assets, supporting for alternative 
sustainable livelihood, supporting for 
expenses necessary for relocation, 
and supporting for re -establishment 
of communities at resettlement sites. 
3. Compensation standards are 
disclosed and consistently applied. 
The project affected persons need to 
be aware of the compensation 
standards. In principle, the contents 
of the individual compensation to be 
agreed are explained to the project 
affected pers ons in writing, and the 
project affected persons can confirm 
the contents at any time. 
4. Appropriate participation of the 
project affected people and their 
communities must be promoted in 
the planning, implementation and 
monitoring of measures against 
involuntary resettlement and loss of 
livelihood. 
5. For projects that result in large -
scale involuntary resettlement, a 
Resettlement Action Plans (RAP) 
must be prepared and made available 
to the public prior to the resettlement 
and provision of compensation and 
support. In preparing the RAP, 
consultations must be held with the 
project affected people and 
communities, based on sufficient 
information made available to them 
in advance. When consultations are 
held, explanations must be given in 
languages and forms that are 
understandable to the project 
affected people. It is desirable that the 
RAP includes elements laid out in the 
Environmental and Social Standard 
(ESS) 5 of the World Bank’s 
environmental and social policies. 
 (JICA ESC, Appendix 1, Item 8) 
of acquisition intent, hearing of 
objections, and final 
possession of the land amongst 
others. 
In last decade, the LA Act 1894 
has been debated over for its 
archaic characters, which do 
not fit into the current realities. 
The current reality 
surrounding the process of 
land acquisition has changed 
tremendously, and therefore, 
the need was felt for th e 
passing of a new law. A new 
Land Acquisition Resettlement 
and Rehabilitation Bill (LARR) 
2011, which was renamed to 
The Right to Fair 
Compensation and 
Transparency in Land 
Acquisition, Rehabilitation and 
Resettlement Act (RTFCTLARR 
Act), was passed by bo th the 
houses of Parliament and given 
the President’s assent on 26th 
September 2013. The new law 
came into force in January 
2014 and is applicable to the 
project.  
The new law stipulates 
mandatory consent of at least 
70% of affected people for 
acquiring land for Public 
Private Partnership (PPP) 
projects and 80% for acquiring 
land for private companies. It 
also requires that payment of 
compensation for the owners 
of t he acquired land will be 
four times the market value in 
rural areas and twice in urban 
areas. It also stipulates that the 
land cannot be vacated until 
the entire compensation is 
awarded to the affected 
parties.  
The law has the provision that 
the companies can lease the 
land instead of purchasing it. 
Besides, the private companies 
will have to provide for 
rehabilitation and 
resettlement if land acquired 
through private negotiations is 
more than 50 acres and 100 
acres in urban and rural areas, 
respectively 
at par with 
replacement cost 
coupled with R&R 
provisions making 
it fully comparable 
with JICA 
requirement.  
 A Gap exists 
specifically related 
to aspects such as 
identification of 
non-titleholders as 
PAPs; cut off dates 
for non -
titleholders and 
valuation of 
structures with 
depreciation. 
 SIA and RAP 
should be 
prepared for 
project where land 
acquisition and 
physical and / or 
economic 
displacement is 
envisaged and 
provisions of the 
RPF prepared for 
the programme. 
 
Indigenous 
Peoples 
1. Any adverse impacts that a project 
may have on indigenous peoples are 
to be avoided when feasible by 
exploring all viable alternatives. If 
avoidance is not possible even after 
such examination, effective measures 
for indigenous peoples must be taken 
to minimize the impacts and to 
compensate for the losses. 
2. When projects may have adverse 
impacts on indigenous peoples, all of 
their rights in relation to land and 
The Forest Rights Act (FRA), 
2006 recognizes the rights of 
the forest dwelling tribal 
communities and other 
traditional forest dwellers to 
forest resources, on which 
these communities were 
dependent for a variety of 
needs, including livelihood, 
habitation and other socio -
cultural needs. 
 
 There are no 
significant gaps. 
 If project is likely 
to affect any 
Indigenous/Tribal 
people a project 
specific 
Indigenous 
People's 
Development Plan 
(IPDP) or Tribal 
Development "
78,PDF page 78," 
Environment Impact Assessment for Delhi Metro Phase IV-2 Project 
 
 
68 J A DELHI METRO RAIL CORPORATION LTD. 
 
Particular JICA ESC GL policy Country System gaps and measures 
resources must be respected in 
accordance with the spirit of the 
relevant international declarations 
and treaties, including the United 
Nations Declaration on the Rights of 
Indigenous Peoples. Efforts must be 
made to obtain the Free, Prior, and 
Informed Co nsent (FPIC)of the 
affected indigenous peoples. 
3. Measures for the affected 
indigenous peoples must be prepared 
as an Indigenous Peoples Plan (IPP), 
which may constitute as a part of 
other documents for environmental 
and social considerations, and must 
be made public in compliance with 
the relevant law s and ordinances of 
the host country. In preparing the IPP, 
efforts must be made to obtain the 
FPIC of the affected indigenous 
peoples based on sufficient 
information made available to them 
in advance. When consultations are 
held, explanations are given in  
languages and forms that are 
understandable to the indigenous 
peoples concerned. It is desirable that 
the IPP includes the elements laid out 
in the ESS 7 of the World Bank’s 
environmental and social policies. 
 (JICA ESC, Appendix 1, Item 9) 
The Right To Fair 
Compensation And 
Transparency In Land 
Acquisition, Rehabilitation And 
Resettlement Act, 2013: Same 
as Above 
(TDP) would be 
prepared . 
Monitoring 1. During the project implementation, 
project proponents monitor whether 
any unforeseeable situations occur, 
and the performance and 
effectiveness of the planned 
mitigation measures. Project 
proponents take appropriate 
measures based on the results of such 
monitoring. 
2. In cases where sufficient 
monitoring is deemed essential for 
appropriate environmental and social 
considerations, such as projects for 
which mitigation measures should be 
implemented while monitoring their 
effectiveness, Project proponents 
must ensure t hat the project plans 
include feasible monitoring plans. 
3. Project proponents should make 
efforts to make the monitoring results 
available to local stakeholders 
involved in the project. 
4. When third parties point out 
specifically that environmental and 
social considerations are not being 
fully undertaken, project proponents 
should make efforts to reach an 
agreement on the procedures to 
resolve the problems, through forums 
for discussions  and examinations of 
the countermeasures with 
participation of stakeholders 
involved in the projects, based on 
sufficient information disclosure. 
 (JICA ESC, Appendix 1, Item 10) 
 Air (Prevention and Control 
of Pollution) Act, 1981, 1987; 
 Water (Prevention and 
Control of Pollution) Act, 
1974, 1988; 
 Noise Pollution (Regulation 
and Control Act) 2000 and 
amendment till date 
 Notification for use of fly ash, 
2003 and MoEF&CC 
notification dated 25th 
March 2015 
 Municipal Solid Waste 
(Management & Handling) 
Rules, 2000 (MSW Rules) 
 Hazardous & Other Waste 
(Management and Trans -
boundary Movement) Rules, 
2016 
 Manufacture Storage, & 
import of Hazardous 
Chemicals (MSIHC) Rules, 
1989 as amended till date 
 Batteries (Management and 
Handling) Rules, 2001 
 The E -Waste (Management) 
Rules, 2016, 
 Plastic waste Management 
Rules, 2016 
 Construction & Demolition, 
Waste Management Rules, 
2016 
 Solid Waste Management 
Rules, 2016 
 Motor Vehicle Act 1988 and 
amendment till date 
 There are no 
significant gaps 
between country 
and JICA 
guidelines.  
  Environment 
monitoring related 
to Air, Water Soil 
Noise and 
Vibration, Ecology 
and Health should 
be followed as per 
the JICA guideline 
as per Local Laws. 
 The majority of 
requirements are 
addressed by 
existing 
regulations and 
indirectly for 
resource 
efficiency, 
pollution 
prevention and 
management 
aspects. Further, 
provisions need to 
be made to 
commensurate 
mitigation 
measures. "
79,PDF page 79," 
Environment Impact Assessment for Delhi Metro Phase IV-2 Project 
 
 
69 J A DELHI METRO RAIL CORPORATION LTD. 
 
Particular JICA ESC GL policy Country System gaps and measures 
 Guidelines/ Criteria for 
Evaluation of Proposals/ 
Requests for Groundwater 
Abstraction, 2012 as 
amended; Central Ground 
Water Authority notification 
dated 24th September, 2020 
and further amendments for 
abstractions of water 
through borewell. 
Grievance 
Redress 
Mechanism 
1. A mechanism for handling concerns 
and grievances from people and 
communities affected by the project’s 
environmental and social impacts 
must be in place. 
2. The grievance redress mechanism 
needs to be easily accessible for the 
project affected people and 
communities. Project proponents 
disseminate the information about 
the grievance redress mechanism 
through consultations with local 
stakeholders. The project affected 
people and communities must not be 
disadvantaged by filing a grievance. 
3. Project proponents should make 
efforts to respond promptly to the 
grievances they receive, taking into 
account the concerns and needs of the 
project affected people and 
communities. 
 (JICA ESC, Appendix 1, Item 11) 
 Grievance Redressal 
Guidelines issued by CPCB. 
 The CPCB Public Grievance 
Redressal Mechanism was 
established to systematically 
address complaints and 
grievances related to 
environmental pollution and 
degradation. 
 There are no 
significant gaps 
between country 
and JICA 
guidelines. 
 The grievance 
redress 
mechanism needs 
to be easily 
accessible for the 
project affected 
people and 
communities as 
per JICA guideline. 
information 
disclosure 
1. In principle, project proponents 
disclose information about 
environmental and social 
considerations of their projects. JICA 
assists the project proponents 
through implementing cooperation 
projects as needed. 
2. JICA discloses important 
information about environmental and 
social considerations at the key stages 
of cooperation projects, in an 
appropriate manner in accordance 
with the JICA Guidelines. 
3. JICA discusses and agrees with 
project proponents on the 
frameworks that ensure information 
disclosure at the early stage of 
cooperation projects. 
4. The information to be disclosed has 
to include environmental and social 
considerations, as well as the project 
information. 
5. In addition to the information to be 
disclosed, JICA provides information 
about environmental and social 
considerations to third parties to the 
extent possible in response to their 
requests. 
6. JICA actively encourages project 
proponents to disclose and present 
information about environmental and 
social considerations of their projects 
to local stakeholders. 
7. Project proponents disclose 
information well in advance when 
they have consultations with local 
 Environment (Protection) 
Act, 1986. 
 Environmental Impact 
Assessment Notification - 
2006, 
 MoEFCC under the 
Environment (Protection) 
Act, 1986, mandate that 
project proponents make 
key documents accessible to 
the public. Public 
consultations, including 
hearings, provide 
stakeholders with 
opportunities to voice 
concerns and contribute to 
decision-making. This 
structured approach not only 
enhances accountability and 
trust in the process but also 
promotes sustainable 
development by integrating 
environmental 
considerations into project 
planning and 
implementation. 
 There is a gap as 
Clearance process 
are exempted for 
the metro project. 
 However, JICA 
guideline provides 
information about 
environmental and 
social 
considerations to 
third parties to the 
extent possible. 
JICA discloses 
information on its 
website in 
Japanese, English, 
official 
language(s) 
and/or 
language(s) widely 
used in the host 
countries. "
80,PDF page 80," 
Environment Impact Assessment for Delhi Metro Phase IV-2 Project 
 
 
70 J A DELHI METRO RAIL CORPORATION LTD. 
 
Particular JICA ESC GL policy Country System gaps and measures 
stakeholders in cooperation with 
JICA. On such occasions, JICA supports 
project proponents in preparation of 
documents in an official or widely 
used language(s) and in a form 
understandable by local peoples. 
8. JICA discloses information on its 
website in Japanese, English, official 
language(s) and/or language(s) 
widely used in the host countries. It 
also provides the relevant reports for 
public reading at the JICA library and 
at related overseas offices. 
9. JICA pays due consideration to the 
confidentiality of the commercial and 
other matters of project proponents, 
taking into account their competitive 
relationships. JICA encourages 
project proponents to exclude 
confidential information from any 
documents on environmental. 
considerations that they submit 
which may later be subject to public 
disclosure. JICA takes into account the 
management of information of 
project proponents and  discloses 
their documents subject to their 
approval. Any information that is 
prohibited from public disclosure in 
the agreement documents between 
JICA and project proponents may be 
disclosed only upon obtaining the 
approval of the project proponents or 
in accordance with legal 
requirements. 
 
 (JICA ESC, JICAGLⅡ.2.1) 
 
  "
81,PDF page 81," 
Environment Impact Assessment for Delhi Metro Phase IV-2 Project 
 
 
71 J A DELHI METRO RAIL CORPORATION LTD. 
 
3.5. Applicability of EIA and Resettlement Action plan  
Detailed EIA structure and process has already described in the section 2.2 of EIA report. General 
of EIA, land acquisition and RAP is described below: 
Table 3.9: Function of EIA and RAP 
Attribute Applicable on 
the project Function 
Environmental Impact Assessment (EIA) Preparation 
 Assessment of Impacts: Evaluating potential environmental impacts of proposed 
projects, including air quality, water resources, Soil, Noise and vibration and 
biodiversity, and community health. 
 Public Consultation : Engaging stakeholders through meetings, surveys, and 
workshops to gather input and concerns. 
 Mitigation Planning : Developing strategies to minimize negative impacts and 
enhance positive effects on the environment. 
 Documentation and Reporting: Preparing EIA reports that comply with regulatory 
requirements and facilitate decision-making. 
Applicable on 
the project  
Land Acquisition 
 Needs Assessment: Identifying land requirements based on project specifications. 
 Stakeholder Engagement: Collaborating with local communities and landowners to 
discuss land acquisition processes and obtain consent. 
 Compensation and Valuation: Determining fair compensation for land and property 
affected by the project, adhering to legal frameworks and social standards. 
Not applicable 
on the project 
as land 
Acquisition is 
not involved in 
the proposed 
project  
Resettlement Planning 
Resettlement Action Plan (RAP): Creating detailed plans to address the needs of 
displaced persons, including housing, livelihood restoration, and community services. 
Monitoring and Evaluation: Establishing mechanisms to track the implementation of 
resettlement actions and ensure compliance with commitments. 
Not applicable 
on the project 
as RAP is not 
involved in the 
proposed 
project 
3.6. International Treaties and Agreements 
Table 3.10. shows the list of international treaties and agreement that India has ratified. In 
addition to the above listed national laws, standards and JICA Guidelines, DMRC will comply with 
the international treaties ratified. 
Table 3.10: International Conventions and Treaties 
S. No Act / Law Description Applicability to 
Project 
Regulating 
Authority Phase 
1 Convention on 
International 
Trade in 
Endangered 
Species of Wild 
Fauna and Flora 
(CITES), 1973 
India is a signatory of this 
convention which aims to control 
international commercial trade in 
endangered species 
NOT APPLICABLE 
While conducting 
the field survey, no 
observations of 
endangered species 
were made. 
However, according 
to the Forest 
working plan, a 
schedule species is 
reported to be 
present in the 
project area.  
No trade of 
endangered species 
is involved. 
MOEF&CC 
 
Constructi
on phases 
2 Ramsar 
Convention, 
1971 
The Ramsar Convention is an 
international treaty that provides 
the framework for national action 
and international cooperation for 
the conservation and wise use of 
wetlands and their resources.  
NOT APPLICABLE  
 
 
MOEF&CC 
 
- "
82,PDF page 82," 
Environment Impact Assessment for Delhi Metro Phase IV-2 Project 
 
 
72 J A DELHI METRO RAIL CORPORATION LTD. 
 
3.7. Clearances and Permissions required for the Project  
Various local level permissions and coordination  are required to be secured for this project 
during the pre-construction and construction. The DMRC or the Contractors will obtain from 
the various permits from the various government authorities as and when applicable on 
the project. Applicable Statuary Clearances to the project along with the role and responsibility 
of the concerns department is given in Table 3.11.  
S. No Act / Law Description Applicability to 
Project 
Regulating 
Authority Phase 
3 Convention on 
Migratory 
Species of Wild 
Animals (CMS), 
1979 (Bonn 
convention) 
CMS, which recognizes that states 
must be the protectors of migratory 
species that live within or passing 
through their national jurisdictions 
and aims to conserve terrestrial, 
marine and avian migratory species 
throughout their ranges.  
NOT APPLICABLE  
As migratory species 
of wild animals are 
reported in the 
project areas 
MOEF&CC 
 
- 
4 Montreal 
Protocol 1992 
India is a signatory of this 
convention which aims to reduction 
in the consumption and production 
of ozone depleting substances 
(ODS), while recognizing 
differences in a nation’s 
responsibilities.  
NOT APPLICABLE 
As no ODS are 
involved in 
construction works 
as well as in 
operation phase  
MOEF&CC 
 
- 
5 Basel 
Convention on 
Trans-
boundary 
Movement of 
Hazardous 
Wastes, 1989 
India is a signatory of this 
convention which aims to reduce 
trans movement and creation of 
hazardous wastes 
NOT APPLICABLE 
As the project 
activities will not 
involve any trans 
boundary movement 
and creation of 
hazardous wastes. 
MOEF&CC 
 
- 
6 International 
Union for 
Conservation of 
Nature (IUCN)  
The international organization 
committed to the conservation and 
sustainable use of biodiversity. Its 
pivotal role in developing and 
influencing global environmental 
policies. Along with this, the 
organization maintains the IUCN 
Red List of Threatened Species, a 
comprehensive database assessing 
the extinction risk of thousands of 
species worldwide. 
APPLICABLE 
 
MOEF&CC 
and 
concerned 
forest 
department/ 
Wildlife 
 
Pre-
Constructi
on phases 
7 United Nations 
Educational, 
Scientific and 
Cultural 
Organization 
(UNESCO) 
The specialized agency of the United 
Nations aimed at promoting world 
peace and security through 
international cooperation in 
education, the sciences, and culture. 
UNESCO is known for its World 
Heritage program, which identifies 
and protects cultural and n atural 
sites of outstanding universal value.  
NOT APPLICABLE 
As per World 
Heritage List, no 
sites have been 
identified.  
 
Delhi Heritage 
& Tourism 
Promotion 
Board  
- 
8 The 
Fundamental 
Conventions of 
the 
International 
Labor 
Organization 
(ILO) well as 
IFC 
Performance 
Standard 2 on 
Labor and 
Working 
Conditions 
The ILO Conventions  cover a wide 
area of social and labour issues 
including basic human rights, 
minimum wages, industrial 
relations, employment policy , , 
social dialogue, social security and 
other issues.. 
Applicable Ministry of 
Labour and 
employment 
Constructi
on and 
operation 
phase "
83,PDF page 83," 
Environment Impact Assessment for Delhi Metro Phase IV-2 Project 
 
 
73 J A DELHI METRO RAIL CORPORATION LTD. 
 
Table 3.11: Clearances and Permissions required for Project 
Sr. 
no 
Activities 
involved Clearance Required Department Responsible 
Party 
Requireme
nts 
Relevant 
legislation/ 
policies 
1 Site Clearance Tree Cutting DOEF of  
GNCTD DMRC Permit 
The Delhi 
Preservation of 
Trees Act, 1994 
and as amended 
 in 2020 
2 
Laying of 
Metro line 
line is crossing NH, and  
State highway NHAI/ PWD DMRC coordination n/a 
3 Metro line crossing 
railway line 
Railways 
Department DMRC coordination n/a 
4 Road Cutting, NOC for 
Right of Way (ROW) NHAI, PWD Contractor/ 
DMRC coordination n/a 
5 
Canal Crossing, Intake 
Structure and 
Minors/Majors 
Distributaries 
Irrigation 
Department DMRC coordination 
n/a 
6 
Temporary Traffic 
Diversion for alternate 
Route and diversion of 
traffic 
District Traffic, 
Police/PWD 
Contractor/  
DMRC coordination 
n/a 
7 Shifting of Electric 
utility services, RoW 
State Power 
Corporation 
Limited 
Contractor/  
DMRC coordination 
n/a 
8 Shifting of Telecom 
utility services, RoW Telecom Contractor/ 
 DMRC coordination n/a 
9 Park and residential 
area DDA DMRC coordination n/a 
10 Source of 
water Water requirement Delhi Jal Board/ 
other source DMRC 
Permission 
in case of 
Delhi Jal 
Board 
n/a 
11 
Source of 
water for 
construction 
work 
Domestic Water 
requirement for 
Construction 
other source Contractor - n/a 
12 Labour License Mobilization of labours 
at site 
Labour 
Commissioner Contractor License taken 
by contractor 
The Contract 
Labour 
(Regulation & 
Abolition) Act, 
1970 and Rules 
and as amended  
13 
Consent to 
Establish and 
Operate.  
(CTE & CTO) 
Erection of Batching 
plants, Diesel generator 
etc. 
State Pollution 
Control Board Contractor NOC 
n/a 
14 
Identification 
of C&D Waste 
Disposal Site 
Disposal of Muck 
generated 
Land owning 
agency DMRC NOC 
n/a 
 
15 
High tension 
(HT) line and 
Low tension 
(LT) line 
HT and LT line passing 
though metro line 
Power Grid/ 
Respective 
Electrical 
Departments 
Contractor/ 
 DMRC NOC 
n/a 
16 Demolition of 
building 
For demolition of 
existing building 
Land owning 
agency DMRC NOC n/a "
84,PDF page 84," 
Environment Impact Assessment for Delhi Metro Phase IV-2 Project 
 
 
74 J A DELHI METRO RAIL CORPORATION LTD. 
 
Sr. 
no 
Activities 
involved Clearance Required Department Responsible 
Party 
Requireme
nts 
Relevant 
legislation/ 
policies 
17 Use of vehicle 
and Equipment 
Pollution Under 
Control (PUC) 
Certificate 
Department of 
Transport Contractor NOC 
n/a 
18 
Construction 
within the 
morphological 
Ridge 
Approval from RMB for 
construction and 
development. 
The Ridge 
Management 
Board  
DMRC NOC 
n/a 
19 Zone O Approval from 
Competent Authority 
NGT through 
principle 
committee under 
Ministry of Jal 
Sakti 
DMRC NOC n/a 
Note. DOEF of GNCTD: Department of Environment and Forestry, Government of National Capital Territory of Delhi,  
NHAI: National Highway Authority of India , PWD: Public Works Department, RMB: Ridge Management Board. NGT: 
National Green Tribunal, DDA：Delhi Development Authority 
 
*****  "
85,PDF page 85," 
Environment Impact Assessment for Delhi Metro Phase IV-2 Project 
 
 
75 J A DELHI METRO RAIL CORPORATION LTD. 
 
CHAPTER 4. ALTERNATIVE ANALYSIS 
The purpose of analysis of alternatives is to find the most effective way of meeting the need and 
purpose of the project, either through enhancing the environmental benefits of the proposed 
activity and or through reducing or avoiding potentially significa nt negative impacts, so that 
project will become environment as well as people friendly. 
The Delhi Metro Phase IV -2 project has been finalized after considering the environmental and 
social concerns  without effecting the  overall usefulness of the corridor s. Critical categories 
adopted were: 
• Minimum private land acquisition, 
• Least disturbance to properties, 
• Minimum disturbance to people and, 
• Minimum disturbance to ecology/ biodiversity and environment. 
 
The main objective of the study is to ensure that the project addresses the adverse impacts on the 
livelihood of the people during project construction as well as operation stage.  The positive 
impacts of the chosen corridors  are further elaborated in Chapter 7 (Positive impacts). These 
being the over-riding criteria, financial implications of these alternatives were not worked out. 
4.1. “Without Project” Alternative (Business as Usual) 
In case Delhi Metro Phase IV – 2 alignment is not constructed, the city will be deprived of the 
following benefits: 
• Employment Opportunities, 
• Enhancement of Economy, 
• Mobility, 
• Safety, 
• Traffic Congestion Reduction, Reduction in Number of Buses, 
• Reduced Fuel Consumption, 
• Reduced Air Pollution, 
• Carbon Dioxide and Green House Gases (GHG) Reduction, 
• Saving in Road - Infrastructure. 
Table 4.1: Presenting the “with” and “without” Project Scenario 
Scenario type Long-Term Scenario “With” 
Project 
Long-Term Scenario 
“Without” Project 
Environment Aspects 
Atmospheric 
Change  
Travel time and traffic congestion will be reduced 
because of the proposed new metro corridor. Overall, 
an insignificant level of air pollution.  
Congested road will consume 
more travel time and will 
increase air pollution/ exhaust 
emission.  
Noise and 
vibration 
Noise will be reduced due to the underground routes, 
but localized vibration may slightly increase 
sometime 
Both noise and vibration quality 
will deteriorate further. 
Soil and drainage No major impact on existing soil conditions. There 
may be a some change in underground drainage 
pattern due to the proposed route which will impact 
the localized environmental condition. 
There are no changes in present 
problems associated with 
inadequate drainage. 
Geology and 
Seismology 
No significant Impact envisaged on seismology 
however, the geology will get impacted due to tunnel 
construction, but as compared to the project benefit, 
it will be negligible. 
No change  "
86,PDF page 86," 
Environment Impact Assessment for Delhi Metro Phase IV-2 Project 
 
 
76 J A DELHI METRO RAIL CORPORATION LTD. 
 
Scenario type Long-Term Scenario “With” 
Project 
Long-Term Scenario 
“Without” Project 
Environment Aspects 
Social and Cultural Environment 
Social and 
Cultural 
Environment 
Increased comfort and safety while travelling. 
An improved business environment for those living 
along the project corridor.  
Once the project becomes operational, it will result in 
the reduction of traffic and accidents in the area. 
Job opportunities would increase for local 
community during construction & operation phase of 
the proposed project. 
Travelling may increase time, 
thereby increasing  
transportation costs. 
Reduction in comfort and safety 
due to congestion and 
deterioration in road condition, 
resulting in enhanced air 
pollution. 
Business opportunities remain 
largely the same as it is present in 
the area. 
 
Since, the positive impacts are more than a few negative impacts (i.e. noise and vibration during 
construction and operation, traffic congestion during operation etc.) , consideration of ‘no 
development alternative’ is a non-starter and has thus not merited any further consideration.  
The alignment of the corridors are so selected that they will serve the maximum population, will 
entail less private land acquisition, least demolition of private and government structures, least 
tree cutting and will avoid impact on archaeological and his torical structures. To achieve the 
above goals, the alignment suggested is mainly on the central verge of the road. In the highly 
densely populated area the alignment is kept under the ground so as to lessen the social impacts 
that may have resulted from acquisition of property.  
4.2. Alternative analysis 
The alternate analysis has been conducted based on various technical, economic, environmental 
and social considerations for finalization of the routes.  
The Delhi Metro network is almost complete, and Phase IV- 2 is expected to connect the missing 
links. Phase IV - 2 includes not only the extension of existing lines into suburban areas but also 
the construction of sections in the city centre.  
Environmental and social considerations are of utmost importance, and special attention is given 
to depot planning. In the Phase IV- 2, efforts are being made to minimize negative impacts. There 
is a growing trend toward integrating and utilizing existing depots to minimize the need for new 
depot construction. 
In this report, the review is made in several steps. The purpose of the metro corridor is identified 
in the beginning. It is followed by the review of major roads where available road space is 
determined. Routes are proposed based on adequacy of road space. These route options are 
compared with the catchment area of existing metro station. Rout es are adjusted based on 
overlapping catchment area or important historical structures. Final routes are then become the 
metro alignments. These alignments are furthe r analysed, and alternatives are identified by 
project management groups. These alternatives are based on differences in ground conditions 
such as affected buildings, trees, and historical structures. Project details of the alignments are 
determined such as length, alignment curvature, cost, utilities, and others.  
4.2.1. Alignment Planning Factors 
DMRC selected comparison criteria based on the key items that would affect decision making. 
DMRC places higher importance on environmental and social considerations than on profitability 
and technical aspects. Thus the criteria such as ‘Ridership’ or ‘Profitability’ were not selected as 
criteria. The reasons for this are that ‘demand forecasts’ are not expected to show any significant 
differences between alternatives because the alternative proposals are located in the same area, 
and that ‘profitability’ is not a criterion that can determine the validity of the alignment because "
87,PDF page 87," 
Environment Impact Assessment for Delhi Metro Phase IV-2 Project 
 
 
77 J A DELHI METRO RAIL CORPORATION LTD. 
 
it is clear that there will be socio-economic benefits from the initial phase of this project, which is 
a public works project. The difficulty of the construction method was also not adopted as a 
selection criterion, as the difficulty of the alternative method would be almost the same, given the 
topography and geology of Delhi. 
(1) Government Plans and Regulations 
a. Expansion of Public Transportation  
Delhi has witnessed significant expansion of its public transportation infrastructure over the past 
few decades, with the DMRC being a key driver of this growth. The DMRC has expanded its 
network to cover various parts of the city. Delhi Metro completed se veral metro lines under 
Phases 1, 2, 3, and construction started for Phase IV -1. Significant portion of the funding came 
from the JICA as a loan to complete these metro lines.  
The Delhi Metro Rail Corporation Act, 2002, is a significant piece of legislation that governs the 
establishment, operation, and maintenance of the DMRC. The Act provides a legal framework for 
the development and management of the Metro System in Delhi. 
The Act empowers the DMRC to acquire land for the metro project through various means, 
however, most of the land required for Delhi  Metro Phase IV-2 are owned by the Government. 
The DMRC is required to follow the procedures outlined in the RFCTLARR Act 16  and JICA 
Guidelines when acquiring lands for the metro project. The SIA outlines the details on this aspect.  
b. Preservation of Natural Environment 
Delhi Metro has made significant contributions to environmental preservation in Delhi. By 
providing a reliable and efficient public transportation system, the metro has helped to reduce 
traffic congestion, air pollution, and noise pollution. The DMRC's com mitment to sustainable 
practices has further enhanced its environmental impact.  
Furthermore, DMRC and JICA have collaborated on several projects. As part of these projects, EIA 
was conducted to assess the potential environmental effects of the metro construction and 
operation. Phase IV-2 is to address the concerns on the environment including the affected areas, 
deemed forests, trees and among others along the project’s alignment.  
c. Preservation of Historical Structures  
The DMRC has taken significant steps to ensure the preservation of archaeological structures 
during the construction and operation of the Delhi Metro. The Delhi Phase IV -2 project, has 
incorporated measures to protect and conserve heritage sites along the metro routes.  
The Archaeological Survey of India (ASI) restricts construction within 100m and regulates those 
within 200m running events. These regulations generally prohibit any activity that could damage 
or disturb archaeological remains. DMRC considered the metro rou tes adjustment to avoid or 
minimize impacts on significant archaeological sites.  
(2) Other Related Policies 
a. Land Use Plans and Phase IV-2 Project 
The Delhi Land Use Plan made by Delhi Development Authority (DDA) is a comprehensive 
document designed to guide the city's urban development. It outlines the desired land use 
patterns, zoning regulations, and infrastructure requirements to ensure sustainab le and 
equitable growth. The key objective of the plan is to promote environmentally friendly practices 
 
16 The Right to Fair Compensation and Transparency in Land Acquisition, Rehabilitation and Resettlement 
(RFCTLARR) Act, 2013 is a law that governs land acquisition in India. "
88,PDF page 88," 
Environment Impact Assessment for Delhi Metro Phase IV-2 Project 
 
 
78 J A DELHI METRO RAIL CORPORATION LTD. 
 
and reduce the city's ecological footprint. It also ensures equitable access to resources and 
opportunities for all residents with efficient use of land and optimize land use to accommodate 
the city's growing population. It also enhances people mobility by  improve transportation 
infrastructure and promote sustainable modes of transport while protecting and conserving 
Delhi's rich cultural heritage. 
DMRC’s Phase IV-2 and DDA’s Delhi Land Use Plan are consistent with their approach in shaping 
the urban development of Delhi. Land Use Plan provides the framework and Phase IV Project 
provide the transportation infrastructure and integration to the overall  transportation system. 
DMRC also strategize the location of station and facilities while DDA regulates the use of 
surrounding areas of the station to utilize the added land value provided by the new metro 
infrastructure.  
b. eSampada Housing and Management 
“eSampada” is an online platform developed by the Ministry of Housing and Urban Affairs. It 
serves as a centralized portal for the management of government -owned properties, including 
residential accommodation and office spaces. eSampada is a valuable tool for the I ndian 
government in managing its vast portfolio of properties. By automating processes, ensuring 
transparency, and improving efficiency, the platform contributes to better governance and 
service delivery.  
Under the Delhi Land Use Plan and Phase IV -2 Project, preparations have already been made to 
manage the government properties including the dilapidated buildings, structurally unsound, and 
those declared inhabitable and abandoned buildings. eSampada delist ed those properties, thus 
several affected government buildings are not occupied before project alignment is finalized and 
constructed.  
4.2.2. Route Selection for Corridors 
(1) Corridor 1: Inderlok-Indraprastha  
a. Land Use and Target Area 
The alignment traverses mainly residential area (yellow), and patches of commercial (red), public 
facilities (blue), and industrial (purple) areas, with small pockets of recreational park (green) . 
The main purpose of the metro route is to capture the people from the residential areas. These 
people will travel from their place of residence to the centre of the city. 
Figure 4.1: Corridor 1 - Land Use and Target Area 
"
89,PDF page 89," 
Environment Impact Assessment for Delhi Metro Phase IV-2 Project 
 
 
79 J A DELHI METRO RAIL CORPORATION LTD. 
 
b. Available Metro Service and Catchment Area 
Shown in the Figure 4.2 below is a map of existing metro lines (black) and 600m catchment area 
(purple circles) of each of the existing station. Distance between two stations is about 1.2km in 
average for all the Delhi Metro network. Based on the Figure 4.2 , it is found that there are areas 
(red) without metro service and these locations is a candidate location of the Corridor 1 stations.  
Figure 4.2: Corridor 1 - Available Metro Service and Catchment Area 
c. Existing Road Network and Road Classification  
The existing road network around the two terminal stations are investigated to determine the 
available width. The map below in Figure 4.3 shows the grouping of roads in terms of road width. 
Blue lines are roads represent Primary roads (also includes motorway road, trunk road) and 
above roads while Orange lines are secondary roads.  
Figure 4.3: Corridor 1 - Existing Road Network and Road Classification 
 
Route 1 
Route 2 
Secondary Road 
(Orange) 
Primary Road 
(Blue) "
90,PDF page 90," 
Environment Impact Assessment for Delhi Metro Phase IV-2 Project 
 
 
80 J A DELHI METRO RAIL CORPORATION LTD. 
 
 
d. Identified Route Options 
Between Inderlok and Indraprastha stations, available road were evaluated so as to identify main 
roads where the metro infrastructure can be built. Shown in the figure 4.3 are the main roads and 
its road widths along between the corridor’s terminal station.  Two metro routes are identified 
based on the available primary and secondary road classification. Route 2 (purple line) is located 
on the northern portion of the corridor while the Route 1 (yellow line) is on the southern portion.  
e. Route Option and catchment area 
Based on the possible route options, catchment area is generated to determine the urban area to 
be served and also determine the duplication of influence area generated by the existing metro 
lines. It is noticeable in the northern segments that the Purple Route’s catchment area is 
overlapping many of the existing metro lines catchment area , shown in the Figure 4.4 below. 
Compared to the Purple route, the Yellow Route provides less overlapping with existing metro 
lines. 
Figure 4.4: Corridor 1 - Identified Route Options 
 
(2) Corridor 2: Lajpat Nagar-Saket G Block 
a. Land Use and Target Area 
The Figure 4.5 below gives a broad overview of the two-terminal station on the land use map. 
The alignment traverses mainly residential area (yellow), and patches of commercial (red), public 
facilities (blue), and industrial (purple) areas, with small pockets of recreational parks (green), 
as shown in the figure below.  
Route 1 
Route 2 "
91,PDF page 91," 
Environment Impact Assessment for Delhi Metro Phase IV-2 Project 
 
 
81 J A DELHI METRO RAIL CORPORATION LTD. 
 
The main purpose of the metro route is to capture the people from the residential areas. These 
people will travel from their place of residence to the centre of the city. 
Figure 4.5: Corridor 2 - Land Use and Target Area 
 
b. Available Metro Service and Catchment Area 
Shown in the Figure 4.6 below is a map of existing metro lines with 600m catchment area (blue 
circles) of each of the existing station. Distance between two stations is about 1.2km in average 
for all the Delhi Metro network. Based on the figure above, it is found that there are areas (red) 
without metro services and these locations is a candidate location of the Corridor 2 stations.  
Figure 4.6: Corridor 2 - Available Metro Service and Catchment Area 
 
No Metro Service 
No 
Metro 
Service "
92,PDF page 92," 
Environment Impact Assessment for Delhi Metro Phase IV-2 Project 
 
 
82 J A DELHI METRO RAIL CORPORATION LTD. 
 
c. Existing Road Network and Road Classification  
The existing road network around the two terminal stations are investigated to determine the 
available width . The Figure 4.7  as shown below are classification of roads in terms of road 
purpose. Blue lines represent Primary roads (also includes motorway road, trunk road)  and 
orange lines are secondary roads.  
d. Identified Route Options 
Shown in Figure 4.7 are two metro routes identified based on the roadways with road 
classification as primary and secondary. Route 2 (purple line) is located on the western portion 
of the corridor while the Route 1 (yellow line) is on the eastern portion.  
Figure 4.7: Corridor 2 - Existing Road Network and Road Classification 
e. Route option and catchment area 
Based on the possible route options, catchment area is generated, as shown in Figure 4.8 below, 
to determine the urban area to be served and also determine the duplication of influence area 
generated by the existing metro lines. Purple Route is adjacent with the existing catchment area 
as compared with the Yellow Route. Further, the purple route has an underground section. While 
the Yellow route partly overlaps with the existing metro catchment area , it is elevated viaduct 
structures.  
The two identified routes are possible in connecting the corridor terminal.  
Route 2 
 Route 1 "
93,PDF page 93," 
Environment Impact Assessment for Delhi Metro Phase IV-2 Project 
 
 
83 J A DELHI METRO RAIL CORPORATION LTD. 
 
Figure 4.8: Corridor 2 - Route Option and Selected Alignment 
 
(3) Corridor 3: Rithala-Narela-Nathupur 
a. Land Use and Target Area 
The alignment traverses mainly suburban  residential area (yellow), and patches of commercial 
(red), public facilities (blue), and industrial (purple) areas, with pockets of recreational parks 
(green), as shown in Figure 4.9 below.  
The main purpose of the metro route is to capture the people from the residential and industrial 
areas. These people will travel from their place of residence to work within the corridor and 
commute toward the centre of the city.  
 
Figure 4.9: Corridor 3 - Land Use and Target Area 
Route 2 
Route 
1 "
94,PDF page 94," 
Environment Impact Assessment for Delhi Metro Phase IV-2 Project 
 
 
84 J A DELHI METRO RAIL CORPORATION LTD. 
 
b. Available Metro Service and Catchment Area 
Shown in Figure 4.10 below shows the location of the corridor 3 terminal station (black circles) 
and also shows is an existing Indian railway (black lines) with 1500m radius catchment area (pink 
circles) of each of the existing station. The blue circles represent the catchment areas of existing 
metro stations. Based on the Figure 4.10, it is found that there are areas without metro service, 
shown as dashed red ellipses, and these locations are a candidate location of the corridor 3 
stations.  
 
Figure 4.10: Corridor 3 - Available Metro Service and Catchment Area 
 
c. Existing Road Network and Road Classification 
The existing road network around the two terminal station s are investigated to determine the 
available width. Figure 4.11 below shows the grouping of roads in terms of road width. Blue lines 
represent Primary roads  (also includes motorway road, trunk road)  while Orange  lines are 
secondary roads. 
 
No Metro 
Services 
No Metro 
Services 
Indian Railways 
Indian Railway’s 
Station Influence Area "
95,PDF page 95," 
Environment Impact Assessment for Delhi Metro Phase IV-2 Project 
 
 
85 J A DELHI METRO RAIL CORPORATION LTD. 
 
 
Figure 4.11: Corridor 3 - Existing Road Network and Road Classification 
d. Identified Route Options 
Two metro routes are identified based on the roadways with road classification as primary and 
secondary as shown in Figure 4.12 below. Route 1 (yellow line) is located on the western portion 
of the corridor while the Route 2 (green line) is on the eastern portion.  
 
Figure 4.12: Corridor 3 - Existing Road Network and Routes 
 
Route 1 
Route 2 "
96,PDF page 96," 
Environment Impact Assessment for Delhi Metro Phase IV-2 Project 
 
 
86 J A DELHI METRO RAIL CORPORATION LTD. 
 
e. Route Option and Selected Alignment 
Based on the possible route options, catchment area is generated to determine the urban area to 
be served and also determine the duplication of influence area generated by the existing metro 
lines shown in Figure 4.13. 
 
Figure 4.13: Corridor 3 - Existing Road Network, Influence Area and Routes 
Upon route comparison, all the possible routes seemed not to overlap or duplicate catchment area. 
Further, land area on the left side part of the map are urbanized giving more advantage for the 
yellow route as shown in the red-dashed circle.  
4.3. Impact of Alternative routes and their comparison  
The purpose of urban Mobility is to provide a safe and reliable means of mobility to general public 
so connect, let us say, Point A to Point B. There may be several routes to reach these two control 
points. However, it may be possible that only a few routes are practical and useful. Therefore, in 
each corridor, the  most practical routes to connect Point A to Point B are selected, so that the 
objective of connectivity is met causing minimal damage to the environment and with the  least 
land acquisition, resettlement and rehabilitation  impacts and are then compared. Post this 
comparison, the route which is least environmentally and socially damaging is selected. 
4.3.1. Corridor 1: Inderlok to Indraprastha (Line 5) 
The below table shows the result of Corridor 1 alternative route analysis. 
Table 4.2: Alternative Route Analysis for Inderlok to Indraprastha Corridor (Line 5) 
Sr. 
No. Particular Alternative Route 
1 (Yellow) 
Alternative Route 2 
(Purple) 
Alternative  
without Remarks 
1 Length and no. of stations 12.393 km 
9 stations 
12.2 km approx. 
9 stations 
  
Advantage "
97,PDF page 97," 
Environment Impact Assessment for Delhi Metro Phase IV-2 Project 
 
 
87 J A DELHI METRO RAIL CORPORATION LTD. 
 
Sr. 
No. Particular Alternative Route 
1 (Yellow) 
Alternative Route 2 
(Purple) 
Alternative  
without Remarks 
2 
Length of Elevated section 
and no. of elevated 
stations/ At grade stations 
0.954 km 
1 stations 
0.954 km 
1 stations 
 
 
3 
Length of underground 
section and no. of 
underground stations 
11.438 km 11.246 km 
 
 
4 No. of Depots 
This line is extension of green line, existing depot facilities available at 
Bahadurgarh and Mundka Metro Depot which will be used for future 
requirements.  
5 Safety & Environment  - - 
 As per SHE 
version 
2019 
6 Permanent Land 
requirement(sqm) 
107,550  
(Only government 
land involved) 
115,834 
(Govt. 68001 
Private 47833) 
 
 
7 No. of trees to be felled 1,971 3,335   
8 Forests and Wildlife 
Sanctuary affected 
No forest and wild 
life sanctuary 
affected 
No forest and wild life 
sanctuary affected 
 
 
9 
No. of ASI protected 
archaeological structures 
within the 100m periphery 
(prohibited zone) of the 
alignment 
No structure within 
100m periphery of 
alignment. 
Red Fort (80m) 
 
 
10 Construction duration 4 years 4 years   
11 Impact on the Environment 
Loss of trees 
Reduction in air 
pollution 
Loss of trees 
Reduction in air pollution 
 
 
12 No. of structures affected 0 
06  
(5 govt. structures and 1 
private structure) 
 
 
13 Issues of noise and 
vibration 
During Construction, 
Noise may increase 
near the construction 
area 
During Construction, Noise 
may increase near the 
construction area. 
 
 
14 Approx cost 4,927.3 Cr 5,166.3 Cr   
 
Based on the above table the following is concluded:  
The overall length of the alternative route 2 is slightly less by 0.193 km, the length of elevated 
section is the same i.e. 0.954 km. The length of underground section is underground section of 
the alternative 1 is 11.438 km and for alternative 2 is 11.246 km. For both alternative 1 and 2, 
existing depots of Bahadurgarh and Mundka Metro Depot will be used. The permanent land area 
requirement for alternative 1 is 107550 m2., which is Government land only and for alternative 2 
is 115834 m2., which is higher than alternative 1 and includes both government and private land 
i.e., 68001 m2. and 47833 m2., respectively. Number of trees felled or affected will be 1 ,971 on 
Alternative 1 and 3 ,335 on Alternative 2, therefore, trees are affecting more on Alternative 2. 
Furthermore, 4 ASI protected archaeological structures within the 100m periphery (prohibit ed 
zone) of the alignment are present in Alternative 2 and no ASI structure is in zone of 100 m for 
Alternative 1. At Alternative 1, no structure is affected but at Alternative 2, 6 number of structures 
will be affected out of which 1 is private and 5 will be government structures. Even the cost of 
Alternative 1 i.e., 4927.3 Crores is less than Alternative 2, i.e., 5166.3 Crores. Hence the 
Alternative 1 is more feasible and will be used as final alignment of the corridor 1 Inderlok to 
Indraprastha. "
98,PDF page 98," 
Environment Impact Assessment for Delhi Metro Phase IV-2 Project 
 
 
88 J A DELHI METRO RAIL CORPORATION LTD. 
 
 
Figure 4.14: Map showing ASI Protected Monuments at Inderlok to Indraprastha Corridor 
4.3.2. Corridor 2: Lajpat Nagar to Saket G Block (Line 11) 
The below table shows the result of Corridor 2 alternative route analysis. 
Table 4.3: Alternative Route Analysis for Lajpat Nagar to Saket G Block Corridor (Line11) 
Sr. 
No. Particular Alternative Route 1 
(Yellow) 
Alternative Route 2 
(Purple) Remarks 
1 Length and no. of stations 7.247 km 
7 stations 
8.49 km. 
7 stations  
2 
Length of Elevated section 
and no. of elevated 
stations/ At grade stations 
7.247 km 
7 stations 
 6.34 km  
6 stations  
3 
Length of underground 
section and no. of 
underground stations 
NA 2.15 km  
1 no.  
4 No. of Depots Nil Nil  
5 Safety & Environment  - - As per SHE 
version 2019 
6 Permanent Land 
requirement (sq.m.) 
67,700 
(govt. land) 
84,000  
(govt. land)  
7 No. of trees to be felled 1500 1726  
8 Forests and Wildlife 
Sanctuary affected 
No forest and wild life 
sanctuary affected. 
No forest and wild life 
sanctuary affected.   
9 
No. of ASI protected 
archaeological structures 
within the 100m periphery 
(prohibited zone) of the 
alignment 
No structure within 
100m periphery of 
alignment 
Tomb of Usuf-Quttal 
situated at Khirki (10m)  
Khirki Masjid (Beneath) 
Siri Fort (30m) 
 
10 Construction duration 4 years 4 years  
"
99,PDF page 99," 
Environment Impact Assessment for Delhi Metro Phase IV-2 Project 
 
 
89 J A DELHI METRO RAIL CORPORATION LTD. 
 
Sr. 
No. Particular Alternative Route 1 
(Yellow) 
Alternative Route 2 
(Purple) Remarks 
11 Impact on the Environment 
Loss of trees 
Reduction in air 
pollution 
1.Loss of trees 
2.Reduction in air 
pollution 
 
12 No. of structures affected 16 nos. 
(CPWD staff quarters) 
30 nos. 
(all govt. structures)  
13 Issues of noise and 
vibration 
During Construction, 
Noise may increase 
near the construction 
area. 
During Construction, 
Noise may increase near 
the construction area.  
14 Approx. cost 695.906 Cr 793.75 Cr.  
 
Based on the above table the following is concluded:  
The overall length of the alternative route 1 is slightly less by 1.243 km as compared to alternate 
2. The length of elevated section in case of alternative 2 is 6.34 km while Alternative 1  is 7.427 
km the same as overall length alternative route 1. The length of underground section of the 
alternative 1 is 0 km and for alternative 2 is 2.15 km. The permanent land area requirement for 
alternative 1 is 67,700 m2 and for alternative 2 is 84 ,000 m2, which is higher than alternative 1. 
Number of trees felled or affected will be 1 ,500 on Alternative 1 and 1 ,726 on Alternative 2, 
therefore, trees will be  affected more on Alternative 2. Furthermore, 3 ASI protected 
archaeological structures within the 100m periphery (prohibit ed zone) of the alignment are 
present in Alternative 2 and no ASI structure is in zone of 100 m for Alternative 1. At Alternative 
1, 16 structures will be affected while at Alternative 2, 30 structures will be affected. Even the 
cost of Alternative 1 i.e., INR 695.906 Crores is less than Alternative 2, i.e., INR 793.75 Crores. 
Hence the Alternative 1 is more feasible and will be used as final alignment of the corridor 2 Lajpat 
Nagar to Saket G Block. 
 
 
 
 
 
 
 
 
 "
100,PDF page 100," 
Environment Impact Assessment for Delhi Metro Phase IV-2 Project 
 
 
90 J A DELHI METRO RAIL CORPORATION LTD. 
 
 
Figure 4.15: Map showing ASI Protected Monuments at Lajpat Nagar to Saket G Block 
Corridor 2 
 
"
101,PDF page 101," 
Environment Impact Assessment for Delhi Metro Phase IV-2 Project 
 
 
91 J A DELHI METRO RAIL CORPORATION LTD. 
 
4.3.3. Corridor 3: Rithala –Narela – Nathupur (Line 1) 
The below table shows the result of Corridor 3 alternative route analysis. 
Table 4.4: Alternative Route Analysis for Rithala–Narela–Nathupur Corridor (Line 1) 
Sr. 
No. Particular Alternative Route 1 
(Yellow) 
Alternative Route 2 
(Green) Remarks 
1 Length and no. of stations 26.582 km 
21 stations 
25 km approx. 
21 stations  
2 
Length of Elevated section and 
no. of elevated stations/ At 
grade stations 
Length of elevated section is 
26.582 km 
20 Elevated stations  
 1 at Grade station  
25 km approx. 
21 Elevated stations  
 
 
3 
Length of underground 
section and no. of 
underground stations 
NA NA  
4 No. of Depots 01 01  
(Private Land)  
5 Safety & Environment  - - As per SHE 
version 2019 
6 Permanent Land requirement 
(sq.m.) 
299861 
(Govt. Land) 
394785 (Approx.) (Govt. 
Land 129175 &  
Private Land 265610) 
 
7 No. of trees to be affected 12385 20540   
8 Forests and Wildlife Sanctuary 
affected 
No forest and wildlife 
sanctuary affected 
No forest and wildlife 
sanctuary affected  
9 
No. of ASI protected 
archaeological structures 
within the 100m periphery 
(prohibited zone) of the 
alignment 
 
No structure within 100m 
periphery of alignment 
 
No structure within 100m 
periphery of alignment  
10 Construction duration 4 years 4 years  
11 Impact on the Environment 
1. Reduction in 
2.air pollution Loss of trees 
1. Reduction in 
2. Air pollution Loss of 
trees 
 
12 No. of structures affected Nil NIL  
13 Issues of noise and vibration 
During Construction Noise 
may increase near the 
construction area 
During Construction 
phase, Noise may increase 
near the construction area. 
 
14 Approx. cost 6,559.75 Cr 7,888.25 Cr  
 
Based on the above table the following is concluded:  
The overall length of the alternative route 2 is slightly less by 1.582 km as compared to alternate 
1, the length of elevated section is same as the overall alternative routes. The proposed depot for 
Alternative 1 is at government and for Alternative 2, th e depot land is private land. The 
permanent land area requirement for alternative 1 is 299,861 m2. which is Government land only 
and for alternative 2 is 394 ,785 m2., which is higher than alternative 1 and includes both 
government and private land i.e., 129,175 & 2,65610 m2., respectively. Number of trees felled or 
affected will be 12 ,385 on Alternative 1 and 20 ,540 on Alternative 2, therefore, trees will be  
affected more on Alternative 2 at higher side. Furthermore, no structures will be affected in both 
the Alternatives. Even the cost of Alternative 1 i.e., 6,559.75 Crores is less than Alternative 2, i.e., 
7,888.25 Crores. Hence the Alternative 1 is more feasible and will be used as fi nal alignment of 
the corridor 3 Rithala-Narela-Nathupur. 
 "
102,PDF page 102," 
Environment Impact Assessment for Delhi Metro Phase IV-2 Project 
 
 
92 J A DELHI METRO RAIL CORPORATION LTD. 
 
4.4. Additional Review on Corridor 3: Depot Alternatives 
4.4.1. Factors considered for Depot location 
As a background, Corridor 1 will use the existing depot at Bahadurgarth and Corridor 2 will use 
existing depot at Sarita Vihar. However, for Corridor 3 a new depot is necessary for the 
maintenance of additional rolling stock that will be used for Rithala-Nathupur segment.  
When selecting a location for a railway depot, you can consider factors such as:  
• Accessibility: How close the depot is to the metro alignment localities and how well it 
is connected to existing and future roads  
• Environmental impact: Whether the depot is in an environmentally sensitive area, 
such as a forest or wetland  
• Land availability: Whether there is enough open land for future expansion and 
development including ownership of the land 
• Topographic conditions: Whether the ground is fairly level and how the natural 
ground slopes  
• Engineering geological conditions: How the stability and economic rationality of the 
depot will be affected by the geological conditions 
Based on this selection criteria, shown in the Figure 4.17 are the only two locations that qualify 
as a depot for corridor 3. Alternative 1 is located near the Bawana JJ Colony station. Alternative 2 
is located at Depot Station between New Sanoth and Bhorgath Village Stations. 
 
Figure 4.16: Corridor 3 – Alignment and Depot Alternatives 
4.4.2. Depot alternatives for Corridor 3 
(1) Depot Alternative 1 
The below figure shows the location of Depot 1 alternative. 
"
103,PDF page 103," 
Environment Impact Assessment for Delhi Metro Phase IV-2 Project 
 
 
93 J A DELHI METRO RAIL CORPORATION LTD. 
 
 
Figure 4.17: Location of Depot Alternative 1 for Corridor 3 
 
Selection observation:  
• Accessibility: It is close to the metro alignment. Additional viaduct is to be constructed 
to connect the depot with the main tracks.  
• Environmental impact: Location is not in an environmentally sensitive area, such as a 
forest or wetland. However, the presence of the canals adjacent to the depot location 
may pose danger of breach of the banks. 
• Land availability: The land is vacant and open land for future expansion and 
ownership is by private sector. There are no affected residential buildings. 
• Topographic conditions: The ground is level and with the natural ground slopes. 
• Engineering geological conditions: the stability and economic rationality of the depot 
may be affected by presence of the canals. 
(2) Depot Alternative 2 
The below figure shows the location of Depot 2 alternative. 
 
"
104,PDF page 104," 
Environment Impact Assessment for Delhi Metro Phase IV-2 Project 
 
 
94 J A DELHI METRO RAIL CORPORATION LTD. 
 
 
Figure 4.18: Location of Depot Alternative 2 for Corridor 3 
 
Selection observation:  
• Accessibility: It is adjacent to the metro alignment. No additional viaduct is to be 
constructed to connect the depot with the main tracks.  
• Environmental impact: Location is not in an environmentally sensitive area, such as a 
forest or wetland.  
• Land availability: The land is vacant and open land for future expansion and 
ownership is by government sector. There are no affected residential buildings. 
• Topographic conditions: The ground is level and with the natural ground slopes.  
• Engineering geological conditions: ground is stable stability and economic rationality 
of the depot is justified. 
(3) Depot Alternative 2 
The below table shows the result of Corridor 3 Depot alternatives. 
Table 4.5: Depot Alternative Comparison: 
S. 
No. Issues Alternative 1 (New) Alternative 2 (New) Remarks 
1 Permanent Land requirement 20 Ha  
(Private Land) 
19.8 Ha  
(Government Land)  
2 No. of trees to be felled 77 trees  65 trees  
3 Impact on the environment 
Location is not in an 
environmentally sensitive area 
but with risks on adjacent canals 
Location is not in an 
environmentally 
sensitive area 
 
4 Forests and Wildlife Sanctuary affected Nil Nil - 
5 
No. of ASI protected archaeological 
structures within the 100m periphery 
(restricted zone) of the alignment 
Nil Nil - 
6 Construction duration 4 years 4 years - 
7 No. of structures affected  Nil Nil - 
8 Approx. Cost 2138.00 Cr Rs.  622.50 Cr. Rs  
 
There is minimal difference between the two depot locations. It is thus preferred to locate the 
depot at Alternative 2 since the land is government owned.  
"
105,PDF page 105," 
Environment Impact Assessment for Delhi Metro Phase IV-2 Project 
 
 
95 J A DELHI METRO RAIL CORPORATION LTD. 
 
CHAPTER 5. Current Status of Environment and Social Conditions  
This chapter describes the existing status of the study area with reference to the major 
environmental attributes. The existing environmental setting of Delhi is considered in order  
inform the scoping of the potential impacts of the project during its various phases. The Physical 
environment (air environment, water environment, noise environment, soil land environment), 
biological environment and socio-economic environment as described in the JICA Guidelines  
Secondary baseline information was collected from literature and government resources on 
water resources, geology, hydrology and hydrogeology, demography; India Meteorological 
Department (IMD) (1991 -2020), Geological Survey of India (GSI), Office of Divisi onal Forest 
Officer, Census of India (Demographic data) 2011, CGWA, National Bureau of Soil Survey & Land 
use Planning. Biophysical information was compiled on environmental aspects such as 
Topography, Climate, Soils, Water Resources, land use and flora an d wildlife resources. On the 
socio-economic environment, the study compiled information on aspects such as population, 
education, labour force, poverty analysis and health. 
5.1. Project Area  
Delhi, the capital city of India , is located in 
Northern India, at 28.61°N 77.23°E. The city 
is bordered on its northern, western, and 
southern sides by the state of Haryana and to 
the east by that of Uttar Pradesh (UP). Two 
prominent features of the geography of Delhi 
are the Yamuna floo d plains and the Delhi 
ridge. The Yamuna River was the historical 
boundary between Punjab and UP, and its 
flood plains provide fertile alluvial soil 
suitable for agriculture. The Yamuna, a 
sacred river in Hinduism, is the o nly major 
river flowing through Delhi. The Hindon 
River separates Ghaziabad from the eastern part of Delhi. The Delhi ridge originates from the 
Aravalli Range in the south and encircles the west, northeast, and northwest parts of the city. It 
reaches a height of 318 m (1,043 ft) and is a dominant feature of the region17. 
Delhi is renowned for its rich historical background, diverse culture, and significant political 
stature. The city is steeped in history, with landmarks such as the Red Fort, India Gate, Jama 
Masjid, and Lotus Temple reflecting its historical significance and architectural beauty. Delhi, 
officially the National Capital Territory (NCT) of Delhi, is a city and a union territory of India 
containing New Delhi, lying on both sides of the Yamuna River, but chiefly to the west, or beyond 
its right bank, Delhi shares borders with the state of Uttar Pradesh in the east and with the state 
of Haryana in the remaining directions. Delhi became a union territory on 1 November 1956 and 
the NCT in 1995. 
The proposed corridors pass through several districts of NCT State and Haryana State. 
• Corridor 1 (Inderlok to Indraprastha) passes through Central Delhi districts,  
• Corridor 2 (Lajpat Nagar to Saket G Block) passes through South East Delhi and South 
Delhi District and  
 
17 Delhi Economic-Survey 
"
106,PDF page 106," 
Environment Impact Assessment for Delhi Metro Phase IV-2 Project 
 
 
96 J A DELHI METRO RAIL CORPORATION LTD. 
 
• Corridor 3 (Rithala to Nathupur) passes through North and North West Delhi District, 
and Sonipat District. 
 
Source:DMRC 
Figure 5.1 Delhi District Map 
5.2. Land Environment 
5.2.1. Physiography 
The physiography of Delhi is dominated by the river Yamuna, the Aravalli range and the plains in 
between formed by alluvium deposits of recent formation. The Delhi Ridge and its four sections, 
the northern, the central, the south central and the southern c onstitute the farthest extension of 
the Aravalli range, its spurs meeting the Yamuna at two points in the north and the east. The Noida 
or Shahdara area drains from east to west into the Yamuna River. Similarly Delhi and New Delhi 
also drain towards the Yamuna River through various drains such as the Najafgarh drain. The 
average gradient is gentle of the order of 1 to 4 m/km. The Delhi area is generally flat except for 
a gentle rise to form a central ridge from North – East to South – South – West. The Yamuna River 
is Delhi’s source of drinking water. 
5.2.2. Geomorphology 
The Ground water availability in Delhi NCT indirectly relates with its distinct landform units, 
which in turn represent the underlying intrinsic geological features. All the landforms present in 
NCT Delhi can be grouped into three broad geomorphic units: n amely Rocky Surface, Older 
Alluvial Plain and flood Plains of Yamuna River. 
Rocky Surface: The rocky surface represents structurally controlled relict linear ridges and 
isolated hillocks comprising of rocks of Delhi Supergroup. This distinct landform comprising of 
isolated hills is most prominent in the south and south -central par ts and extends from 
Mahipalpur to Wazirabad in the north. Towards south of Mahipalpur the ridge gets bifurcated, 
"
107,PDF page 107," 
Environment Impact Assessment for Delhi Metro Phase IV-2 Project 
 
 
97 J A DELHI METRO RAIL CORPORATION LTD. 
 
one arm extends towards Mandi and further south while the other arm takes a turn towards 
southeast and extends up to Tughlakabad -Greater Kailash- Nehru Place and Okhla. It attains a 
maximum elevation of 362 Meter above mean sea level which gradually dimini shes towards 
North where rocks are exposed on the Western Bank of Yamuna near Wazirabad. 
Older Alluvial Plain: The gently undulatory terrain on either side of the rocky surface is described 
as Older Alluvial Plain. This surface is separated from the Yamuna Flood Plain by a bluff. 
Depending upon the morphological expressions / features, this un it is further divided into 
different subunits: namely, (i) Najafgarh Older Alluvial Plain, (i) Delhi Older Alluvial Plain and (ii) 
Maidan Garhi Plain. Najafgarh Older Alluvial Plain occupying western and south-western part of 
the region is partly covered by sand dunes and sandy sheets. The gently sloping surface including 
the covered pediment along the eastern flank of the ridge represents the Delhi Older Alluvial Plain. 
Maidan Garhi Plain is a relatively higher plain surface and forms part of Chhatarpur Ba sin. A 
narrow zone of “Badlands” has formed mostly along the western margins of structural ridges due 
to intense development of gullies and rills. 
Flood Plain of river Yamuna: The low -lying flat surface representing the Flood Plain of Yamuna 
River occupying the northern, north -eastern and eastern parts of the NCT is an important 
geomorphic unit. North of Narela, the width of the flood plain varies from 15 to 17 km. The wider 
Older Yamuna flood plain indicates lateral migration of river Yamuna over large areas. This belt 
has good potential for ground water development. It forms the erosional terrace. The Yamuna 
Active Flood Plain represents the wide be lt bounded on both the sides by Eastern and Western 
bunds and is naturally prone to annual / periodic floods being in the floodway and flood fringe 
zone of river Yamuna. It forms depositional terrace and is characterized by abandoned channels, 
cut-off meanders, meander scrolls, point bars and channel bars. The presence of number of cut - 
off meanders -in the Yamuna Flood Plain suggests oscillatory shifting of river. The lakes near 
Bhalsawa, Kondli and Khichdipur are remnants of large meanders.18 
 
18 Source: Ground water yearbook, National capital Territory, Delhi 2017-18 "
108,PDF page 108," 
Environment Impact Assessment for Delhi Metro Phase IV-2 Project 
 
 
98 J A DELHI METRO RAIL CORPORATION LTD. 
 
 
Source: GSI: Bhukosh 
Figure 5.2: Geomorphological Map of Delhi 
5.2.3. Geology 
The rock formations exposed in the National Capital Territory of Delhi are mainly quartzite 
interbedded with thin bands of micaceous schist. These Proterozoic age rocks occur along the 
ridge, extending from Harchandpur (Haryana) in the South to Wazirabad ( Delhi) in the North. 
Quaternary sediments consisting of alluvium deposit directly overlie the Proterozoic rocks. 
Systematic geological and geomorphologic studies carried out by the Geologists of Geological 
Survey of India3 has revealed three Stratigraphic horizons and underlying three distinct 
lithostratigraphic units of NCT Delhi. The highest of these is the erosional surface forming the top 
of denudational hills. The second surface is Older Alluvial plain and the third is depositional 
Younger Alluvial pla in (Yamuna). All three lithostratigraphic units corresponding to them have 
undergone changes due to widespread and uncontrolled urban activity over the period. 
"
109,PDF page 109," 
Environment Impact Assessment for Delhi Metro Phase IV-2 Project 
 
 
99 J A DELHI METRO RAIL CORPORATION LTD. 
 
5.2.4. Soil Type 
The soil forming material of the area consists of the alluvium derived from the Aravalli through 
the numerous ephemeral drainage ways and the alluvium derived from the Yamuna that consists 
of the material from the Siwalik and the Himalayas. Dominant influe nce of the Aravalli alluvium 
is apparent in Mehrauli area including a part of the I.A.R.I. (Indian Agriculture Research Institute) 
Farm whereas Yamuna alluvium is dominant in the rest of the Territory. Still the influence of the 
mixed alluvium of the Arava llies and the Yamuna alluvium should be expected in some parts of 
the Territory. Wind modification of soils is common. Yamuna and Aravalli alluvium form the 
distinct soil forming materials in the area. When we consider variation within different alluviums, 
texture of the material becomes an important differentiating characteristic. Quartz dominates in 
the sand fraction with iron oxide minerals up to 5 - 10% and biotites from 5 -25%. Quantitative 
mineralogy of the clay fraction in the soil of I.A.R.I. Farm has shown that smectite is the dominant 
double layer mineral, which is from 23 -40%, followed by mica 10 -28% and kaolinite 12 -19%. 
Amorphous mineral varies from 6 to 24%. Presence of smectite and amorphous minerals seem 
to have their effect on CEC (Cation Exchange Capacity) and available moisture capacity of the soils 
of the Territory. Thus, mineralogy of the soils may be described as mixed.19 
5.2.5. Stratigraphic Succession: 
Delhi Supergroup is a part of the Aravalli craton. Delhi supergroup is Mesoproterozoic in age and 
occupied by the rocks of fold belts, alternatively also termed as Delhi fold Belt. The Delhi 
Supergroup constitutes a major portion of the Aravalli Mountain Range and extends over a strike 
distance of about 700 km in Gujarat in southwest to Delhi in northeast, from where the 
supergroup derived its name. The rocks of the supergroup prominently occur in south -western, 
north-eastern and central Rajasthan in the form of a linear belt. 
Table 5.1 Stratigraphic succession of rocks in Delhi area 
Group Formation Rock type Age 
Delhi 
Yamuna channel alluvium Grey, fine to medium sand, grit with 
coarse sand, silt and clay Holocene 
Yamuna Older Flood Plain & 
Terraces 
Grey sand, coarse grit, pebble beds and 
minor clays 
Holocene 
Holocene Older Alluvium 
Sequence of sand -silt-clay with 
yellowish brown medium sand with silt, 
kankar with brown Aeolian sand 
----------Unconformity ------- 
Delhi 
Post Delhi Intrusives Pegmatitic, tourmaline-quartz veins and 
quartz veins 
Neo- Proterozoic 
Ajabgarh Formation Quartzite with minor schist, tuff and ash 
beds 
Mesoproterozoic 
  
The rock formations exposed in the National Capital Territory of Delhi are mainly quartzite of the 
Alwar series of the Delhi Supergroup that are interbedded with thin micaceous schist bands. 
Srivastava et al. (1980) grouped these rocks of Delhi area as the Alwar formation of Delhi Super 
group while Kachroo and Bagchi (1999) have classified them as Barkhol for mation of the 
Ajabgarh Group of the Delhi Supergroup. Proterozoic rocks occur along the ridge, extending from 
Harchandpur (Haryana) in the South to Wazirabad (Delhi) in the North. Quaternary sediments 
directly overlie the Proterozoic rocks. The stratigraph ic succession of these rocks reviewed by 
Kachroo and Bagchi (1999).20 
 
 
19 Indian Agriculture Research Institute 
20 Central ground water board "
110,PDF page 110," 
Environment Impact Assessment for Delhi Metro Phase IV-2 Project 
 
 
100 J A DELHI METRO RAIL CORPORATION LTD. 
 
 
Source: GSI-Bhukosh 
Figure 5.3: Geological Map of Delhi 
5.2.6. Waste 
Ministry of Environment, Forests and Climate Change, GOI has notified the Construction and 
Demolition Waste Management Rules, 2016. Secretary in -charge of Urban Development has the 
responsibility for implementation of these rules. 
• A Construction and Demolition Waste processing plant of capacity 2000 MTD has been 
installed by M/s IL & FS and is operational at Jahangirpuri for processing of 
construction and demolition waste in Delhi. Another Construction and Demolition 
Waste processing plant of capacity 500 MTD at Shastri Park, Delhi is operational and is 
also run by M/s IL & FS. 
• Processed construction and demolition waste material is used for making 
tiles/pavement blocks and for ready mix concrete, aggregates etc. 
According to the survey conducted by MCD, burning of wastes along tracks in railway land has 
been a problem. MCD had convened a meeting with Indian Railway officials regarding Collection/ 
"
111,PDF page 111," 
Environment Impact Assessment for Delhi Metro Phase IV-2 Project 
 
 
101 J A DELHI METRO RAIL CORPORATION LTD. 
 
transportation /processing of MSW from the sides of railway tracks. MCD proposed to transport 
the garbage to the nearest dustbin/dhalo/FCTS for the railways to transp ort and dump the 
garbage therein. 
5.3. Hazard and Vulnerability  
5.3.1. Earthquake 
The country has been classified into different zones indicating the intensity of damage or 
frequency of earthquake occurrences. These zoning maps indicate broadly the seismic coefficient 
that could generally be adopted for design of buildings in different parts of the country. Delhi is 
situated in zone IV of seismic zoning map of India. The zone has fairly high seismicity with general 
occurrence of earthquakes of 5 -6 magnitude, a few of magnitude 6 -7 and occasionally of 7 -8 
magnitude. Delhi thus lies among the high -risk areas. Seismicity around Delhi appears to be 
associated with a major geological structure known as the Delhi -Haridwar Ridge. This ridge 
constitutes an important tectonic block between 28O° and 30O° N between 76O° and 79O° E with 
a NE-SW trend. It coincides with the extension of the Aravalli Mountain belt beneath the alluvial 
plains of the Ganga basin to the northeast of Delhi towards the Himalayan Mountain. The first 
recorded major earthquake in this region occurred on 15th July 1720 of intensity 9.0. Subsequent 
other earthquake events occurred in 1803, 1819, 19005, 1934, 1937, 1945, 1949, 1958, 1960, 
1966, 1975, 1980, 1994, of intensity between 7.0 to 9.0.  
5.3.2. Landslide 
The project site is present at no land slide active zone as per land slide incidence map of India. All 
the Project activities will be carried out as per the details provide in the approved project plan. 
5.3.3. Flood 
Delhi is the capital city of India and is situated on the banks of the Yamuna River. Concern for 
floods in Delhi are due the rivers viz. Yamuna Flood Plains. The Yamuna Flood Plains are a vast 
area of land along the banks of the Yamuna River. The Hindon is  a tributary of the Yamuna and 
flows through the states of Uttar Pradesh and Delhi. The Sahibi is a small river that originates in 
the Aravalli Range in Rajasthan and flows through Haryana before entering Delhi, The Najafgarh 
Drain is a seasonal river that  originates in Haryana and flows through the western part of Delhi 
before joining the Yamuna. The average annual rainfall in Delhi is 714 mm with three -fourths of 
it falling in the months of July, August and September. Heavy rainfall in the catchment area of the 
Yamuna can result in a dangerous flood situation for the city. Flooding in the Delhi area can occur 
due to overflow of the Yamuna River, which is prone to flooding during the monsoon season. The 
rapid urbanization and inadequate drainage systems in Delhi also make the city vulnerable to 
localised floods. Delhi has also experienced flash floods in the past, particularly in the low -lying 
areas of the city. 
Table 5.2: Recent Major Flood events in Delhi 
SL. No. Year Description of the flood event 
1 2010 Floods were reported during second week of September 2010 in Delhi due to release of 
water from Hathnikund barrage resulting in increase of water level in Yamuna River 
2 2013 Floods were reported during third week of June 2013 in Delhi due to rising water level 
in River Yamuna. 
3 2018 Floods were reported in Delhi due to heavy torrential rains during last week of July,2018 
4 2019 Floods were reported in Delhi due to heavy torrential rains during third week of August 
2019. The river Yamuna has crossed the danger mark at many areas. 
5 2023 Many parts of Central and North Delhi flooded with deaths and evacuations. Flood level 
exceeded the danger mark and drains were unable to discharge. 
Source: https://ndma.gov.in/sites/default/files/PDF/FHA/Flood_Affected_Area_Atlas_of_India.pdf 
 "
112,PDF page 112," 
Environment Impact Assessment for Delhi Metro Phase IV-2 Project 
 
 
102 J A DELHI METRO RAIL CORPORATION LTD. 
 
 
Source: https://vai.bmtpc.org/eq-dl.html 
Figure 5.4: Earthquake Hazard Map 
"
113,PDF page 113," 
Environment Impact Assessment for Delhi Metro Phase IV-2 Project 
 
 
103 J A DELHI METRO RAIL CORPORATION LTD. 
 
 
Source: https://vai.bmtpc.org/landslide.html 
Figure 5.5: Landslide Incidence Map of India 
"
114,PDF page 114," 
Environment Impact Assessment for Delhi Metro Phase IV-2 Project 
 
 
104 J A DELHI METRO RAIL CORPORATION LTD. 
 
 
Source: https://vai.bmtpc.org/dl.html 
Figure 5.6: Showing Flood Hazard Map of Delhi NCT 
(1) Zone O area  
Zone O of the Delhi Development Authority (DDA) is a significant location within the designated 
floodplain area. This classification has substantial implications for development, infrastructure, 
and environmental management within the zone, development in this zone does not exacerbate 
flooding risks. This means development in this area will require special approvals to proceed. 
Developers must incorporate flood mitigation strategies, such as elevated structures, flood 
barriers, and proper drainage systems, to minimize the risk to future inhabitants. The 
"
115,PDF page 115," 
Environment Impact Assessment for Delhi Metro Phase IV-2 Project 
 
 
105 J A DELHI METRO RAIL CORPORATION LTD. 
 
preservation of these areas is essential for sustaining the natural environment, which in turn 
helps in managing flood risks more effectively. Any development in Zone O must take into account 
the need to protect these ecological systems  and must prioritize the protection of the area's 
ecological systems . In addition to implementing proper mitigation measures, continuous 
monitoring of environmental indicators will be essential to ensure minimal disruption to the 
ecosystem. This includes tracking air and wate r quality, noise, and vibration levels throughout 
the construction and operation phases. Alternative analysis plays a crucial role in identifying 
options that avoid or reduce environmental impacts.  
Development in Zone O area will require special approvals as Floodplain  Management Approval 
from Flood Control Department, approval from the Delhi Development Authority (DDA), No 
Objection Certificates (NOCs) from Various Stakeholders (NOCs will be required from agencies 
such as the Delhi Pollution Control Committee (DPCC), local municipal bodies, and the Public 
Works Department (PWD).  These certificates ensure that all aspects of the project, from 
construction to operational phases, comply with local regulations).  
Therefore, for two metro stations i.e. Indraprastha and Delhi Secretariat of Corridor 1 Inderlok to 
Indraprastha which have been proposed in Zone-O, permission from statutory authority will be 
obtained for carrying out construction in Zone -O. The Zone -O Map showing the corridor 
alignment is attached below Figure 5.7 and Figure 5.8. 
 "
116,PDF page 116," 
Environment Impact Assessment for Delhi Metro Phase IV-2 Project 
 
 
106 J A DELHI METRO RAIL CORPORATION LTD. 
 
 
Figure 5.7 Location of Zone 0 
"
117,PDF page 117," 
Environment Impact Assessment for Delhi Metro Phase IV-2 Project 
 
 
107 J A DELHI METRO RAIL CORPORATION LTD. 
 
 
Figure 5.8 Location of Zone 0 in the Project area 
5.4. Morphological Ridge Management  
Morphological Ridge is an area that has Ridge-like features (such as rocky terrains and hills). All 
projects that fall in the Morphological ridge and needs to execute must be placed before the Ridge 
Management Board (RMB) for recommendation to the Hon'ble Supreme Court. The RMB is 
responsible for protecting and conserving the Ridge forests in Delhi, India. Area of Corridor 1 at 
Jhandewalan metro station is falling in Morphological ridge area and therefore permission will 
be required from competent authority for construction in the area.  
 
"
118,PDF page 118," 
Environment Impact Assessment for Delhi Metro Phase IV-2 Project 
 
 
108 J A DELHI METRO RAIL CORPORATION LTD. 
 
 
Figure 5.9: Map showing Morphological Ridge area of Corridor 1 
5.5. Water Environment  
5.5.1. Drainage 
The Yamuna River flowing in a southerly direction in the eastern part of the NCT of Delhi is the 
only perennial river in the area besides the number of micro watersheds originating from the 
quartzite ridge. The drainage on the East of the ridge enters river Yamuna, whereas on the West, 
it enters natural depressions located in Najafgarh Tehsil of South-West district. The NCT of Delhi 
can be divided into seven sub basins, ultimately discharging into the Yamuna, namely (i) The 
Najafgarh Drain is about 39 Km long, flows North-Easterly and joins Yamuna River at Wazirabad 
in North Delhi, (i) Supplementary drain, (iii) Barapullah drain (iv) Wild life sanctuary area, (v) 
Drainage of Shahadra area, (vi) Bawana drain basin, (vii) Other drains directly out falling into  
river Yamuna on right bank. Swamp areas are common along the flood plains of Yamuna. 
"
119,PDF page 119," 
Environment Impact Assessment for Delhi Metro Phase IV-2 Project 
 
 
109 J A DELHI METRO RAIL CORPORATION LTD. 
 
Source: Ground water yearbook, National Capital Territory, Delhi 2017-18) 
Figure 5.10: River and Drainage in Delhi 
5.5.2. Water resources 
Delhi, being in a semi-arid zone, receives about 61.18 cm annual rainfall and about 81% of this 
rain fall is received during the months of July to September. The balance is received in the 
remaining months of the year. With this low rainfall, Delhi faces significant chal lenges in 
managing its water resources due to its rapidly growing population, urbanization, and limited 
access to natural water bodies. In the past, this limited amount of rainwater was able to fall on 
the forest surface, infiltrate the soil, and be conver ted into groundwater for use by people. Over 
the last few decades, the area of impervious surfaces, like roads, and buildings has increased 
many times in the city, which ultimately prevents rainwater from infiltrating, or soaking, into the 
ground. As a result, a large amount of rainwater over Delhi becomes surface runoff and empties 
into the nearby storm drains. A point of concern is that the intensity of urbanization in Delhi is 
increasing day by day and as a result the generation of runoff rather than groundwater recharge 
will continue to increase in the years to come. 
Delhi relies on various types of water resources to meet its diverse needs. The major types of 
water resources managed and utilized by the Delhi Jal Board and other agencies in the city 
include: (i) Surface water, which includes water from Yamuna River (ii) Water from neighbouring 
states (Ganga River & Bhakhra Storage) and (iii) Ground Water. 
"
120,PDF page 120," 
Environment Impact Assessment for Delhi Metro Phase IV-2 Project 
 
 
110 J A DELHI METRO RAIL CORPORATION LTD. 
 
The Yamuna River flows along the eastern border of Delhi and serves as one of the primary 
surface water sources for the city. Water is withdrawn from the river and treated at water 
treatment plants before being distributed to consumers. Delhi receives a significant portion of its 
water supply from neighbouring states, such as Haryana and Uttar Pradesh, through various 
inter-state water sharing agreements.  
At present neighbouring states are supplying nearly 86 % of Delhi’s water needs. Consequently, 
the groundwater resource of Delhi is coming under immense pressure, and it is adversely 
affecting Delhi’s water supply condition. However, these sources have also become increasingly 
stressed due to the growing demand from Delhi's expanding population. Moreover, the water 
quality of some of these sources is also a matter of concern due to pollution and inadequate 
treatment. In addition to surface water sources, DJB also manages and extracts groundwater from 
wells and tube wells. Groundwater serves as a valuable supplement to the city's water supply, 
particularly during periods of high demand or scarcity. Rapid urbanization, population growth, 
pollution, and climate change are some of the critical factors that put immense pressure on the 
available water sources. As a result, Delhi has become one of the water deficient cities in the world 
and it is going to become a water scarce city in the future. (Rainwater Harvesting_, Chapter II) 
5.5.3. Hydrogeology and Ground water level 
Various hydrogeological and groundwater exploration studies in NCT of Delhi by CGWB has 
revealed that thickness of fresh groundwater in most of the State varies from 20 to 40 m. It is also 
observed that no fresh water is available in a few pockets in Narel a and Alipur tehsils of North 
District, Saraswati Vihar tehsil of Northwest district, Punjabi Bagh and Patel Nagar tehsils of West 
District, Najafgarh tehsil of Southwest district and Kalkaji tehsil of Southeast District. In one of 
the recent study undertaken under NAQUIM (National Project on Aquifer Management) projects 
by WAPCOS (Water and Power Consultancy Services (India), the granular zones (the aquifers) 
with varied resistivity were picked up from the combined interpretations of electrical resistivity 
(64 inches Normal) and gamma radioactivity logs of the boreholes drilled in the area. In general, 
it is clear that freshwater sediments are followed by the saline water sediments in all over NCT 
of Delhi, the thickness of freshwater sediments is thin in major parts of NCT, Delhi. The depth to 
fresh - saline water interface varies from 10 mbgl to 80 mbgl (metre below ground level). Ground 
water quality below fresh saline water interface is saline all through up to the bedrock. At a few 
locations like Dhansa, Qutabgarh and Bankner, saline ground water is present at a very shallow 
depth range. 
In the Southwest district of NCT Delhi, bedrock is encountered at many places i.e. in Dhansa, 
Samalkha, Kabul lines, Jhuljhuli where fresh/saline water interface also varies greatly across the 
entire area. All along the Najafgarh Drain and two depressions i.e. Gummanhera & Pindwalan 
Kalan, freshwater layer is somewhat deeper i.e. up to 35 mbgl but rest of the area is having thin 
layer of fresh water i.e. up to the depth 25 to 28 mbgl only. In the western parts of the district, the 
thickness of freshwater zone is limited. At a few locations like Dhansa, the saline ground water is 
present at very shallow depths and as we move towards areas in the eastern part of the district, 
where hard rock is present, the thickness of freshwater aquifers is more, and fresh/saline water 
interface occurs at dee per depth i.e. generally around 80 to 90 mbgl. At Rajolkri, the depth of 
fresh/ saline water interface has been observed to be 150 mbgl. 
In the West district, the depth of fresh/saline interface varies from 25 to 50 mbgl. The depth of 
freshwater zone varies from 10 to 45mbgl.  
In South district depth of fresh/ saline water interface varies from 75 to 100 mbgl. The thickness 
of freshwater zone varies from 30 to 85 m bgl. At locations like Gadaipur, Bhatti and Munirka, 
freshwater aquifers are followed by hard rock (Delhi quartzite). In Southeast district at places 
around Madanpur Khadar, the thickness of freshwater zones is limited. Here, freshwater aquifers 
are followed by saline water zone and bedrock encountered at the depth of around 300 mbgl. "
121,PDF page 121," 
Environment Impact Assessment for Delhi Metro Phase IV-2 Project 
 
 
111 J A DELHI METRO RAIL CORPORATION LTD. 
 
In the Northwest district, the depth of fresh/ saline water interface varies greatly. The thickness 
of freshwater aquifers is limited in this district. In areas along Yamuna Flood Plain fresh/ saline 
water interface is at deeper depth i.e. around 40 to 70 mbgl whereas in rest of the area it is 22 to 
40 mbgl. No bedrock has been observed up to the depth of 250 mbgl. 
In Northeast district, thickness of freshwater aquifers is more in areas around Yamuna Flood 
Plain. The depth of fresh/ saline water interfaces in Yamuna Flood Plain ranges between 32 and 
50 mbgl whereas in rest of the area, it ranges from 25 to 38 mbgl. 
 In New Delhi and Central Districts, freshwater sediments are followed by saline water and then 
by quartzite (Delhi Ridge). In East & Shahdara districts, thickness of freshwater aquifers is more 
at locations like Kalyanpuri, Kondli and Shakarpur up to 60 mbgl. 
5.5.4. Ground Water Level 
An analysis for numbers of monitoring wells throughout Delhi NCT in the different categories of 
the water levels for all four monitoring periods of year 2022-2023 reveals that water level depth 
up to 5 mbgl varies considerably over two monitoring periods (May & other months) which 
shows that dynamic changes in ground water levels are conspicuously deciphered in shallow 
water zones. For depth range of 5 to 10 mbgl and 10 to 20 mbgl and more at few locations ground 
water levels in August, November & January compared to May period is not prominent. 
Whereas the number of monitoring stations showing water level below 40mbgl remain almost 
same in all four -monitoring periods indicate stressed water conditions in deep aquifers of NCT, 
Delhi. The depth to water level recorded in NCT Delhi during 2022 -2023, in general varies from 
less than 2 mbgl in areas of Yamuna Flood plain and parts of Northwest and West districts to more 
than 65 mbgl, mainly in areas underlain by Delhi Quartzite in Central, New Delhi and South 
districts.21 
 
21 Ground water year book National Capital Territory, Delhi 2022-23 "
122,PDF page 122," 
Environment Impact Assessment for Delhi Metro Phase IV-2 Project 
 
 
112 J A DELHI METRO RAIL CORPORATION LTD. 
 
 
Figure 5.11: Depth to Water Level Map (Pre-Monsson) 
"
123,PDF page 123," 
Environment Impact Assessment for Delhi Metro Phase IV-2 Project 
 
 
113 J A DELHI METRO RAIL CORPORATION LTD. 
 
 
Figure 5.12: Hydrogeological Map of Delhi 
5.5.5. Water Quality 
Testing of groundwater is to obtain information on chemical quality through representative 
sampling in different parts of NCT Delhi. Groundwater is commonly tapped from phreatic aquifers 
through representative dug well / bore wells or hand pump located nea rest to the monitoring 
station. A total number of 79 water samples were collected from NCT of Delhi, as part of 
groundwater quality monitoring work, during May 2021. A list of locations and result of chemical 
analysis of its basic parameters in NCT of Delhi are described below. 
 
"
124,PDF page 124," 
Environment Impact Assessment for Delhi Metro Phase IV-2 Project 
 
 
114 J A DELHI METRO RAIL CORPORATION LTD. 
 
5.6. Air Environment 
5.6.1. Meteorology 
Long term climate data from 1981-2020 was collected from the nearest IMD station i.e. New Delhi 
(Safdarjang). Table 5.3 shows the Meteorological data of May 2024, IMD New Delhi (Safdarjang) 
and Figure 5.13: Climatological data of Delhi 2021 Figure 5.13 shows the climatological data of 
Delhi in 2021. 
Table 5.3: Long-term Meteorological data, IMD New Delhi (Safdarjang) 
Month 
Daily Mean 
Temperature Rainfall Relative 
Humidity 
Mean 
wind 
speed 
Cloud Amount 
Max. Min. Monthly 8:30 17:30 8:30 17:30 
(0C) (0C) (mm) (%) (%) (km/h) Oktas of sky 
January 25.8 3.5 19.2 88 57 6.3 3.5 2.4 
February 29.5 6.0 21.5 82 46 6.9 2.2 2.4 
March 35.8 10.7 19.1 69 37 7.6 2.0 2.5 
April 41.4 16.3 12.5 48 25 7.8 1.7 2.3 
May 44.3 20.5 29.4 46 28 8.5 1.6 2.4 
June 43.7 22.2 80.6 59 43 8.8 3.0 3.5 
July 40.1 24.3 195.8 76 63 7.8 4.9 5.6 
August 37.4 23.7 226.8 80 68 7.4 4.9 5.5 
September 37.1 21.9 128 76 60 6.6 2.9 3.5 
October 36.1 15 14.1 72 47 4.1 0.8 1.1 
November 32.2 8.8 4.1 77 52 3.9 0.9 1.1 
December 27.3 4.5 8.0 84 59 4.9 2.1 1.6 
Annual Mean Total  44.8 3.1 758.9 71 49 6.7 2.5 2.8 
Source: Climatological Tables 1981-2020, Indian Meteorological Dept., Govt. of India 
 
 
Figure 5.13: Climatological data of Delhi 2021 
(1) Climate  
Delhi is a land locked city. The distance from the sea gives Delhi an extreme type of continental 
climate with the prevalence of continental air during major parts of the year. Only during the 
three monsoon months of July, August and September does the air of oceanic origin penetrate to 
this region and causes increased humidity, cloudiness and rain. The year can be bro adly divided 
"
125,PDF page 125," 
Environment Impact Assessment for Delhi Metro Phase IV-2 Project 
 
 
115 J A DELHI METRO RAIL CORPORATION LTD. 
 
into four seasons. The cold season starts from December and extends up to end of February. This 
is followed by the hot weather season which lasts till about end of June when monsoon arrives 
over the region. The monsoon continues till the third week of September. The two post monsoon 
months of October and November constitute a transition season from monsoon to winter 
conditions. 
Comfortable weather conditions occur during October to March. During October and November 
weather is very comfortable; and during December and January it is cold with occasional rainy 
days. During February and March nights are cool and the days filled with bright sunshine.22 
(2) Temperature 
The maximum daily mean temperature of 44.3°C has been recorded in the month of May while 
minimum daily mean temperature of 3.5°C has been recorded in the month of January.  
The summers in Delhi are very hot and winters very cold. The temperature may rise to about 
45 °C in summers, though the average temperature is around 39-40 °C. There are about 4-6 days 
of heat wave when the maximum temperature of a day rises 4 -6 °C above the normal values. 
Though the winters are not bitterly cold on most of the days, the temperatures may fall to 3-4 °C 
for a few days in winters when the cold winds from the Himalayas prevail over the region making 
the winters chilly. The winters are also marked by mist and fog in the mornings though the Sun is 
often out in the afternoons. 
(3) Rainfall 
The average total annual rainfall is 762.3 mm (1991-2020). The maximum monthly total rainfall 
recorded is 226.8 mm which occurred in August and minimum monthly rainfall is 4.1 mm which 
was recorded in month of November. 
The rainfall in NCT Delhi increases from the southwest to the northwest. About 81% of the annual 
rainfall is received during the monsoon months July, August and September. The rest of the 
annual rainfall is received as winter rains and as thunderstorm rain in the pre and post monsoon 
months. The variation of rainfall from year to year is large.  
 
Figure 5.14: Chart showing average annual rainfall pattern from year 2014-2023 
 
 
 
 
22 Source: Climate of Delhi at a Glance –Ministry of Earth Sciences India Meteorological Department  
"
126,PDF page 126," 
Environment Impact Assessment for Delhi Metro Phase IV-2 Project 
 
 
116 J A DELHI METRO RAIL CORPORATION LTD. 
 
(4) Wind Speed 
The maximum mean wind speed is 8.8 mm recorded in the month of June while the minimum 
mean wind speed is 3.9 mm recorded in the month of November.  
 
Figure 5.15: Secondary wind rose of New Delhi (Safdarjang) 
(5) Climate change 
According to Delhi State Action Plan on Climate Change (2019), the observed climate and its 
projection is as follows.  
Extreme minimum and maximum temperature events appear to be increasing in Delhi. Future 
projections of climate change using global and regional climate models, run by Indian Institute of 
Tropical Meteorology (IITM) with different IPCC emission scenarios, indicate temperature 
changes of about 3 – 5°C and increase of about 5 - 10% in summer monsoon rainfall. It is also 
projected that number of rainy days may decrease by 20 to 30% which would mean tha t the 
intensity of rainfall is expected to increase. Extremes  in temperature and rainfall also show an 
increase in their frequency and intensity by the end of the year 2100. As per the assessment of 
IITM, in the daily rainfall for over 50 years show similar trends in extreme rainfall. 
The transport sector in Delhi is responsible for 30.05 % of all greenhouse gas emissions in the 
city. The rate of increase in the number of vehicles exceeds the rate of population growth by four 
times. This number is set to increase with the increase in population and the standards of living. 
The change in climate, i.e. rise in temperature and increased intensity of rainfall can lead to a 
reduction in the lifespan of these systems. High temperature and rainfall can affect sensitive 
materials that may lose i ts stability rendering the systems unsafe for use. This can lead to huge 
losses in public expenditure. There is therefore a need to plan for the impacts of climate change 
on the transportation infrastructure. In Delhi these efforts include a massive mass transit system 
in the form of the Delhi Metro, changing fuel input in buses from diesel to CNG, other measures to 
incentivize public transport like Bus Rapid Transport systems 
5.6.2. Air Quality 
Delhi in terms of air pollution is ranked among the most polluted cities in the world  with PM2.5 
concentrations exceeding the WHO annual guideline by more than 10 times. The ambient air 
quality monitoring is carried out regularly by Central Pollution Control Board and Delhi Pollution 
Control Committee.  
The period during January-October in 2023 recorded a daily average PM2.5 concentration of about 
75 µgm/m3 as against ranging from 81-95 µgm/m3 during the corresponding periods from 2017 
to 2022 (barring the COVID affected 2020). the daily average PM 10 concentration in Delhi has 
"
127,PDF page 127," 
Environment Impact Assessment for Delhi Metro Phase IV-2 Project 
 
 
117 J A DELHI METRO RAIL CORPORATION LTD. 
 
been about 173 µgm/m 3, which is much lower than a range of 182 -220 µgm/m 3 during the 
corresponding periods from 2017 to 2022 (barring the COVID affected 2020). 
Delhi struggles with poor quality air around the year, but the air gets particularly toxic during 
winter. This happens due to various factors, including burning of crop remains by farmers in 
nearby states, industrial and vehicular emissions, low wind speed s and bursting of firecrackers 
during festivals. 
Air Quality in Delhi is one of the worst in the world (31 st in the world Sept 2024) 23, with a 
combination of factors contributing to high PM10 and PM2.5 such as traffic, temperature inversions 
in winter, dust blowing in from desert regions and stubble burning on nearby farms. Air Quality 
is worst from Mid-October to End of February when the Air Quality Index is regularly in Severe 
and Hazardous categories. 
 
Source: https://www.aqi.in/dashboard/india/delhi/new-delhi 
Figure 5.16 Daily Air Quality Index for Delhi 2023 
5.6.3. Noise Level  
The Delhi Pollution Control Committee (DPCC) has identified 23 out of 31 monitored locations as 
noise pollution hotspots in the city. 
 
According to the study carried out by Chauhan et.al. 24 in 2021 for 100 sites in NCT, Delhi, 
including 19 commercial zone sites, 9 industrial zone sites, 16 residential zone sites, 43 silence 
zone sites, 3 highway sites, and 10 intersection sites. The hourly equivalent noise levels of the 100 
monitored sites were observed to be varied in the range of 66.5 –84.7 dB(A), while the majority 
of almost 90.0% of the sites exhibited hourly equivalent noise levels within 70 dB(A) to 80 dB(A) 
range. It was revealed from the source apportionment analysis that road traffic noise along with 
honking was observed to be the major source of noise pollution in the NCT of Delhi. In total, 78% 
of subjects experienced road traffic noise with honking  as the most dominant source of noise 
pollution. 
5.7. Biological environment 
5.7.1. Protected Area 
Under the Wildlife Protection Act, 1972, it categorised protected areas into four categories: 
National Parks, Wildlife Sanctuaries, Conservation Reserves and Community Reserves.  
A national park is a protected area officially identified by the state government to conserve 
its ecological, faunal, floral, geomorphological, or zoological significance. It is categorised in 
the second schedule of the IUCN list. The power to declare national parks lies with both the 
 
23 https://www.aqi.in/real-time-most-polluted-city-ranking 
24 Chauhan, B.S., Kumar, S., Garg, N. et al. Evaluation and Analysis of Environmental Noise Levels in NCT of Delhi, 
India. MAPAN 38, 409–429 (2023). 
"
128,PDF page 128," 
Environment Impact Assessment for Delhi Metro Phase IV-2 Project 
 
 
118 J A DELHI METRO RAIL CORPORATION LTD. 
 
central and state governments, highlighting the joint responsibility for preserving these 
critical areas. 
A wildlife sanctuary is a designated area owned by the government or a private entity, aimed 
at safeguarding specific species of plants or animals, either seasonally or throughout the year. 
A Wildlife Sanctuary has the potential to be elevated to National Park status, but the reverse, 
degrading a National Park into a Wildlife Sanctuary, is not permissible. 
Conservation Reserves can be declared by the State Governments in any area owned by the 
Government, particularly the areas adjacent to National Parks and Sanctuaries and those 
areas which link one Protected Area with another. Such declaration should be made after 
having consultations with the local communities. Conservation Reserves are declared for the 
purpose of protecting landscapes, seascapes, flora and fauna and their habitat. The rights of 
people living inside a Conservation Reserve are not affected. 
Community Reserves are declared by the State Government in any private or community 
land, not comprised within a National Park, Sanctuary or a Conservation Reserve, where an 
individual or a community has volunteered to conserve wildlife and its habitat. Community 
Reserves are declared for the purpose of protecting fauna, flora and traditional or cultural 
conservation values and practices. As in the case of a Conservation Reserve, the rights of 
people living inside a Community Reserve are not affected 
 
Based on Integrated Biodiversity Assessment Tool (IBAT), There are no protected areas located 
near the corridor out of the 41 protected areas listed in India according to the World Database of 
Protected Areas. In Delhi, there is only one wildlife sanctuary, Asola Bhati (Indira Priyadarshini) 
declared in 1986, which is located 2.7 km from the nearest proposed project Corridor 2 and the 
eco-sensitive zone of the Sanctuary is 1.6 km away from Corridor 2.  The Okhla Bird Sanctuary is 
the closest Key Biodiversity Area, located 5.5 km from the nearest project corridor. The nearest 
point of eco-sensitive zone of the Okhla Bird Sanctuary is 4,8 km far from the project corridor.  
The Asola Bhatti Wildlife Sanctuary is the only Sanctuary in the urban conglomeration of NCT of 
Delhi, harbouring indigenous flora and fauna of Aravalli hills. The sanctuary is located in the 
Southern Ridge having following boundaries in North: Sangam Viha r and Durga Vihar colonies 
bordering Mehrauli -Badarpur Road; South: Interstate border with Haryana; East: Haryana 
interstate border and road from Tughlaqabad Fort to Suraj Kund; West: Asola, Fatehpur Beri and 
some other villages of Delhi and Haryana State. The vegetation of the Sanctuary falls under 6B/C 
Tropical Dry Thorn Forest type as per Champion and Seth (1968). The area is mainly dominated 
by sparse middle storied thorny trees with open patches. The sanctuary acts as a barrier against 
the advancing aridity from the southwest direction, but its good soil porosity also helps to act as 
an aquifer from where Delhi’s ground water gets recharged with good quality water and plays a 
major role in the overall control of the water regime. It further functions as  a thermos-regulator 
by creating its own evapo-transpiration regime. 
  "
129,PDF page 129," Environment Impact Assessment for Delhi Metro Phase IV-2 Project 
 
 
119 J DELHI METRO RAIL CORPORATION LTD. 
 
 
 Figure 5.17 : Corridor 2 Distance from Asola-Bhatti WLS & Okhla Bird Sanctuary and their Eco-Sensitive Zones 
"
130,PDF page 130," 
Environment Impact Assessment for Delhi Metro Phase IV-2 Project 
 
 
120 A DELHI METRO RAIL CORPORATION LTD. 
 
5.7.2. Forests and Green Areas 
(1) Area of Forest 
Delhi state seems overwhelmingly green. However, the green cover is not uniformly distributed, 
as some areas have considerably more green patches than the others. The districts of New Delhi 
and South Delhi are much greener compared to other districts.  
Despite several infrastructural projects and large-scale construction taking place in Delhi, i.e., 
Metro, National Highway Project, High-Capacity Bus Service (HCBS), flyovers, underpasses, 
subways, and general road widening, the forest and tree cover of Delhi has been increasing on a 
sustained basis from 151 km2. (10.2%) in 2001 to 342 km2. (23.06%) in 2021.The State of Forest 
Report published in 2021 by the Forest Survey of India, Dehradun, has recorded the extent of 
Forest and Tree Cover in NCT of Delhi as 195 km2 (13.15 %) and 147 km2 (9.91 %), respectively 
which covers 23.06% of its total geographic area which is 1483 km2. 
Table 5.4 : Temporal Variation in Green Cover of NCT of Delhi 
 
 
As per the record of ISFR 2021, the total Forest Cover of Delhi is 195 km2. The extent of 
districtwide forest cover of Delhi as per the latest satellite imagery is as under (Table 1.3). From 
the given analysis it has been observed that the forest cover in North and North -East Delhi 
districts have significantly increased while districts of West Delhi show a decline in the forest area 
which also reflects as an overall decrease of 0.44 km2area in Forest Cover of NCT of Delhi. 
Table 5.5 : District Wise Forest Cover of Delhi 
District Geographical Area Forest Area in Sq. km Percentage of 
Forest Cover 
Central Delhi  21 5.01 23.86 
East Delhi 63 3.84 6.10 
New Delhi 35 16.47 47.06 
North Delhi 61 4.71 7.72 
Northeast Delhi 62 4.14 6.68 
Northwest Delhi 443 17.53 3.96 
South Delhi  247 84.64 34.27 
Southwest Delhi 421 51.81 12.31 
West Delhi 130 6.58 5.27 
Total 1483 195 13.15 
Source: India State Forest Report, 2021  
"
131,PDF page 131," 
Environment Impact Assessment for Delhi Metro Phase IV-2 Project 
 
 
121 A DELHI METRO RAIL CORPORATION LTD. 
 
Tree Outside Forest (TOF) refers to tree resources found outside the forests as defined in the 
Government records. Extent of TOF therefore is estimated as the sum of extent of forest cover 
outside the recorded forest areas (RFA) and tree cover. The extent of Trees Outside Forests in 
Delhi is 283 km2 which is 19.08% of the State’s Geographical area and 82.74% of total Green Cover 
of Delhi. Hence the conservation and protection of TOF in NCT of Delhi is equally important 
Government of NCT of Delhi (GNCTD) has taken initiative through annual tree plantation and 
seedling distribution with active engagement of Forest Department, Green agencies and public to 
increase Green Cover area (Tree and Forest Cover) in Delhi. As a result of the initiatives taken by 
the Government, the Green Cover area has been increasing steadily over the years. 
 
Source: Forest Department, Govt. of Delhi, 2021 
Figure 5.18: Forest Cover Map of NCT of Delhi 
(2) Forest Type 
The forest type (or vegetation type) of an area refers to its physiognomy, structure and floristic 
features which are determined by geography, topography and anthropogenic factors.  
In A Revised Survey of Forest Types of India (1968), Indian forest ecosystems  is divided into 16 
type groups. These groups are further divided into sub -groups based on compositional patterns 
"
132,PDF page 132," 
Environment Impact Assessment for Delhi Metro Phase IV-2 Project 
 
 
122 A DELHI METRO RAIL CORPORATION LTD. 
 
and region-specific formations. As per this classification the forest types of Delhi fall broadly into 
two groups: (i) Tropical Dry Deciduous Forests (Group 5) (ii) Tropical Thorn Forests (Group 6) 
Further, they can be classified into three sub -groups: (i) Northern Dry Mixed Deciduous Forest 
(Sub-group 5B/C2) (ii)Ravine Thorn Forest (Sub -group 6B/C2) (iii) Plantation/ Trees outside 
forests (TOF).  
Area Statistics of forest types found in Delhi is given below: 
Table 5.6 : District Forest type of Delhi 
Sl 
no. Forest Types Area (km2) % of the total 
mapped area 
1 5B/C2 Northern Dry Mixed Deciduous 
Forest 20.51 10.48 
2 6B/C2 Ravine Thorn Forest 62.95 32.16 
 Sub Total 83.46 42.64 
3 TOF/Plantation 112.28 57.36 
 Total Forest Cover and Scrub 195.74 100.00 
 
Within above forest area and TOF/Plantation, Prosopis juliflora, Acacia lenticularis, Azadirachta 
indica, Holoptelia integrifolia and Ficus virens were recorded the top five vegetation forming tree 
species. The TOF (urban) is dominated with Azadirachta indica, Prosopis juliflora, Polyalthia 
longifolia, Morus Sp. and Ficus religeosa.25  
(3) Recorded/Notified and Non-Recorded Forest in NCT of Delhi 
As per the provisions of the Section 2 of Forest (Conservation) Act, 1980, the user agency who 
wants to undertake any construction project on any of the notified forest land has to obtain 
permission from Central Government and need to provide land equal in area to the land they want 
to divert for non-forestry purpose. 
Any development work in the Forest land, besides protected forest, reserved forest and wildlife 
sanctuary/ protected areas is subject to the provisions of Forest (Conservation) Act, 1980.  
Recorded forest includes Reserved Forests, Protected Forests and Wildlife Sanctuary, and 
Non recorded forest are: Morphological Ridge, Deemed Forest, City Forests, under 
Department of Forest and Wildlife, Govt. of NCT of Delhi. 
Non recorded forest includes Deemed Forest, City Forests, under Department of Forest and 
Wildlife, Govt. of NCT of Delhi 
The State Government may constitute any forestland or waste -land which is the property of 
Government, or over which the Government has proprietary rights, or to the whole or any part of 
the forest produce of which the Government is entitled, shall be considered as a Reserved Forest 
as notified under India n Forest Act, 1927. “Delhi Ridge”, having an extent of 7,784 Ha, refers to 
the extension of Aravalli, the oldest mountain chain in the country comprising of rocky outcrop 
enters Delhi from Haryan a near Tughlakabad, Bhatti, Dera Mandi area moves North, covering 
parts of Delhi Cantt., Lutyens’s Delhi and culminates near Timarpur, North of Delhi Univer sity. 
About 35 km stretch of the Ridge Forest falls under NCT of Delhi. 
Protected Forests: The State Government may, by notification in the Official Gazette, declare the 
provisions of Indian Forest Act, 1927 to any forest-land or waste-land which is not included in a 
Reserved Forest but which is the property of Government, or over which the Government has  
proprietary rights, or to the whole or any part of the forest produce of which the Government is 
 
25 India State of Forest Report, 2021 (FSI) "
133,PDF page 133," 
Environment Impact Assessment for Delhi Metro Phase IV-2 Project 
 
 
123 A DELHI METRO RAIL CORPORATION LTD. 
 
entitled. The forest -land and waste -lands comprised in any such notification shall be called a 
Protected Forest. 
Deemed Forest: “As per affidavit filed by Sh. R.K. Goel, the then Conservator of Forests, Govt. of 
NCT of Delhi, Govt. of NCT of Delhi dated 15.September.1997, where it was solemnly declared and 
affirmed by him that a committee in terms of the Supreme Court's judgment dated 
12.December.1996 in W(C) No. 202/1997 had been constituted to identify Forest areas. As per 
the decision of the committee areas above 2.5 acres having density of 100 trees per acre as well 
as stretches of land along roads, drains etc. having length of 1 km besides areas already shown as 
forests etc. in Revenue Land Records shall be considered as deemed forest.”26 
In general, the deemed forest is unclassified forest area and plantation area under different 
government departments along the roads, drains, railway tracks, etc., inside the city. They help 
control or reduce the risk of soil erosion, landslides and avalan ches. Forests therefore have an 
important role in protecting the homes and communit ies (FAO) of animals and people, and they 
help to maintain the environmental conditions needed for agricultural production. 
To obtain a  permission for developing a deemed forest in Delhi, a proponent submits a 
proposal/application to the Department of Forest & Wildlife, GNCTD (State Government of India) 
through the concerned Dy. Conservator of Forests. 
 
Figure 5.19 : Protected Forests under Department of Forest and Wildlife, Govt. of NCT of 
Delhi 
 
26 https://evanlekh.eforest.delhi.gov.in/deemed.html 
"
134,PDF page 134," 
Environment Impact Assessment for Delhi Metro Phase IV-2 Project 
 
 
124 A DELHI METRO RAIL CORPORATION LTD. 
 
5.7.3. Flora and Fauna  
Just 17 of the world’s 190 or so countries contain 70 % of its biodiversity, earning them the title 
“megadiverse.” India is one of these megadiverse countries with 2.4% of the land area, accounting 
for 7-8% of the species of the world, including about 91,000 species of animals and 45,500 species 
of plants, that have been documented in its ten bio -geographic regions. Of these 12.6% of 
mammals, 4.5% of birds, 45.8% of reptiles, 5 5.8% of amphibians and 33% of Indian plants are 
endemic, being found nowhere else in the world. 
(1) Characteristics of Delhi’s Forest Types 
Trees in dry deciduous forests have low height to diameter ratios, produce leaves with low 
specific leaf areas, and have high wood densities. These traits indicate slower and more 
conservative growth strategies in these trees than their evergreen forest counterparts. They have 
adapted to withstand seasonal water stress. The Delhi Ridge represents the Tropical Thorn Forest 
group. The bulk of the native vegetation consists of thorny trees and shrubs that are widely 
spaced and drought resistant. Native species  include Bistendu ( Diospyros montana), Hingot 
(Balanitesrox burghii ), Khair ( Senegalia catechu ), Kumttha ( Senegalia senegal ), Dhak ( Butea 
monosperma), Phulai ( Senegalia modesta ), and Kareel ( Capparis decidua ). The under -storey 
vegetation consists of perennials and annuals that emerge during the rains. The Plantation/TOF 
sub-group includes the trees growing in plantation sites, parks, gardens, avenues, empty lots, 
agricultural lands, etc. Delhi’s forests also fall into the category of “monsoon” forest in accordance 
with the climate. While in rainforests, moisture is available throughout the year supporting 
evergreen vegetation, monsoon forests have a distinct wet and dry season. Trees in monsoon 
forests shed their leaves in the dry season, which begins in late-January or early February in Delhi. 
Most trees flower between March and May; this is when they are leafless, thus making the flowers 
more conspicuous to pollinators. 
(2) Protection of Species by India 
Under the Wildlife (Protection) Act, 1972 , It has six schedules which give varying degrees of 
protection. Schedule I and part II of Schedule II provide absolute protection - offences under these 
are prescribed the highest penalties. Species listed in Schedule III  and Schedule IV  are also 
protected, but the penalties are much lower. Animals under Schedule V (e.g. common crows, fruit 
bats, rats, and mice) are legally considered vermin and may be hunted freely. The specified 
endemic plants in Schedule VI are prohibited from cultivation and planting. The Enforcement 
authorities have the power to compound offences under this Schedule (i.e. they impose fines on 
the offenders). 
5.8. Social Environment 
5.8.1. Demography 
(1) Demography of Delhi 
 The Population Census is the only source providing comprehensive data on population 
characteristics carried out decennially by the Government of India in collaboration with states. 
The census was conducted in 201127. As per this census, the population of Delhi, as of 1st March 
2011, was 16.78 million as against 13.85 million on 1st March 2001. According to Census 2011, 
about 97.50 % of the population of Delhi lives in urban areas and the remaining 2.5 % in rural 
areas. Areas and Population figures of Delhi are given in Table 1.1. According to the Census of 
2011, the population density of Delhi is 11,320 persons per km2 as against, 9,340 persons per km2 
in 2001. 
 
27 2011 census is the latest as of September 2024. There was supposed to be a census in 2021, which was postponed 
because of Covid. The next census is planned in Sept 2024. "
135,PDF page 135," 
Environment Impact Assessment for Delhi Metro Phase IV-2 Project 
 
 
125 A DELHI METRO RAIL CORPORATION LTD. 
 
According to the economic survey of Delhi for the period 2012 -2013 by the Government of 
National Capital Territory of Delhi 28, the population of Delhi increased. However, the rate of 
increase has slowed due to a decrease in birth rates, the development of peripheral towns, and 
the implementation of various employment promotion programs and welfare schemes. 
Table 5.7: Population Details of Delhi 
Region Area 
(km2) 
Population 
Sex Ratio 
(Females Per 
1000 Males) 
Density of 
Population 
(persons per km2) 
2001 2011 2001 2011 2001 2011 
New Delhi Municipal 
Council 42.74 302,363 257,803 825 838 7,074 6,032 
Delhi Cantonment Board 42.97 124,917 110,351 647 731 2,907 2,568 
Delhi Municipal 
Corporation Urban Rural 
and Census Towns 
1397.29 13,423,227 16,419,787 822 869 9,607 11,751 
Total 1,483 13,850,507 16,787,941 821 868 9,340 11,320 
Source: Statistical Handbook of Delhi, 2021 
 
 
Figure 5.20: Decadal Population Growth (%) of Rural and Urban of Delhi 
 
(2) Demographic Details of the District coming in the Study Area 
Demographic structure of the study area will be estimated with the selected parameters such as 
households, population, sex ratio, scheduled caste, scheduled tribes, literacy, total number of 
illiterates including the percentage of male and female which is abstracted from Census of India 
2011, Delhi State. District Map of Delhi with the proposed  three Corridors of Delhi Metro Phase 
IV-2 is given in Figure 5.21. 
The demographic data of all the three corridors will be abstracted from Census of India 2011, 
Delhi State. According to the current estimate, the population of Delhi City in 2024 is 15,673,000, 
while Delhi metro population is estimated at 23,223,000  based on past growth rate.  The 
Population of the Districts coming in the Study Area is given Table 5.8.  
 
 
28 Government of National Capital Territory of Delhi, The economic survey of Delhi, 2012-13, 
https://delhiplanning.delhi.gov.in/sites/default/files/Planning/2012-13/es_2012-13_demographic_profile.pdf 
11.13%
27.94%
46.98% 55.48%
106.58%
64.17%
54.57% 58.16%
46.87% 52.34%
26.80%
0% 4.62% 2.59%
17.72%
38.10%
-2.52%
39.93%
8.01%
109.86%
0.45%
-55.60%-80.00%
-60.00%
-40.00%
-20.00%
0.00%
20.00%
40.00%
60.00%
80.00%
100.00%
120.00%
1911 1921 1931 1941 1951 1961 1971 1981 1991 2001 2011
Urban Rural"
136,PDF page 136," 
Environment Impact Assessment for Delhi Metro Phase IV-2 Project 
 
 
126 A DELHI METRO RAIL CORPORATION LTD. 
 
Table 5.8: District wise Population in the Study Area 
Metro Corridors District traversed by the Delhi 
Metro Phase IV-2 Alignment 
Population of the 
Districts traversed by 
the Delhi Metro Phase 
IV-2 Alignment 
Inderlok to Indraprastha (Corridor 1) Central Delhi District 582,320 
Lajpat Nagar to Saket G Block 
(Corridor 2) 
Southeast Delhi & South Delhi 
District* 2,731,929 
Rithala to Nathupur (Corridor 3) North Delhi District, Sonipat District 2,337,979  
Source: Census of India 2011, Delhi State 
 
Figure 5.21 Location of Municipalities 
 
In September 2012, two new districts, viz. Southeast and Shahdara were added to the map of this 
city. Southeast Delhi District is one of the districts of Delhi (National Capital Territory) State. This 
district is a part of South Delhi Lok Sabha constituency. 
Southeast Delhi was part of South Delhi district at the time of Census in 2011. The Southeast Delhi 
district has been formed in 2012. Therefore Table 5.8 shows the Census details of Corridor 2 
under South Delhi district. 
Proposed Corridor 1 Inderlok - Indraprastha Line 5 Extension is coming in Central Delhi district, 
Lajpat Nagar -Saket G Block Line 11(Gold Line) Corridor 2 is coming in Southeast Delhi and South 
Delhi District and (Rithala -Nathupur Line 1 Extension (Red Line) corridor 3 is crossing from 
North Delhi District, and the part of Kundli and Nathupur is coming from Sonipat District of 
Haryana. So, the District wise Census is given of Del hi and Haryana. Kundli Urban area is in the 
Sonipat District of Haryana State.  
 
"
137,PDF page 137," 
Environment Impact Assessment for Delhi Metro Phase IV-2 Project 
 
 
127 J DELHI METRO RAIL CORPORATION LTD. 
 
Table 5.9: Demographic Structure of the Study Area 
Sr. 
No. Parameter 
District Coming in the Alignment of the Metro Corridors 
Central Delhi District South Delhi 
District 
North Delhi District & 
Sonipat District 
Haryana 
Total 
Corridor 1 Corridor 2 Corridor 3 (Corridor 1, 2 and 3) 
1 Households 119,639 574,133 457770  1151542 
2 Household Ratio 4.9 4.8 5.1  4.9 
3 Total Population 582,320 2,731,929 2,337,979  5,652,228 
4 Male Population 307,821(52.86%) 1,467,428(53.71%) 1,256,301(53.73%)  3,031,550(53.63%) 
5 Female Population 274,499(47.14%) 1,264,501(46.28%) 1,081,678(46.26%)  2,620,678(46.36%) 
6 Population (0-6 Years)  62,739(10.77%) 331,043(12.11%) 2,915,66(12.47%)  685,348(12.12%) 
7 Sex Ratio (females per 1000 males) 892 861 861 864 
8 Child Sex Ratio (girls per 1000 boys) 905 885 824 884 
9 Scheduled Caste  143,178(24.59%) 422,926(15.48%) 435,598(18.63%) 1,001,702(17.72%) 
10 Scheduled Tribes  NIL  
11 Literates  442,360(75.97%) 2,078,402(76.08%) 1,679,833(71.84%) 4,200,595(74.31%) 
12 Male Literates 240,518(54.37%) 1,185,036(57.01%) 971,496(57.83%) 2,397,050(57.06%) 
13 Female Literates 201,842(45.62%) 893,366(42.98%) 708,337(42.16%) 1,803,545(42.93%) 
14 Total Illiterates 139,960(24.03%) 653,527(23.92%) 658,146(28.15%) 1,451,633(25.68%) 
15 Male Illiterates 67,303(48.08%) 282,392(43.21%) 284,805(43.27%) 634,500 (43.70%) 
16 Female Illiterates 72,657(51.91%) 371,135(56.79%) 373,341(56.72%) 817,133(56.29%) 
Source: Census of India 2011, Delhi State 
 
 
 
 "
138,PDF page 138," 
Environment Impact Assessment for Delhi Metro Phase IV-2 Project 
 
 
128 J DELHI METRO RAIL CORPORATION LTD. 
 
5.8.2. Vulnerability 
The social affiliation of the group differentiates them for benefits under government schemes. 
Social groups indicate ranking within the society, preferences and vulnerability. In general, the 
families belonging to Scheduled Castes (SC) and Scheduled Tribes (ST) under the provisions of 
Constitution of India get preferential treatment in the government benefits be cause the group 
includes the people who are traditionally vulnerable. Except general category, all other groups 
need attention and to be addressed for their backward socio-economic conditions. 
Consideration has been given to the needs of  women and disabled people in the  Delhi Metro 
station design providing platform doors as well as tactile paving, seats, lifts and escalators for 
mobility and visually impaired, good lighting and legibility, security guard and security screening, 
gender segregated security check and washroom also provided.  
5.8.3. Livelihood 
(1) Economy of Delhi 
Delhi's economy is the 13 th largest among India's states and union territories, and is driven by 
the service sector, which is also the city's largest employer.  In 2022 -2023, the service sector 
contributed 84.84% to Delhi's Gross State Value Added (GSVA), followed by the secondary sector 
(12.53%) and primary sector (2.63%).  Other major industries in the region include banking, 
insurance, and financial services, agriculture and processed food, construction and real estate, 
tourism, logistics, and IT/ITeS. 
(2) Occupational Pattern/ Economic Resource Base 
The major sources of employment are available in the service industries such as information 
technology, telecommunications, hotels, banking, media, and tourism. Construction, power, 
health and community services and real estate are also important to the city's economy. Delhi has 
one of India's largest and fastest growing retail industries. Delhi's large consumer market and the 
availability of skilled labour has also attracted foreign investment.  
As per the Economic survey of Delhi (2022 –2023), Delhi's workforce constitutes 33.28% of the 
population (during 2011). The estimated employment rate in Delhi during the period July 2020-
June 2021 was 93.7 %. Unemployment rate in Delhi during aforesaid period was 6.3. Female 
workers constitute a less percentage of workers during 2011, and it approximated up to 15% of 
workers in Delhi. The major shares of workers in Delhi are in the category of other workers, which 
includes all industrial and tertiary sector activities at it constitutes at 95%. 
5.8.4. Religion  
Delhi, India is home to many religions, including Hinduism, Islam, Sikhism, Christianity, Jainism, 
and Buddhism. Hinduism is the most popular religion, with 80.21% of the population identifying 
as Hindu. Islam is the second most popular religion, with 12.78% of the population, followed by 
Sikhism (4.43%), Christianity (0.96%), Jainism (1.39%), and Buddhism (0.12%). 
5.8.5. Access to Social Services/ Utilities and Infrastructures Facilities in Delhi 
(1) Drinking Water Supply 
Delhi's municipal water supply is managed by the  Delhi Jal Board  (DJB). The Delhi Jal Board is 
responsible for the Production and Distribution of potable water after treating raw water from 
various sources like river Yamuna, Bhakhra Storage, Upper Ganga Canal & Groundwater and 
provides treatment and disposal of wastewater. The Delhi Jal Board provides water in bulk to the 
NDMC and Cantonment areas. Sewage from these areas is also collected for treatment and 
disposal by the Delhi Jal Board.  "
139,PDF page 139," 
Environment Impact Assessment for Delhi Metro Phase IV-2 Project 
 
 
129 J DELHI METRO RAIL CORPORATION LTD. 
 
(2) Health Institution 
Delhi Govt. is implementing 4 tier health care infrastructure model having Mohalla clinics and 
Polyclinics at tier-1 and tier-2 for providing primary and secondary health care services.  As per 
the details obtained from Directorate of Health Services, Delhi Health care delivery system in 
Delhi has been re-organized as per order dated 25.07.2015 in the following manner: - 
• Mohalla Clinics (Aam Aadmi Mohalla Clinics) 
• Multi-specialty Clinics (Polyclinics) 
• Multi-specialty Hospitals (earlier called Secondary Level Hospitals) 
•  Super Specialty Hospitals (earlier called Tertiary Level Hospitals) 
The Delhi Govt. alone is a significant contributor in case of health care services by December 2021, 
there were 38 Multispecialty and Super Specialty Hospitals, 175 Allopathic Dispensaries, 520 
Aam Aadmi Mohalla Clinics, 29 Polyclinics, 60 Seed Primary Urban Health Centres (PUHCs), 49 
Ayurvedic, 22 Unani, 108 Homeopathic Dispensaries, 22 Mobile Clinics, covering 78 day shelters 
& 311 night shelters and 61 School Health Clinics are providing preventive, promotive and 
curative health care services to the citizens of Delhi.  
The following details of health infrastructure are presented in the below Table 1.4 
Table 5.10: Health Infrastructure in Delhi 
Particulars Numbers 
Multispecialty and Super Specialty Hospitals 38 
Allopathic Dispensaries 175 
Aam Aadmi Mohalla Clinics 520 
Polyclinics 29 
Seed Primary Urban Health Centres (PUHCs) 60 
Ayurvedic 49 
Unani 22 
Homeopathic Dispensaries 108 
Mobile Clinics 22 
Day Shelters 78 
Night Shelters 311 
School Health Clinics 61 
Note Unani is a traditional system of medicine.  
Source: Economic Survey of Delhi 2021-22, Directorate General of Health Services. 
5.8.6. Mortality and Morbidity Rate in Delhi 
(1) Mortality 
As per the Annual report of “Registration of Births and Deaths in N.C.T. of Delhi for the year 2022” 
by the Directorate of Economics and Statistics & Office the vital events registered under the Civil 
Registration System in Delhi during the calendar year 2022 is given below and described in Table 
5.11. 
• The total number of vital events registered in Delhi during 2022 were 428,456. 
• Out of them 300,350 were births and 128,106 deaths. 
• Gross natural addition to the population of Delhi during 2022 comes to about 1.72 lakh 
(172,000) persons. 
Table 5.11: Mortality Rate in Delhi 
Sr. 
No Item Male Female Others # Total 
Births 155670 144581 99 300350 "
140,PDF page 140," 
Environment Impact Assessment for Delhi Metro Phase IV-2 Project 
 
 
130 J DELHI METRO RAIL CORPORATION LTD. 
 
Sr. 
No Item Male Female Others # Total 
A Percentage 51.83 48.14 0.03 100 
B Deaths 79052 49004 50 128106 
Percentage 61.71 38.25 0.04 100 
Gross natural addition to the 
population (A) - (B) 76618 95577 49 172244 
 Births 11252 10491 N. A 21743 
 Percentage 51.75 48.25 -- 100 
 Deaths N.A* N.A 11297 -- 
 Percentage -- -- -- -- 
# Sex “others” includes transgender/ambiguous/ not stated. 
Source: Directorate of Economics and Statistics & Office, Delhi 
a. Morbidity Pattern in Delhi 
As per the Health Dossier Report of 2021 the major diseases prevalent in Delhi are Ischemic heart 
diseases, Chronic Obstructive Pulmonary Disease (COPD), Diabetes type 2, and other 
musculoskeletal disorders. Non -Communicable Diseases contribute to 66.27% of Disability -
adjusted life year (DALYs); whereas injuries contribute to 9.63% of DALYs in the UT. The UT is 
positioned 19th in the country for the total number of fatal road accidents with respect to other 
States It is found in the recent National Family Health Survey (NFHS 5) report that 2.2% of women 
and 26.3% of men used any kind of tobacco, while 0.5% of women and 21.6% of men consumed 
alcohol. Overall, ambient particulate matter pollution, metabolic factors (high fasting plasma 
glucose, high systolic b lood pressure, high body mass index) and behavioural risk like smoking 
are the major risk factors for all DALYs. 
The top 10 Diseases prevalent in Delhi as per the report of National Family Health Survey (NFHS 
5) is given in Table 5.12. 
Table 5.12: Morbidity Pattern in Delhi 
Sr. No. List of Diseases Prevalent in Delhi 
1 Ischemic Heart Diseases 
2 Chronic Obstructive Pulmonary Disease (COPD) 
3 Diabetes Type 2 
4 Other Musculoskeletal 
5 Neonatal Preterm Birth 
6 Dietary Iron Deficiency 
7 Drug Susceptible TB 
8 Diarrheal Diseases 
9 Lower Respiratory Infection 
10 Other Neonatal Diseases 
Source: Health Dossier 2021: Reflections on Key Health Indicators – Delhi 
 
The major causes behind the diseases prevalent in Delhi is due to the following reasons: Ambient 
Particulate Matter Pollution , High Fasting Plasma Glucose , High Systolic Blood Pressure , High 
Body Mass Index, Low Birth Weight, Smoking, Short Gestation, High LDL Cholesterol, Alcohol Use, 
and Kidney Dysfunction, etc. 
5.8.7. Transportation System in Delhi City 
AIR: Airport: Indira Gandhi International Airport, situated to the south-west of Delhi, is the main 
gateway for the city's domestic and international civilian air traffic. In 2015 –16, the airport 
handled more than 48 million passengers, making it the busiest airport in India and South Asia. 
It is the second-busiest airport in the world by seating capacity, having a seating capacity of over "
141,PDF page 141," 
Environment Impact Assessment for Delhi Metro Phase IV-2 Project 
 
 
131 J DELHI METRO RAIL CORPORATION LTD. 
 
36 lakh (3.6 million) seats, and the busiest airport in Asia by passenger traffic, handling over 6.55 
crore (65.5 million) passengers in 2023.29 
Road: Delhi has the highest road density of 2103 km/100 km 2 in India. It is connected to other 
parts of India by five National Highways: NH 1, NH 2, NH 8, NH 10 and NH 24. The Delhi–Mumbai 
and Delhi–Kolkata prongs of the Golden Quadrilateral start from the city. The majority of the city's 
roads which are 60 ft (18 m) wide or above are maintained by the Public Works  Department 
(PWD) which is under the jurisdiction of the Government of Delhi while some are maintained by 
Delhi Development Authority  (DDA) and New Delhi Municipal C ouncil. The phenomenal 
population growth in Delhi has been accompanied by an equally rapid increase in vehicle 
population. There are approximately 12 million registered vehicles in the city as of 2022, which 
is the highest in the world among all cities.  Delhi has the highest road density of 2103 km/100 
km2 in India. It is connected to other parts of India by five National Highways  (NH) : NH 1, NH 2, 
NH 8, NH 10 and NH 2430.  
Bus: Buses are the most popular means of road transport, catering to about 60% of Delhi's total 
demand. Delhi has one of India's largest bus transport systems. As of February 2024, Delhi has 
around 1,650 electric buses managed by the Delhi Transport Corporation (DTC), the highest in 
India and the third highest in the world. DTC has at present existing infrastructure of 35 depots. 
With the introduction of metro services, more travel modes will be available for people. Metro 
and bus services will complement each other to optimise the service to people. Buses improve 
the convenience of public transport as feeder transport to stations, and people can travel using 
buses for short- distance travel and the Delhi Metro for long-distance travel. 
The free travel facility for women in DTC/ Cluster buses has been given by Government of 
National Capital Territory of Delhi (GNCTD) from 29.10.2019. During 2021-22; 13.04 crore (130 
million) free trips in DTC and 12.69 crore ( 126.9 million) free trips in cluster buses were made 
by women passengers. 
Rail: Delhi is a major junction in the Indian railway network and is the headquarters of the 
Northern Railway. The main railway stations are New Delhi, Old Delhi, Hazrat Nizamuddin, Anand 
Vihar, Delhi Sarai Rohilla and Delhi Cantt. The Delhi Metro, a mass rapid transit system built and 
operated by Delhi Metro Rail Corporation (DMRC), serves many p arts of Delhi and the 
neighbouring cities Ghaziabad, Faridabad, Gurgaon and Noida. As of December 2021, the metro 
consists of ten operational lines with a total length of 348.12 km.  
Metro: The Delhi Metro is a rapid transit system serving Delhi, Ghaziabad, Faridabad, Gurgaon, 
and Noida in the National Capital Region of India. It is the world's tenth-largest metro system by 
length of lines. It was India's second modern public transportation system. The network consists 
of 10 colour-coded lines serving 288 stations with a total length of 392.448km. The metro makes 
over 4,300 trips daily. The Delhi Metro's annual ridership was 203.23 crore (2.03 billion) in 2023. 
5.8.8. Cultural Heritage 
Having proposed as a World Heritage City, Delhi has surviving historic urban scape comprising 
of four preci ncts of Mehrauli, Nizamuddin, Shahjahanabad and New Delhi that still have an 
outstanding universal significance. 
Heritages sies are either listed or unlisted. No listed building can be demolished, while depending 
on the grade attributed to the building/structure certain interventions are possible 
The Archaeological Survey of India (ASI) restricts construction within 100m and regulated those 
within 200m running events. These regulations generally prohibit any activity that could damage 
 
29 https://www.newdelhiairport.in/ 
30 Economic Survey of Delhi 2022-23 "
142,PDF page 142," 
Environment Impact Assessment for Delhi Metro Phase IV-2 Project 
 
 
132 J DELHI METRO RAIL CORPORATION LTD. 
 
or disturb archaeological remains. DMRC considered the metro routes adjustment to avoid or 
minimize impacts on significant archaeological sites.  
5.9. Others 
5.9.1. Road Safety 
(1) Traffic Incidents 
Due to rapid development and urbanization in the National Capital Region, satellite towns 
surrounding Delhi, such as Noida, Gurgaon, Rohtak, Manesar, Sonipat, and others, have 
experienced significant growth. However, this growth has increased traffic volum e, leading to 
congestion on important interstate roads and highways connecting the city. The Capital City faces 
the challenge of managing this influx of traffic and ensuring efficient movement of vehicles. 
As per the Information obtained of accident data from Transport Department, Delhi Traffic Police 
and as per the report of the Ministry of Road Transport and Highways in 2020 crash statistics,  
5,131,714 persons were killed in road crashes in India.  
Road traffic injuries continue to be the leading cause of deaths, hospitalization, and disabilities in 
the country. India has one percent of the vehicle population but accounts for 11 % of all the 
fatalities globally. 
(2) Fatal Crashes & Deaths in Delhi 
In 2022, a total number of  5652 road crashes in Delhi including 1,517 fatal crash and 1571 
fatalities persons.32 
Economic development in the city and an increase in population have created pressure on 
supporting systems like housing, infrastructure, and transportation. It has also led to increased 
demand for transport and, thus, subsequently, to a phenomenal increase in the number of motor 
vehicles. The heterogeneity and magnitude of vehicle population, the unpredictability of human 
behaviour, economic constraints, poor road markings and signages, defective road design, and 
deficiencies in vehicle design are some factors leading to road accidents in Delhi. 
The number of road crashes in Delhi in 2022 increased by 19.7 % on average compared to the 
previous year, 2021. Similarly, the number of deaths and injuries in road crashes increased by 
17.9 % and 21.7 %, respectively. On average, 15 road crashes and four deaths happen every day 
in Delhi. 
 
Figure 5.22: Number of Road accidents in Delhi in the Year 2021-22 
 
Transport department, 2022  Delhi Road Carsh Fatalities report 
4720
1239
4273
5652
1461
5201
0
1000
2000
3000
4000
5000
6000
Road Crashes Road Death Road Injuries
2021 2022"
143,PDF page 143," 
Environment Impact Assessment for Delhi Metro Phase IV-2 Project 
 
 
133 J DELHI METRO RAIL CORPORATION LTD. 
 
 
Pedestrians are the most vulnerable victims in road crashes. In 2022, the share of pedestrian 
deaths in road crashes was 44 %, and motorized two -wheeler riders were the second most 
vulnerable victims, accounting for 38 % victims of the total share in total road crash deaths. 
(3) Age and Gender Wise Road Traffic Crashes in Delhi 
In all, 1270 male and 114 female adults died, while 4,145 male and 647 female adults were injured 
in road traffic crashes in the year 2022. Of the total minor victims of crashes, 57 boys and 20 girls 
were killed, whereas 303 boys and 106 girls were injured. The fatalities and injuries of minor 
crashes were highest in 2018 and started decreasing until 2021. There has been an increase in 
the fatalities and injuries of minor victims as compared to previous year where 48 boys and 12 
girls were killed whereas 221 boys and 75 girls accounted for injured victims. So far in last 5 years, 
300 minor males are killed, and 104 minor females are killed in road crashes, whereas a total 
6,112 adult males and 533 adult females’ deaths have been recorded. 
Table 5.13: Age and Gender Wise Details of Crash Victims 
Year 
Below 18 Years Above 18 Years 
Killed Injured Killed Injured 
Male Female Male Female Male Female Male Female 
2018 88 29 418 142 1439 134 4862 664 
2019 67 22 307 89 1262 112 4200 556 
2020 40 21 187 51 1049 86 3060 364 
2021 48 12 221 75 1092 87 3536 441 
2022 57 20 303 106 1270 114 4145 647 
Source: Delhi Crash Report, 2022, Delhi Traffic Police 
 
Public transport systems such as buses, metro and commuter trains carry more people compared 
to private cars and are generally more affordable. They reduce exposure to crashes and are a key 
avenue to improve safety. 
 
 
***** 
  "
144,PDF page 144," 
Environment Impact Assessment for Delhi Metro Phase IV-2 Project 
 
 
134 J DELHI METRO RAIL CORPORATION LTD. 
 
CHAPTER 6. SCOPING 
6.1. Project Phases 
For impacts assessment, the project is divided into three phases pre-construction, construction, 
and post-construction.  
The pre -construction phase focuses on planning and preparatory activities, including project 
design, feasibility studies, land acquisition, obtaining necessary approvals, utilities diversions, 
and awarding contracts. It also involves detailed site surveys and investigations to assess the 
land’s suitability for construction. 
In the construction phase, the physical building of the metro system takes place, including civil 
works such as tunnels, elevated tracks, and stations. This phase also covers the installation of 
electromechanical systems, signalling, and safety mechanisms, along with continuous monitoring 
for quality and safety compliance. This phase also includes involves testing and commissioning of 
the metro systems to ensure they are operationally safe and efficient. 
Once all safety certifications are obtained, the metro is inaugurated and opened for public use, 
with maintenance and operational plans fully established. Operation and maintenance have 
different set of impacts which require management. These phases are interconnected and critical 
to the successful completion of the DMRC project. 
6.2. Scoping of Impacts 
In compliance with the JICA Guidelines, the positive/adverse impacts resulting from the project 
were evaluated with the application of a scoping matrix  based on t he existing environmental 
setting identified in the Project area . A scoping matrix has been formulated to identify the 
attributes likely to be affected due to the proposed project as described in Table 6.1 
The scopes of Project taken account not only t he construction of the main structure including 
viaducts, railway tracks, elevated and underground stations, a depot, and a receiving substation  
but also taken account the construction related facilities such as batching plant, quarry sites, 
construction yard, access road, workers quarter etc.  
Table 6.1: Scoping for the Project Facilities with Reasons Evaluated 
  
No Impact item 
Evaluation 
Reason for evaluation Pre/ 
CON OP 
Pollution 
1 Air pollution ✔ ✔ 
The current state of air pollution in Delhi is already the worst in the world  
CON:, temporary and local deterioration of air quality due to emission gas 
(NOx, SOx) and dust (SPM) from the operation of construction machinery, 
equipment and vehicles as well as an increase in traffic congestion is 
expected at construction site, temporary facilities (batching plants, 
quarry site, soil disposal sites etc.) and access road.  
OP: as overall, It is expected that air pollution will be improved by 
alleviating traffic congestion along the Corridors. However, there might 
be local deterioration around station area by increase in traffic by train 
users as well as increase in commercial activities. 
2 Water pollution ✔ ✔ 
Major ground water quality parameter in Delhi are under standards.  
CON: Due to constru ction, turbid water is expected to occur in all 
construction areas and their surroundings, especially the area of cut and 
cover section.  
Discharged with untreated organic wastewater at an workman’s 
campsite, and run off contaminated pollutant (oil, hazardous materials, 
etc) from construction sites and vehicle are also expected to contaminate 
water. "
145,PDF page 145," 
Environment Impact Assessment for Delhi Metro Phase IV-2 Project 
 
 
135 J DELHI METRO RAIL CORPORATION LTD. 
 
No Impact item 
Evaluation 
Reason for evaluation Pre/ 
CON OP 
OP: Untreated wastew ater and effluent water , leakage of chemical 
materials from the maintenance works along corridor, depot and station 
is expected to degrade water quality.  
3 Waste ✔ ✔ 
Pre/CON: Solid waste such as debris from demolished structure, soil and 
felled trees, are generated through land clearing and construction works. 
General domestic waste and excreta will be generated from the workers 
campsite. Hazardous waste will be also generated from construction sites. 
Improper handling will degrade surrounding environment (water quality, 
air quality, soil quality etc.)  
OP: General waste and excreta will be generated from station and depot, 
etc. which will degrade environment of surrounding area.  
4 Soil 
contamination ✔ ✔ 
CON: Excavated soil at the construction site s may be contaminated with 
heavy metals etc, and may spread in surrounding area. Soil also can be 
contaminated by hazardous chemical materials, leaks from construction 
vehicles and equipment and construction waste. 
OP: Leakage of chemical materials during maintenance work, oil leaks 
from equipment and vehicles, etc. can cause soil contamination. 
5 
Noise 
and 
vibration 
✔ ✔ 
Exiting noise level already exceeds the standards.  
Pre/CON: Demolition and Construction activities operating  heavy 
machines, dump trucks, concrete placing work, and traffic congestion may 
affect nearby sensitive receptors (i.e. residents, school, hospital and 
religious facilities, as well as wildlife) in the area.  
OP: Noise and vibration generated by operation of metro and station, and 
maintenance works may impact nearby sensitive receptors.  
6 Ground 
subsidence ✔ ✔ 
Groundwater resources around the Delhi area on a downward trend, and 
risk of earthquake.  
CON: extraction of ground water, a  large-scale excavation, cut and fill 
construction, earthquake may induce ground subsidence. 
OP: In case the foundation under the viaduct is soft , in the event of 
earthquake, there is a possibility of ground subsidence.  
7 Offensive odour ✔ ✔ 
CON: Offensive odour may be emitted due to the improper handling of 
domestic waste and sewage from workers campsites. 
OP: Offensive odour may be emitted due to the improper handling of 
domestic waste and sewage from station and depot site. 
8 Bottom 
Sediment   CON/OP: No impact on Bottom Sediment is expected because there are 
no pier construction in drains along the proposed corridors. 
Natural Environment 
9 Protected  
Areas ✔ ✔ 
CON: the corridor will not affect designated protected areas. however, 
alignment may pass through the recoded/ non recorded forest.  
OP: biodiversity value may degrade due to loss of their habitat, habitat 
fragmentation and edge effect. 
10 Ecosystem ✔ ✔ 
CON: the project may  impact species with national/ international 
conservation status  as well as endemic/ rare species  and its habitat 
through deforestation, air pollutant, noise and vibration, lights, and water 
pollution, soil erosion and chemical leaks from construction activities 
construction activities.  
OP: Ecosystem value may continue to degrade due to loss of their habitat, 
habitat fragmentation and edge effect. here might be  the noise and 
vibration impact to fauna and flora of the protected area. 
11 Hydrology ✔ ✔ 
Delhi is prone to flood. 
CON:  
 In case of pier construction required within drains, there may be impact 
to the surface water flow. 
  Rubbish and sediment generated through construction activities may 
block drainage flow and  absent of construction drainage may  cause 
local flooding.  
 Construction activities of underground section may impact on 
underground water flow.  
 In addition, monsoon / extreme rain may lead to local flood and may 
cause damage to the constructing activities and risks safety of workers. 
 "
146,PDF page 146," 
Environment Impact Assessment for Delhi Metro Phase IV-2 Project 
 
 
136 J DELHI METRO RAIL CORPORATION LTD. 
 
No Impact item 
Evaluation 
Reason for evaluation Pre/ 
CON OP 
OP: Flooding may occur due to inadequate drainage channel capacity due 
to unexpected amount of rainfall.  
12 Geology and 
Topography ✔  
CON: Excavation and large-scale cut and fill work of underground section 
using cut and cover technique may indue soil erosion and slope collapse. 
OP: There are no by  train operation or maintenance work expected to 
impact topography or geology but have a risk hit by earthquakes. 
Social l Environment 
13 
Land 
acquisition/ 
Resettlement 
✔  
Pre: Permanent and temporary land acquisition along the  corridors, 
station, as well as construction related facilities such as yards, workmen’s 
camp etc. which might lead to physical and economical displacement. 
OP: No additional land acquisition or resettlement is expected. 
14 Livelihood ✔ ✔ 
Pre/ CON: Those physically and economically displaced  may face 
worsening of current livelihood and revenue of business. Due to traffic 
restrictions caused by construction activities, revenue of businesses and 
agricultural industries located along the alignment may temporarily 
worsened from current levels. While the construction work is expected to 
have a positive impact on the local economy through offering employment 
opportunities and demand in the area 
OP: Delhi Metro i s expected to increase employment opportunities and 
improve the local economy to raise income and improve quality of 
livelihood though reduction in travel time and improved connections. 
15 Socially 
Vulnerable ✔ ✔ 
CON: Project affected persons (PAPs) may include vulnerable groups and 
may worsen their livelihood which may take longer to recover to the level 
of prior to the project. In addition, they may be missed out from 
opportunities reflecting their opinion as well as having equal benefits  
such as project compensation and assistance, job opportunities, wage, 
salary, and treatment as construction workers. 
OP: lack of consideration to vulnerable people and gender mainstreaming 
in metro design will lead to discourage in use of metro and unequal 
benefit from job opportunities, wage, salary, and treatment 
16 Cultural 
heritage ✔  
CON: There is low possibility that cultural heritage is located along the 
corridors. The nearest is Delhi Gate more than 100m away. However, the 
access road may locate in close proximity which may affected them due to 
temporarily increased vibration level. Also during construction, there 
may encounter chance find.  
OP: There are no activities which may impact cultural heritage along the 
corridors 
17 Landscape ✔ ✔ 
CON: Insufficient organization of the construction site and poor waste 
handling may induce temporary nuisance to local communities and 
visitors to the parks. 
OP: Proposed corridors are mostly along the existing road in urban area 
where landscape character has been altered heavily. However, if design of 
viaduct and station does complement or is sensitive to the surrounding 
the urban landscape, it may affect local landscape character. 
18 
Ethnic 
minorities and 
indigenous 
peoples 
✔  
CON/ OP: There is a possibly that minority ethnicities are in the project 
area however there is a low probability of indigenous people residing in 
the project area. 
19 Water Use ✔ ✔ 
Delhi is water deficient city. 
CON: Use of ground water for construction works will add pressure  on 
water supply of Delhi. 
OP: Additional water usage at depots and station buildings is expected 
20 
Land use and 
local resource 
use  
✔ ✔ 
CON: while project is mostly located on government land, there might be 
some land use conversion required (i.e. agricultural land, forest area) . 
OP: The project may increase demand for development in the station and 
areas along the project, which may have an impact on land use planning. 
21 
Existing social 
infrastructure 
and services  
✔ ✔ 
CON: Impact on social infrastructure such as schools, hospitals, and 
community centres may occur due to pollution generated and 
construction related traffic and access. in case of relocation of social 
infrastructure is required. It may affect the daily life of local communities. "
147,PDF page 147," 
Environment Impact Assessment for Delhi Metro Phase IV-2 Project 
 
 
137 J DELHI METRO RAIL CORPORATION LTD. 
 
No Impact item 
Evaluation 
Reason for evaluation Pre/ 
CON OP 
Relocation of exiting utilities may lead to temporary interruption of 
service in local area.  
OP: Metro will improve access to some facilities. However, in case of 
existing facilities relocated, it may cause inconvenience to some residents.  
22 
Misdistribution 
of benefits and 
damages 
✔  
CON: Project compensation and assistance to PAPs may cause problems.  
OP: No impact is expected during operation 
23 Local conflicts 
of interest ✔  
There is no existing conflicts in project area. 
Pre/CON: However, differences in the project compensation and 
assistance may raise issues among PAPs. 
OP: No impact is expected during operation 
24 Children's 
rights ✔  
Pre/CON: There are several schools located close to the project corridors. 
Temporary impacts such as noise, vibration, air traffic restrictions may 
affect their health and quality of school life. 
OP: No additional impact is expected during operation. 
25 
Infectious 
diseases such 
as HIV/AIDS 
✔ ✔ 
CON: The inflow of construction workers and inadequate waste and 
sewage disposal at worker’s camp and construction site can lead to 
deterioration of the hygrine environment. Lack of understanding on 
infectious diseases among construction workers can spread of infectious 
diseases. This may trigger spreading infectious disease among workers 
and local communities.  
OP: Crowded inside the station building, closed by a crowded train, etc.  
may increase infectious cases. 
26 
working 
environment 
(work safety) 
✔ ✔ 
CON: Labor accidents may occur due to long working hour, poor 
maintenance of vehicle and machinery, lack of PPE, extreme weather etc, 
The poor construction planning and management of tunnels and viaduct 
may lead to accident and injuries.  
OP: Accidents and injuries may occur during  metro operation and 
maintenance work due to lack of maintenance of vehicles and equipment, 
and extreme weather. 
27 
Health, safety 
and security of 
local 
communities 
✔ ✔ 
CON: Accidents involving residents could occur at entrances to 
construction site and access roads. 
OP:. Accidents and injuries may occur during the maintenance work due 
to lack of maintenance of vehicles and equipment. 
Others 
28 Road Safety ✔ ✔ 
CON: Increased traffic due to construction and lack of access control to 
the construction site poses a potential risk of incidents involving 
construction workers and local residents. 
OP: While the number of accidents due to the alleviation of traffic 
congestion decrease, the number of traffic accidents may increase due to 
the increased travelling speed. Also, since the flow of people around the 
station increase, the chances of a traffic incidents may increase locally. 
29 
Transboundary 
impacts or 
climate change 
✔ ✔ 
CON: Emissions of greenhouse gases is expected temporally due to 
construction activities. Whereas extreme weather may deteriorate 
working environment.  
OP: A modal shift from passenger cars, buses, motorcycles, etc. to the 
metro is expected, which may contribute to the reduction of greenhouse 
gases. Deterioration of rail structures due to global warming and 
inadequate adaptation to climate change is expected to affect users. 
30 Traffic/ public 
access ✔ ✔ 
CON: The local community may experience loss of access in some portions 
of the proposed PROW leading to the possible disruption of their regular 
activities. Additional construction vehicle volumes are anticipated to 
cause slow traffic flow along narrow road sections and further exacerbate 
existing traffic bottlenecks. 
OP: Traffic conditions are projected to be affected by the generation of 
increased feeder transportation to/from the railway stations and the 
modal shift from existing public and private modes to rail, especially 
among those living in the catchment area of the stations. 
Note: ✔: Items to be assessed, Pre: Pre-Construction Stage, CON: Construction Stage, OP: Operation Stage 
 "
148,PDF page 148," 
Environment Impact Assessment for Delhi Metro Phase IV-2 Project 
 
 
138 J DELHI METRO RAIL CORPORATION LTD. 
 
6.3. Survey and Analysis Methodology 
The study methodology was formulated for those parameters identified to have potential impacts 
by the project through scoping  based on interdisciplinary team discussions, and professional 
judgment keeping in view of ToR of DMRC . Various parameters surveyed and analysed for the 
baseline study are tabulated in table 6.2.  
6.3.1. Study Approach 
The data collection was carried out in two parts using primary and secondary sources, so that the 
changes likely to occur in different components of the environment viz. physical, biological/ 
ecological, environmental and socio -economic etc. have been studied, analysed and quantified, 
wherever possible so that the project induced effects on these parameters can be properly 
estimated.  
While in India, data from only one season other than monsoon (July – September) can be used to 
create a baseline for projects under the draft EIA 2020 unveiled by the  MoEF&CC. In the case of 
the DMRC Phase IV -2 project, baseline data related to seasonally changing parameters such as 
water quality, air quality and  biodiversity especially migrating birds were conducted through 
field survey and also supplemented for wet season from secondary data. 
Field study for the collection of primary data were conducted along the project alignment on key 
parameters like- Physical Environment (Air, Water, Noise, Vibration Soil, fauna and flora, land use, 
etc.) in May - June 2024 for dry season , and September 2024 for wet season . This was chosen 
specifically for being a non-monsoon month, ensuring minimal interference from rainfall.  
The sampling of relevant environmental parameters has been conducted in accordance with the 
guidelines issued by CPCB. An EIA study team was used for field survey of locations along  the 
project corridors. The selection of the sampling sites was planned, taking into account a variety 
of factors. These included the prevailing wind direction, which is crucial for understanding 
potential pollutant dispersion, as well as comprehensive meteorological data to ensure accurate 
environmental monitoring. Additionally,  the soil type of the area was considered to gauge the 
potential impact on and from the surrounding environment.  
Secondary baseline information was also collected from literature and government resources on 
water resources, geology, hydrology and hydrogeology, demography was collected from, India 
Meteorological Department (IMD) (1991 -2020), Geological Survey of India  (GSI), Office of 
Divisional Forest Officer, Census of India (Demographic data) 2011, Central Groundwater 
Authority ( CGWA), National Bureau of Soil Survey & Land use Planning. The biophysical 
information was compiled on environmental aspects such as Topogr aphy, Climate, Soils, Water 
Resources, land use and flora and wildlife resources. On the socio -economic environment, the 
study compiled information on aspects such as population, education, labour fo rce, poverty 
analysis and health.  
For the secondary seasonal pollution data, the regular monitoring data obtained by  Central o 
pollution control board (CPCB) and Delhi Pollution Control Committee of Government of Delhi.  
6.3.2. Survey and Analysis Methodology  
Table 6.2 summarizes the survey and analysis method applied or recommended to apply for those 
items identified to have potential impacts through scoping. Further details of each study 
methodology are elaborated in the following section.  
Table 6.2: Survey Items and Survey Method 
No. environment 
Item Survey items  Survey and analysis method 
Pollution "
149,PDF page 149," 
Environment Impact Assessment for Delhi Metro Phase IV-2 Project 
 
 
139 J DELHI METRO RAIL CORPORATION LTD. 
 
No. environment 
Item Survey items  Survey and analysis method 
1 Air pollution 
Item: PM2.5, PM10, NOx, SO2, CO, O3, 
NH3, Pb and HC, etc. Sensitive receptors 
Frequency: 24 hourly, once in dry 
season 
Sampling points: 12 sites 
Survey method; Field survey (IS-5182, 
CPCB guidelines for measurement of 
Ambient Air Pollutant s, USEPA 
Meteorological Monitoring guidance for 
regulatory modelling applications) , 
secondary data. 
Analysis method : Comparison of survey 
results with national and international 
standards, precedent projects. 
2 Water 
pollution 
Item: Physical, Chemical and 
Biological parameters 
Frequency: twice in dry and wet 
season 
Sampling points : 12 sites (6 for 
Surface water and 6 for ground water) 
Survey method; Field survey  (IS: 3025 ) , 
secondary data (DPCB) 
Analysis method: Comparison of survey 
results with national and international 
standards, precedent projects. 
3 Waste 
Item: Type of waste generated, W aste 
disposal method, waste disposal sites 
Survey area: Delhi, Project area 
 
Survey method: secondary data  
 Analysis method: Review of construction 
plan  
4 Soil 
contamination 
Item: pH, EC, BD, Infiltration, Texture, 
SAR, Key nutrients, OM, OC, Fe, Zn and 
Cu 
Frequency: Once in dry season 
Sampling points: 10 sites 
Survey method: Field survey  (IS: 2720), 
secondary data 
Analysis method : Comparison of survey 
results with national and international 
standards, precedent projects. 
5 Noise and 
Vibration 
Item: Noise levels (Lmax, Lmin, Leq ), 
vibration level ( PPV), Sensitive 
receptors 
Frequency: Once in dry season 
Sampling points: 12  
Survey Method: Field survey  (IS:9989 
Assessment of noise with respect to 
community response, FTA-VA-90-1003-06) 
Analysis method: Comparison of survey 
results with national and international 
standards, precedent projects. 
6 Ground 
subsidence 
Item: Soil type, Impact during 
construction 
Survey Method; secondary data 
Analysis method:  precedent projects , 
Review of construction plan  
7 Offensive 
odour 
Item: Type of odour generated, source 
and site of odour generated, 
Survey Method; secondary data 
Analysis method:  precedent projects , 
Review of construction plan  
Natural environment 
8 Protected Area 
Item: International/ National/  
regional) Protected areas  
Survey area: Delhi, Project area 
 
Survey Method : Secondary data , 
interviews, IBAT 
Analysis method : Distance to PROW and 
extent of area affected by the Project and 
protection level, precedent projects 
9 Ecosystem 
Item: number and species of fauna, 
flora, in project area, habitat status of 
the project area, Sensitive receptors 
Frequency: twice in dry and wet 
season 
Survey area: Entire Project Right of 
way 
Survey Method: Field survey (inventory ), 
secondary data,  
Analysis method: Species listed under the 
IUCN Red List and/or on regional/national 
lists,  
10 Hydrology Item: Past flood history survey 
Survey area: Delhi, Project area 
Survey Method: secondary data 
 
11 Topography 
and geology 
Item: Topography, geomorphology and 
Geology of project sites, construction 
plan 
Survey area: Delhi, Project area  
Survey Method: secondary data 
Analysis method: precedent projects, 
Social Environment 
12 
Land 
acquisition/ 
Resettlement 
Item: project affected lands, structure, 
trees, crop, people 
Frequency: Once 
Sampling points; project affected area 
Survey Method; Field survey , public 
Consultation 
Analysis method: extent of project impact "
150,PDF page 150," 
Environment Impact Assessment for Delhi Metro Phase IV-2 Project 
 
 
140 J DELHI METRO RAIL CORPORATION LTD. 
 
No. environment 
Item Survey items  Survey and analysis method 
13 Livelihood 
Item: Demography and Occupational 
details, agricultural situation etc 
 
Survey area: Delhi, Project area 
Survey Method;  Field survey, secondary 
data (Census, District report), result of SIA, 
perception survey  
Analysis method: extent of project impact 
14 Socially 
Vulnerable 
Item: vulnerable people on project 
area, ex isting consideration by Delh i 
Metro 
Frequency: Once 
Sampling points: project affected area 
Survey Method; Field survey, secondary 
data, result of SIA, perception survey 
Analysis method: extent of project impact 
15 Cultural heritage 
Item: Cultural and historical heritage in 
the vicinity of the Corridors 
Survey area: Delhi, Project area 
Survey Method;  Field survey, secondary 
data, and result of SIA, perception survey 
Analysis method: Distance to the PROW 
16 Landscape 
Item: Existing landscape character of 
the project area  
Survey area: Delhi, Project area 
Survey Method; Field survey, secondary 
data, public consultation, interview 
Analysis method : degree of change, 
perception of public 
17 Water use and 
its rights 
Item: water usage around the project 
site and its capacity, existing water 
rights 
Survey area: Delhi, Project area 
Survey Method; Field survey, secondary 
data,, result of SIA, perception survey 
Analysis method : comparison to 
construction plan  
18 Land use and 
local resources 
Item: Land use types, Land schedules, 
Satellite imagery 
Survey area: Delhi, Project area 
 
Survey Method;  Secondary data  (Bhuvan, 
NRSA), result of SIA, perception survey 
Analysis method : area of land use need 
conversion/ change 
19 
Existing social 
infrastructures 
and services 
Item: Existing social infrastructures 
and services in the project area  
Survey area: Delhi, Project area 
Survey Method;  Secondary data , result of 
SIA, perception survey  
Analysis method : number and type of 
service may be affected by the project 
20 
Misdistribution 
of benefits and 
damages 
Item: Compensation and assistance 
provided by the project 
Survey area: Delhi, Project area 
Survey Method;  result of SIA, perception 
survey  
Analysis method : Issue and concerns 
raised by public, review of precedent 
projects 
21 Local conflict of 
interest 
Item: Existing and past conflicts in the 
project area 
Survey area: Delhi, Project area 
Survey Method;  result of SIA,  perception 
survey  
Analysis method : Issues and concerns 
raised by public, review of precedent 
projects  
22 Children’s rights 
Item: Location of schools in the project 
area 
Survey area: Delhi, Project area 
Survey Method : secondary data, result of 
SIA, perception survey  
Analysis method : issue and concerns 
raised by public, review of precedent 
projects 
23 
Infectious 
diseases such as 
HIV/AIDS, etc. 
Item: Prevalence of infectious diseases 
in the project are a, existing 
preventative measure taken. 
Survey area: Delhi, Project area 
Survey Method : secondary data, result of 
SIA, perception survey  
Analysis method : issue and concerns 
raised by public, review of precedent 
projects 
24 
working 
environment 
(work safety) 
Item: record of accidents during work, 
occupational health and safety related 
regulations/requirements, 
construction activities of project 
Survey area: Delhi, Project area 
Survey Method: secondary data  
Analysis method : review of construction 
plan, precedent projects 
25 
Health, safety 
and security of 
local 
communities 
Item: record of accidents during work, 
occupational health and safety related 
regulations/requirements, 
construction activities of project 
Survey area: Delhi, Project area 
Survey Method : secondary data, result of 
SIA, perception survey  
Analysis method : review of construction 
plan, precedent projects 
Others 
26 Road safety Item: Trend of traffic incidents in the 
project area 
Survey Method : secondary data, result of 
SIA, perception survey  "
151,PDF page 151," 
Environment Impact Assessment for Delhi Metro Phase IV-2 Project 
 
 
141 J DELHI METRO RAIL CORPORATION LTD. 
 
No. environment 
Item Survey items  Survey and analysis method 
Survey area: Delhi, Project area Analysis method : review of construction 
plan, precedent projects 
27 
Cross border 
impact and 
climate change 
Item: Possibility of GHG  reduction by 
the railway project , trend of climate 
change 
Survey area: Delhi 
Survey Method: secondary data  
Analysis method : review of construction 
plan, precedent projects 
28 Traffic/ public 
access 
Item: Potential of access loss by the 
project 
Survey area: Delhi, Project area 
Survey Method: review of map and project 
location, result of SIA, perception survey  
Analysis method : review of construction 
plan,  
 
6.3.3. Selection of Sampling Sites and Methodology of Primary Data collection 
The sampling of relevant environmental parameters has been conducted in accordance with the 
guidelines issued by CPCB.  
(1) Air Quality 
Historical data on meteorological parameters plays an important role in identifying the general 
meteorological status of the region. The data collection in the field is compared with the historical 
data to identify changes, which may have taken place during the course of time.  
The latest secondary data for 30 years (199 1-2020) has been procured from the IMD, Delhi  for 
observing parameters like Temperature, Relative Humidity, Rainfall, Wind Speed and Wind 
Direction. 
a. Selection of Sampling Sites 
The design of monitoring network in the air quality surveillance program is based on the 
following considerations. 
• Meteorological conditions on synoptic scale 
• Topography of the study area 
• Representation of project site 
• Representation of cross-sectional distribution in the downward direction 
• Influence of the existing sources if any, are to be kept at minimum 
The sampling and analysis of the required parameters has been  carried out as per IS: 5182 
methodology entitled “Methods of Measurement of Air Pollution” and AWMA entitled “Methods 
of Air Sampling and Analysis.” 
There are twelve (12) monitoring stations set up to assess the existing air quality of the study 
area. Three stations are located within the project and the others are outside the proposed project 
alignment and stations.  
The locations of the monitoring stations are also based on the meteorological conditions of the 
study area like likeliness of pollution dispersion in areas located towards predominant wind 
directions, sensitive receptors in the study area like densely popu lated areas, forest area etc. 
Logistic considerations such as ready accessibility, security, availability of reliable power supply, 
etc. were also examined while finalizing the monitoring locations. 
 
 
 "
152,PDF page 152," 
Environment Impact Assessment for Delhi Metro Phase IV-2 Project 
 
 
142 J DELHI METRO RAIL CORPORATION LTD. 
 
Table 6.3: Ambient Air Quality Monitoring Stations and justification  
S. No. Location Name Latitude Longitude 
Distance (m) 
/ Direction 
from ROW 
Selection criteria 
Corridor 2 
A1 Lajpat Nagar Station 28°34'13.73'' N 77°14'10.65'' E 11 E Existing metro station and 
densely populated area  
A2 Pushp Bhawan Station  28°31'49.56""N  77°13'55.67""E 0 At site Near to sensitive location 
(Jahanpanah city forest) 
A3 Saket G Block Station  28°31'1.93""N  77°13'7.60""E 1 S At polluting road NH-148 
A4 Pushp Vihar Station  28°31'21.71""N  77°13'21.26""E 0 At site 
Near to residential area of 
Pushp Vihar as well as open 
parks 
Corridor 1 
A5 Indraprastha Station  28°37'18.07""N  77°14'55.24""E 3 W Sensitive location (Open 
jungle)  
A6 Delhi Gate Station  28°38'23.02""N  77°14'32.53""E 2 S 
Sensitive location at 
playground and near to Ekta 
Sthal 
A7 Jhandewala Station  28°39'4.01""N  77°12'11.18""E 6 N Dense trees area  
A8 Sarai Rohilla Station 28°39'29"" N  77°11'6"" E 3 E Populated and green 
developed area  
Corridor 3 
A9 Rohini Sec 25 Station  28°43'46.43""N  77° 5'41.20""E 8 S At major district road  
A10 Rithala Station  28°43'15.77""N  77° 6'25.17""E 560 SE Existing metro station and 
dense traffic area  
A11 Rohini Sec 36 Station  28°44'58.98""N  77° 4'17.87""E 0 At site Open jungle  
A12 Anaj Mandi Narela 
Station  28°50'20.40""N  77° 6'12.44""E 0.5 N Densely populated area  
 
  "
153,PDF page 153," 
Environment Impact Assessment for Delhi Metro Phase IV-2 Project 
 
 
143 J A DELHI METRO RAIL CORPORATION LTD. 
 
 
Figure 6.1: Map showing Ambient Air Quality Monitoring Locations (Corridor 1) 
"
154,PDF page 154," 
Environment Impact Assessment for Delhi Metro Phase IV-2 Project 
 
 
144 J A DELHI METRO RAIL CORPORATION LTD. 
 
 
Figure 6.2: Map showing Ambient Air Quality Monitoring Locations (Corridor 2) 
"
155,PDF page 155," 
Environment Impact Assessment for Delhi Metro Phase IV-2 Project 
 
 
145 J A DELHI METRO RAIL CORPORATION LTD. 
 
 
Figure 6.3: Map showing Ambient Air Quality Monitoring Locations (Corridor 3)
"
156,PDF page 156," 
Environment Impact Assessment for Delhi Metro Phase IV-2 Project 
 
 
146 J DELHI METRO RAIL CORPORATION LTD. 
 
b. Analytical Method for Air Quality Monitoring 
Under the provisions of the Air (Prevention & Control of Pollution) Act, 1981, the CPCB has 
notified fourth version of National Ambient Air Quality Standards (NAAQS) in 2009. Ambient air 
is defined as any unconfined part of the Earth’s atmosphere, that the surrounding outdoor air in 
which humans and other organisms live and breathe. 
The “Respirable Dust Sampler  has been used for air monitoring. The dust particulate matter is 
collected on glass micro fibre filter paper (size GF/A20.3x25.4 cm) and dust cup and the gaseous 
pollutants collected simultaneously by a known volume of air through a number of bubblers of 
different flow rate through appropriate solution for absorbing different gases. The collected 
samples are analysed according to standard method for different pollutants. The particulate 
matter was analysed by Gravimetric method (by weighing the mass of particles). The SO2 was 
analysed by Colorimetric method by estimating absorbance of SO2 from the exposed absorbing 
reagent at 540 nm using spectrophotometer. The NOx was analysed by Colorimetric method by 
reacting the nitrite ions with phosphorous acid sulphanilamide, and NEDA solution by measuring 
absorbance of NOx from the exposed absorbing reagent at 540 nm using spectrophotometer. 
c. Sampling and analysis of Sulphur dioxide (Improved West and Geake method) 
The sampling and analysis proposed to be carried out as per IS: 5182 methodology entitled 
“Methods of Measurement of Air Pollution” and AWMA entitled “Methods of Air Sampling and 
Analysis.” Summary of the analytical techniques and their references are as given in Table 6.4. 
Table 6.4: Techniques Adopted/Protocols for Ambient Air Quality Monitoring 
S. No. Parameters Techniques Technical Protocol 
1 Sulphur Dioxide (SO2) West & Gaeke IS:5182 (P2) 
2 Nitrogen Dioxide (NO2) Jacob & Hochheiser IS:5182 (P6) 
3 Particulate Matter PM10 Gravimetric IS:5182 (P23) 
4 Particulate Matter PM2.5 Gravimetric IS:5182 (P24) 
5 Carbon-monoxide as CO NDIR IS: 5182 (P-10) 
Source: Baseline Monitoring Report, Vardan EnviroLab LLP 
 
Sulphur dioxide from air is absorbed in a solution of potassium tetra chloro mercurate (TCM).  A 
dichloro sulphito mercurate complex, which resists oxidation by the oxygen in the air, is formed. 
Once formed, this complex is stable to strong oxidants such as ozone and oxides of nitrogen and 
therefore, the absorber solution may be stored for some time prior to analysis.  The complex is 
made to react with para -rosaniline and formaldehyde to form the intensely coloured para 
rosaniline methyl sulphonic acid.  The a bsorbance of the solution is measured by means o f a 
suitable spectrophotometer. 
d. Sampling and analysis of NOx (Modified Jacob and Hochheiser Method) 
Ambient nitrogen dioxide (NO2) is collected by bubbling air through a solution of sodium 
hydroxide and sodium arsenite. The concentration of nitrite ion (NO2) produced during sampling 
is determined colorimetrically by reacting the nitrite ion with phosphoric acid, sulphanilamide, 
and N-(1-naphthyl) ethylenediamine di-hydrochloride (NEDA) and measuring the absorbance of 
the highly coloured azo-dye at 540 nm. 
e. Sampling and analysis of PM10 (Gravimetric Method) 
Air is drawn through a size-selective inlet and through a 20.3 x 25.4 cm (8 x 10 in) filter at a flow 
rate, which is typically 1132 L/min. Particles with aerodynamic diameter less than the cut-point 
of the inlet are collected, by the filter. The mass of these particles is determined by the difference 
in filter weights prior to and after sampling.  The concentration of PM 10 in the designated size 
range is calculated by dividing the weight gain of the filter by the volume of air sampled. "
157,PDF page 157," 
Environment Impact Assessment for Delhi Metro Phase IV-2 Project 
 
 
147 J DELHI METRO RAIL CORPORATION LTD. 
 
f. Sampling and analysis of PM2.5 (Gravimetric Method) 
An electrically powered air sampler draws ambient air at a constant volumetric flow rate (16.7 
lpm) maintained by a mass flow / volumetric flow controller coupled to a microprocessor into 
specially designed inertial particle -size separator (i.e., cyclones or impactors) where the 
suspended particulate matter in the PM 2.5 size ranges is separated for collection on a 47 mm 
polytetrafluoroethylene (PTFE) filter over a specified sampling period. Each filter is weighed 
before and after sample collection to determ ine the net gain due to the particulate matter. The 
mass concentration in the ambient air is computed as the total mass of collected particles in the 
PM2.5 size ranges divided by the actual volume of air sampled and is expressed in μg/m 3. The 
microprocessor reads averages and stores five-minute averages of ambient temperature, ambient 
pressure, filter temperature and volumetric flow rate. In addition, the microprocessor calculates 
the average temperatures and pressure, total volumetric flow for the entire sample run time and 
the coefficient of variation of the flow rate. 
(2) Water Environment  
a. Monitoring location selection 
Identifying the ground water sampling locations has been done on the basis of the 
hydrogeological characteristics of the area and the potential sources of contamination. For 
assessment of baseline data of water quality status of one-time sampling was done.  
The Groundwater and Surface Water quality has been collected and analysed as per the 
procedure specified in standard methods for examination of water and wastewater published by 
the American Public Health Association and Bureau of Indian Standards (APHA/BIS). 
b. General Guidelines for Sampling 
Grab samples were collected from a well-mixed section of the water body 30 cm below the water 
surface. DO was determined in a sample collected in a DO bottle using a DO sampler. The DO in 
the sample was fixed immediately after collection, using chemical re agents. Weighted sample 
bottle has been used to collect sample from an open well about 30 cm below the surface of the 
water.  
Samples from the production tube wells/ Bore well was collected after running the well for about 
5 minutes. Some parameters like pH, dissolved oxygen, temperature, conductivity and turbidity 
were analysed in situ. 
c. Sample Preservation and Transport 
Samples for BOD and bacteriological analyses were stored at a temperature below 4oC and in the 
dark as soon as possible after sampling by placing them in an insulated cool box together with ice 
or cold packs. Samples collected for chemical oxygen demand (COD) were preserved below pH 2 
by addition of concentrated sulphuric acid. Samples which were to be analysed for the presence 
of heavy metals, were acidified to below pH 2 with concentrated nitric acid. Samples were 
transported to the concerned laboratory as soon as possible, preferably within 48 hours.  
d. Water Quality Analysis 
Samples were collected as per IS: 3025 (Part-1) methodology. Necessary precautions were taken 
while collecting, preserving and transporting. All the parameters were analysed as per “Methods 
of Sampling and Test (Physical and Chemical) for water and wastewater” IS: 3025 and “Standard 
Methods for the Examination of Water and Wastewater” APHA. The results were compared with 
the standards (IS: 10500 & IS: 2296) as per the quality of water. and surface water has compared 
with the CPCB standard. 
 "
158,PDF page 158," 
Environment Impact Assessment for Delhi Metro Phase IV-2 Project 
 
 
148 J DELHI METRO RAIL CORPORATION LTD. 
 
Table 6.5: Water sampling Stations  
corri
dor S. 
No. Location Name Latitude Longitude Distan
ce (m) 
Directi
on 
Selectio
n 
criteria 
Cor.2 
GW1 Near Lajpat Nagar Metro 
Residential Borewell 28°34'13.73'' N 77°14'10.65'' E 10 E Borewell 
GW2 Pushp Vihar (district park) 
Borewell 28°31'21.71""N 77°13'21.26""E 0 0 Borewell 
Cor.1 GW3 Jhandewala Station Temple 
Borewell 28°39'4.01""N 77°12'11.18""E 6 N Borewell 
Cor.3 
GW4 Rithala, near Jal Board Open well 28°43'15.77""N 77° 6'25.17""E 545 SE Borewell 
GW5 Barwala Village near Sector 35 
Rohini 28°45'16.56""N 77° 4'5.79""E 125 S Borewell 
GW6 Sanoth Station, at Sanoth Village 28°48'58.17""N 77° 3'28.89""E 50 N Borewell 
Cor.2 
SW1 Andrew Ganj Drain 28°33'41.25""N 77°13'53.40""E 16 W Drain 
SW2 Saket District Centre Drain 28°31'40.31""N 77°13'32.01""E 5 S Drain 
Cor.1 
SW3 Near Indraprastha Metro Station 
Drain 28°37'15.87""N 77°14'53.16""E 76 W Drain 
SW4 Delhi Gate Near Police Booth 
Drain 28°38'27.44""N 77°14'30.97""E 105 N Drain 
Cor.3 
SW5 Rithala Main Road Drain 28°43'34.74""N 77° 5'57.25""E 54 S Drain 
SW6 Near Sanoth Village drain 28°48'52.94""N 77° 3'29.11""E 28 E Drain 
 
 
  "
159,PDF page 159," 
Environment Impact Assessment for Delhi Metro Phase IV-2 Project 
 
 
149 J DELHI METRO RAIL CORPORATION LTD. 
 
 
Figure 6.4: Map showing Surface Water Sampling Locations (Corridor 1)  
"
160,PDF page 160," 
Environment Impact Assessment for Delhi Metro Phase IV-2 Project 
 
 
150 J DELHI METRO RAIL CORPORATION LTD. 
 
 
Figure 6.5: Map showing Surface Water Sampling Locations (Corridor 2)  
"
161,PDF page 161," 
Environment Impact Assessment for Delhi Metro Phase IV-2 Project 
 
 
151 J DELHI METRO RAIL CORPORATION LTD. 
 
 
Figure 6.6: Map showing Surface Water Sampling Locations (Corridor 3) 
"
162,PDF page 162," 
Environment Impact Assessment for Delhi Metro Phase IV-2 Project 
 
 
152 J DELHI METRO RAIL CORPORATION LTD. 
 
 
Figure 6.7: Map showing Ground water Sampling Locations (Corridor 1) 
"
163,PDF page 163," 
Environment Impact Assessment for Delhi Metro Phase IV-2 Project 
 
 
153 J DELHI METRO RAIL CORPORATION LTD. 
 
 
Figure 6.8: Map showing Ground water Sampling Locations (Corridor 2) 
"
164,PDF page 164," 
Environment Impact Assessment for Delhi Metro Phase IV-2 Project 
 
 
154 J DELHI METRO RAIL CORPORATION LTD. 
 
 
Figure 6.9: Map showing Ground water Sampling Locations (Corridor 3) 
"
165,PDF page 165," 
Environment Impact Assessment for Delhi Metro Phase IV-2 Project 
 
 
155 J DELHI METRO RAIL CORPORATION LTD. 
 
(3) Soil environment  
a. Soil Sampling Method 
The Manual of Soil Testing in India, Department of Agriculture & Cooperation, Ministry of Agriculture, 
Government of India, New Delhi, was followed for the collection of soil samples, preparation for 
testing and analysing various physico-chemical properties of soil. 
Soils vary from place to place. In view of this, efforts were made to take the samples in such a way 
that it is fully representative of the field. The sample was collected on the blade of the spade and put 
in a clean bucket. In this way collected samples f rom all the spots marked for one sampling unit. In 
case of hard soil, samples were taken with the help of augur from the plough depth and collected in 
the bucket. Pour the soil from the bucket on a piece of clean paper or cloth and after that it is mixed 
thoroughly. The soil is spread evenly and divided into 4 quarters. Two opposite quarters were 
rejected, and the rest were mixed again. The process was repeated until you are left with about a half 
kilogram of the soil. These were collected in a clean cloth / polyethylene bag. Each bag was properly 
marked to identify the sample. 
b. Storage Technique 
The collected samples were immediately transported to the laboratory. They were shade dried in 
wooden or enamel trays (except for the analysis of moisture content) and stored. The dried soils are 
ground using mortar and pestle (taking care to break only th e clods but not the sand and gravel 
particles) and sieved through a 2mm mesh sieve. 
c. Soil Quality Parameters and Method of Analysis 
Meticulous attention was paid to collect adequate amount of composite soil samples for analysis. 
Sampling Methodology and Analysis was done by- IS: 2720/soil chemical analysis by M.L Jackson. 
Table 6.6: Methods for Analysis of Soil Properties 
S. No. Parameters Methods of Analysis 
Physical Parameters 
1 Moisture content (%) Gravimetric 
2 Water Holding Capacity (%) Gravimetric 
3 Bulk Density (%) Gravimetric 
4 Texture Hydrometer Method 
Chemical Parameters 
5 pH Electrometric (pH meter) 
6 EC (μg/m) Electrometric 
7 Acidity (mg/kg) Titrimetric 
8 Alkalinity (mg/kg) Titrimetric 
9 Chloride (mg/kg) Titrimetric 
10 Calcium (mg/kg) Titrimetric 
11 Magnesium (mg/kg) Titrimetric 
12 Sodium (mg/kg) Flame Photometer 
13 Potassium (mg/kg) Flame Photometer 
14 Available Potassium (mg/kg) Flame Photometer 
15 Sulphate (mg/kg) Spectro-photometer 
16 Nitrate (mg/kg) Kjedahl 
17 Phosphate (mg/kg)  Bray’s Extractant 
18 Available Phosphorus (mg/kg) Spectrophotometer 
19 Organic Carbon (%) Wet Digestion 
 
 "
166,PDF page 166," 
Environment Impact Assessment for Delhi Metro Phase IV-2 Project 
 
 
156 J DELHI METRO RAIL CORPORATION LTD. 
 
Table 6.7: Soil Sample collection Locations 
S. No. Location Name Latitude Longitude Distance 
(m) Direction 
Corridor2 
S1 Near Lajpat Nagar Station 28°34'13.73'' N 77°14'10.65'' E 10 E 
S2 Near Saket G Block Station  28°31'1.93""N  77°13'7.60""E 1 S 
Corridor 1 
S3 Sarai Rohilla Station PWD Park 28°39'29"" N  77°11'6"" E 3 E 
S4 Delhi Gate Near Police Booth Park  28°38'23.02""N  77°14'32.53""E 2 S 
S5 Near Jhandewala Metro at DDA park  28°39'4.01""N  77°12'11.18""E 6 N 
S6 Indraprastha Station near Jal Board  28°37'18.07""N  77°14'55.24""E 3 W 
Corridor3 
S7 Iskon Temple near Rohini Sec 25 Station  28°43'46.43""N  77° 5'41.20""E 2 W 
S8 Near Rithala Metro Village Park  28°43'15.77""N  77° 6'25.17""E 545 SE 
S9 Rohini Sec 36 near Chugh properties  28°44'58.98""N  77° 4'17.87""E 0 0 
S10 Village Near Sanoth Station  28°50'20.40""N  77° 6'12.44""E 0 0 
 
  "
167,PDF page 167," 
Environment Impact Assessment for Delhi Metro Phase IV-2 Project 
 
 
157 J DELHI METRO RAIL CORPORATION LTD. 
 
 
Figure 6.10: Map showing Soil Sampling Locations Map (Corridor 1) 
"
168,PDF page 168," 
Environment Impact Assessment for Delhi Metro Phase IV-2 Project 
 
 
158 J DELHI METRO RAIL CORPORATION LTD. 
 
 
Figure 6.11: Map showing Soil Sampling Locations Map (Corridor 2) 
"
169,PDF page 169," 
Environment Impact Assessment for Delhi Metro Phase IV-2 Project 
 
 
159 J DELHI METRO RAIL CORPORATION LTD. 
 
 
Figure 6.12: Map showing Soil Sampling Locations Map (Corridor 3) 
"
170,PDF page 170," 
Environment Impact Assessment for Delhi Metro Phase IV-2 Project 
 
 
160 J DELHI METRO RAIL CORPORATION LTD. 
 
(4) Noise Level 
a. Selection of Sampling Sites 
The noise monitoring was done following the CPCB protocol for Noise Monitoring, July 2015, 
which, among others, include the following cardinal principles:  
• Should be located at the ambient level i.e. away from the direct source, away from any 
vibration and any obstruction.  
• Microphone must be placed 1.2 -1.5m above the ground level.  
• The instrument should be isolated from strong vibration and shock.  
• The monitoring should be carried out minimum 75% of the prescribed Day time (06.00 am 
to 10.00 pm) and Nighttime (10.00 pm to 06.00 am). 
• During ambient noise monitoring sound comes from more than one direction, it is 
important to choose a microphone and mounting which gives the best possible Omni 
directional characteristics. 
• Noise measurements should not be made in fog and rain.  
• Wind shields always be used to prevent interference of reflecting noise. 
Noise monitoring has been carried during day and nighttime and Leq values have then been 
computed hourly. Day time & Nighttime monitoring were conducted from 6 a.m. to 10 p.m. and from 
10 p.m. to 6 a.m., respectively. Ambient noise levels were measured using integrated sound level 
meter (SLM) Lutron (SL-4001).  
SLM was mounted on a tripod as per the standard methodology for noise measurements. Special care 
was taken for not making noise during the measurement and ensuring the least amount of reflective 
from our body to the meter. Noise levels were recorded at 16 locations by Sound Level Meter. Noise 
levels were recorded as per IS: 9989 entitled “Assessment of noise with respect to community 
response” methodology. Noise levels were recorded at approximately 1.5 m above the ground level 
and about 3 m away from  walls, buildings or other sound reflecting sources. Ambient Noise 
Monitoring Locations and analysis reports are appended below:  
Table 6.8: Ambient Noise Level Monitoring Stations and justification 
S. 
No. Location Name Latitude Longitude 
Distance 
(m)/Directio
n from ROW 
Selection criteria 
Corridor 2 
N1 Lajpat Nagar Station 28°34'13.73'' N 77°14'10.65'' E 11 E Existing metro station and densely 
populated area  
N2 Pushp Bhawan Station 28°31'49.56""N 77°13'55.67""E 0 At site Near to sensitive location 
(Jahanpanah city forest) 
N3 Saket G Block Station 28°31'1.93""N 77°13'7.60""E 1 S At polluting road NH-148 
N4 Pushp Vihar Station 28°31'21.71""N 77°13'21.26""E 0 At site Near to residential area of Pushp 
Vihar as well as open parks 
Corridor 1 
N5 Indraprastha Station 28°37'18.07""N 77°14'55.24""E 3 W Sensitive location (Open jungle)  
N6 Delhi Gate Station 28°38'23.02""N 77°14'32.53""E 2 S Sensitive location at playground 
and near to Ekta Sthal 
N7 Jhandewala Station 28°39'4.01""N 77°12'11.18""E 6 N Dense trees area  
N8 Sarai Rohilla Station 28°39'29"" N  77°11'6"" E 3 E Populated and green developed 
area  
Corridor 3 
N9 Rohini Sec 25 Station 28°43'46.43""N 77° 5'41.20""E 8 S At major district road  "
171,PDF page 171," 
Environment Impact Assessment for Delhi Metro Phase IV-2 Project 
 
 
161 J DELHI METRO RAIL CORPORATION LTD. 
 
S. 
No. Location Name Latitude Longitude 
Distance 
(m)/Directio
n from ROW 
Selection criteria 
N10 Rithala Station 28°43'15.77""N 77° 6'25.17""E 560 SE Existing metro station and dens 
traffic area  
N11 Rohini Sec 36 Station 28°44'58.98""N 77° 4'17.87""E 0 At site Open jungle  
N12 Anaj Mandi Narela 
Station 28°50'20.40""N 77° 6'12.44""E 0.5 N Densely populated area  "
172,PDF page 172," 
Environment Impact Assessment for Delhi Metro Phase IV-2 Project 
 
 
162 J DELHI METRO RAIL CORPORATION LTD. 
 
 
Figure 6.13: Map showing Ambient Noise Level Monitoring Locations (Corridor 2) 
"
173,PDF page 173," 
Environment Impact Assessment for Delhi Metro Phase IV-2 Project 
 
 
163 J DELHI METRO RAIL CORPORATION LTD. 
 
 
Figure 6.14: Map showing Ambient Noise Level Monitoring Locations (Corridor 1) 
"
174,PDF page 174," 
Environment Impact Assessment for Delhi Metro Phase IV-2 Project 
 
 
164 J DELHI METRO RAIL CORPORATION LTD. 
 
 
 Figure 6.15: Map showing Ambient Noise Level Monitoring Locations (Corridor 3) 
"
175,PDF page 175," 
Environment Impact Assessment for Delhi Metro Phase IV-2 Project 
 
 
165 J DELHI METRO RAIL CORPORATION LTD. 
 
(5) Vibration Level 
The common sources of vibration during metro construction project are the operation of the Tunnel 
Boring Machine (TBM) during tunnel construction, and pile driving. The operation of metro trains 
induces vibration mainly due to the rolling stock, track and the friction between them. It is important 
to monitor the vibrations to establish the baseline and to know the impact of continuous vibrations 
by operating metro trains on the buildings. Baseline vibration monitoring was carried ou t for 24 
hours at 12 locations which are adjacent to the proposed metro lines and susceptible for vibrations. 
The instrumentation used for measuring vibration includes NOMIS instrument. PPV was converted 
into VdB using the formula recommended by Transit No ise and Vibration Impact Assessment. 
Vibration limits specified in FTA-VA-90-1003-06 specifications have been suggested for comparison 
of the results. 
 
 
Figure 6.16: Methodology 
 
Since road traffic is a continuous one, the structure around it is subjected to ground vibrations 
continuously, Vibration limits applicable to mines where the problem is high are not suitable for 
continuous vibrations like that from road traffic. Hence vib ration limits specified in FTA -VA-90-
1003-06 specifications have been suggested for comparison of the results. 
a. Collection of baseline data  
• The main data collected from the field was vibrations produced by moving vehicles. 
• PPV of Ground Vibrations in 3 axes was measured at 12 sampling locations for 24 hours 
using NOMIS Instruments. 
"
176,PDF page 176," 
Environment Impact Assessment for Delhi Metro Phase IV-2 Project 
 
 
166 J DELHI METRO RAIL CORPORATION LTD. 
 
• PPV was converted into VdB using the formula recommended by Transit Noise and 
Vibration Impact Assessment (1995),  
𝐿𝑣= 20. log10 (
𝑣
𝑣𝑟𝑒𝑓
) 
where, 
 𝐿𝑣 is the velocity levels in decibels. 
 v is the recorded velocity amplitude, and 
 𝑣𝑟𝑒𝑓 is the reference velocity amplitude. 
 
Table 6.9: Vibration Monitoring Locations 
 
S. No. Location Name Latitude Longitude Distance 
(m) Direction Selection criteria 
Corridor 1 
V5 Ajmal Khan Park 
Station 28°39’10.566”N 77°11’44.063” E 3 W 
Existing metro 
station and densely 
populated area 
V6 Sarai Rohilla Station 28°39’29.146”N 77°11’8.195” E 2 S 
Near to sensitive 
location (Jahanpanah 
city forest) 
V7 Indraprastha Station 28°37’26.191”N 77°14’52.364” E 6 N At polluting road NH-
148 
V8 Jhandewalan Station 28°39’5.836”N 77°12’15.282” E 3 E 
Near to residential 
area of Pushp Vihar 
as well as open parks 
Corridor 2 
V1 Pushp Bhawan Station 28°31’47.003” N 77°13’55.794” E 0 At site Sensitive location 
(Open jungle) 
V2 Lajpat Nagar Station 28°34’13.814” N 77°14’11.918” E 0 At site 
Sensitive location at 
playground and near 
to Ekta Sthal 
V3 Saket G-Block Station 28°31’1.43”N 77°13’5.66” E 0 At site Dense trees area 
V4 Pushp Vihar Station 28°31’21.637”N 77°13’21.389” E 0 At site Populated and green 
developed area 
Corridor 3 
V9 Rohini Sector -25 28°43’48.432”N 77°5’37.91” E 590 SE At major district road 
V10 Rohini Sector - 32 28°44’20.98”N 77°4’48.666” E 8 W 
Existing metro 
station and dens 
traffic area 
V11 Barwala DDA Park 28°45’12.575”N 77°4’4.652” E 0.3 N Open jungle 
V12 Bawana JJ Colony 28°48’9.029”N 77°2’41.014” E 4 E Densely populated 
area 
 "
177,PDF page 177," 
Environment Impact Assessment for Delhi Metro Phase IV-2 Project 
 
 
167 J DELHI METRO RAIL CORPORATION LTD. 
 
 
Figure 6.17: Map showing Vibration Monitoring Locations (Corridor 1) 
"
178,PDF page 178," 
Environment Impact Assessment for Delhi Metro Phase IV-2 Project 
 
 
168 J DELHI METRO RAIL CORPORATION LTD. 
 
 
Figure 6.18: Map showing Vibration Monitoring Locations (Corridor 2) 
"
179,PDF page 179," 
Environment Impact Assessment for Delhi Metro Phase IV-2 Project 
 
 
169 J DELHI METRO RAIL CORPORATION LTD. 
 
 
Figure 6.19: Map showing Vibration Monitoring Locations (Corridor 3)  
"
180,PDF page 180," 
Environment Impact Assessment for Delhi Metro Phase IV-2 Project 
 
 
170 A DELHI METRO RAIL CORPORATION LTD. 
 
(6) Biological environment 
The natural flora and fauna of the land habitats constitute the terrestrial ecosystem. The study of 
terrestrial ecosystem is important as a part of monitoring for environmental changes. Due to 
rapid industrialization, currently the ecological status of an area changed dramatically.  
The present study on the floral assessment for the project activity is based on the field survey of 
the area. By following the forest inventory methodology, the survey of biological parameters was 
conducted within the core zone (within PROW) and buffer zone (50m radial distance from PROW) 
per standard methods during the study period. A preliminary survey of the study area was 
performed to get a general picture of the landscapes in vegetation.  
Details of flora & fauna with special reference to endemic/threatened species if any reported from 
the study area along with details of existing forest cover in the study area. 
a. Collection of baseline data  
Ecology & Biodiversity Expert visited the site during the study period  twice i.e., May 2024 and 
September 2024 collected all the necessary data including flora and fauna affected by the 
construction, rare, endangered and endemic species in the area from the site.  
• Identify project area of data collected for species. 
• The Integrated Biodiversity Assessment Tool (IBAT) is utilized to screen and identify areas 
of significant biodiversity, considering the three primary global biodiversity datasets: the 
IUCN list of Threatened Species, the World Database on Protected Areas, and the World 
Database of Key Biodiversity Areas. 
• Conducting enumeration of trees 33 through manual counting and measurement of girth 
sizes at 1.85 m above the ground leve l. (50 m from the centre of the alignment in either 
side) 
• Conducting baseline surveys for flora (trees, shrubs and herbs) and fauna (mammals, birds, 
reptiles, and insects) utilizing established scientific methodologies. 
- Birds were sampled by using line transect method and opportunistic bird sightings; 
The total area covered is 10 km. By sighting of different birds all around  
- Mammals: Random opportunistic surveys along the corridors were carried out 
across the sites to assess the presence of mammals.  
- Reptiles: Visual Encounter Survey method (VES) method was used for studying the 
reptile fauna in the WCP area.  
- Butterflies: For the sampling of butterflies, the standard ‘Pollard Walk’ method was 
employed.  
- -Secondary data was also used for baseline study. -Only the qualitative aspect has 
been examined.  
• Identification of additional sites of ecological importance  (deemed/city forests/green 
areas) along and in the vicinity of the metro corridors, if any. 
b. Data Analysis 
• Screening of flora and fauna, with specific emphasis on the IUCN categorization of 
species and their status in accordance with the revised Indian Wildlife Protection Act of 
1972. 
• Identification of forest types in case of reserve or protected forests that occur within 
and nearby the metro corridors, if any 
 
33 ""tree"" means any woody plant whose branches spring from and are supported upon a trunk or body and whose 
trunk or body is not less than five centimetres in diameter at a height of thirty centimetres from the ground level and 
is not less than one metre in height from the ground level. (The Delhi Preservation of Trees Act, 1994) "
181,PDF page 181," 
Environment Impact Assessment for Delhi Metro Phase IV-2 Project 
 
 
171 A DELHI METRO RAIL CORPORATION LTD. 
 
• Identification of forests as well as city forests located within and in close proximity to 
the metro corridors, if any. 
• Evaluation of the influence on carbon sequestration rate and oxygen production 
resulting from the removal of individual trees scheduled for cutting. 
• Identification of the primary expected effects on biodiversity throughout the 
construction and operational stages of the metro project. 
• Conducting an assessment of the expected effects on biodiversity and developing 
appropriate strategies to mitigate each impact. 
• Conduct Critical Habitat Assessment 
(7) Socio-Economic  
Any developmental activity exerts a direct impact on the socio -economic environment of the 
region. Usually, the beneficial impacts such as better job opportunities, improved education, 
communication, energy, housing, health, transportation facilities etc. outweighs the adverse 
impacts, if any. 
The study of socio -economic component of environment is incorporating various facets, viz. 
demographic structure, availability of basic amenities such as housing, education, health and 
medical services, occupation, water supply, sanitation, communication a nd power supply, 
prevailing diseases in the region as well as features such as places of tourist attraction and 
monuments of archaeological importance. The study of these parameters helps in identifying 
predicting and evaluating the likely impacts due to project activity in the surrounding region. 
Baseline data such as demographic pattern, occupational status, educational, health and other 
amenities as existing in the study area have been studied. 
a. Baseline Status 
The latest available data has been complied to generate the existing socio -economic scenario of 
the study area. Information on socio -economic profile was collected from the Census of India 
2011 including the population details of the region 
b. Study Area 
The study area was defined as an area which is comprised of project corridor 1, 2, and 3 as well 
as within a 50 m both side of the stations of the Project alignment.  
c. Methodology applied for selection of sample & data collection 
The methodology which is applied for primary data collection i.e. gathering data through field 
survey for socio-economic environment is explained below:  
d. Sampling Method 
A judgmental and purposive sampling method was used for choosing respondents at each Metro 
station which was identified as per the availability of respondents at the particular location.  
Respondents of various sections of the study area who will be the beneficiary of the Metro project 
were included in the Socio-Economic Survey. 
The respondents included: Adult Males and Females, Teachers, Businessmen, Students, Shop 
Owners, Government Officials, Government Staff and Employees, Small Shop Owners and Vendors, 
Unemployed Group etc. 
e. Sample Size "
182,PDF page 182," 
Environment Impact Assessment for Delhi Metro Phase IV-2 Project 
 
 
172 A DELHI METRO RAIL CORPORATION LTD. 
 
Interview was done through the survey of the local people to collect social and economic 
information, the quality of life and to know the opinion of respondents and their expectation from 
the Delhi Metro Phase IV (remaining corridors)  project. The estimated number targets for the 
interview survey was 10 people (5 males, 5 females) living at 50 m on both sides of every station 
area.  
f. Interview Method 
Structured interview method was used to collect data regarding the awareness and opinion from 
the selected samples of the various socio - economic sections of the community. Structured 
interviews involved the use of a set of pre -determined questions that in cluded fixed and 
alternative questions. The questionnaire , Part A - Questionnaire Living Standard Survey, Part b 
questionnaire of social survey, mainly highlights the parameters such as living standard 
conditions that included vulnerability status, access t o infrastructure, access to social service, 
household income and expenditure and quality of life parameters, general awareness, opinion, 
and expectation of the respondents about the proposed project, were all studied for 
understanding of the socio -economic profile of the area and the benefits and advantages of the 
proposed Delhi Metro Phase IV-2 Project. The interview method helps to collect more correct and 
accurate information as the interviewer is present during the field survey.  
Table 6.10: Details of Samples Collected during Socio Economic Survey 
Name of the 
Corridor 
No. of 
Stations 
No. of 
Respondents Total No. of 
Respondents Remarks 
Male  Female 
Corridor 1 
(Inderlok to 
Indraprastha) 
9 59 31 90 
Number of Female respondents are less as 
compared to Male respondents due to non-
availability at the time of social survey within 
50 meters both side of the Station. Corridor 2 
(Lajpat Nagar to 
Saket G Block) 
7 41 29 70 
Corridor 3 
(Rithala-
Nathupur) 
20 70 32 102 
No inhabitants were found in the following 
locations hence data on socio-economic 
survey were not recorded. These included the 
following stations: 
Rohini Sector 35 
Rohini Sector 34 
Bawana 
New Sanoth 
Depot (Only 1 Male) 
Bhorgarh 
Narela DDA Sports Complex 
Total 36 170 92 262  
 "
183,PDF page 183," 
Environment Impact Assessment for Delhi Metro Phase IV-2 Project 
 
 
173 A DELHI METRO RAIL CORPORATION LTD. 
 
 
Figure 6.20: Representing the Category of Respondents Interviewed During Survey 
 
Table 6.11: List of the Locations for Field Survey of Socio-Economic Survey 
Sr. No. Corridor 1 Corridor 2 Corridor 3 
1 Lajpat Nagar Inderlok Rohini Sector 25 
2 Andrew Ganj Daya Basti Rohini Sector 26 
3 Greater Kailash 1 Sarai Rohalla Rohini Sector 31 
4 Chirag Delhi Ajmal Khan Park Rohini Sector 32 
5 Pushp Bhawan Jhandewala Rohini Sector 36 
6 Saket District Court New Delhi Barwala 
7 Pushp Vihar Delhi Gate Rohini Sec 35 
8  Delhi Sachivalya Rohini Sec 34 
9  Indraprastha Bawana Industrial Area Sec.3 & 4 
10  Bawana Industrial Area Sec.1 & 2 
11 Bawana J J Colony 
12 Sanoth 
13 New Sanoth 
14 Depot 
15 Bhorgarh Village 
16 Ananj Mandi Narela 
17 Narela DDA Sports Complex 
18 Narela  
19 Narela Sector 5 
20 Kundli 
 
  
Figure 6.21: Interaction with stall owners at proposed Bawana Industrial Area Sector 3 & 
4 and Narela Metro Station 
 
***** 
3.92
8.82
6
25.41
5.88
15.68
2.94
5.88
25.49
0
5
10
15
20
25
30
Category of Respondents
Total Dependent
Student
Shop Owner
Stallowner/Vendor
Skilled Labour
Casual Labour
Government Staff
Company
Others
"
184,PDF page 184," 
Environment Impact Assessment for Delhi Metro Phase IV-2 Project 
 
 
174 A DELHI METRO RAIL CORPORATION LTD. 
 
CHAPTER 7. SURVEY AND ANALYSIS RESULTS 
The resu lt of survey and analysis conducted for the environment impacts items identified as 
potentially affected by the Project is presented below.  Some of items which identified to have 
potential impacts based on scoping matrix such as waste, hydrology, topography/geology, traffic, 
climate change are recommended for further study. 
The information presented in this chapter stems from various sources. Data on land environment 
has been collected and compiled from various reports and field surveys. The data on water quality, 
ground water hydrology, vegetation and fauna, air and noise quality and vibration were collected 
during field studies. Environment Baseline Monitoring and Data Collection for Ambient Air , 
Ambient Noise and Vibration has conducted at site from 10th May, 2024 and completed by 
around 9th June, 2024. Water (Surface and Ground Water) and Soil samples have been collected 
on 10th & 19th May, 2024. We have also collected additional data for rainy season ( 13-21 
September 2024) of ground water and surface  water and Biodiversity, which is compared with 
the CPCB data also for year 2022. Secondary data for ambient air has been obtained from Central 
Pollution Control Board for 2023. The test results from laboratory are included in Annexture VII. 
7.1. Pollution 
7.1.1. Ambient Air Quality 
(1) Primary Data Survey Results 
Baseline results of monitoring are calibrated in Table 7.1 below. The PM 10, PM 2.5, SO 2 & NOx 
concentrations within the study area were found vary from 100.67 to 154.32 μg/m 3, 54.58 to 
72.53 μg/m3, 16.38 to 21.15 μg/m 3, and 22.11 to 30.84 μg/m 3, respectively and CO and O 3 were 
found to be in the range of 0.64 mg/m3 to 0.86 mg/m3 and 11.50 to 21.73 μg/m3, respectively.  
The baseline concentrations for PM 10, and PM2.5, are exceeding the target levels of National 
Ambient Air Quality Standards (NAAQ) 2009 standards  and WHO Global guidelines for all 
sampling points. and for NOx exceed at all except A5, A9 and A10. Based on CPCB data, the values 
on PM2.5, PM10 and NOx exceeds the national standards for most of the year. Major cause is due to 
vehicular pollution. 
At the time of baseline monitoring, road construction activity was ongoing near the A2 monitoring 
location. The monitoring location was in downwind direction of the road construction work due 
to which baseline value of PM 10 has been found to be the highest. 
Table 7.1: Baseline Results for the Ambient Air Quality Monitoring Locations 
Locatio
n 
Codes 
Locations Item Unit Measured 
Value 
National  
Standards 
(NAAQS), 24 h 
except O3 & CO 
8h 
International 
Standards.  
(WHO), 24 h 
except O3 8h& 
CO 
Corridor 2 
A-1 Lajpat Nagar 
Station 
PM2.5 (µg/m3) 68.33 60 15 
PM10 (µg/m3) 121.96 100 45 
NOX (µg/m3) 30.84 80 25 
SO2 (µg/m3) 20.12 80 40 
O3 (µg/m3) 11.50 180 100 
CO (mg/m3) 0.85 2 10  
A-2 
Pushp 
Bhawan 
Station 
PM2.5 (µg/m3) 64.16 60 15 
PM10 (µg/m3) 154.32 100 45 
NOX (µg/m3) 26.78 80 25 "
185,PDF page 185," 
Environment Impact Assessment for Delhi Metro Phase IV-2 Project 
 
 
175 A DELHI METRO RAIL CORPORATION LTD. 
 
Locatio
n 
Codes 
Locations Item Unit Measured 
Value 
National  
Standards 
(NAAQS), 24 h 
except O3 & CO 
8h 
International 
Standards.  
(WHO), 24 h 
except O3 8h& 
CO 
SO2 (µg/m3) 19.42 80 40 
O3 (µg/m3) 12.72 180 100 
CO (mg/m3) 0.82 2 10  
A-3 Saket G Block 
Station 
PM2.5 (µg/m3) 65.83 60 15 
PM10 (µg/m3) 134.46 100 45 
NOX (µg/m3) 27.62 80 25 
SO2 (µg/m3) 20.15 80 40 
O3 (µg/m3) 15.58 180 100 
CO (mg/m3) 0.82 2 10  
A-4 Pushp Vihar 
Station 
PM2.5 (µg/m3) 54.58 60 15 
PM10 (µg/m3) 148.17 100 45 
NOX (µg/m3) 28.32 80 25 
SO2 (µg/m3) 21.15 80 40 
O3 (µg/m3) 14.31 180 100 
CO (mg/m3) 0.86 2 10  
Corridor 1 
A-5 Indraprastha 
Station 
PM2.5 (µg/m3) 71.91 60 15 
PM10 (µg/m3) 126.96 100 45 
NOX (µg/m3) 24.48 80 25 
SO2 (µg/m3) 17.65 80 40 
O3 (µg/m3) 19.08 180 100 
CO (mg/m3) 0.76 2 10  
A-6 Delhi Gate 
Station 
PM2.5 (µg/m3) 67.91 60 15 
PM10 (µg/m3) 125.38 100 45 
NOX (µg/m3) 25.70 80 25 
SO2 (µg/m3) 16.38 80 40 
O3 (µg/m3) 20.14 180 100 
CO (mg/m3) 0.81 2 10  
A-7 Jhandewala 
Station 
PM2.5 (µg/m3) 61.66 60 15 
PM10 (µg/m3) 122.72 100 45 
NOX (µg/m3) 28.69 80 25 
SO2 (µg/m3) 19.89 80 40 
O3 (µg/m3) 21.73 180 100 
CO (mg/m3) 0.76 2 10  
A-8 Sarai Rohilla 
Station 
PM2.5 (µg/m3) 62.50 60 15 
PM10 (µg/m3) 100.67 100 45 
NOX (µg/m3) 28.69 80 25 
SO2 (µg/m3) 19.89 80 40 
O3 (µg/m3) 21.73 180 100 
CO (mg/m3) 0.73 2 10  
Corridor 3 
A-9 Rohini Sec 25 
Station 
PM2.5 (µg/m3) 65.41 60 15 
PM10 (µg/m3) 134.14 100 45 
NOX (µg/m3) 22.11 80 25 
SO2 (µg/m3) 18.13 80 40 
O3 (µg/m3) 15.90 180 100 
CO (mg/m3) 0.73 2 10  
A-10 Rithala 
Station 
PM2.5 (µg/m3) 69.58 60 15 
PM10 (µg/m3) 132.78 100 45 
NOX (µg/m3) 23.31 80 25 
SO2 (µg/m3) 16.38 80 40 
O3 (µg/m3) 17.49 180 100 
CO (mg/m3) 0.66 2 10  "
186,PDF page 186," 
Environment Impact Assessment for Delhi Metro Phase IV-2 Project 
 
 
176 A DELHI METRO RAIL CORPORATION LTD. 
 
Locatio
n 
Codes 
Locations Item Unit Measured 
Value 
National  
Standards 
(NAAQS), 24 h 
except O3 & CO 
8h 
International 
Standards.  
(WHO), 24 h 
except O3 8h& 
CO 
A-11 Rohini Sec 36 
Station 
PM2.5 (µg/m3) 72.53 60 15 
PM10 (µg/m3) 128.65 100 45 
NOX (µg/m3) 28.69 80 25 
SO2 (µg/m3) 19.30 80 40 
O3 (µg/m3) 17.49 180 100 
CO (mg/m3) 0.68 2 10  
A-12 
Anaj Mandi 
Narela 
Station 
PM2.5 (µg/m3) 64.58 60 15 
PM10 (µg/m3) 138.86 100 45 
NOX (µg/m3) 25.10 80 25 
SO2 (µg/m3) 16.38 80 40 
O3 (µg/m3) 18.02 180 100 
CO (mg/m3) 0.68 2 10  
Note: results exceeded national standard is highlighted in orange and results exceeded international standard is in red 
font. 
Source: Baseline Monitoring Report, Vardan EnviroLab LLP, NABL Accredited Laboratory 
 
 
PM10 and PM2. 
 
 NOx and Sox 
 
 O3  
 
CO Pollutant 
 
Figure 7.1: Graphical Representation of Air quality Survey Result 
(2) Secondary Data Survey results 
Table 7.2 shows the survey results of t he secondary data of CPCB of Wet season in July and Dry 
season in March to provide the seasonal trend in the Project area. The table show the lowest and 
highest data recorded within the said month. 
Comparing two season data of CAAQMS, there are significant increase in NOx PM10 and PM2.5 in 
Dry season at all sites, while increase is recoded at sites of Corridor 1 and 3. Based on this trend, 
the air quality of the project area may also worsen in dry season.  
 
 
 
 
"
187,PDF page 187," 
Environment Impact Assessment for Delhi Metro Phase IV-2 Project 
 
 
177 A DELHI METRO RAIL CORPORATION LTD. 
 
Table 7.2: Secondary Monitoring data of July 2023 
Parameters Unit 
Corridor 1 
ITO, CPCB Result 
Corridor 3 
Nehru Nagar, 
DPCC Result 
Corridor 2 
Bawana, DPCC 
Result 
National 
Standards 
(NAAQS) 
Internationa
l Standards. 
(WHO) 
Min Max Min Max Min Max 
PM10 μg/m3 33.75 123.41 32.19 132.31 24.64 158.98 60 15 
PM2.5 μg/m3 18.36 63.91 11.5 62.24  14.28 64.15 100 45 
SO2 μg/m3 8.42 16.52 4.04 9.21 1.14 2.68 80 25 
NOx μg/m3 2.52 48.83 16.92 52.12 2.46 8.67 80 40 
O3 μg/m3 11.04 63.58 12.07 63.23 13.38 43.58 180 100 
CO mg/m3 1.17 24.24 0.52 0.96 0.92 1.23 2 10  
Note: results exceeded national standard is highlighted in orange and results exceeded international standard is in red 
font. 
 
Table 7.3: Secondary Monitoring data of March 2024 
Parameters Unit 
Corridor 1 
ITO, CPCB Result 
Corridor 3 
Nehru Nagar, 
DPCC Result 
Corridor 2 
Bawana, DPCC 
Result 
National 
Standards 
(NAAQS), 
Internationa
l Standards. 
(WHO) Min Max Min Max Min Max 
PM10 μg/m3 83.25 242 93.34 362 92.33 300.81 60 15 
PM2.5 μg/m3 35.78 126.32 33.42 168 38.04 161.94 100 45 
SO2 μg/m3 7.4 19.2 6.51 16.66 4.7 23 80 25 
NOx μg/m3 27.2 119.7 10.18 89.30 9.92 31.39 80 40 
O3 μg/m3 12.8 40.33 5.8 86.67 8.96 63.03 180 100 
CO mg/m3 0.78 3.65 1.03 3.5 0.41 1.51 2 10  
Note: results exceeded national standard is highlighted in orange and results exceeded international standard is in red 
font. 
 
 "
188,PDF page 188," 
Environment Impact Assessment for Delhi Metro Phase IV-2 Project 
 
 
178 J DELHI METRO RAIL CORPORATION LTD. 
 
 
Figure 7.2: Map showing Continuous Ambient Air Quality Monitoring Stations (CAAQMS) of CPCB in Delhi 
"
189,PDF page 189," 
Environment Impact Assessment for Delhi Metro Phase IV-2 Project 
 
 
179 J DELHI METRO RAIL CORPORATION LTD. 
 
7.1.2. Water Quality 
(1) Primary Data Survey Results for Dry Season 
Surface water is assumed all under the class E. all the sampling sites except SW5 exceeds COD and 
BOD and Total Nitrogen, Total Phosphorous. SW5 exceeds Total Nitrogen comparing to WB EHS 
standards. Comparing to national standards, SW5 and SW6 exceeds Conductivity . At all sites 
except SW5, both or either of COD or BOD exceeds. This shows that surface waters measured is 
highly polluted given the BOD, COD, Odour, Colour and Dissolved Solids values found . However, 
SW5 and SW6 have levels that overall suggest some ecological value might be present. Untreated 
sewage from residential, commercial and industrial units falls into the open drainage this causes 
the pollution. 
Result of ground water shows exceeded level in Total Dissolved Solids in all sampling sites and 
Fluoride, Boron, Copper exceeds some samplings sites . Ground water quality results show that 
water will be fit for drinking after conventional treatment. i.e., the ground water requires 
treatment through membrane filtration/reverse osmosis (RO) process.  
a. Surface water Sampling Results  
▪ pH: The pH levels ranged from 6.99 to 7.72 indicating that the pH is alkaline in nature.  
▪ Total Dissolved Solids (TDS):  The levels for TDS ranged from 658 to 8744 mg/l 
which is exceeding the permissible limits.  
▪ Total Hardness: The values for Total Hardness ranged from 368.90 to 3920.88 mg/l. 
▪ Dissolved Oxygen: The DO levels ranged from 0.1 to 5.8 mg/l.  
▪ Biochemical Oxygen Demand: The BOD levels ranged from 20 to 132 mg/l.  
▪ Chloride: Chloride level ranging from 176.86 mg/l to 3685.02 mg/l 
b. Groundwater Sampling Results 
• pH: The pH of the ground water sampled from all the locations was found alkaline in 
nature and ranged from 7.21 to 7.75.  
• Total hardness: The levels of Total hardness ranged from 6.32 to 1,918.28 mg/l.  
• Total Dissolved Solids: TDS levels were found to vary from 132 mg/l to 2,050 mg/l.  
• Chlorides: The concentrations of chloride were found to be in the range of 27.51 
mg/l to 265.32 mg/l.  
• Alkalinity: The levels for alkalinity ranged from 61.23 to 390.93 mg/l.  
• Nitrates & Sulphates: The levels for nitrates and sulphates were found well within 
the permissible limits for all the locations. The nitrate levels ranged from 3.09 to 
27.23 mg/l and sulphates levels ranged from 13.10 to 122.98 mg/l.  
• Total coliforms and E. coli were absent in the samples analysed for ground water  
(2) Primary Data Survey Results for Wet season 
Surface water in the wet season shows high levels of chemical and biological oxygen demand, 
suggesting poor quality for all sampling sites except SW5. Increased dilution from the wet season 
has reduced some pollution levels but not significantly.  Untreated sewage from residential, 
commercial and industrial units falls into the open drainage this causes the pollution. 
a. Surface water Sampling Results  
• pH: The pH levels ranged from 6.99 -7.72 indicating that the pH is alkaline in nature.  
• TDS: The levels for TDS ranged from 498 to 6508 mg/l . 
• Total Hardness: The high total hardness (498 To 6508 mg/l)  
• Dissolved Oxygen: : The low dissolved oxygen levels (0.2 to 5.8 mg/l)  "
190,PDF page 190," 
Environment Impact Assessment for Delhi Metro Phase IV-2 Project 
 
 
180 J DELHI METRO RAIL CORPORATION LTD. 
 
• Biochemical Oxygen Demand: The BOD levels (20.15 to 107.25 mg/l)  
• Chloride: Elevated chloride levels (134.02 to 2311.76 mg/l)  
b. Groundwater Sampling Results 
• pH: The pH levels are between 6.74 and 7.75 signifying an alkaline water, and 
withing drinking water requirements. 
• Total hardness: Hardness shows values between 218-997.50 for sampling sites 
GW1 -GW5. exceeding the requirements. Only GW6 is within limits. 
• Total Dissolved Solids: GW1, 2, 4 and 5 all exceed guideline limits with values 
ranging from 502-1,548. Mg/L. GW3 and GW6 are within limits for drinking water. 
• Chlorides: Only GW4 exceeds the guideline value with a value of 427.38 mg/L.  
• Alkalinity: GW1-4 all exceed the guideline value of 200 mg/L with a range of 
200.45 - 327 mg/L. GW5 and GW6 are within limits. 
• Nitrates: All sampling locations are within limits. 
• Sulphates: All sampling locations are within limits 
• Total coliforms: No guideline is established but levels are below detection limit in 
the methodology used. 
• E. coli: All sampling locations are within limits 
(3) Comparison of Dry and Wet season 
While groundwater generally meets drinking water standards, it may require additional 
treatment, such as membrane filtration or reverse osmosis, due to elevated levels of hardness and 
total dissolved solids. Groundwater quality exhibits some seasonal fluct uations, particularly in 
hardness and alkalinity. Overall, groundwater samples demonstrate superior quality compared 
to surface water, suggesting groundwater is protected from surface pollution.  
Surface water, on the other hand, is more susceptible to seasonal variations caused by rainfall 
and runoff, often exceeding acceptable levels. Results are likely to be very rainfall dependant. 
Results show many forms of pollution especially untreated sewag e in both seasons. While some 
pollutants reduce in concentration in the wet season, they still exceed guideline values apart from 
SW5 which is a location has reasonable quality water for some species. 
 
  "
191,PDF page 191," Environment Impact Assessment for Delhi Metro Phase IV-2 Project 
 
 
181 J DELHI METRO RAIL CORPORATION LTD. 
 
Table 7.4: Surface Water Quality Sampling Results for Dry Season 
Sr
.n
o. 
Parameters Unit 
Corridor 2 Corridor 1 Corridor 3 National 
CPCB 
Inter’l 
WB & 
EHS SW1 SW2 SW3 SW4 SW5 SW6 
Class E E E E E E 
1 pH (at 25 0C) -- 7.39 7.72 7.01 6.99 7.28 7.32 5.5 9 6-9 
2 Turbidity NTU 19.2 23.4 98.1 165.0 12.3 2.38   
3 Colour Hazen Blackish Blackish Blackish Blackish 20 10   
4 Conductivity µS/c
m 
1012.30 1307.69 1298.46 1313.84 2,363.07 1,3452.30 2,250  
5 Odour -- Disagreeable Disagreeable Disagreeable Disagreeable Disagreeable Disagreeable   
6 Total Hardness as CaCO3 mg/l 368.90 411.06 442.68 400.52 801.04 3920.88   
7 Chloride as Cl mg/l 176.86 211.27 260.40 194.29 530.64 3685.02   
8 Dissolved Oxygen mg/l 1.00 BLQ (LOQ -0.1) 0.5 0.1 5.1 5.8   
9 Cyanide as CN mg/l BLQ (LOQ-0.02) BLQ (LOQ-0.02) BLQ (LOQ-0.02) BLQ (LOQ-0.02) BLQ (LOQ-0.02) BLQ (LOQ-0.02)   
10 Total Dissolved Solids mg/l 658.00 850 844.00 854 1536. 8744   
11 Sulphate as SO4 mg/l 52.94 82.08 39.43 35.57 242.85 1596.65   
12 Chemical Oxygen Demand at 
1500C mg/l 184.00 243.00 418.00 485.00 75 138 250 125 
13 Biological Oxygen Demand at 
270C 
mg/l 60.00 132.00 109 132 20 39 30 30 
14 Nitrate as NO3 mg/l 1.01 2.50 BLQ (LOQ -1.0) BLQ (LOQ -1.0) 13.15 5.27   
15 Lead mg/l BLQ (LOQ-0.002) BLQ (LOQ-0.002) BLQ (LOQ -0.002) BLQ (LOQ -0.002) BLQ (LOQ -0.002) BLQ (LOQ -0.002) 0.1  
16 Iron as Fe mg/l 0.064 0.028 0.141 0.161 0.089 0.123 3.0  
17 Phenolic Compounds mg/l BLQ (LOQ-
0.0005) 
BLQ (LOQ-
0.0005) 
BLQ (LOQ-
0.0005) 
BLQ (LOQ-
0.0005) 
BLQ (LOQ-
0.0005) 
BLQ (LOQ-0.0005)   
18 Zinc as Zn mg/l BLQ (LOQ-0.01) BLQ (LOQ-0.01) 0.126 0.098 BLQ (LOQ-0.01) BLQ (LOQ-0.01) 5.0  
19 Copper mg/l BLQ (LOQ -0.002) BLQ (LOQ -0.002) 0.006 0.004 BLQ (LOQ -0.002) BLQ (LOQ-0.002) 3.0  
20 Cadmium mg/l BLQ (LOQ-0.002) BLQ (LOQ-0.002) BLQ (LOQ-0.002) BLQ (LOQ -0.002) BLQ (LOQ-0.002) BLQ (LOQ-0.002) 2.0  
21 Calcium as Ca mg/l 67.59 97.16 92.93 109.83 143.63 439.34   
22 Total Alkalinity as CaCO3 mg/l 329.70 456.87 452.16 480.42 376.80 353.25   
23 Magnesium as Mg mg/l 48.58 40.86 51.11 30.60 107.39 685.87   
24 Hexavalent Chromium as Cr mg/l BLQ (LOQ -0.1) BLQ (LOQ -0.1) BLQ (LOQ -0.1) BLQ (LOQ -0.1) BLQ (LOQ -0.1) BLQ (LOQ -0.1) 0.1  
25 Sodium as Na mg/l BLQ (LOQ-4.0) 147.80 107.71 115.43 248.13 2085.74   
26 Potassium as K mg/l 14.13 19.40 6.74 7.45 19.34 15.61   
27 Mineral Oil mg/l BLQ (LOQ -0.1) BLQ (LOQ -0.1) BLQ (LOQ -0.1) BLQ (LOQ -0.1) BLQ (LOQ -0.1) BLQ (LOQ -0.1)   
28 Hydrocarbon mg/l BLQ (LOQ-4.0) BLQ (LOQ -4.0) BLQ (LOQ -4.0) BLQ (LOQ -4.0) BLQ (LOQ -4.0) BLQ (LOQ -4.0)   
29 Manganese as Mn mg/l 0.074 0.093 BLQ (LOQ -0.01) 0.014 0.176 0.184 2.0  
30 Trihalomethane 
(Bromodichloromethane) 
mg/l BLQ (LOQ -0.05) BLQ (LOQ -0.05) BLQ (LOQ -0.05) BLQ (LOQ -0.05) BLQ (LOQ -0.05) BLQ (LOQ -0.05)   
31 Trihalomethane (Bromoform) mg/l BLQ (LOQ -0.05) BLQ (LOQ -0.05) BLQ (LOQ -0.05) BLQ (LOQ -0.05) BLQ (LOQ -0.05) BLQ (LOQ -0.05)   
32 Trihalomethane (Chloroform) mg/l BLQ (LOQ -0.05) BLQ (LOQ -0.05) BLQ (LOQ -0.05) BLQ (LOQ -0.05) BLQ (LOQ -0.05) BLQ (LOQ -0.05)   "
192,PDF page 192," Environment Impact Assessment for Delhi Metro Phase IV-2 Project 
 
 
182 J DELHI METRO RAIL CORPORATION LTD. 
 
Sr
.n
o. 
Parameters Unit 
Corridor 2 Corridor 1 Corridor 3 National 
CPCB 
Inter’l 
WB & 
EHS SW1 SW2 SW3 SW4 SW5 SW6 
Class E E E E E E 
33 Trihalomethane 
(Dibromochloromethane) 
mg/l BLQ (LOQ -0.05) BLQ (LOQ -0.05) BLQ (LOQ -0.05) BLQ (LOQ -0.05) BLQ (LOQ -0.05) BLQ (LOQ -0.05)   
34 Mercury (as Hg) mg/l BLQ (LOQ-
0.0005) 
BLQ (LOQ-
0.0005) 
BLQ (LOQ-
0.0005) 
BLQ (LOQ-
0.0005) 
BLQ (LOQ-
0.0005) 
BLQ (LOQ-0.0005) 0.01 *1 
35 Temperature (oC) mg/l 24.8 24.8 24.9 25.1 25.2 25.2   
36 Total Nitrogen mg/l 19.54 45.24 46.68 70.95 27.62 11.74 10 10 
37 Total Phosphorous mg/l 2.32 3.12 6.02 3.92 1.44 4.06  2 
NOTE 1: BLQ: Below Limit of Quantification, LOQ: Limit of Quantification. 
NOTE 2: Results exceeded national standard is highlighted in orange and results exceeded international standard is in red font. 
(*1)WB EHS requires temperature of wastewater prior to discharge does not result in an increase greater than 3°C of ambient temperature 
Source: Baseline Monitoring Report, Vardan EnviroLab LLP, NABL Accredited Laboratory. WB EHS Guidelines Environmental Wastewater And Ambient Water Quality Table 1.3.1. 
DL: Below Detection Limit, General Standards for Discharge of Environmental Pollutants Part-A: Effluents of Schedule – VI, The Environment (Protection) Rules, 1986 
 
Table 7.5: Surface Water Quality Results for Wet Season 
Sr. 
No. Parameters Unit 
Corridor 2 Corridor 1 Corridor 3 National 
CPCB 
Inter’l 
WB EHS 
SW1 
Andrews Ganj 
Drain 
SW2 
Saket District 
Centre Drain 
SW3 
Near 
Indraprastha 
Metro Station 
Drain 
SW4 
Delhi Gate Near 
Police Booth 
Drain 
SW5 
Rithala Main 
Road Drain 
SW6 
Near Sanoth 
Village drain 
1 pH (at 25 0C) -- 7.23 7.12 7.21 7.01 7.23 7.12 5.5 9 6-9 
2 Turbidity NTU 19.10 78.9 15.63 91.9 6.21 601   
3 Colour Hazen Blackish Blackish Light yellow Blackish Light yellow Brownish   
4 Conductivity µS/cm 995 1,488 1,220 1,448 3,624 13,016 2,250  
5 Odour -- Sulphury Sulphury Sulphury Sulphury Halide Halide   
6 Total Hardness as CaCO3 mg/l 498 744 610 724 1812 6508   
7 Chloride as Cl mg/l 134.02 189.40 190.38 150.55 561.74 2311.76   
8 Dissolved Oxygen mg/l 1.1 0.2 1.3 0.5 5.3 5.8   
9 Cyanide as CN mg/l BLQ (LOQ -0.02) BLQ (LOQ -0.02) BLQ (LOQ -0.02) BLQ (LOQ -0.02) BLQ (LOQ -0.02) BLQ (LOQ -0.02)   
10 Total Dissolved Solids mg/l 498 744 610 724 1812 6508   
11 Sulphate as SO4 mg/l 53.60 72.62 37.74 38.81 224.11 724.06   
12 Chemical Oxygen Demand at 1500C mg/l 199 264 392 406. 80 163.0 250 125 
13 Biological Oxygen Demand at 270C mg/l 52.62 69.16 101.75 107.25 20.15 36.95 30 30 
14 Nitrate as NO3 mg/l 3.54 4.66 3.32 6.36 9.38 7.28   
15 Lead mg/l BLQ (LOQ -0.002) BLQ (LOQ -0.002) BLQ (LOQ -0.002) BLQ (LOQ -0.002) BLQ (LOQ -0.002) BLQ (LOQ -0.002) 0.1  
16 Iron as Fe mg/l 0.019 0.182 0.033 0.016 BLQ (LOQ -0.01) 0.049 3.0  
17 Phenolic Compounds mg/l BLQ (LOQ -0.001) BLQ (LOQ -0.001) BLQ (LOQ -0.001) BLQ (LOQ -0.001) BLQ (LOQ -0.001) BLQ (LOQ -0.001)   
18 Zinc as Zn mg/l BLQ (LOQ -0.01) BLQ (LOQ -0.01) BLQ (LOQ -0.01) BLQ (LOQ -0.01) BLQ (LOQ -0.01) BLQ (LOQ -0.01) 5.0  "
193,PDF page 193," Environment Impact Assessment for Delhi Metro Phase IV-2 Project 
 
 
183 J DELHI METRO RAIL CORPORATION LTD. 
 
Sr. 
No. Parameters Unit 
Corridor 2 Corridor 1 Corridor 3 National 
CPCB 
Inter’l 
WB EHS 
SW1 
Andrews Ganj 
Drain 
SW2 
Saket District 
Centre Drain 
SW3 
Near 
Indraprastha 
Metro Station 
Drain 
SW4 
Delhi Gate Near 
Police Booth 
Drain 
SW5 
Rithala Main 
Road Drain 
SW6 
Near Sanoth 
Village drain 
19 Copper mg/l BLQ (LOQ -0.01) BLQ (LOQ -0.01) BLQ (LOQ -0.01) BLQ (LOQ -0.01) BLQ (LOQ -0.002) BLQ (LOQ -0.01) 3.0  
20 Cadmium mg/l BLQ (LOQ -0.002) BLQ (LOQ -0.002) BLQ (LOQ -0.002) BLQ (LOQ -0.002) BLQ (LOQ -0.0002) BLQ (LOQ -0.002) 2.0  
21 Calcium as Ca mg/l 65.65 71.54 67.33 74.82 210.42 976.34   
22 Total Alkalinity as CaCO3 mg/l 221.55 327.05 274.30 363.97 379.80 305.95   
23 Magnesium as Mg mg/l 24.41 29.51 38.19 18.84 76.28 452.98   
24 Hexavalent Chromium as Cr mg/l BLQ (LOQ -0.1) BLQ (LOQ -0.1) BLQ (LOQ -0.1) BLQ (LOQ -0.1) BLQ (LOQ -0.1) BLQ (LOQ -0.1) 0.1  
25 Sodium as Na mg/l 94.64 135.51 99.85 100.16 297.99 1823.19   
26 Potassium as K mg/l 16.79 20.76 5.64 5.68 23.28 26.60   
27 Mineral Oil mg/l BLQ (LOQ -0.5) BLQ (LOQ -0.5) BLQ (LOQ -0.5) BLQ (LOQ -0.5) BLQ (LOQ -0.5) BLQ (LOQ -0.5)   
28 Hydrocarbon mg/l BLQ (LOQ -20.0) BLQ (LOQ -20.0) BLQ (LOQ -20.0) BLQ (LOQ -20.0) BLQ (LOQ -20.0) BLQ (LOQ -20.0)   
29 Manganese as Mn mg/l 0.049 0.081 0.053 0.113 0.013 0.272 2.0  
30 Trihalomethane 
(Bromodichloromethane) mg/l BLQ (LOQ -0.05) BLQ (LOQ -0.05) BLQ (LOQ -0.05) BLQ (LOQ -0.05) BLQ (LOQ -0.05) BLQ (LOQ -0.05)   
31 Trihalomethane (Bromoform) mg/l BLQ (LOQ -0.05) BLQ (LOQ -0.05) BLQ (LOQ -0.05) BLQ (LOQ -0.05) BLQ (LOQ -0.05) BLQ (LOQ -0.05)   
32 Trihalomethane (Chloroform) mg/l BLQ (LOQ -0.05) BLQ (LOQ -0.05) BLQ (LOQ -0.05) BLQ (LOQ -0.05) BLQ (LOQ -0.05) BLQ (LOQ -0.05)   
33 Trihalomethane 
(Dibromochloromethane) mg/l BLQ (LOQ -0.05) BLQ (LOQ -0.05) BLQ (LOQ -0.05) BLQ (LOQ -0.05) BLQ (LOQ -0.05) BLQ (LOQ -0.05)   
34 Mercury (as Hg) mg/l BLQ (LOQ -
0.0005) 
BLQ (LOQ -
0.0005) 
BLQ (LOQ -
0.0005) BLQ (LOQ -0.0005) BLQ (LOQ -0.0005) BLQ (LOQ -0.0005) 0.01 *1 
NOTE 1: BLQ: Below Limit of Quantification, LOQ: Limit of Quantification. 
NOTE 2: Results exceeded national standard is highlighted in orange and results exceeded international standard is in red font. 
(*1)WB EHS requires temperature of wastewater prior to discharge does not result in an increase greater than 3°C of ambient temperature 
Source: Baseline Monitoring Report, Vardan EnviroLab LLP, NABL Accredited Laboratory. WB EHS Guidelines Environmental Wastewater And Ambient Water Quality Table 1.3.1. 
 
  "
194,PDF page 194," Environment Impact Assessment for Delhi Metro Phase IV-2 Project 
 
 
184 J DELHI METRO RAIL CORPORATION LTD. 
 
Table 7.6: Ground Water Quality Sampling Results for Dry Season 
Sr. 
No Parameters Unit 
Corridor 2 Corridor 1 Corridor 3 IS 
10500;20
12 
WHO 
Drinking  
water 
GW1 
Near Lajpat 
Nagar Metro 
Residential 
Borewell 
GW2 
Pushp Vihar 
(district park) 
Borewell 
GW3 
Jhandewala 
Station Temple 
Borewell 
GW4 
Rithala, near Jal 
Board Open well 
GW5 
Barwala Village 
near Sector 35 
Rohini 
GW6 
Sanoth Station, 
at Sanoth Village 
1 pH (at 250 C) -- 7.51 7.21 7.23 7.75 7.39 7.31 6.5 to 8.5 - 
2 Colour Hazen BLQ (LOQ -1.0) BLQ (LOQ -1.0) BLQ (LOQ -1.0) 2.00 BLQ (LOQ -1.0) BLQ (LOQ -1.0) 5  
3 Turbidity NTU BLQ (LOQ -1.0) BLQ (LOQ -1.0) BLQ (LOQ -1.0) BLQ (LOQ -1.0) BLQ (LOQ -1.0) 2.11 1 - 
4 Odour -- Agreeable Agreeable Agreeable Agreeable Agreeable Agreeable Agreeable - 
5 Taste -- Agreeable Agreeable Agreeable Agreeable Disagreeable Agreeable Agreeable - 
6 Total Hardness as CaCO3 mg/l 685.10 695.64 368.90 758.88 1918.28 6.32 200 - 
7 Total Alkalinity as CaCO3 mg/l 381.51 343.83 240.21 390.93 150.72 61.23 200  
8 Chloride as Cl mg/l 265.32 191.62 110.55 393.06 154.77 27.51 250  
9 Cyanide as CN mg/l BLQ (LOQ -0.02) BLQ (LOQ -0.02) BLQ (LOQ -0.02) BLQ (LOQ -0.02) BLQ (LOQ -0.02) BLQ (LOQ -0.02) 0.05 (*1) 
10 Total Dissolved Solids mg/l 960 700 472 1166.00 2050 132 500 - 
11 Sulphate as SO4 mg/l 106.62 122.98 109.47 118.94 119.22 13.10 200 - 
12 Fluoride as F mg/l 1.05 0.98 0.84 7.20 0.78 0.52 1.0 1.5 
13 Nitrate as NO3 mg/l 8.45 7.31 5.67 27.23 20.11 3.09 45 50 
14 Phenolic Compounds mg/l BLQ (LOQ -0.0005) BLQ (LOQ -0.0005) BLQ (LOQ -0.0005) BLQ (LOQ -0.0005) BLQ (LOQ -0.0005) BLQ (LOQ -0.0005) 0.001  
15 Anionic Detergents (as MBAS) mg/l BLQ (LOQ -0.05) BLQ (LOQ -0.05) BLQ (LOQ -0.05) BLQ (LOQ -0.05) BLQ (LOQ -0.05) BLQ (LOQ -0.05) 0.2  
16 Iron as Fe mg/l BLQ (LOQ -0.01) BLQ (LOQ -0.01) BLQ (LOQ -0.01) BLQ (LOQ -0.01) BLQ (LOQ -0.01) BLQ (LOQ -0.01) 1.0 - 
17 Aluminium as Al mg/l BLQ (LOQ -0.005) BLQ (LOQ -0.005) BLQ (LOQ -0.005) BLQ (LOQ -0.005) BLQ (LOQ -0.005) 0.097 0.03 (*2) 
18 Boron mg/l 0.208 0.087 0.088 0.884 0.044 0.059 0.5 2.4 
19 Zinc as Zn mg/l 0.021 BLQ (LOQ -0.01) 0.011 BLQ (LOQ -0.01) BLQ (LOQ -0.01) BLQ (LOQ -0.01) 5 - 
20 Total Chromium as Cr mg/l BLQ (LOQ -0.002) 0.003 BLQ (LOQ -0.002) 0.003 BLQ (LOQ -0.002) BLQ (LOQ -0.002) 0.05 0.05 
21 Copper as Cu mg/l BLQ (LOQ -0.002) BLQ (LOQ -0.002) BLQ (LOQ -0.002) BLQ (LOQ -0.002) BLQ (LOQ -0.002) BLQ (LOQ -0.002) 0.05 2.0 
22 Manganese as Mn mg/l BLQ (LOQ -0.01) BLQ (LOQ -0.01) 0.162 BLQ (LOQ -0.01) 0.309 0.012 0.1 (*3) 
23 Cadmium as Cd mg/l BLQ (LOQ -0.002) BLQ (LOQ -0.002) BLQ (LOQ -0.002) BLQ (LOQ -0.002) BLQ (LOQ -0.002) BLQ (LOQ -0.002) 0.003 0.003 
24 Lead as Pb mg/l BLQ (LOQ -0.002) BLQ (LOQ -0.002) BLQ (LOQ -0.002) BLQ (LOQ -0.002) BLQ (LOQ -0.002) BLQ (LOQ -0.002) 0.01 0.01 (A, T) 
25 Arsenic as As mg/l BLQ (LOQ -0.005) BLQ (LOQ -0.005) BLQ (LOQ -0.005) BLQ (LOQ -0.005) BLQ (LOQ -0.005) BLQ (LOQ -0.005) 0.01 0.01 (A, T) 
26 Mercury as Hg mg/l BLQ (LOQ -0.0005) BLQ (LOQ -0.0005) BLQ (LOQ -0.0005) BLQ (LOQ -0.0005) BLQ (LOQ -0.0005) BLQ (LOQ -0.0005) 0.001 0.07 
27 Coliform MPN/100ml <1.8 <1.8 <1.8 <1.8 <1.8 <1.8  - 
28 Escherichia Coli MPN/100ml <1.8 <1.8 <1.8 <1.8 <1.8 <1.8  (*4) 
Note 1: No value established in fourth edition. Previously 0.07. 0.5 for short term exposure 
Note 2:Not established but should not exceed 0.1-0.2 for drinking water plants, Note 3:No value established in fourth edition. Previously 0.4.  
Note 4: Must not be detectable in any 100 ml sample, Note5 .: Results exceeded national standard is highlighted in orange and results exceeded international standard is in red font. 
Note 5:BLQ: Below Limit of Quantification, LOQ: Limit of Quantification. 
Source: Baseline Monitoring Report, Vardan EnviroLab LLP, NABL Accredited Laboratory. WHO (2021) 2nd edition  "
195,PDF page 195," Environment Impact Assessment for Delhi Metro Phase IV-2 Project 
 
 
185 J DELHI METRO RAIL CORPORATION LTD. 
 
 
Table 7.7: Ground Water Quality Results for Wet Season 
Sr. 
No Parameters Unit 
Corridor 2 Corridor 1 Corridor 3 IS 
10500;20
12 
WHO 
Drinking 
water 
GW1 
Near Lajpat 
Nagar Metro 
Residential 
Borewell 
GW2 
Pushp Vihar 
(district park) 
Borewell 
GW3 
Jhandewala 
Station Temple 
Borewell 
GW4 
Rithala, near Jal 
Board Open well 
GW5 
Barwala Village 
near Sector 35 
Rohini 
GW6 
Sanoth Station, 
at Sanoth Village 
1 pH (at 250 C) -- 7.61 7.03 6.74 7.75 7.18 7.46 6.5 to 8.5 - 
2 Colour Hazen BLQ (LOQ -1.0) BLQ (LOQ -1.0) BLQ (LOQ -1.0) BLQ (LOQ -1.0) BLQ (LOQ -1.0) BLQ (LOQ -1.0) 5  
3 Turbidity NTU < 1.0 < 1.0 < 1.0 < 1.0 < 1.0 < 1.0 1 - 
4 Odour -- Agreeable Agreeable Agreeable Agreeable Agreeable Agreeable Agreeable - 
5 Taste -- Agreeable Agreeable Agreeable Agreeable Agreeable Agreeable Agreeable - 
6 Total Hardness as CaCO3 mg/l 218.40 556.50 333.90 861 997.50 100.80 200 - 
7 Total Alkalinity as CaCO3 mg/l 253.20 321.77 200.45 327.05 158.25 42.20 200  
8 Chloride as Cl mg/l 104.41 152.98 95.19 427.38 111.70 21.85 250  
9 Cyanide as CN mg/l BLQ (LOQ -0.02) BLQ (LOQ -0.02) BLQ (LOQ -0.02) BLQ (LOQ -0.02) BLQ (LOQ -0.02) BLQ (LOQ -0.02) 0.05 (*1) 
10 Total Dissolved Solids mg/l 502 674 468 1,548 1,132 112 500 - 
11 Sulphate as SO4 mg/l 47.28 115.06 79.43 97.95 86.86 11.73 200 - 
12 Fluoride as F mg/l 0.72 0.83 0.75 4.11 0.67 0.44 1.0 1.5 
13 Nitrate as NO3 mg/l 4.07 5.14 4.34 30.32 15.42 2.43 45 50 
14 Phenolic Compounds mg/l BLQ (LOQ -0.001) BLQ (LOQ -0.001) BLQ (LOQ -0.001) BLQ (LOQ -0.001) BLQ (LOQ -0.001) BLQ (LOQ -0.001) 0.001  
15 Anionic Detergents (as MBAS) mg/l BLQ (LOQ -0.05) BLQ (LOQ -0.05) BLQ (LOQ -0.05) BLQ (LOQ -0.05) BLQ (LOQ -0.05) BLQ (LOQ -0.05) 0.2  
16 Iron as Fe mg/l BLQ (LOQ -0.01) BLQ (LOQ -0.01) BLQ (LOQ -0.01) BLQ (LOQ -0.01) BLQ (LOQ -0.01) BLQ (LOQ -0.01) 1.0 - 
17 Aluminium as Al mg/l BLQ (LOQ -0.005) BLQ (LOQ -0.005) BLQ (LOQ -0.005) BLQ (LOQ -0.005) BLQ (LOQ -0.005) 0.061 0.03 (*2) 
18 Boron mg/l 0.107 0.088 0.064 1.90 0.756 0.016 0.5 2.4 
19 Zinc as Zn mg/l 0.019 BLQ (LOQ -0.01) BLQ (LOQ -0.01) BLQ (LOQ -0.01) BLQ (LOQ -0.01) 0.046 5 - 
20 Total Chromium as Cr mg/l BLQ (LOQ -0.002) 0.002 BLQ (LOQ -0.002) BLQ (LOQ -0.002) 0.003 BLQ (LOQ -0.002) 0.05 0.05 
21 Copper as Cu mg/l BLQ (LOQ -0.002) BLQ (LOQ -0.002) BLQ (LOQ -0.002) BLQ (LOQ -0.002) BLQ (LOQ -0.002) BLQ (LOQ -0.002) 0.05 2.0 
22 Manganese as Mn mg/l 0.045 BLQ (LOQ -0.01) 0.052 BLQ (LOQ -0.01) BLQ (LOQ -0.01) BLQ (LOQ -0.01) 0.1 (*3) 
23 Cadmium as Cd mg/l BLQ (LOQ -0.002) BLQ (LOQ -0.002) BLQ (LOQ -0.002) 0.207 BLQ (LOQ -0.002) BLQ (LOQ -0.002) 0.003 0.003 
24 Lead as Pb mg/l BLQ (LOQ -0.002) BLQ (LOQ -0.002) BLQ (LOQ -0.002) BLQ (LOQ -0.002) BLQ (LOQ -0.002) BLQ (LOQ -0.002) 0.01 0.01 (A, T) 
25 Arsenic as As mg/l BLQ (LOQ -0.005) BLQ (LOQ -0.005) BLQ (LOQ -0.005) BLQ (LOQ -0.005) BLQ (LOQ -0.005) BLQ (LOQ -0.005) 0.01 0.01 (A, T) 
26 Mercury as Hg mg/l BLQ (LOQ -0.0005) BLQ (LOQ -0.0005) BLQ (LOQ -0.0005) BLQ (LOQ -0.0005) BLQ (LOQ -0.0005) BLQ (LOQ -0.0005) 0.001 0.07 
27 Coliform MPN/ 100ml <1.8 <1.8 <1.8 <1.8 <1.8 <1.8  - 
28 Escherichia Coli MPN/ 100ml <1.8 <1.8 <1.8 <1.8 <1.8 <1.8  (*4) 
Note 1: No value established in fourth edition. Previously 0.07. 0.5 for short term exposure 
Note 2:Not established but should not exceed 0.1-0.2 for drinking water plants, Note 3:No value established in fourth edition. Previously 0.4.  
Note 4: Must not be detectable in any 100 ml sample , Note5 .: Results exceeded national standard is highlighted in orange and results exceeded international standard is in red font. 
Note 5:BLQ: Below Limit of Quantification, LOQ: Limit of Quantification. "
196,PDF page 196," Environment Impact Assessment for Delhi Metro Phase IV-2 Project 
 
 
186 J DELHI METRO RAIL CORPORATION LTD. 
 
Source: Baseline Monitoring Report, Vardan EnviroLab LLP, NABL Accredited Laboratory. WHO(2021) 2nd edition  "
197,PDF page 197," 
Environment Impact Assessment for Delhi Metro Phase IV-2 Project 
 
 
187 J DELHI METRO RAIL CORPORATION LTD. 
 
7.1.3. Soil Quality 
(1) Primary Data Survey Results 
Soil sampling was carried out at 10 sites to understand the Soil quality results are reported in Table 
7.9. All sampling site except S4, arsenic level exceeds the limits. The cause can be due to the history 
of land use or natural occurring. 
• pH: The pH levels in the eight samples ranged from 7.42 to 8.49 which indicates that the 
soil samples are alkaline in nature.  
• Chromium: The Chromium levels ranged from 1.70 to 33.51 mg/kg.  
• Lead: The concentration for Lead ranged between 3.91 to 76.75 mg/kg.  
• Arsenic: the content in the soil ranges between 0.5 to 6.75 kg/ha 
 "
198,PDF page 198," Environment Impact Assessment for Delhi Metro Phase IV-2 Project 
 
 
188 J DELHI METRO RAIL CORPORATION LTD. 
 
Table 7.8: Soil Analysis Results 
Sr. 
No. Parameters Unit Test Protocol 
Corridor2 Corridor 1 Corridor 3 USEPA 
RSL 
mg/kg S1 S2 S3 S4 S5 S6 S7 S8 S9 S10 
1 pH (at 250 C) -- IS:2720 Part-26 7.42 7.63 8.26 8.04 8.36 7.83 8.49 8.45 7.79 8.38 - 
2 Conductivity  
(at 250 C) mS/cm IS:14767 0.243 0.21 0.118 0.293 0.144 0.512 0.095 0.278 0.251 0.194 - 
3 Total Chromium 
(as Cr) mg/kg 
VEUSTP/HW/ 
03, issue 
No.·01 ,1ssue  
date01 /10/2021 
23.51 24.15 29.12 1.70 33.51 27.82 23.03 20.90 23.56 26.32 
- 
4 Total Lead  
(as Pb) mg/kg ditto 9.33 8.86 11.41 3.91 76.75 10.70 21.73 11.13 22.18 12.86 800 
5 Total Cadmium  
(as Cd ) mg/kg ditto BLQ 
 (LOQ -0.5) 98 
6 Arsenic (as As) mg/kg ditto 3.97 4.28 5.92 BLQ (LOQ 
-0.5) 5.00 5.87 6.61 5.49 6.75 6.25 3 
7 Mercury mg/kg ditto BLQ 
 (LOQ -0.5)  4.6 
8 Cyanide mg/kg APHA 4500 CN C BLQ 
 (LOQ -0.02)  15 
 
Source: Baseline Monitoring Report, Vardan EnviroLab LLP, NABL Accredited Laboratory. USEPA Regional Screening Levels (Nov. 2020)  
 "
199,PDF page 199," 
Environment Impact Assessment for Delhi Metro Phase IV-2 Project 
 
 
189 J A DELHI METRO RAIL CORPORATION LTD. 
 
7.1.4. Waste  
About 10-15% of the construction material such as waste material from contractor camps is left 
behind by the contractor. As per the available data from Delhi Metro Phase I, II & III, about 11.76 
m3 of solid waste will be generated from underground stations and 42.63 m 3 from elevated/at-
grade stations from all 3 remaining corridors of Phase IV-2 metro stations. Thus, a total of 54.39 
m3 of solid waste per day is estimated to be generated from all metro stations.  The maintenance 
of adequate sanitary facilities for temporarily storing refuse on the premises is considered a 
responsibility of the DMRC project authorities. The waste generated from ex isting stations is 
disposed of to Municipal Authorities. 
The Project will require to assess the amount of waste generated by type and identify the process 
to final disposal sites including solid waste, domestic waste, wastewater and hazardous materials. 
7.1.5. Ambient Noise Level 
(1) Primary Data Survey Results 
The equivalent noise quality level ranged from 60.3 dB (A) to 69.54 dB (A) during daytime and 51.51 
dB (A) to 58.93 dB (A) during nighttime. The maximum daytime noise level recorded at station N1 
(Corridor 3)  was 69. 54 dB (A). This is an existing metro station with heavy vehicular activity, 
contributing to the higher noise levels observed during the day, exceeding the CPCB standard of 65 dB 
(A). Similarly, the maximum nighttime noise level recorded at the same location was 58.93 dB  (A), 
which also exceeds the CPCB norm of 55 dB (A). 
The noise levels observed in the residential areas (Corridor 3) are higher during daytime than 
nighttime.  
Excess noise in Delhi is acknowledged 34 to come from horn blowing, modified/poorly maintained 
vehicle exhausts, public address systems, non -conforming generating sets due to vehicular activity 
and densely populated area. The 10 dB exceedances already represent twice the loudness of the long-
term healthy levels and imply that all parts of Delhi are extremely sensitive to additional noise. 
Table 7.9: Ambient Noise Level Monitoring Results Data 
Location 
Codes Locations Unit 
Measured 
Value (Leq) 
Measured 
Value 
(Lmax) 
National 
standard 
Inter’l 
WB EHS 
Day  Night  Day  Night  Day/Night Day/Night 
Corridor 2 
N1 Lajpat Nagar Station dB (A) 69.54 58.93 88.3 77.1 65/55 70/70 
N2 Pushp Bhawan Station dB (A) 65.69 56.95 89.6 72.3 65/55 70/70 
N3 Saket G Block Station dB (A) 63.30 56.81 89.6 75.3 65/55 70/70 
N4 Pushp Vihar Station dB (A) 68.22 57.89 83.6 73.5 65/55 70/70 
Corridor 1 
N5 Indraprastha Station dB (A) 67.66 54.54 88.6 74.3 65/55 70/70 
N6 Delhi Gate Station dB (A) 67.11 57.11 85.9 76.5 65/55 70/70 
N7 Jhandewala Station dB (A) 64.07 52.34 86.3 73.5 65/55 70/70 
N8 Sarai Rohilla Station dB (A) 60.30 51.51 84.0 72.3 65/55 70/70 
Corridor 3 
N9 Rohini Sec 25 Station dB (A) 63.67 53.41 87.3 73.2 55/45 55/45 
N10 Rithala Station dB (A) 65.58 54.63 87.0 74.5 55/45 55/45 
N11 Rohini Sec 36 Station dB (A) 62.69 52.68 88.5 73.6 55/45 55/45 
 
34 “70% noise pollution in Delhi sparked by loudspeakers, public announcement systems.” Times of India, Sep 5, 
2021. 
https://timesofindia.indiatimes.com/city/delhi/70-noise-pollution-sparked-by-loudspeakers-public-announcement-
systems-submit-police/articleshowprint/85935908.cms. "
200,PDF page 200," 
Environment Impact Assessment for Delhi Metro Phase IV-2 Project 
 
 
190 J A DELHI METRO RAIL CORPORATION LTD. 
 
Location 
Codes Locations Unit 
Measured 
Value (Leq) 
Measured 
Value 
(Lmax) 
National 
standard 
Inter’l 
WB EHS 
Day  Night  Day  Night  Day/Night Day/Night 
N12 Anaj Mandi Narela Station dB (A) 65.80 53.66 86.3 74.3 75/70 70/70 
Note: Results exceeded national standard is highlighted in orange and results exceeded international standard is in red 
font. 
Source: Baseline Monitoring Report, Vardan EnviroLab LLP, NABL Accredited Laboratory. Analysis of Results 
Table 7.10: Noise Standards as per Noise Regulation (Pollution & Control) Rules, 2000 
Category of 
Zones 
Categorization of locations Leq in dB(A) WB EHS  
Day Night Day Night 
Industrial N12 75 70 70 70 
Commercial  N1,N2,N3,N4, N5, N6,N7,N8 65 55 70 70 
Residential N9, N10, N11 55 45 55 45 
Silence Zone  50 40   
 
 
 
Figure 7.3: Graphical Representation of Equivalent Noise Levels 
7.1.6. Vibration Level 
(1) Primary Data Survey Results 
The survey results shows that all sites within the FTA standards. This is considered due to the 
sampling site is located close to the existing roads which have high traffic movements.  
Table 7.11: Ambient Vibration Level Monitoring Results Data 
S.NO LOCATION 
NAME 
DATE Measured 
Average 
Value  
(VdB) 
Inter’l 
Standard 
FTA 
Source of 
vibration Day shift Night Shift 
Corridor -2 : Lajpat Nagar To Saket G-Block 
V 1 Pushp Bhawan 23-05-2024 24-05-2024 68.8 102 traffic movement 
V 2 Lajpat Nagar 24-05-2024 25-05-2024 70.1 102 traffic movement 
V 3 Saket G-Block 27-05-2024 28-05-2024 67.0 102 traffic movement 
V 4 Pushp Vihar 28-05-2024 29-05-2024 73.98 102 traffic movement 
Corridor - 1 : Inderlok To Indraprastha   
V5 Ajmal Khan Park 29-05-2024 30-05-2024 66.5 102 traffic movement 
V6 Sarai Rohilla 30-05-2024 31-05-2024 71.6 102 traffic movement 
V7 Indraprastha 31-05-2024 01-06-2024 72.2 102 traffic movement 
V8 Jhandewalan 03-06-2024 04-06-2024 65.0 102 traffic movement 
Corridor - 3 : Rithala – Narela – Nathupur   
V9 Rohini Sector -25 04-06-2024 05-06-2024 71 102 traffic movement 
"
201,PDF page 201," 
Environment Impact Assessment for Delhi Metro Phase IV-2 Project 
 
 
191 J A DELHI METRO RAIL CORPORATION LTD. 
 
S.NO LOCATION 
NAME 
DATE Measured 
Average 
Value  
(VdB) 
Inter’l 
Standard 
FTA 
Source of 
vibration Day shift Night Shift 
V10 Rohini Sector -32 06-06-2024 07-06-2024 69.4 102 traffic movement 
V11 Barwala DDA Park 07-06-2024 08-06-2024 68.6 102 traffic movement 
V12 Bawana JJ Colony 10-06-2024 11-06-2024 65.3 102 traffic movement 
Note RMS Vibration Levels (VdB) category 3  is applied . U.S. FTA (2006) defines frequent events “as more than 70 
vibration events of the same source per day. Most rapid transit projects fall into this category 
Source: Baseline Monitoring Report, Vardan EnviroLab LLP, NABL Accredited Laboratory. Analysis of Results, U.S. FTA. 
(2018). Transit Noise and Vibration Impact Assessment Manual (FTA Report No. 0123). 
7.1.7. Ground Subsiding 
In a cut and cover method a trench is excavated with necessary ground support. The construction 
will be in situ concrete, precast concrete and corrugated steel. Use of permanent Diaphragm wall 
helps to maintain retention of the surrounding soil and ground water. The D-wall method is useful 
where ground water is high. The D -walls for underground station construction would be 80 to 
100 cm thick and will function as a permanent side wall of the sta tion. It is rigid type of support 
system and therefore ensures the maximum safety against settlement to the adjacent structures. 
 
State of the art technology like Earth Pressure Balance Tunnel Boring Machine (TBM) will be 
adopted during construction to minimize probability of subsidence. Earth Pressure Balance 
Machine (EPBM) is the correct technical solution when the project is locat ed in an urban 
environment and ground surface subsidence cannot be tolerated. What is called the  Earth 
Pressure Balance Shields (EPB) turns the excavated material into a soil paste that is used as 
pliable, plastic support medium. This makes it possible to balance the pressure conditions at the 
tunnel face, avoids uncontrolled inflow of soil into the machine and creates the conditions for 
rapid tunnelling with minimum settlement. The spoil is admitted into the tunnel boring machine 
(TBM) via a screw conveyor (cochlea) arrangement which allows the pressure at the face of the 
TBM to remain balanced without the use of slurry. A rotating cutting wheel equipped  with tools 
is pressed onto the tunnel face and excavates the material. The soil enters the excavation chamber 
through openings, where it mixes with the soil paste already there. Mixing arms on the cutting 
wheel and bulkhead mix the paste until it has the required texture. The bulkhead transfers the 
pressure of the thrust cylinders to the pliable soil paste. When the pressure of the soil paste in the 
excavation chamber equals the pressure of the surrounding soil and groundwater, the necessary 
balance has been achieved. 
 
Any areas with risks of land subsidence will be carefully avoided based on soil investigation tests. 
No notable ground subsidence has occurred in the past. The detailed survey of condition of 
buildings/houses along proposed alignment will be conducted. Dur ing construction monitoring 
of condition of buildings/houses will be conducted.  
7.2. Natural Environment 
7.2.1. Protected Area 
Based on Integrated Biodiversity Assessment Tool (IBAT), There are no protected areas located 
near the corridor out of the 41 protected areas listed in India according to the World Database of 
Protected Areas. In Delhi, there is only on wildlife sanctuary,  Asola Bhati (Indira Priyadarshini) 
declared in 1986, which is located 2.7 km from the nearest proposed project corridor 2 whereas 
the Eco-sensitive zone of the Sanctuary is 1.6 km away from Corridor 2. The Okhla Bird Sanctuary 
is the closest Key Biodiversity Area, located 5.5 km from the nearest project corridor. The nearest 
point of Eco-sensitive zone of the Okhla Bird Sanctuary is 4.8 km far from the project corridor.  
7.2.2. Ecosystem 
Detail study results of Biological Environment is included in Annexure XI. "
202,PDF page 202," 
Environment Impact Assessment for Delhi Metro Phase IV-2 Project 
 
 
192 J A DELHI METRO RAIL CORPORATION LTD. 
 
(1) Forest  
The forests present along the project alignment are listed in Table 7.12. In Corridor 1, the 
alignment passes through underground section of DDA Park. In Corridor 2, the alignment passes 
close proximity to two protected forests which the railway will be constructed on the existing 
roads.  
 While the proposed corridors are planned to be on the existing roads as much as possible, there 
are about 5,000 m2. of roadside planting categorised as “deemed forest” will be affected under the 
proposed Corridors of Phase IV -2. The length of alignment along/crossing over deemed forest 
areas which is as showing on Table 7.13 : DMRC will required to obtain tree cut permits from the 
Department of Forest & Wildlife, GNCTD (State Government of India) through the concerned Dy. 
Conservator of Forests. 
Table 7.12 Forest area and Green area along the project alignment 
Corridor Prominent Green Areas/ Forests Designation 
Status Distance from PROW 
Corridor 1 DDA Park Near Jhandewala Public Park The alignment pass through 
underground section 
Corridor2 
Hauz Khas Forest protected forest 15m 
Jahapanah City Forest protected forest 5 m 
Inner Ring Road (Azadpur to Azadpur 40 Km) Deemed forest 60m 
Sirifort Road Deemed forest 
These roads are crossing the 
alignment perpendicularly. 
 
4. Ho-Chi Minh Marg Deemed forest 
5 (iii) Chirag Delhi Main Rd Deemed forest 
5 (iv) MB Road, Batra Hospital to Ladosarai Deemed forest 
Corridor3 4. Karnal Railway line (Old Sabzi Mandi to 
Haryana border (Safiabad)) 
Deemed forest These roads are crossing the 
alignment perpendicularly. 
 
Table 7.13: location and area of deemed forest the project alignment pass through 
SI. 
No 
Nearest 
Station 
Name 
Deemed 
Forest/corridor Name 
Location & 
Distance(m) 
Area 
affect
ed 
(m2) 
Co-ordinates 
Corridor 2_Lajpat Nagat to Saket G Block 
DF 1 Andrews Ganj Inner Ring Road (Azadpur to 
Azadpur 40 Km) 
Passing through 
perpendicularly. 
36 77°14'0.942""E 
28°33'55.598""N 
DF 2 Greater 
Kailash-I Sirifort Road Passing through 
perpendicularly 
36 77°13'41.242""E 
28°33'14.648""N 
DF 3 Chirag Delhi 4. Ho-Chi Minh Marg Passing through 
perpendicularly 
36 77°13'53.837""E 
28°32'29.855""N 
DF 4 Chirag Delhi 5 (iii) Chirag Delhi Main Rd Passing through 
perpendicularly 
36 77°13'56.858""E 
28°32'23.216""N 
Corridor 3_ Rithala – Narela – Nathupur 
DF 5 
Bhorgarh 
Village 
Station 
4. Karnal Railway line ( Old 
Sabzi Mandi to Haryana 
border (Safiabad)) 
Passing through 
perpendicularly 36 77°5'22.467""E 
28°50'7.78""N 
 "
203,PDF page 203," 
Environment Impact Assessment for Delhi Metro Phase IV-2 Project 
 
 
193 J A DELHI METRO RAIL CORPORATION LTD. 
 
 
Figure 7.4: Location of DDA Park Near Jhandewala 
 
Figure 7.5: Location of Hauz Khas Forest  
 
Figure 7.6: Location of Jahapanah City Forest 
"
204,PDF page 204," 
Environment Impact Assessment for Delhi Metro Phase IV-2 Project 
 
 
194 J A DELHI METRO RAIL CORPORATION LTD. 
 
 
Source: DMRC 
Figure 7.7 Location of Deemed Forest 1 and 2 
 
Source: DMRC 
Figure 7.8 Location of Deemed Forest 3 and 4 
DF 3 
DF 4 
Jahapanah City 
Forest 
DF 1 
DF 2 "
205,PDF page 205," 
Environment Impact Assessment for Delhi Metro Phase IV-2 Project 
 
 
195 J A DELHI METRO RAIL CORPORATION LTD. 
 
 
Source: DMRC  
Figure 7.9 Location of Deemed Forest ５ 
  
Source: DMRC 
Figure 7.10 Photo of existing road cutting through Hauz Khas (left) and Deemed Forest 2 on 
Sirifort Road 
(2) Tree enumeration 
a. Number of trees to be felled or transplanted 
Tree surveys were carried out during May-June 2024 to examine the number of tree individuals 
will be affected during the construction phase of the Metro. All the tree s that are within 50 m 
either side of the centre of the alignment has been counted species-wise. All the enumerated trees 
were divided into three girth sizes viz. small (<60 cm), Medium (60-120 cm) and Large (>120 cm). 
Following considerations has been used while carrying field surveys: ""tree"" means any woody 
plant whose branches spring from and are supported upon a trunk or body and whose trunk or 
body is not less than five centimetres in diameter at a height of thirty centimetres from the ground 
DF 5 "
206,PDF page 206," 
Environment Impact Assessment for Delhi Metro Phase IV-2 Project 
 
 
196 J A DELHI METRO RAIL CORPORATION LTD. 
 
level and is not less than one meter in height from the ground level.35 Girth size of tree measured 
at 1.85 m above the ground level as specified under the ""The Delhi Preservation of Trees Act 
(1994)"".  
Throughout the tree inventory, following tree individuals were enumerated along the three 
proposed metro corridors: 
Table 7.14 : Tree individuals recorded from the Metro Corridors 
Corridor Total Length 
(km) 
Total Number 
of Tree 
Individuals 
Girth (cm) 
<60 60-120 >120 
1 12.393 1,971  1,396 497 78 
2 7.247 1,500  1,049 375 76 
3 26.582 12,385  9,646 2,096 643 
 Total 15,856 12,091 2,968 797 
 
b. Tree felling and compensation plantation procedure 
Table 7.15 describes the procedure of obtaining tree felling permit and compensation planting. 
In Delhi, The DOEF of GNCTD is responsible for the conservation and management of 
trees/forests in the proje ct area. While at least 80% of trees affected by the Project need to be 
transplanted, as per the provision of the Delhi Preservation of Trees Act, 1 994 and Government 
guidelines (Feb 2010), 10 tree saplings are to be planted for every tree felled  or transplanted. 
Hence 158,560 trees need to be planted. DMRC will obtain the tree-cutting permission from DOEF 
of GNCTD  before carrying out tree felling. The trees cut are disposed by a DMRC contractor to the 
cremation grounds owned by government of Delhi to be used for fuel. 
After the tree cut permit is granted, DMRC will request DOEF of GNCTD to select location of 
compensation planting/replanting and to carry out the tree plantation.  and maintenance on 
behalf of DMRC. As of now, the compensation planting/replanting location is not yet decided. The 
Forest Department will request DMRC to fund the planting and maintenance of the trees for the 
next 3 -4 yea rs, and DMRC will transfer the necessary funds before the plantation begins  in 
accordance to the government policy. The tree planting is initiated before the construction phase 
and is completed during the construction phase itself.  
The species cut down and trees planted may or may not be same. It depends on the site conditions 
and the  existing trees on the alignment. Further, native species are preferred during the 
plantation.  
Regards to trees to be maintained on site, DMRC will provide appropriate measures. In case if 
died, DMRC will plant 10 saplings. 
Table 7.15 :Procedure of obtaining Tree felling permit and compensation planting 
Items Flow Responsible 
agency Timing 
1. Tree felling 
permit 
Tree Inventory survey  DMRC During feasibility 
study 
Application for tree felling  and 
transplantation and application fee 
DMRC Prior to 
construction 
On site evaluation (Identification of tress to 
be cut/ transplanted) 
DOEF of GNCTD  and 
DMRC 
Granting of Tree felling/transplanting DOEF of GNCTD 
Felling of trees DMRC Contractor 
 
35 The Delhi Preservation of Trees Act, 1994 "
207,PDF page 207," 
Environment Impact Assessment for Delhi Metro Phase IV-2 Project 
 
 
197 J A DELHI METRO RAIL CORPORATION LTD. 
 
Items Flow Responsible 
agency Timing 
2. Felling and 
transplanting 
of trees 
Disposal of logs DMRC Contractor 
Transplanting of required trees DMRC, through DOEF 
authorised agency 
3. 
Compensation 
planting 
Application  DMRC After obtaining tree 
cut permit 
Preparation of Tree Planting Program DOEF of GNCTD Approx. 1 year  
from the 
permission 
obtained to the 
completion of tree 
planting 
Identification of planting site’ 
* a proposal is possible for DMRC if any  
DMRC own land pockets are available near 
the metro corridor 
DOEF of GNCTD 
Selecting of tree species to be planted DOEF of GNCTD 
Planting of trees DOEF of GNCTD 
Maintenance of tree planted DOEF of GNCTD After tree planted 
Monitoring of tree survival by Social Audit  DOEF of GNCTD At the end of three 
year of completion  
of tree 
transplantation 
 
(3) Flora and Fauna 
The natural flora and fauna of the land habitats constitute terrestrial ecosystem. The study of 
terrestrial ecosystem is important as a part of the monitoring environmental changes. Due to 
rapid industrialization, currently the ecological status of an area changed dramatically.  
The present study on the floral assessment for the project activity is based on the field survey of 
the area. By the following forest inventory methodology; the survey of biological parameters has 
conducted within the core zone and buffer zone (50m radial distance) from project sites per 
standard methods during the study period. A preliminary survey of the study area has performed 
to get a general picture of the landscapes in vegetation.  
Details of flora & fauna with special reference to endemic/threatened species if any reported from 
the study area along with details of existing forest cover in the study area. 
Detail ecology study is attached as Annexure-VIII. 
a. Flora 
Flora (Trees, Shrubs, Herbs and Grasses) were studied and enlisted.  
During site visit, a common tree species, found were Acacia Nilotica, commonly known as Kikar, 
Azadirachta indica, recognized as Neem, Ficus religiosa, referred to as Pipal, Mangifera indica, or 
Eucalyptus tereticornis known as Eucalyptus. 
The flora encountered during primary surveys is listed below. 
Table 7.16: Tree, Shrubs, Herbs and Grasses recorded from Metro Corridors (Dry Season 
and wet Season) 
Sl. No. Scientific Name Family Name Season IUCN 
Category Dry Rainy  
Trees 
1 Acacia auriculiformis Fabaceae Benth + + LC 
2 Acacia catechu Fabaceae Khair + + LC 
3 Acacia leucocephala Fabaceae Safed Babool + + NL 
4 Acacia nilotica Fabaceae Babul + + LC 
5 Acacia sp Fabaceae Kikar + + NL "
208,PDF page 208," 
Environment Impact Assessment for Delhi Metro Phase IV-2 Project 
 
 
198 J A DELHI METRO RAIL CORPORATION LTD. 
 
Sl. No. Scientific Name Family Name Season IUCN 
Category Dry Rainy  
6 Aegle marmelos Rutaceae Bel + + NT 
7 Ailanthus excelsa Simaroubaceae Mahanimb + + DD 
8 Albizia lebbeck Fabaceae Siris + + LC 
9 Alstonia scholaris Apocynaceae Alistonia + + LC 
10 Annona squamosa Annonaceae Sarifa + + LC 
11 Anthocephalus cadamba Rubiaceae Kadamb + + NL 
12 Artocarpus heterophyllus Moraceae Kathal + + NE 
13 Averrhoa carambola Oxalidaceae Star Fruit + + DD 
14 Azadirachta indica Meliaceae Neem + + LC 
15 Bamboo Sp Poaceae Bamboo + + - 
16 Bauhinia variegata Fabaceae Kachnar + + LC 
17 Bombax Ceiba Bombacaceae Semal + + LC 
18 Borassus flabellifer Arecaceae Palm + + LC 
19 Butea monosperma Fabaceae Dhak + + LC 
20 Calliandra haematocephala Fabaceae - - + LC 
21 Callistemon lanceolatus Myrtaceae Bottle Brush + + NL 
22 Carica papaya Caricaceae Papita - + DD 
23 Cascabela thevetia Apocynaceae Kaner + + LC 
24 Cassia fistula Fabaceae Amaltas + + LC 
25 Cassia senna Fabaceae Senna + + NL 
26 Casuarina equisetifolia Casuarinaceae Saru + - LC 
27 Citrus sp Rutaceae Kimu + + NL 
28 Cordia dichotoma Boraginaceae Lasoda + + LC 
29 Dalbergia sissoo Fabaceae Shisham + + LC 
30 Delonix regia Fabaceae Gulmohar + + LC 
31 Drypetes roxburghii Putranjivaceae Putrajeevi + + NL 
32 Emblica officinalis Phyllanthaceae Amla + + LC 
33 Eriobotrya japonica Rosaceae Loquat + + NL 
34 Eucalyptus sp Myrtaceae Eucalyptus + + - 
35 Fernandoa adenophylla Bignoniacea Marodfali + + LC 
36 Ficus benghalensis Moraceae Bargad + + NE 
37 Ficus benjamina Moraceae Benjamin + + LC 
38 Ficus racemosa Moraceae Gular + + LC 
39 Ficus religiosa Moraceae Pipal + + LC 
40 Ficus Sp Moraceae Ficus + + - 
41 Ficus virens Moraceae Pakad/Pilkhan + + LC 
42 Grevillea robusta Proteaceae Silver Oak + + LC 
43 Holoptelea integrifolia Ulmaceae Papdi + + LC 
44 Jacaranda mimosifolia Bignoniacea Jacranda + + VU 
45 Jashmine Sp Oleaceae Chameli + + NL 
46 Kigelia africana Bignoniacea Balamkheera + + LC 
47 Lawsonia inermis Lythraceae Mehandi + + LC 
48 Leucaena leucocephala Fabaceae Subabul + + NL 
49 Madhuca indica Sapotaceae Mahua + + NL 
50 Magnolia champaca Magnoliaceae Champa + + LC 
51 Mangifera indica Anacardiaceae Mango + + DD 
52 Melia azadirach Meliaceae Bakain + + LC 
53 Moringa oleifera Moringaceae Sahjan + + LC 
54 Morus alba Moraceae Sahtoot + + LC 
55 Murraya koenigii Rutaceae Curry + + LC 
56 Phoenix sylvestris Arecaceae Khajur + + NL 
57 Pithecellobium dulce Fabaceae Jungle Jalebi + + LC 
58 Polyalthia longifolia Annonaceae Ashok + + LC "
209,PDF page 209," 
Environment Impact Assessment for Delhi Metro Phase IV-2 Project 
 
 
199 J A DELHI METRO RAIL CORPORATION LTD. 
 
Sl. No. Scientific Name Family Name Season IUCN 
Category Dry Rainy  
59 Pongamia pinnata Fabaceae Karanj + + LC 
60 Prosopis juliflora Fabaceae Vilayati Babul + + LC 
61 Prunus persica Rosaceae Aadu + + NL 
62 Psidium guajava Myrtaceae Amrud + + LC 
63 Pterospermum acerifolium Malvaceae Kanak Champa + + LC 
64 Ricinus communis Euphorbiaceae Arand + + NL 
65 Syzygium cumini Myrtaceae Jamun + + LC 
66 Tamarindus indica Fabaceae Imli +   LC 
67 Tectona grandis Lamiaceae Teak + + EN 
68 Terminalia arjuna Combretaceae Arjun + + NL 
69 Terminalia bellirica Combretaceae Baheda + + LC 
70 Ziziphus mauritiana Rhamnaceae Ber + + LC 
Shrubs/Herbs/Grasses 
1 Abutilon indicum Malvaceae Kanghi buti + + LC 
2 Acalypha indica Euphorbiaceae Khuppi - + LC 
3 Achyranthes aspera Amaranthaceae Apamarg + + LC 
4 Agave americana Asparagaceae - - + LC 
5 Altenthera sp Amaranthaceae - - + LC 
6 Alternanthera sessilis Amaranthaceae Amaranthus + + LC 
7 Amaranthus viridis Amaranthaceae Chaulai + + LC 
8 Argemone mexicana Asteraceae Mexican Poppy + - LC 
9 Aristida adscensionis Poaceae Ghas + + LC 
10 Blumea viscosa Asteraceae - - + LC 
11 Boerhavia diffusa Nyctaginaceae Punarnava - + LC 
12 Calopogonium mucunoides Fabaceae - - + LC 
13 Calotropis procera Appocinaceae Aak + + LC 
14 Carissa spinarum Apocynaceae - - + LC 
15 Cassia alta Fabaceae - + + LC 
16 Cassia occidentalis Fabaceae Kasonda - + LC 
17 Cassia occidentalis Fabaceae - - + LC 
18 Cassia tora Fabaceae Chakunda + + LC 
19 Cenchrus ciliaris Poaceae Ghas + + LC 
20 Chenopodium album Amaranthaceae - - + LC 
21 Cleome viscosa Cleomaceae - + + LC 
22 Clitoria ternatea Fabaceae - - + LC 
23 Coccinia grandis Cucurbitaceae Kundru - + LC 
24 Commelina benghalensis Commelinaceae Kankawwa - + LC 
25 Coroton banthdimus Euphorbiaceae - - + NE 
26 Croton bonplandianus Euphorbiaceae - - + LC 
27 Cucumis callosus Cucurbitaceae Kachri - + LC 
28 Cynodon dactylon Poaceae Doob + + LC 
29 Cyperus rotundus Cyperaceae Motha - + LC 
30 Dactyloctenium aegyptium Poaceae Makra - + LC 
31 Datura metel Solanaceae Datura + + LC 
32 Datura stramonium Solanaceea - - + LC 
33 Dichanthium annulatum Poaceae Zarga + + LC 
34 Digera arvensis Amaranthaceae - - + LC 
35 Digitaria ciliaris Poaceae - - + LC 
36 Eclipta sp Asteraceae Bhringraj _ + LC 
37 Eichhornia crassipes Pontederiaceae - - + LC 
38 Eragrostis sp Poaceae - + + LC 
39 Euphorbia hirta Euphorbiaceae Dudhi + + LC 
40 Evolvulus sp Convolvulaceae Sankhpusphi - + LC "
210,PDF page 210," 
Environment Impact Assessment for Delhi Metro Phase IV-2 Project 
 
 
200 J A DELHI METRO RAIL CORPORATION LTD. 
 
Sl. No. Scientific Name Family Name Season IUCN 
Category Dry Rainy  
41 Hibiscus-rosa sinensis Malvaceae Gudhal + + NE 
42 Jatropa intigerrima Euphorbiaceae - - + LC 
43 Lantana Camara Verbenaceae Lantana + + NE 
44 Martynia annua Martyniaceae - + - LC 
45 Mucuna pruriens Fabaceae Kewanch + - LC 
46 Oplismenus hirtellus Asparagaceae - - + LC 
47 Opuntia sp Cactaceae Cactus + + LC 
48 Oxalis corniculata Oxalidaceae Khatti Buti + - LC 
49 Oxystelma esculentum Apocynaceae Aak ki bel - + LC 
50 Parthanium hysterophorus Asteraceae Gazar Ghas + + LC 
51 Pergularia daemia Asclepiadaceae  - - + LC 
52 Phyllanthus niruri Phyllanthaceae Bhumi amla - + LC 
53 Physalis pruinosa Solanaceae - - + LC 
54 Portulaca oleracea Portulacaceae Kulfa - + LC 
55 Premna serratifolia Lamiaceae - + + LC 
56 Rhynchosia minima Fabaceae - - + LC 
57 Saccharum munja Poaceae Munj - + LC 
58 Saccharum spontaneum Poaceae Kans + + LC 
59 Setaria verticillata Poaceae Bristlegrass - + LC 
60 Sida acuta Malvaceae - - + LC 
61 Sida sp Malvaceae - + + LC 
62 Solanum nigrum Solanaceae - - + LC 
63 Tamarix indica  Tamaricaceae Jhau - + LC 
64 Tephrosia purpurea Fabaceae Jhojhru - + LC 
65 Tinospora cordifolia Menispermaceae Guleoi - + LC 
66 Trianthema portulacastrum Aizoaceae Santhi - + LC 
67 Tridax procumbens Asteraceae - + + NE 
68 Tripidium bengalense Poaceae - - + LC 
69 Verbesina encelioides Asteraceae - - + LC 
70 Withania somnifera Solanaceae Ashwagandha + - NE 
71 Zephyranthes candida Amaryllidaceae - - + LC 
72 Ziziphus sp Rhamnaceae Ber + + LC 
 
[NT]= NEAR THREATENED, [EN] = ENDANGERED, [LC] = LEAST CONCERN,  [VU]= VULNERABLE, [DD] = DATA 
DEFFICIENT , [NE] = NOT EVALUATED, [NL] = NOT LISTED  
 
   
Calopogonium mucunoides Oxystelma spp Pergularia daemia 
Figure 7.11 Plants observed at project area 
 
"
211,PDF page 211," 
Environment Impact Assessment for Delhi Metro Phase IV-2 Project 
 
 
201 J A DELHI METRO RAIL CORPORATION LTD. 
 
b. Fauna 
Mammals, Reptiles, Amphibian 
A total of 08 mammals, 03 reptiles and 01 amphibian species were recorded during the current 
survey. All species are listed as Least Concern (LC) under International Union for Conservation of 
Nature (IUCN) red list. 
Fauna species (Mammals, Reptiles, Amphibian) that are recorded in the baseline surveys along 
the proposed metro corridors area are listed below: 
Table 7.17: Mammals, reptiles and amphibians recorded from Delhi Metro Phase IV-2 
Corridors (Dry and Wet Season) 
Sl. 
No. Scientific Name Common Name 
CS-WPA-1972 
Amended. 
(2022)  
IUCN 
Status 
Season 
Dry  Wet 
Mammals 
1 Boselaphus tragocamelus Nilgai Schedule-II LC + - 
2 Funambulus pennantii Palm Squirrel Schedule-II LC + + 
3 Golunda ellioti Indian Bush Rat NA LC + - 
4 Lepus nigricollis Hare Schedule-II LC + - 
5 Macaca mulata Monkey Schedule-II LC + + 
6 Sus scrofa Wild Boar Schedule-II LC + - 
Reptiles/ Amphibians 
1 Calotes versicolor Garden Lizard NA LC + - 
2 Duttaphrynus melanostictus Asian Common Toad NA LC + + 
3 Eutropis dissimilis Striped Grass Skink NA LC + - 
Note: Primary Survey; (+) present, (-) absent, WPA-1972; Wildlife (Protection) Act, 1972 
c. Avifauna 
In avifaunal surveys along proposed metro corridors, a total of 96 bird species were recorded/ 
reported. Most of the species were found Resident to the areas. Along with resident bird species, 
18 winter visitors, 03 summer visitors and 01 passage visitor bird species were also recorded 
from the study area. 
As far as the conservation status (IUCN -Global) of the recorded bird species was concerned, 0 3 
Near Threatened, 01 Endangered and 01 Critically Endangered species were found. As per the 
Indian Wildlife Protection Act-1972 (revised-2022), 04 Schedule-I species were also recorded.  
Table 7.18: Avifauna recorded from Delhi Metro Phase IV-2 Corridors (Dry and Wet 
Season) 
SL. 
No Scientific Name Name Migratory 
Status 
IUCN 
Status  
CS-WPA 
Amnd. 
(2022) 
Presence 
Season 
Dry Wet 
1 Accipiter badius Shikra R LC Schedule-I CA, SA + + 
2 Acridotheres ginginianus Bank Myna R LC Schedule-II CA, SA + - 
3 Acridotheres tristis Common Myna R LC Schedule-II CA, SA + + 
4 Acrocephalus dumetorum Blyth's Reed Warbler PV LC Schedule-II CA, SA + + 
5 Alcedo atthis Common Kingfisher R LC Schedule-II CA, SA + + 
6 Amandava amandava Red Munia R LC Schedule-II CA, SA + + 
7 Amaurornis phoenicurus White breasted Waterhen R LC Schedule-II SA - + 
8 Anas acuta Northern Pintail WV LC Schedule-II SA + - 
9 Anas crecca Common Teal WV LC Schedule-II SA + + 
10 Anas poecilorhyncha Indian Spot-billed Duck R LC Schedule-I SA + + 
11 Anser anser Greylag Geese WV LC Schedule-II SA + + 
12 Anser indicus Bar-headed Geese WV LC Schedule-II SA + + "
212,PDF page 212," 
Environment Impact Assessment for Delhi Metro Phase IV-2 Project 
 
 
202 J A DELHI METRO RAIL CORPORATION LTD. 
 
SL. 
No Scientific Name Name Migratory 
Status 
IUCN 
Status  
CS-WPA 
Amnd. 
(2022) 
Presence 
Season 
Dry Wet 
13 Apus affinis Little Swift R LC Schedule-II CA, SA + + 
14 Ardea alba Great Egret R LC Schedule-II CA, SA + + 
15 Ardea cinerea Grey Heron R LC Schedule-II CA, SA + + 
16 Ardea purpurea Purple Heron R LC Schedule-II CA, SA + + 
17 Ardeola grayii Indian Pond Heron R LC Schedule-II CA, SA + + 
18 Ardeola grayii Pond Heron R LC Schedule-II CA, SA + + 
19 Athene brama Spotted Owlet R LC Schedule-II CA, SA + + 
20 Aythya fuligula Tufted Duck WV LC Schedule-II SA + + 
21 Bubulcus ibis Cattle Egret R LC Schedule-II CA, SA + + 
22 Caprimulgus asiaticus Indian Nightjar R LC Schedule-II CA, SA + + 
23 Cercomela fusca Brown Rockchat R LC Schedule-II CA, SA + + 
24 Ceryle rudis Pied Kingfisher R LC Schedule-II CA, SA + + 
25 Chroicocephalus 
ridibundus Black-headed Gull WV LC Schedule-II SA + + 
26 Ciconia episcopus Woolly Necked Stork R NT Schedule-II SA + + 
27 Cinnyris asiaticus Purple Sunbird R LC Schedule-II CA, SA + + 
28 Clamator jacobinus Pied Cuckoo R LC Schedule-II CA, SA + + 
29 Columba livia Common Pigeon R LC NA CA, SA + + 
30 Copsychus saularis Oriental Magpie Robin R LC Schedule-II CA, SA + + 
31 Coracias benghalensis Indian Roller R LC Schedule-II CA, SA + - 
32 Corvus levaillantii Eastern Jungle Crow R LC NA CA, SA + + 
33 Corvus splendens House Crow R LC NA CA, SA + + 
34 Cuculus canorus Common Cuckoo R LC Schedule-II CA, SA + + 
35 Cypsiurus balasiensis Asian Palm Swift R LC Schedule-II CA, SA + + 
36 Dendrocitta vagabunda Rufous Treepie R LC Schedule-II CA, SA + + 
37 Dicrurus macrocercus Black Drongo R LC Schedule-II CA, SA + + 
38 Dinopium benghalense Golden Flameback 
Woodpecker R NT Schedule-II CA, SA + + 
39 Egretta garzetta Little Egret R LC Schedule-II CA, SA + + 
40 Elanus caeruleus Black-winged Kite R LC Schedule-II CA, SA - + 
41 Eudynamys scolopaceus Asian Koel R LC Schedule-II CA, SA + - 
42 Euodice malabarica Indian Silverbill R LC Schedule-II CA, SA + + 
43 Ficedula parva Red-breasted Flycatcher R LC Schedule-II CA, SA + + 
44 Gallinula chloropus Common Moorhen R LC Schedule-II CA, SA + + 
45 Gallinula chloropus Eurasian Moorhen R LC Schedule-II SA + + 
46 Grus leucogeranus Siberian Crane WV CR Schedule-II SA + - 
47 Halcyon smymensis White-throated Kingfisher R LC Schedule-II CA, SA + + 
48 Hierococcyx varius Common Hawk Cuckoo R LC Schedule-II CA, SA + - 
49 Himantopus himantopus Black-winged Stilt R LC Schedule-II CA, SA + + 
50 Hypothymis azurea Black-naped Monarch R LC Schedule-II CA, SA + + 
51 Jynx torquilla Eurasian Wryneck WV LC Schedule-II CA, SA + + 
52 Mareca penelope Eurasian Wigeon WV LC Schedule-II SA + + 
53 Megalaima zeylanica Brown-headed Barbet R LC Schedule-II CA, SA + + 
54 Merops orientalis Green Bee-eater R LC Schedule-II CA, SA + - 
55 Microcarbo niger Little Cormorant R LC Schedule-II SA + + 
56 Milvus migrans Black Kite R LC Schedule-II CA, SA + + 
57 Motacilla alba Whit Wagtail R LC Schedule-II CA, SA + + 
58 Nettapus 
coromandelianus Cotton Pygmy Goose R LC Schedule-I SA + - 
59 Ocyceros birostris Grey Hornbill R LC Schedule-II CA, SA + - 
60 Oriolus kundoo Golden Oriole SV LC Schedule-II CA, SA + + 
61 Orthotomus sutorius Common Tailorbird R LC Schedule-II CA, SA + + 
62 Ortygornis pondicerianus Grey Francolin R LC Schedule-II SA - + 
63 Passer domesticus House Sparrow R LC Schedule-II CA, SA + + 
64 Pastor roseus Rosy Starling R LC Schedule-II CA, SA + - "
213,PDF page 213," 
Environment Impact Assessment for Delhi Metro Phase IV-2 Project 
 
 
203 J A DELHI METRO RAIL CORPORATION LTD. 
 
SL. 
No Scientific Name Name Migratory 
Status 
IUCN 
Status  
CS-WPA 
Amnd. 
(2022) 
Presence 
Season 
Dry Wet 
65 Pavo cristatus Indian Peafowl R LC Schedule-I SA, CA + + 
66 Pelecanus onocrotalus Rosy Pelican WV LC Schedule-II SA + + 
67 Pericrocotus ethologus Long-tailed Minivet R LC Schedule-II CA, SA + + 
68 Phalacrocorax carbo Great Cormorant R LC Schedule-II CA, SA + - 
69 Phalacrocorax fuscicollis Indian Cormorant R LC Schedule-II CA, SA + + 
70 Phoenicopterus roseus Greater Flamingo WV LC Schedule-II SA + - 
71 Phylloscopus collybita Common Chiffchaff WV LC Schedule-II CA, SA + + 
72 Pitta brachyura Indian Pitta SV LC Schedule-II CA, SA + + 
73 Ploceus philippinus Baya Weaver R LC Schedule-II CA, SA + - 
74 Podiceps cristatus Great Crested Grebe WV LC Schedule-II SA + + 
75 Porphyrio porphyrio Purple Moorhen R LC Schedule-II SA + + 
76 Prinia inornata Plain Prinia R LC Schedule-II CA, SA + + 
77 Prinia socialis Ashy Prinia R LC Schedule-II SA - + 
78 Psittacula krameri Rose-ringed Parakeet R LC Schedule-II CA, SA + + 
79 Ptyonoprogne obsoleta Plain Crag Martin R LC Schedule-II CA, SA + + 
80 Pycnonotus cafer Red-vented Bulbul R LC Schedule-II CA, SA + + 
81 Recurvirostra avosetta Pies Avocet WV LC Schedule-II SA + + 
82 Rynchops albicollis Indian Skimmer WV EN Schedule-II SA + - 
83 Saxicola caprata Pied Bushchat R LC Schedule-II CA, SA + + 
84 Saxicoloides fulicatus Indian Robin R LC Schedule-II CA, SA + + 
85 Spatula clypeat Northern Shoveler WV LC Schedule-II SA + + 
86 Streptopelia chinensis Spotted Dove R LC Schedule-II CA, SA + + 
87 Streptopelia decaocto Eurasian collared Dove R LC Schedule-II CA, SA + + 
88 Streptopelia senegalensis Laughing Dove R LC Schedule-II CA, SA + + 
89 Sylvia curruca Lesser White Throat R LC NA CA, SA + + 
90 Tadorna ferruginea Ruddy Shelduck WV LC NA SA + + 
91 Terpsiphone paradisi Indian Paradise Flycatcher SV LC Schedule-II CA, SA + + 
92 Threskiornis 
melanocephalus Black-headed Ibis WV NT Schedule-II SA + - 
93 Turdoides striata Jungle Babbler R LC Schedule-II CA, SA + + 
94 Upupa epops Common Hoopoe R LC Schedule-II CA, SA + + 
95 Vanellus indicus Red-wattled Lapwing R LC Schedule-II CA, SA + + 
96 Zosterops palpebrosus Oriental White-Eye R LC Schedule-II CA, SA + + 
Note; LC - Least Concern; NA - Not Assessed; NT -Near Threatened; CR -Critically Endangered; EN -Endangered; R -
Resident; WV-Winter Visitor; SV-Summer Visitor; PV- Passage Visitor; CA-Core Area; SA-Surrounding Area 
 
  
Corridor 1 Inderlok to Indraprastha Corridor 1 Inderlok to Indraprastha 
"
214,PDF page 214," 
Environment Impact Assessment for Delhi Metro Phase IV-2 Project 
 
 
204 J A DELHI METRO RAIL CORPORATION LTD. 
 
  
Corridor 1 Inderlok to Indraprastha Corridor 3 Rithala – Narela – Nathupur 
Figure 7.12 Photographs taken during Surveys 
d. Aquatic Ecosystem  
There are no notable aquatic ecosystems falling along the suggested metro routes. The  nearest 
significant water body is the Yamuna River, situated close to the Delhi Secretariat Metro Station 
on Corridor-1. The distance between the Yamuna River and the closest points of the proposed 
route exceeds 500 m. Since there is no presence of an aquatic ecosystem, no research on aquatic 
biodiversity has been carried out. 
(4) Critical Habitat Assessment  
The Critical Habitat (CH) Assessment was conducted to assess whether CH is present within the project 
impact area not only within the project area. Based on the assessment, none of species triggers Critical 
Habitat. Assessment is included in Annexure XII. 
7.2.3. Hydrology  
The project will cross over several drains. As of now, whether to install bridge pier in the flow or 
use special bridges is unknown.  
In the North-West district, the depth of fresh/ saline water interface varies greatly. The thickness 
of freshwater aquifers is limited in this district. In areas along Yamuna Flood Plain fresh/ saline 
water interface is at deeper depth i.e. around 40 to 70 m bgl whereas in rest of the area it is 22 to 
40 m. No bedrock has been observed up to the depth of 250 m. In Northeast district, thickness of 
freshwater aquifers is more in areas around Yamuna Flood Plain. The depth of fresh/ saline water 
interfaces in Yamuna Flood Plain ranges between 32 and 50 m  bgl whereas in rest of the area, it 
ranges from 25 to 38 m bgl. In New Delhi and Central Districts, freshwater sediments are followed 
by saline water and then by quartzite (Delhi Ridge). In East and Shahdara districts, thickness of 
freshwater aquifers is more at locations like Kalyanpuri, Kondli and Shakarpur up to 60 mbgl.  
Two stations, Indraprastha and Delhi Secretariat stations are underground stations and are to be 
located in a recognised flood zone.  
7.3. Social Environment 
7.3.1. Land acquisition/ Resettlement 
The total land area of approx. 664,000 m 2 is required for the project include temporary and 
permanent area. All the land is government lands and not require land acquisition. 
"
215,PDF page 215," 
Environment Impact Assessment for Delhi Metro Phase IV-2 Project 
 
 
205 J A DELHI METRO RAIL CORPORATION LTD. 
 
Three Railway quarters  in Corridor 1 and total 16 buildings (formerly PWD Quarters) of Push 
Vihar area in Corridor 2 are going to be affected  by the Project. These affected buildings are 
abandoned and are scheduled to be de stroyed as those are more than 50 years old  quarters of 
CPWD. As these are Government quarters no Rehabilitation and Resettlement plan will be 
required, as per the Act. 
7.3.2. Livelihood 
(1) Employment 
a. Inderlok to Inderprastha (Corridor 1) 
The job category of Corridor 2 respondents included Advocates, Drivers, Teachers, contractor, 
Petrol Pump Workers, and private job workers 18.88% Stall Owners,13.33% skilled labour, 
8.88% Stall owners,12.22%  Government staff, 6.66% . Total Dependent, 4.44% Casual Labour, 
and 3.33 % working in private company and 30% from other categories. 
b. Lajpat Nagar to Saket Block (Corridor 2)  
The job category of Corridor 2 respondents included 21% were Stall Owners, 13% skilled labour, 
12.85% Students and Casual Labour, 10% were working in company, 7.14% were Shop owners, 
total dependent, 2.8% Assistant to Household and 5.7% from other category that included Van 
Driver, Business etc.  
c. Rithala – Narela – Nathupur (Corridor 3) :  
The job category of Corridor 3 respondents included 1.96 % total dependent, 8.82% Students, 
5.88% shop owners, 25.41% Stall owner/Vendor, 5.88% Skilled Labour, 15.68% casual labour, 
2.94% Government Staff,  5.88% working in company,1.98% Unemployed and 25.49% in other 
category that included Van Driver, Business or Medical Shop, Private Job, Stamp Maker etc.  
(2) Household Income and Expenditure 
In Corridor 1 the average income of respondents with less than 10,000 rupees is of about 24.44%, 
respondents having income up to 10,000-20,000 rupees are about 52.22 %, 11.11% comes in the 
category of 20-50 thousand rupees, respondents having income between 50,000-1 Lakh are only 
4.44% and above 1 lakh is 7.77%.  
In Corridor 2 the average income of respondents with less than 10,000 rupees is about 2.89%. 
The respondents having income up to 10,000 -20,000 rupees is 43.48 %, 34.78% comes in the 
category of 20-50 thousand rupees, respondents having income between 50,000-1 Lakh is about 
17.39% and above 1 lakh is only 1.44%. 
While in Corridor 3 the average income of respondents with less than 10,000 rupees are about 
37.25%. The respondents having income up to 10,000 -20,000 rupees are 53.92%, respondents 
with income between 20 -50 thousand rupees are 5.88% respondents having income between 
50,000-1 Lakh is about 1.96% and above 1 lakh is only 1 respondent. 
The details of the number and percentage of respondents in all the three corridors are given 
below: 
Table 7.19 Average Income of the Respondents 
Average Income of the Respondents 
Income In Rupees 
Corridor 1 Corridor 2 Corridor 3 
Number  %  Number  %  Number  %  
Less than Rs.10,000 22 24.44 10 2.89 38 37.25 
Rs.10,000-Rs.20,000 47 52.22 28 43.48 55 53.92 
Rs.20,000-Rs.50,000 10 11.11 16 34.78 6 5.88 "
216,PDF page 216," 
Environment Impact Assessment for Delhi Metro Phase IV-2 Project 
 
 
206 J A DELHI METRO RAIL CORPORATION LTD. 
 
Average Income of the Respondents 
Income In Rupees 
Corridor 1 Corridor 2 Corridor 3 
Number  %  Number  %  Number  %  
Rs.50,000-Rs.100,000 4 4.44 5 17.39 2 1.96 
More than 100,000 7 7.77 10 1.44 1 0.98 
Total 90 100% 70 100% 102 100% 
Source: As per Information obtained from Socio Economic Survey 
 
It can be concluded that t he maximum respondent’s average income from all the corridors is 
between 10,000 to 20,000 rupees, while the respondents with less than 10,000 rupees income 
can be seen in Corridor 2 & Corridor 3 as the number of temporary workers including, skilled 
Labours, casual workers and Stall owners/ vendors were seen in these corridors. While 
percentage of government employees and private workers were seen in corridor 1 & 2. 
a. Average Expenditure on Transport 
In Corridor 1, the respondent average expenditure on transport are: 
• 45.71 % are spending less than 500 rupees on travelling 
• 30 % are having expenses of Rs.500-Rs. 1000 
• 7.14 % spend about Rs.1000-Rs.1500 
• 5.71 % spend Rs.1500-2000 and 
• 4.28 % are having expenses of more than 2000 in travelling 
While in Corridor 2 the expenses spend on transport is about: 
• 63.33 % are spending less than 500 rupees on travelling 
• 21.11 % are having expenses of Rs.500-Rs. 1000 
• 5.55 % spend about Rs.1000-Rs.1500 
• 4.44 % spend Rs.1500-2000 and 
• 1.11 % are having expenses of more than 2000 in travelling and in  
Corridor 3 the expenses spend on transport is about: 
• 56.00% are spending less than 500 rupees on travelling 
• 25 % are having expenses of Rs.500-Rs. 1000 
• 3 % spend about Rs.1000-Rs.1500 
• 8 % spend Rs.1500-2000 and 
• 8 % are having expenses of more than 2000 in travelling  
It can be concluded from the data that among the total respondents it was observed that 
maximum respondents are spending more than less than 500 rupees on travelling expenses in 
Corridor 2 and Corridor 3 while in corridor 1 most of the respondents are spen ding expenses 
between 500-1000 rupees on travelling. It is because in corridor 2 & 3 there is much scope of job 
opportunities at nearby locations as in corridor 3 mostly the area includes Industrial belt and in 
Corridor 2 there are Government offices, and the respondents surveyed were mostly the 
residents of these areas. 
7.3.3. Vulnerability 
a. Respondent below poverty line  
Respondents are classified as below the poverty line, with an annual income of less than Rs. 
10,000. 
• Corridor 1: 22 respondents (24%) are classified as below the poverty line. "
217,PDF page 217," 
Environment Impact Assessment for Delhi Metro Phase IV-2 Project 
 
 
207 J A DELHI METRO RAIL CORPORATION LTD. 
 
• Corridor 2: A smaller group of 10 respondents (14%) falls under this category. 
• Corridor 3: The largest segment, with 38 respondents (37%) below the poverty line. 
b. Gender related concern 
Female respondents (92) are positive towards the project but use Metro only for long distances 
to avoid traffic issues and mostly use Bus service for traveling as it free of cost but when asked 
60-70% are demanding that there should separate Female coach in the Metro train, abou t 30% 
wanted special seat for women in general coaches/ Installing of Priority Seat. 
7.3.4. Social infrastructure  
During the Survey and interview with the 262 respondents in the study area it was obtained that 
there are following Clinics, Hospitals, Schools, Kindergartens and Religious Facilities in the study 
area. 
Table 7.20: Social Infrastructure and Services within 50 Meters along the Metro Stations 
Location 
Existing Social Infrastructure and Services within 50 m along the Metro Line 
Hospital Schools/Education
al Institution 
Offices/ Government 
Quarters, Community 
Parks, Academy 
Religious Places 
Corridor 1 
Inderlok - - - - 
Daya Basti - - Government Railway 
Quarters - 
Sarai Rohalla - - - - 
Ajmal Khan Park   Ajmal Khan Park 
Gurudwara Sant Sujan Singh 
Maharaj Karol Bagh, Opposite 
Ajmal Khan Park 
Jhandewala - - - - 
New Delhi 
Mrs. 
Girdhar Lal 
Hospital 
MOPD 
- - 
Kamla Nehru MCD Park 
Shree Harihar Udaseen 
Ashram 
Delhi Gate -  Carpet Shops 
Dr. Ambedkar Stadium - 
Delhi Sachivalya - - - - 
Indraprastha - - - - 
Corridor 2 
Lajpat Nagar - - - - 
Andrew Ganj - - - - 
Greater Kailash 1 - - Arun Jaitley Park 
ISRO Bhawan - 
Chirag Delhi - - - - 
Pushp Bhawan - - Government Quarters at 
Pushp Bhawan Road - 
Saket District Court - - - - 
Pushp Vihar - - CPWD Government 
Quarters - 
Corridor 3 
Rohini Sector 25 - - - 
Iskon Temple but it above 
100 meters from the Metro 
Station 
Rohini Sector 26 - - - - 
Rohini Sector 31 - - - - "
218,PDF page 218," 
Environment Impact Assessment for Delhi Metro Phase IV-2 Project 
 
 
208 J A DELHI METRO RAIL CORPORATION LTD. 
 
Location 
Existing Social Infrastructure and Services within 50 m along the Metro Line 
Hospital Schools/Education
al Institution 
Offices/ Government 
Quarters, Community 
Parks, Academy 
Religious Places 
Rohini Sector 32 - - - 
Swami Dayanand Ashram 
(above 50 Meters from 
proposed Metro Station) 
Rohini Sector 36 - - - - 
Barwala - - - 
Shri Mata Narayan Durga 
Mandir ahead Barwala Metro 
Station (above 200 meters) 
Rohini Sec 35 - - - - 
Rohini Sec 34 - - - - 
Bawana Industrial 
Area Sec.3 & 4 - - - - 
Bawana Industrial 
Area Sec.1 & 2 - - - - 
Bawana J J Colony - - - - 
Sanoth - - - - 
New Sanoth - - - - 
Depot  -   
Bhorgarh Village - - - - 
Ananj Mandi Narela - - - - 
Narela DDA Sports 
Complex - - - - 
Narela  - - - 
Narela Sect.5 - - - - 
Kundli- Nathupur - - - - 
 
7.3.5. Utility 
(1) Access to Infrastructure 
SES results on and information was collected on the details of the access to Infrastructure that 
included the facilities availed by the respondents in the study area which are Electricity, Water 
Supply, Toilet/ Sewage, Telephone and Solid Waste Collection. 
It was obtained through the data compiled that about 98% respondents are having Government 
Electricity, 95% respondents use Tap Water as a source of Water Supply, 72 % have their own 
Septic tank under the Toilet and sewage facility, 100 % have Mobile phone s for communication 
and 90% have solid waste collection facility. The details and the number of respondents having 
the facility from all the 7 locations is presented in below figure: 
 
Figure 7.13: Respondents having Access to Infrastructure 
"
219,PDF page 219," 
Environment Impact Assessment for Delhi Metro Phase IV-2 Project 
 
 
209 J A DELHI METRO RAIL CORPORATION LTD. 
 
(2) Utility Diversion  
a. Underground Utility 
Planning for utility diversion for existing underground and at surface will be required before 
construction activity. 
The proposed Metro alignments under Phase -IV- 2 network are passing along major arterial 
roads of the city road network, which are serving Institutional, Commercial and residential areas. 
Large number of sub -surfaces, surface and overhead utility services, viz. Sewers, water mains, 
storm water drains, telephone cables, electrical transmission lines, electric poles, traffic signals 
etc. are existing along the proposed alignment. These may affect construction and project 
implementation time schedule /costs, for which necessary planning / action needs to be initiated 
in advance. Affected Utilities as indicated hereunder are notional, actual investigation is required 
before commencement of the field work.36 
Prior to the actual execution of work at site, detailed investigation of all utilities at foundation 
location will be undertaken well in advance by making trench pit to avoid damage to any utility. 
Table 7.21: Details of underground Utility Services 
S. 
No. 
Organization/Dept. Utility Services 
1 Delhi Jal Board 
Sewerage and drainage lines. Water mains, their service lines, including 
hydrants and fountains etc, water treatment plants, pumping station etc. in 
non NDMC area 
2 South Delhi Municipal 
Committee 
Roads, Surface water drains, Nallah, sewer lines , street lights, high mast 
lights etc. in SDMC area from Tughlakabad to Aerocity 
3 Central PWD Roads, Surface water drains, Nallah etc., pertaining to Ma 
Anandmayee Marg 
4 National Highways and 
NHAI 
Roads, Surface water drains, Nallah etc., pertaining to National 
Highway i.e. Mathura road 
5 NDPL and BSES Power cables and their appurtenances, pole mounted transformers, power 
cables of 33 & 11 KVs. 
6 Badarpur Power plant H.T. Lines, their pylons, sub-station, etc. 
7 MTNL Telecommunication cables, junction boxes, telephone posts, O.H. Lines etc. 
8 Office of Commissioner 
of Police, Delhi 
Traffic signal posts, junction boxes and cable connection etc. 
9 Reliance Mobile India 
Ltd., 
Telecommunication cables, junction boxes etc., 
10 Idea, Airtel & Tata Tele 
services India Ltd., 
Telecommunication cables, junction boxes etc., 
11 IGL Gas Pipeline. 
Source: DPR and site survey 
b. Aboveground Utilities 
Above ground utilities namely street light poles, traffic signal posts, telecommunication posts, 
junction boxes, etc. are also required to be shifted and relocated suitably during construction of 
elevated viaduct. 
To ensure the timely and successful completion of all corridors under the DMRC Phase -IV 
network, effective interfacing with external agencies on various issues is essential. For instance, 
coordination with the Central Public Works Department (CPWD) is necessary to secure clearance 
of the Right of Way (ROW) for the Metro in areas that are encroached or occupied. Additionally, 
collaboration with the Railways is required for the crossing of railway lines at certain locations. 
 
36 DPR "
220,PDF page 220," 
Environment Impact Assessment for Delhi Metro Phase IV-2 Project 
 
 
210 J A DELHI METRO RAIL CORPORATION LTD. 
 
Furthermore, engagement with the Delhi Traffic Police is crucial, as the alignment of various 
corridors under the Phase-IV network will traverse on or along existing roads. 
Table 7.22: Details of aboveground Utility Services 
Corridor 
Light Poles 
Electric Pole 
Manhole 
Signal Pole 
Telephone 
Pole 
Electric Mast 
High tension 
Line 
Junction Box 
Electric 
Manhole 
Transformer 
Gas Pipeline 
Inderlok to Indraprastha 60 1 39 6 - - 1 - - - 1 
Lajpat Nagar to Saket G Block 56 4 44 16 - - 1 6 3 - - 
Rithala-Bawana-Narela- Nathupur 283 40 45 2 1 - 4 - - - - 
 
7.3.6. Cultural heritage 
No ASI protected archaeological structures within the 100m periphery ( priority zone) of the 
alignment. The closet listed cultural heritage to the project alignment is Delhi Arch.  
Having secured the regulated distance from the Delhi Arch there are no other culturally and 
aesthetically important places coming along the 50 m both Side of the proposed metro alignment, 
but it was observed that some temples and religious centres are present along the Metro line the 
details of which are further explained while describing the Metro Stations coming in the study 
area. 
7.3.7. Water use 
All the 262 respondents of SES have told that they use water supplied through Tap water 
provided by Delhi Municipal Corporation for daily usage and there is no use of nearby river water 
or lake water for fishing, fishery, washing for laundries and dishes etc.in the daily life. 
According to Dynamic ground water resource of India (2023), out of 34 assessment units (tehsils), 
13 units (38.24 %) have been categorized as ‘Over -exploited’, 12 units (35.29 %) as ‘Critical’, 4 
units (11.76 %) as ‘Semi-critical’, and 5 units (14.71 %) as ‘Safe’ categories of assessment units.  
Water is required for the project for a variety of purposes. The highest water requirements of 
the project is during construction phase for suppression of dust, washing down of vehicles, 
mixing of concrete and mixing for soil in the at-grade section including fire control, and daily 
demand for potable water for employees. Further assessments required to ensure that water 
demand will meet the capacity of supply without impacting the existing daily use. 
7.4. Others 
7.4.1. Road Safety  
All 252 respondents opined that they experience the issue of long duration of travel and heavy 
traffic causing traffic incidents in the city. 
7.4.2. Cross border impact and climate change  
The Delhi Metro Rail Corporation (DMRC) project plays a pivotal role in addressing climate 
change and fostering cross -border impacts in the region. By promoting public transport, the 
metro system significantly reduces greenhouse gas emissions and improves air quality, benefiting 
both Delhi and neighbouring areas. Its energy -efficient technologies and sustainable 
infrastructure designs, which include features like rainwater harvesting and green building 
standards, enhance climate resilience against extreme weather events. Furthermore, the project 
fosters regional connectivity, facilitating economic growth and encouraging collaborative "
221,PDF page 221," 
Environment Impact Assessment for Delhi Metro Phase IV-2 Project 
 
 
211 J A DELHI METRO RAIL CORPORATION LTD. 
 
transport policies across borders. Overall, the DMRC initiative not only alleviates urban 
congestion but also serves as a model for sustainable development in the face of climate 
challenges.  
7.4.3. Traffic/ public access 
Since most of the construction is to be carried out in the middle of the road, central two lanes 
including the median will be required for construction activities. During piling and open 
foundation work, a width of about 9 m will be required for constructi on and barricaded. It is 
proposed that two lanes are provided for traffic on either side during construction by widening 
of roads, if necessary. In certain cases, one -way traffic may be resorted to. All these actions will 
require a minimum period of about 4 to 6 months. In case the location which traffic is not busy, 
road diversions are not planned. Only temporary diversion plans will be required during the 
construction. 
Traffic diversion plans are necessary to avoid traffic congestion. Any reduction of road space 
during the construction causes constrained traffic flow. Traffic management needs to be taken to 
retain satisfactory levels of traffic flow, road widening exercises, traffic segregation, one -way 
movements, traffic diversions on influence area roads, acquisition of service lanes, etc. 
7.4.4. Social Acceptability  
Visit was made at each of proposed 39 station and the Survey Team Conducted Interviews of the 
respondents available at the station to know the position and negative response impact of project 
on them. The summary of the interviews is as listed below. Please refer to SIA for the details. 
• The people in general stated that due to the construction of the Metro line, the 
underdeveloped part of the city will develop and people living in remote areas will be 
highly benefitted. Apart from this, it will accelerate the expansion of the urban city 
cluster covering Sonipat, Rohtak, and Baghpat. 
• During survey with both Male and Female it was obtained that maximum respondents 
i.e. about 95% are having positive response towards the upcoming project as 
according to their opinion the city is facing the problem of heavy traffic congestion, 
noise pollution due to continuous vehicular movement and honking, vehicular 
pollution, road accidents due heavy traffic. 
• Female respondents mostly use the bus facility for travelling which was made free of 
cost since October 2019. Female respondents opined that they use the Metro mainly 
for traveling long distances. 
• Respondents opined that the Buses are frequently available but there is no specific 
time on the availability of Buses. Travel by Bus is time-consuming due to Heavy traffic 
on roads and Auto drivers’ rates are not fixed and reluctantly ask for higher rates so 
they are happy with the Project.  
• The existing transport facilities are highly inadequate and hence over- crowded. 
Participants from Andrew Ganj, coming from Sheikh Sarai, Rohini Sector 26, reported 
of higher waiting time and expecting that Metro train will save their time. 
• Respondents from Bawana industrial area and other areas reported that there is huge 
traffic at peak hours and due to the crowd on existing transport, the number of cases 
of accidents are on higher side. Metro will certainly help to reduce accidents by 
reducing load on existing transportation system. 
• Participants from all the places appreciated and welcome the Project due to its easy 
and convenient transportation. Additionally, it will increase the connectivity in 
surrounding areas. "
222,PDF page 222," 
Environment Impact Assessment for Delhi Metro Phase IV-2 Project 
 
 
212 J A DELHI METRO RAIL CORPORATION LTD. 
 
• 70% people of the project area perceived it will help to Improve in Reduce Levels of 
Air Pollution 
• Female respondents are positive towards the Project but it was obtained from the data 
that female and 75 % are demanding that there should separate Female coach in the 
Metro train, about 25% wanted special seat for women in general coaches. 
• The magnitude of vehicle population, the unpredictability of human behaviour, 
economic constraints, poor road markings and signages, defective road design, and 
deficiencies in vehicle design are some factors leading to road accidents in Delhi. 
• The respondents in Inderlok to Indraprastha (Corridor 1) were 30% from other 
categories that included Advocates, Drivers, Teachers, contractors, Petrol Pump 
Workers, and private job workers 18.88% Stall Owners, 13.33% skilled labour, 8.88% 
Stall owners, 12.22% Government staff, 6.66 Total Dependent, 4.44% Casual Labour, 
and 3.33 % working in a private company  
• Out of the total respondents in Lajpat Nagar to Saket Block (Corridor 2) the category of 
respondents included were 21% Stall Owners,13% skilled labour, 12.85% Students 
and Casual Labour,10% company employees/workers, 7.14% were Shop owner and 
total dependent,2.8% Assistant to Household and 5.7% from other category that 
included Van Driver, Business etc.  
• In Rithala to Nathupur (Corridor 3) the category of respondents included 1.96 % total 
dependent, 8.82% Students, 5.88% shop owners,25.41% Stall owner/Vendor,5.88% 
Skilled Labour, 15.68% casual labour, 2.94% Government Staff, 5.88% working in the 
company,1.98% Unemployed and 25.49% in other category that included Van Driver, 
Business or Medical Shop, Private Job, Stamp Maker etc. As the Metro line passes 
through Highways and state Highways maximum respondents available at the survey 
were Stall owners/ vendors having shops along the stretch of the corridor.  
• The average income of the respondents in all the corridors is between 10,000 to 
20,000 rupees per month for stall owners/vendors and between 25,000-50,000 of the 
respondents working in the private sector or as government employees. 
• 41.17 % of respondents from Corridor 1, 52.22 % from Corridor 2, and 53.92% in 
Corridor 3 have their average expense on travelling between Rs.500-1000/month. 
• Respondents expect job opportunities to be provided to local people in the Metro 
project during the construction and operational phase. 
• While assessing the quality of life of the respondents it was obtained that in all three 
corridors the satisfaction level is high on the parameters of access to office, school, 
hospital and shopping centre, but huge dissatisfaction was seen on traffic safety and 
management, air and noise pollution and Green Environment  
• Out of the total respondents coming in each corridor 75% of respondents from 
Corridor 1, 83% from Corridor 2, and 81% from Corridor 3 considered Job 
Opportunity to be the most important parameter of quality of life while 78% of 
respondents thought Medical and Health Care as priority parameter and respondents 
of Corridor 2 & 3 considered transportation as the most important factor in improving 
the quality of life. 
• No archaeological and culturally important sites are coming in all three corridors in 
the study area of 50 meters on both sides of the Metro Station. 
 
***** "
223,PDF page 223," 
Environment Impact Assessment for Delhi Metro Phase IV-2 Project 
 
 
213 J A DELHI METRO RAIL CORPORATION LTD. 
 
CHAPTER 8. ENVIRONMENTAL IMPACTS ASESSMENT 
8.1. Introduction 
The chapter identifies and discusses both positive and negative impacts  associated with the 
proposed project and their mitigation measures. The anticipated impacts are categorized into 
pre-construction phase, construction phase and post construction phase impacts. 
Different types of impacts may occur from the implementation of this type of project. The impact 
may be positive or negative and can be categorized as being either direct (primary), indirect 
(secondary) or cumulative. Direct impacts are impacts that are caused directly by the activity and 
generally occur at the same time and at the place of the activity (for example, dust generation 
resulting from excavation activities). These impacts are usually associated with the construction, 
operation or maintenance activities and are obvious and quantifiable. 
In the proposed project, direct and/or indirect impacts are generated which are rather long- term 
during the various phases of the construction activities. It is expected that impacts from these 
types of activities will be avoided by the contractor and DMR C. The Environmental and Social 
Management Plan (ESMP) will be actively implemented, and third-party audits will be conducted 
to ensure compliance with the ESMP. Throughout the entire project cycle, there will be ongoing 
and meaningful engagement with stakeholders and the community. This continuous engagement 
aims to enhance collaboration, fostering a proactive approach to address environmental and 
social considerations 
8.2. Summary of Environment Impact Assessment 
Table 8.1 shows th e summary of environment impact  assessment identified and the details 
provided under following section. which considered to have impact based on scoping and result 
of survey and analysis. It is recommended that further assessment to be conducted at next phase. 
Table 8.1: Environment Impact Assessment Summary 
No Impact item 
Scoping Assessment 
Reason for evaluation Pre/ 
CON OP 
Pre/ 
CON OP 
Pollution 
1 Air pollution ✔ ✔ A- B+/- 
The current state of air pollution is already exceed ing 
environment standards, and project may further degrade the 
air quality of surround area temporary during pre and con 
phase., 
Pre:  
(-) Noncompliance of consent conditions may result in 
generating pollution and may trigger legal action against the 
project proponent.  
(-) During both construction and demolition activities and land 
clearance activities dust will be generated. thereby adversely 
impacting air quality in the surrounding area.  
Con:  
(-) Temporary and local deterioration of air quality is expected 
due to dust emissions and gaseous pollution generated from the 
operation of construction equipment, machinery and vehicles, 
loading and unloading of construction material etc. In addition, 
operation of temporary facilities (batching plants, quarry site, 
soil disposal sites etc.) and access road will result in deteriorate 
local air quality. Increase in traffic and traffic congestion also 
add another factor.  
OP:  "
224,PDF page 224," 
Environment Impact Assessment for Delhi Metro Phase IV-2 Project 
 
 
214 J A DELHI METRO RAIL CORPORATION LTD. 
 
No Impact item 
Scoping Assessment 
Reason for evaluation Pre/ 
CON OP 
Pre/ 
CON OP 
(+) As overall, it is expected that air pollution will be improved 
by reducing vehicles trips alleviating traffic congestion along 
the Corridors.  
(-) There might be local deterioration around station area by 
increase in traffic by train users , increase in commercial 
activities as well as operation and maintenance activities.  
2 Water pollution ✔ ✔ B- B- 
Water quality in the project area is already polluted.  
Pre/CON:  
(-) Turbid water is expected to occur in all construction 
especially the area of cut and cover section and flows of silts, 
sediments. 
(-) Improper handling of stockpiles of excavated soil and 
construction material could be exposed to erosion especially 
during rainy season and may be discharged to water bodies 
which will contribute to the siltation / sedimentation of nearby 
drainage systems or natural waterways.  
(-) Discharge of wastewater and contaminated pollutant (oil, 
hazardous materials, etc) from construction sites expected to  
contaminate water. 
OP: 
(-) Cleaning of stations, depots, offices and trains are expected 
to generate wastewater in metro premises. 
3 Waste ✔ ✔ A- B- 
Pre/CON:  
(-) Improper handling of s olid waste such as  debris from 
demolished structure, excavated soil generated t hrough land 
clearing and construction work are expected to be generated. 
(-) Improper handling  of h azardous waste generated from 
construction activities will degrade surrounding environment 
quality as well as lead to accidents. 
(-) Improper arrangement of disposal sites can lead to soil and 
water contamination. 
OP:  
(-) Improper handling of waste from station and depot, and 
maintenance activities . will degrade environment of 
surrounding area.  
4 Soil 
contamination ✔ ✔ B- B- 
Existing soil shows high in arsenic level.  
CON: 
(-) Excavated soil at construction site s may be contaminated  
with, heavy metals  etc, and may  spread in surrounding area  
which affect the health of workers and local communities.  
 (-) Soil also can be contaminated by hazardous chemical 
materials, leaks from construction vehicles and equipment and 
construction waste. 
OP:  
(-) Improper management of solid wastes and wastewater 
generated at station and depot can contaminate soil of 
surrounding area. 
5 
Noise 
and 
vibration 
✔ ✔ A- B- 
Noise level at project area already exceed the limit. 
Pre/ CON: 
(-) Construction activities operating  heavy machines, dump 
trucks, concrete placing work, and traffic congestion may 
increase noise and vibration level and affect nearby sensitive 
receptors (i.e. residents, offices, school, hospital and religious 
facilities, as well as wildlife) in the area.  
(–) Increase in vibration and risk of building damage and 
human disturbance due to high impact work such as piling,  
(–) Use of equipment with noise and vibration intensive may 
impact health of workers.  
OP:  
(-) Increase in noise generated by operation of metro and 
station, and maintenance work s as well as increase in "
225,PDF page 225," 
Environment Impact Assessment for Delhi Metro Phase IV-2 Project 
 
 
215 J A DELHI METRO RAIL CORPORATION LTD. 
 
No Impact item 
Scoping Assessment 
Reason for evaluation Pre/ 
CON OP 
Pre/ 
CON OP 
commercial activities may impact nearby community and 
sensitive receptors. 
(-) Increase in vibration level by train operation, may cause 
Ground Borne Vibration (GBV) on building above underground 
section.  
6 Ground 
subsidence ✔ ✔ C D 
No notable ground subsidence has occurred in the past. 
CON:  
(-) There is still a possibility of occurrence of unforeseen event. 
OP:  None, during operation phase  
7 Offensive odour ✔ ✔ B- B- 
CON:  
(-) Offensive odour may be emitted due to the improper 
handling of domestic waste.  
OP:  
(-) Offensive odour may be emitted due to the improper 
handling of domestic waste. 
Natural Environment 
9 Protected  
Areas ✔ ✔ D D Pre/CON: the corridor will not go through protected areas  
OP: No impact expected by the project 
10 Ecosystem ✔ ✔ A- B+/- 
Pre:  
(-) Laying of metro line requires permission from the Forest 
Department, and relevant authorities. Noncompliance of 
consent conditions may result in legal action against the project 
proponent. 
(-) Construction activities will require removal of 15856 trees 
including some parts of deemed forest and impact flora fauna 
CON:  
(-) T heir ecosystem may be degraded through anthropogenic 
activities. N oise, vibration, light though various activities i.e., 
construction activities, vehicles operation and peripheries may 
have effects on the ecosystem. 
(-) When relocating or cutting a tree , there might be a  bird's 
nest and construction activity might disturb bird roosting sites.  
OP:  
(+) Afforestation allowing them to grow and reverting to the 
ecological value of the area within the project site. 
11 Hydrology ✔ ✔ B- B- 
The project route passes through drainage channels. Two 
stations, Indraprastha and Delhi Secretariat stations are 
underground stations and are to be located in a recognised 
flood zone. The tunnel section will use TBM and station 
construction will use the cut and cover method. 
Pre/CON: 
(-) Due to underground construction, there might be impact on 
groundwater. 
(-) Lack of construction drainage may cause local flooding. 
(-) Construction activities of underground section may impact 
groundwater flow.  
(-) In case of pier construction required within  drains, there 
may be impact to the surface water flow. 
(-) Flooding may occur during the monsoon season and extreme 
rain, and may cause damage to the constructing activi ties and 
risks safety of workers. 
OP: 
 (-) Local flooding may occur due to inadequate drainage 
channel capacity. 
 (-) Seepage in underground station may occur where water 
table is high.  
(-) The possibility of flooding in underground stations in areas 
with high groundwater levels and inflows from drains that 
might run into the underground station. 
(-) Due to extreme rain and/or floods, water might drain into 
underground structure "
226,PDF page 226," 
Environment Impact Assessment for Delhi Metro Phase IV-2 Project 
 
 
216 J A DELHI METRO RAIL CORPORATION LTD. 
 
No Impact item 
Scoping Assessment 
Reason for evaluation Pre/ 
CON OP 
Pre/ 
CON OP 
12 Geology and 
Topography ✔ ✔ B- C 
CON:  
(–) Excavation and large-scale cut and fill work of underground 
section, may induce slope collapse.  
(–) Earthquake and liquefaction could affect constructing 
structures and work schedules and put safety risks for workers 
and local resident. 
OP: Earthquake and liquefaction could impact rail facilities and 
operations, and pose safety risks to staff, users, and residents. 
Social Environment 
13 
Land 
acquisition/ 
Resettlement 
✔  D D 
Pre: There is no land acquisition involve in the project.  
OP: No additional land acquisition or resettlement is expected. 
14 Livelihood ✔ ✔ A+/- A+ 
Pre/ CON:  
(-) Due to traffic restrictions caused by construction activities, 
revenue of businesses and industries located along the 
alignment may also temporarily worsened from current levels. 
(+) The project would provide substantial direct employment 
and indirectly employed for allied activities.  
OP:  
(+) The Metro is expected to increase employment 
opportunities and improve the local economy to raise income  
and improve quality of livelihood though reduction in travel 
time and improved connections.  
15 Socially 
Vulnerable ✔ ✔ B+/- B+ 
Pre/CON:  
(-) Lack of consideration to vulnerable people and gender 
equality may lead to miss  out from opportunities reflecting 
their opinion. 
(-) It may be possible that Project might impact local business.  
The socially vulnerable group associated with these businesses 
might be impacted。 
(+) The construction work may create employment for 
vulnerable people.  
OP: 
 (+) Metro coaches are designed to provide dedicated seats for 
elderly people, women. Also, the first coach of metro is reserved 
to women particularly.  
(+) Metro operation improve access to more employment 
opportunities and other social infrastructure such as for 
education and healthcare which may benefit the poor and 
vulnerable groups. 
16 Cultural heritage ✔ ✔ C D 
There is no cultural heritage are located along the corridors. 
The nearest is Delhi Gate more than 100m away. 
CON:  
(-) There may encounter if any chance find.  
OP: There is no impact expected. 
17 Landscape ✔ ✔ B- D 
Proposed corridors are mostly along the existing road and Delhi 
Metro system in urban area where landscape character has 
been altered. Staton and railway structure will be same to the 
exiting.  
CON:  
(-) Insufficient organization of the construction site and poor 
waste handling may induce temporary nuisance to local 
communities  
OP: No further landscape and visual impacts are predicted 
during operation  
18 
Ethnic minorities 
and indigenous 
people 
✔ ✔ D D 
Pre/CON; There are no ethnic minorities or indigenous people 
in the project area according to the census. 
OP: there are no project impact expected. 
19 Water Use ✔ ✔ B- B- Delhi falls under over exploited area as per CGWB.  
Pre:  "
227,PDF page 227," 
Environment Impact Assessment for Delhi Metro Phase IV-2 Project 
 
 
217 J A DELHI METRO RAIL CORPORATION LTD. 
 
No Impact item 
Scoping Assessment 
Reason for evaluation Pre/ 
CON OP 
Pre/ 
CON OP 
(-) Lack of complying with all relevant regulations and 
obtaining necessary permits or approvals for water extraction, 
including obtaining permits from local water authorities or 
other governing bodies, and complying with any restrictions or 
guidelines related to water usage and conservation, will lead to 
legal actions. 
CON:  
(-) Extraction of ground water for construction and domestic 
activity will impact the ground water 
(-) Use of water for  construction and domestic activity will 
exceed the existing supplying capacity and impact local 
community. 
OP:  
(-) Additional water usage at depots and station buildings is 
expected, but no significant impact is expected as rainwater and 
tunnel drainage are planned to be collected and reused in 
addition to being procured through a regional water supply 
corporation. 
20 
Land use and 
local resource 
use  
✔ ✔ D C 
 Pre/CON: No land use conversion expected.  
OP: The project may increase demand for development in the 
station and areas along the project, which may have an impact 
on land use planning. 
21 
Existing utility 
and social 
infrastructure 
and services  
✔ ✔ A- B+ 
Pre/CON: 
(-) No objection Certificate (N OC) will be required from all 
concerned departments. Noncompliance of consent conditions 
may result in legal action against the project proponent. 
(-) Temporary/permanent diversions and laying of utilities will 
affect local communities for a brief span of time .  
(-) T emporary deviation of the community’s access to some 
social services (Hospitals, Schools, Religious places et c) at 
congested locations).  
OP:  
(+) Metro will improve access to some facilities ..  
22 
Misdistribution 
of benefits and 
damages 
✔ ✔ D D 
. Pre/CON: No impact is expected during operation  
OP: No impact is expected during operation.  
23 Local conflicts of 
interest ✔ ✔ D D 
Pre/CON: There is no existing conflicts in project area.  
OP: No impact is expected during operation.  
24 Children's rights ✔ ✔ B- B+ 
There are several schools located close to the project corridors.  
Pre/CON:  
(-) Temporary impacts due to air pollution and noise pollution 
may affect the nearby location such as schools. However, the 
impact will be limited to the construction phase only.  
(-) Children may be involved in traffic accident by construction 
related vehicles 
OP: No additional impact is expected during operation.  
(+) Children up to the height of 90 cm are allowed to travel free 
in metro, 
25 
Infectious 
diseases such as 
HIV/AIDS 
✔ ✔ B- D 
Pre/CON:  
(-) Health risks may occur due  to lack of sanitation facilities 
(water supply and human waste disposal) and insect vector 
disease hazards of local workers. 
OP: No additional impact is expected during operation. 
26 
working 
environment 
(work safety) 
✔ ✔ B- B- 
Pre/CON:  
(-) Labor accidents may occur due to, poor maintenance of 
vehicle and machinery, lack of PPE, etc.  
(-) The use of heavy machinery and construction materials will 
also lead to dust and noise emissions, affecting the health of 
workers and labours. "
228,PDF page 228," 
Environment Impact Assessment for Delhi Metro Phase IV-2 Project 
 
 
218 J A DELHI METRO RAIL CORPORATION LTD. 
 
No Impact item 
Scoping Assessment 
Reason for evaluation Pre/ 
CON OP 
Pre/ 
CON OP 
OP:  
(-) Accidents and injuries may occur during  metro operation 
and maintenance work due to lack of maintenance of vehicles 
and equipment, lack of training etc.  
(-) Unfairness in, job opportunities, wage, salary, and treatment 
among workers 
27  Community 
health and safety ✔ ✔ A- B+/- 
Pre/CON:  
(-) The health and safety of the nearby communities along the 
corridor may be impacted due to traffic and pollution generated 
by land clearing and construction activities  
(-) Accidents involving nearby residents could occur at 
entrances for construction site and access roads. 
OP: 
(-) Access of passenger to metro track can impact metro 
passengers and safety.  
(-) Accidents and injuries may occur during operation due to 
unforeseeable events. 
(+) Adequate security measures such as frisking, PSD etc. in 
operation improves the commuter safety.  
(+) Adequate air conditioning in train ensures customers health 
during transit. 
(+) Adequate lighting facility at the stations ensure safety。 
Others 
28 Road Safety ✔ ✔ A- B+/- 
Pre/CON:  
(-) May cause accidents due to operation of machineries and 
increase traffic. 
(-) Movement of large vehicle and i ncreased traffic  related 
construction and lack of access control to the construction site 
poses a potential risk of incidents involving construction 
workers and residents.  
OP:  
(+) The number of accidents due to the alleviation of traffic 
congestion decrease and increase safety of persons.  
 (-) Increase in traffic and the flow of people around the station 
will lead to increase the chances of a traffic incident  locally.  
29 
Transboundary 
impacts or 
climate change 
✔ ✔ B- B+/- 
CON:  
(-) Temporally Emissions of greenhouse gases is expected due 
to construction activities.  
(-) The removal of trees will disrupt the process of converting 
CO2 into oxygen. 
(+) Compensatory plantation will increase the O2 release and 
CO2 capture into atmosphere. 
(-) I ncreased frequency of extreme weather events  impacts 
such as construction delays, extra costs, worker health and 
safety, increased materials costs, and disruptions to raw 
material delivery. 
(-) Extreme weather will also affect the performance of 
construction material, paint quality, stability of lands, etc.  
OP:  
(+) A modal shift from passenger cars, buses, motorcycles, etc. 
to the metro is expected, which may contribute to the reduction 
of greenhouse gases.  
30 Traffic/ public 
access ✔ ✔ B- B+/- 
Pre/CON:  
(-) Inadequate capacity of access road (size, volume of traffic, 
route) for transportation of construction material may lead 
longer time and adverse impacts to existing traffic and 
surrounding environments. 
(-) Complete/partial traffic diversions will lead to traffic 
congestion in local area.  
OP: "
229,PDF page 229," 
Environment Impact Assessment for Delhi Metro Phase IV-2 Project 
 
 
219 J A DELHI METRO RAIL CORPORATION LTD. 
 
No Impact item 
Scoping Assessment 
Reason for evaluation Pre/ 
CON OP 
Pre/ 
CON OP 
(-) Traffic conditions are projected to be affected by the 
generation of increased feeder transportation to/from the 
railway stations  
(+) The project will streamline and facilitate safe and smooth 
movement of public from different parts of Delhi and NCR.  
  
Note: Pre: Pre-Construction Stage, CON: Construction Stage, OP: Operation Stage, 
✔: Items to be covered for impact assessment considering the project impact is predicted or Impacts are unclear 
requiring further information. 
A+/-: Significant positive/negative impact is expected,  
B+/-: Positive/negative impact is expected to some extent 
C: Extent of positive/negative impact is unknown. (A further examination is needed, and the impact could be clarified 
as the study progresses) 
D: No impact is expected 
N/A: Impact assessment is not conducted because the item was categorized as no effect in scoping phase. 
8.3. Negative Environmental Impacts  
The anticipated impacts are categorized into pre-construction phase, construction phase and 
post construction phase impacts . Environment attribute considered for the impact are Land 
Environment, Air Environment, Soil, Water Environment, Noise Environment, Biological 
Environment and Socio-Economic Environment. 
8.3.1. Pre-construction & Construction Stage 
(1) Pollutants 
a. Air Pollution 
• Excavation, demolition, and transportation of materials during metro construction 
generate significant amounts of dust, increasing the levels of particulate matter (PM10 
and PM2.5) in the air. 
• Earthworks and stockpiles of materials contribute to airborne dust, particularly 
during dry and windy conditions. 
• Heavy machinery such as bulldozers, cranes, and trucks used in construction release 
pollutants like carbon monoxide (CO), nitrogen oxides (NOx), sulphur oxides (SOx), 
and particulate matter from their diesel engines. 
Soil disturbance from digging, tunnelling, and foundation work will release naturally occurring 
particles into the air, worsening air pollution.  
b. Water Pollution 
Construction activities often lead to increased surface runoff and soil erosion, which can pollute 
nearby rivers with sediment, debris, and chemicals. Furthermore, the improper management of 
construction waste and chemicals, such as lubricants and fuels, poses a risk of contaminating 
water bodies.  
c. Waste  
The pre-construction and construction activity involves demolition, land clearing, cut and cover, 
tunnel (bored and rock),  foundation, fill and embankment. Construction and demolition waste 
will be generated. It is assumed that approx. 10% to 20% of which will be utilized for backfilling 
and rest will be recycled. Improper handling of solid waste generated through land clearing and 
construction works  and g eneral domestic waste generated from the workers campsite, which 
may cause soil air, water pollution  and harm to health of workers and community  near the 
construction sites. Improper handling of hazardous waste generated from construction activities 
will degrade surrounding environment quality as well as lead to accidents. "
230,PDF page 230," 
Environment Impact Assessment for Delhi Metro Phase IV-2 Project 
 
 
220 J A DELHI METRO RAIL CORPORATION LTD. 
 
d. Soil Contamination 
The generation of wastes during the pre -construction and construction stages are anticipated 
from the site clearing, demolition, construction, earthworks, and maintenance activities. These 
are likely to produce non -hazardous wastes (demolition wastes, clea ring and grubbing wastes, 
unsuitable soil/excess soil, waste concrete, domestic solid wastes, office wastes, bottles, cigarette 
butts, packaging wastes), and hazardous wastes (busted bulbs, batteries, used rags from 
equipment repair, cement bags, empty cans/bottles of toxic/hazardous materials such as paints, 
lube oil, lubricant, insecticides, etc.). Heavy machineries and site equipment to be used during the 
construction phase such as dump truck, excavator, crane, bulldozer, etc. may spill engine oil, 
lubricants, and hydraulic oil onto the surrounding environment, contaminating the soil and 
possibly impact groundwater.  In case of e xcavated soil at construction site s are contaminated 
with, heavy metals etc, and it may spread in surrounding area which affect the health of workers 
and local communities. 
e. Noise  
Construction noise in the community may not pose a health risk or damage to peoples hearing, 
but it can adversely affect people’s quality of life. To some degree, construction noise can be a 
contributing factor to the degradation  of someone's health  in that it  can cause people  to be 
irritated and stressed and can interrupt  their ability to sleep - all of which may lead to higher 
blood pressure, anxiety, and feelings of animosity toward the people or agencies responsible for 
producing the noise.  
Construction noise may disturb people at home, in office buildings or retail businesses, in public 
institutional buildings,  at locations  of religious services depending upon their vicinity to 
construction site. Construction noise is unwelcome during nighttime in residential areas during 
sleep; it can be equally unwelcome during the daytime in commercial areas if it interferes with 
peoples' ability to conduct business. The major sources of noise pollution during construction are 
movement of vehicles for transportation of construction material to the construction site and the 
noise generating activity at the construction site itself. The Metro construction is equipment 
intensive. Noise prediction is carried out for different combinations of construction equipment 
working simultaneously at a site with the help of construction noise model.  
Noise Level Prediction during construction 
The results of Noise prediction is presented in the below mention table: 
Table 8.2: Noise Level Prediction during construction phase  
Distan
ce (m) 
Concrete Batch Plant 
+ Concrete Mixer 
Truck (dB (A)) 
Auger Drill Rig 
+Dump 
Truck + Generator + 
Slurry Plant (dB (A)) 
Dump Truck + 
Excavator + 
Pneumatic Tools 
(dB (A)) 
Japanese 
standard 
(dB (A)) 
Lmax Leq Lmax Leq Lmax Leq 
5 92.7 87.5 94 92.5 94.9 93.3 80 
10 86.7 81.5 88 86.5 85.8 85.3 80 
15 83.1 77.9 84.5 83 82.3 81.8 80 
20 80.6 754 82 80.5 79.8 79.3 80 
25 78.7 73.5 80.1 78.6 77.9 77.4 85 
30 77.1 71.9 78.5 77 76.3 75.8 85 
35 75.8 70.6 77.1 75.6 75 74.5 85 
40 74.6 69.4 76 74.5 73.8 73.3 85 
45 73.6 68.4 75 734 72.8 72.3 85 
50 72.7 67.5 74 72.5 71.9 71.4 85 
55 71.9 66.7 73.2 71.7 71 70.5 85 
60 71.1 65.9 72.5 71 70.3 69.8 85 
65 704 65.2 71.8 70.3 69.6 69.1 85 
70 69.8 64.6 71.1 69.6 68.9 684 85 "
231,PDF page 231," 
Environment Impact Assessment for Delhi Metro Phase IV-2 Project 
 
 
221 J A DELHI METRO RAIL CORPORATION LTD. 
 
Distan
ce (m) 
Concrete Batch Plant 
+ Concrete Mixer 
Truck (dB (A)) 
Auger Drill Rig 
+Dump 
Truck + Generator + 
Slurry Plant (dB (A)) 
Dump Truck + 
Excavator + 
Pneumatic Tools 
(dB (A)) 
Japanese 
standard 
(dB (A)) 
Lmax Leq Lmax Leq Lmax Leq 
75 69.2 64 70.5 0.09 68.3 67.8 85 
80 68.6 63.4 70 68.5 67.8 67.3 85 
85 68.1 62.9 694 67.9 67.3 66.8 85 
90 67.6 62.4 68.9 67.4 66.8 66.3 85 
95 67.1 61.9 68.5 67 66.3 65.8 85 
100 66.7 61.5 68 66.5 65.8 65.3 85 
Source: “Standards for the Regulation of Noise Generated by Specific Construction Work (Ministry of Environment, Japan, 
1998) 
f. Vibration 
During metro construction, vibrations may significantly impact nearby buildings and 
infrastructure. Heavy machinery like excavators, pile drivers, and tunnel boring machines 
generate strong ground vibrations that can lead to cracks in walls, foundations, a nd roads, 
especially in older or poorly constructed buildings. These vibrations can also affect underground 
utilities, such as water and gas pipelines, causing potential leaks or damage.  
The result of estimated vibration level is given in the table below, which shows that u p to 30 m 
from the edge of ROW, there is the potential impact expected. 
Table 8.3: Vibration Level Prediction during construction phase  
Vibration Levels at Different Distances (Construction) (VdB) FTA GBV 
Criteria 
for 
Category 
2, VdB 
Equipment 
Distance 
10 m 20m 30m 40m 50m 
Pile Driver (Impact) Upper Range 109.23 103.26 99.68 97.18 95.25 100 
  typical 101.78 95.81 92.24 89.74 87.8 100 
Pile Driver (Sonic) Upper Range 102.91 96.95 93.37 90.87 88.93 100 
  typical 90.21 84.24 80.67 78.17 76.23 100 
Clam shovel drop (slurry wall)  91.71 85.74 82.16 79.67 77.73 100 
Hydromill (slurry wall) in soil 63.66 57.69 54.12 51.62 49.68 100 
  in rock 70.21 64.24 60.67 58.17 56.23 100 
Large Bulldozer   84.59 78.62 75.05 72.55 70.61 100 
Caisson drilling   84.59 78.62 75.05 72.55 70.61 100 
Loaded Truck   83.22 77.25 73.67 71.18 69.24 100 
Jackhammer   76.48 70.51 66.94 64.44 62.5 100 
Small Bulldozer   55.14 49.18 45.6 43.1 41.16 100 
Source: US FTA Transit Noise and Vibration Impact Assessment Manual (Report 0123), 2018 
g. Ground subsidence 
Any areas with risks of land subsidence will be carefully avoided based on soil investigation tests. 
No notable ground subsidence will be expected for Phase IV -2 project. The detailed survey of 
condition of buildings/houses along proposed alignment will be conducted. During construction 
monitoring of condition of buildings/houses will be conducted. 
h. Offensive Odor 
During the construction phase of metro systems, offensive odours can arise due to the improper 
handling of domestic waste and sewage generated from worker campsites. Construction sites 
often house a significant number of workers who generate waste that includes food scraps, 
organic materials, and human waste. If these materials are not managed effectively, they can lead 
to the accumulation of foul-smelling refuse and sewage, creating unpleasant odours in and around "
232,PDF page 232," 
Environment Impact Assessment for Delhi Metro Phase IV-2 Project 
 
 
222 J A DELHI METRO RAIL CORPORATION LTD. 
 
the construction site. Such odours can not only impact the working conditions for employees but 
also affect nearby residents and businesses, leading to complaints and potential health concerns. 
(2) Natural Environment  
a. Protected Area 
The proposed corridor will no t go through protected areas . Nearest  wildlife sanctuary,  Asola 
Bhati is located 2.7 km from the nearest project corridor 2 and the Okhla Bird Sanctuary is the 
closest Key Biodiversity Area, located 5.5 km from the nearest project corridor 2. 
b. Ecosystem 
During land preparation, a bout 15,856 trees are likely to be lost on alignment 1 2 & 3. which 
includes “deemed forest” . The habitat within the PROW is highly modified due to various 
anthropogenic activities  in urban setting, The Project, at any level (whether significant or 
insignificant) will not involve any conversion or degradation of any habitats important for 
endemic species and/or limitedly distributed species . While a number of conservation status 
species were observed in the project area. loss of habitat during land and site preparations prior 
to construction will result to temporary decrease in abundance , frequency and distribution of 
observed wildlife. 
Based on Critic al Habitat Assessment, t he Project does not trigger critical habitat. On the other 
hand, these trees play a crucial role in purifying the urban air by absorbing CO2 from the 
atmosphere and releasing oxygen. Unfortunately, the removal of these trees will disrupt the 
process of converting CO2 into oxygen. 
c. Hydrogeology  
Surface water  
Construction of bridge pier might disturb the drain water flow and induce local flooding. 
There are also potential risks to induce flood risk because of the project construction activities 
such as pumping of water during cut and  cover tunnel construction into local water systems . 
Introduction of hard surfaces and blockage of drainage flow by rubbish and sediment. 
Ground water flow 
Construction activities such as excavation, tunnelling, and piling can disrupt natural groundwater 
flows, potentially lowering water tables and altering the recharge of aquifers. This disruption may 
reduce water availability and affect water quality. Tunnelling through aquifers or water-bearing 
strata may cause groundwater to seep into the construction zone, requiring dewatering efforts 
that can further reduce the water table.  
d. Geology and topography  
Delhi’s varied geological landscape, ranging from alluvial plains to hard rock formations, presents 
unique challenges. In the alluvial plains, particularly in the Yamuna floodplains, the loose, water-
saturated soil requires specialized tunnelling methods, to prevent ground collapse and water 
ingress.  
Topography also significantly influences the construction process. In relatively flat areas, there is 
less risk of terrain -induced challenges, but in regions where the terrain is uneven or where 
underground structure exist, careful engineering is required. Land preparation works will involve 
vegetation clearing, flattening or grading, and excavation activities.  the loss of topsoil or the 
inducement of soil erosion is to be expected. Run off from unprotected excavated areas, can result 
in excessive soil erosion, especially when the erodibility of soil is high . Additionally, the dense 
urban fabric of Delhi means that metro construction often needs to be routed underground to "
233,PDF page 233," 
Environment Impact Assessment for Delhi Metro Phase IV-2 Project 
 
 
223 J A DELHI METRO RAIL CORPORATION LTD. 
 
minimize disruption to existing roadways and infrastructure, which increases the importance of 
topographical precision. 
(3) Social Environment 
a. Land acquisition 
There are not land acquisition or resettlement under the Project. the lands required for the 
construction of the Project is on Government land and only affects the government structures 
which are abandoned.  
b. Livelihood  
The construction operations may lead to economic disturbance and loss of livelihood for 
businesses indirectly, and temporary where their businesses operate . loss of access, temporary 
disruption or minimization of operations and loss of custome r. Such disturbance  may cause 
temporary or permanent decline in their sales or lead to eventual loss of jobs and businesses. 
c. Vulnerable Group  
The vulnerable groups and those otherwise marginalized who may living in the project area may 
have continued t he project impacts may lead to unemployment and lead them to worsen their 
health, living condition and livelihood. It may take extra time and may be more difficult for them 
to access the stakeholder engagement activities, GRM. 
d. Cultural Heritage 
During the study of the metro corridor, it became evident that cultural heritage was not observed. 
However, there is still a possibility that the project will overlap with heritage sites which are yet 
to be identified. There are some structures which may be at risk of demolition and vibration 
effects by the project activities. 
e. Landscape  
Construction activities such as temporary facilities (bunkhouses, construction offices, storage and 
stockpile areas, etc.); development of various stockpiles and excavated areas; construction 
fencing will change the landscape character of the area and the setting of some cultural features. 
f. Water uses 
The water consumption, and extraction of the project may exceed the  existing and planned 
capacity which may affect local community due to the temporary disturbance. Lack of complying 
with all relevant regulations and obtain ing necessary permits or approvals for water extraction 
and complying with any restrictions or guidelines related to water usage and conservation,  will 
lead to legal actions. 
g. Existing utility and social infrastructure 
Commercial and residential areas. The proposed Metro corridors are planned to run through the 
urban area above the ground i.e. elevated in less densely populated and underground in 
populated and sensitive areas which will cross 399 light poles, 45 electric poles, 128 main holes, 
24 single poles, 1 telephone pole and 6 HT line, 6 junction box, 3 electric main hole and 1 gas 
pipeline. During the shifting and laying of utility line activity, some areas will be impacted  by 
interruption of service supply. These utilities/ services are also essential and must be maintained 
in working order during different stages of construction by temporary/permanent diversions or 
by supporting in position. Since these also affect construction and project implementation time 
schedule/costs for which necessary planning/ action needs to be initiated in advance.  "
234,PDF page 234," 
Environment Impact Assessment for Delhi Metro Phase IV-2 Project 
 
 
224 J A DELHI METRO RAIL CORPORATION LTD. 
 
The proposed project alignments are passing along major arterial roads of the city road network, 
which are serving institutional areas. Clearing of ROW and construction activities will affect the 
local communities due to temporary disruption of the community’s access to some social services, 
longer travel time to the facilities which may especially be difficult for vulnerable groups . 
Temporary decline in quality of services due to noise and vibration disturbance, air quality 
decline due to additional construction vehicles, and possible traffic congestion  also affect local 
communities. During construction, the transport of construction materials, use of alternate routes, 
and influx of workers may lead to disruption of and competition for access to the services. 
Although here are no direct impacts  on e ducational and healthcare services, etc. those in 
proximity might have temporary impacts by air pollution, noise and vibration, and increase in 
traffic in the area. 
h. Children’s rights 
The project can have indirect but significant impacts on children’s rights, particularly in areas 
related to health, education, and safety. The presence of large construction sites near residential 
areas can expose children to increased noise, air, and dust p ollution, which can affect their 
respiratory health and overall well-being. Moreover, construction activities can disrupt access to 
schools and playgrounds, limiting children's ability to safely travel to educational institutions or 
engage in recreational activities. This can interfere with their right to educ ation and play, which 
are fundamental for their development. Construction zones also pose physical hazards, with 
heavy machinery, open trenches, and poorly fenced-off areas presenting safety risks for children 
who might accidentally wander into dangerous spaces. 
i. Infectious diseases such as HIV/AIDS 
The Project can directly/indirectly contribute to the spread of infectious diseases particularly 
through overcrowding, poor sanitation, and inadequate access to health education increase the 
risk of the spread of infectious diseases . Health risks include disease hazards due to lack of 
sanitation facilities (water supply and human waste disposal) and insect vector disease hazards 
of local workers and disease hazards to the local population.  
j. Occupational Health and Safety 
Occupational hazards are expected in all project phases, with both skilled and unskilled workers 
to be hired for the Project at risk of exposure to higher levels of stress, with labour and working 
conditions in the workplace posing possible threats to their physical and mental health conditions. 
The Project may involve mechanical hazards due to risk of injuries from operation of equipment, 
electrical hazards, pressure hazards, temperature hazards, biological hazards, radiation hazard, 
noise hazards and gravity hazards as well as accidents due to pedestrians crossing the project site 
and in handling hazardous chemicals with low -skilled workers, more prone to experience the 
occupational injuries as indicated in the baseline data 
Health risks include disease hazards due to lack of sanitation facilities (water supply and human 
waste disposal) and insect vector disease hazards of local workers and disease hazards to the 
local population.  
k. Community Health and Safety 
Community exposure may come from hazards from various environmental pathways, i.e., air, 
water which can reach the vulnerable sectors of the population.  
• The risk of being exposed to communicable and viral diseases due to the increase in 
labour force is high, especially placing vulnerable groups at a higher risk of having 
chronic health issues. "
235,PDF page 235," 
Environment Impact Assessment for Delhi Metro Phase IV-2 Project 
 
 
225 J A DELHI METRO RAIL CORPORATION LTD. 
 
• The influx of temporary workers and establishing worker’s camps and construction 
sites will also stress the capacity of treating discharges of untreated sewage which 
may pollute the water source and put these communities further at health risk. 
• The community is at risk of being exposed to higher levels of pollution caused by the 
construction activities which extend beyond the PROW, may affect the nearby 
communities, especially vulnerable groups who are at a higher risk of having chronic 
health issues if not treated appropriately. 
• the increase of construction-related traffic of vehicles and heavy machinery, handling 
of hazardous chemicals, access to construction sites, temporary diversion of access 
roads might cause construction-related accidents involving local communities near the 
project ROW, access roads, and temporary facilities. 
(4) Other  
a. Road Safety 
The operation of heavy machinery and increased traffic can lead to a heightened risk of incidents. 
The use of cranes, excavators, and other construction equipment poses significant safety concerns, 
especially in densely populated urban areas where the construction site may be near residential 
neighbourhoods.  
Construction activities often require the movement of large vehicles  and increase in traffic 
volume, which can create hazards for workers and nearby residents.  As construction vehicles 
navigate narrow streets, they can cause congestion, leading to frustrated drivers and potentially 
reckless behaviour. The lack of effective access control to construction sites further complicates 
matters, as pedestrians, including children, may inadvertently enter hazardous zones where 
machinery is operating. This not only endangers construction workers but also increa ses the 
likelihood of traffic accidents involving local residents, particularly children who may not be 
aware of the dangers posed by moving vehicles. 
b. Climate change  
Climate change has potential impacts during the project’s construction from extreme weather 
events (e.g., increase in temperature and variability in rainfall) wherein most of the physical work 
is done by people. This may pose challenges to worker health and safety conditions. Rising 
temperatures may increase the risk of heat -related illnesses and inhibit decision -making, 
increasing the likelihood of injuries, accidents, and fatalities and decreasing productivity. Higher 
temperatures are likely to increase the incidence, prevalence, and geograp hic reach of tropical 
diseases such as dengue, with consequences for workforce and community health. 
While climate change can affect the project’s construction directly through changes in rainfall, 
increased temperature, and increased frequency of extreme weather events, it can also generate 
indirect impacts such as construction delays, extra costs, worker safety, increased materials costs, 
and disruptions to raw material delivery. Changes in rainfall patterns and increased temperature 
will have impacts on specific construction activities such as concrete curing casting, and 
hardening structural damage due  to flooding  and increased usage of tower cranes and 
scaffoldings with accompanying costs 
Most materials are susceptible to water, from concrete and mortar to paint because their strength 
and workability are affected by additional water. Material with high water content and those that 
depend on hydration or evaporation may not cure properly. Moisture from the increased rainfall 
during the wet season can penetrate bricks through capillary action and wind -driven rain, 
moisture can reach the interior and condense on interior walls which could lead to moulds and 
deterioration of finishes . The p ainting works may be affected by climate change in both "
236,PDF page 236," 
Environment Impact Assessment for Delhi Metro Phase IV-2 Project 
 
 
226 J A DELHI METRO RAIL CORPORATION LTD. 
 
performance and application of surface finishes. The effects of climate change may also cause 
slope instability and damage to the building fabric. 
c. Traffic Diversions and Risk to Existing Buildings 
During construction period, complete/partial traffic diversions on road will be required, as most 
of the construction activities are on the road but most of the roads are double lane. Inadequate 
capacity of access road (size, volume of traffic, route) for transportation of construction material 
may lead longer time and adverse impacts to existing traffic and surrounding environment. 
8.3.2. Project Operation  
(1) Pollutants  
a. Air Pollution 
While the metro itself is electrically powered and does not produce direct emissions, the 
electricity it uses, particularly when sourced from coal -based power plants, can indirectly 
contribute to air pollution through regular maintenance of metro systems, including track work 
and station repairs, may still involve some level of pollutant release, such as dust from grinding 
or welding. Also, when older buildings are demolished, harmful substances can be released into 
the atmosphere, posing health risks. 
b. Water Pollution 
Untreated wastewater and effluent water generated from maintenance works from corridors, 
stations and depots can significantly degrade water quality if not properly managed. Wastewater 
from these facilities often contains organic waste, chemical detergents, oils, and solvents, which, 
if discharged untreated, can contaminate surface and groundwater sources. Organic pollutants in 
the water can introduce harmful pathogens, while chemical contaminants make the water toxic 
for both aquatic life and human consumption. The lack of effective wastewater treatment facilities 
can worsen the problem, leading to long -term environmental damage and posing public health 
risks to nearby communities. 
In addition, maintenance activities along metro corridors and depots involve the use of hazardous 
materials like oils, lubricants, and chemicals that, if leaked, can further pollute water sources. 
These chemicals can seep into the soil and groundwater, causing contamination that is difficult to 
reverse. Runoff from maintenance yards and depots, especially during rain, can carry these 
pollutants into local drains, degrading water quality and affecting ecosystems. Without proper 
management, chemical leaks and untreated effluents can result in severe environmental 
consequences. 
c. Waste  
The primary types of waste generated include solid waste from passengers, maintenance waste, 
and hazardous waste from operational activities. Solid waste, such as plastics, food packaging, 
and paper, accumulates in stations and trains. If not managed prope rly, this waste can lead to 
littering, contribute to urban pollution, and adversely affect local communities.  
Additionally, hazardous waste generated during maintenance activities, including oils, lubricants, 
cleaning agents, and chemicals, poses a risk if not handled correctly. Leakage or improper 
disposal can lead to soil and water contamination, impacting local ecosystems and human health.  
d. Soil Contamination 
Improper management of solid waste generated at stations can further exacerbate soil 
contamination. When waste materials, including plastics, food waste, and hazardous substances, 
are not properly disposed of, they can accumulate and leach harmful pollutants into the soil. This 
not only affects the immediate environment but also poses long -term risks to groundwater "
237,PDF page 237," 
Environment Impact Assessment for Delhi Metro Phase IV-2 Project 
 
 
227 J A DELHI METRO RAIL CORPORATION LTD. 
 
resources and local ecosystems, making effective management of both chemical leaks and solid 
waste crucial for minimizing soil contamination during metro operations 
e. Noise  
Trains produce noise from wheels on tracks, which can be particularly loud during acceleration 
and braking. This operational noise can affect nearby residents, leading to disturbances and 
potential health issues, such as increased stress levels and sleep disturbances. Additionally, noise 
generated by ventilation systems and equipment at metro stations can contribute to the overall 
sound levels in the vicinity. The presence of large crowds in stations and the activities of vendors 
can also add to the ambient noise. 
f. Vibration 
During metro operation there will be vibration impact. It is presumed that underground metro 
operation may cause Ground Borne Vibration (GBV) on building above the tunnel. The sources of 
the vibration induced by the metro trains are mainly the rolling stock, track and the interaction 
between them. The vibration of the transit structure excites the adjacent ground, creating 
vibration waves that propagate through the various soil and rock strata to the foundatio ns of 
nearby buildings.  
Primarily effect of ground borne vibration will be rattling of windowpanes and rumble noise 
which cause annoyance to the occupants. However, it is not expected to cause any structural 
damage to the building as such. As per International guidelines, humans start perceiving vibration 
from 65 VdB and it becomes an annoyance from 72  VdB. As per the guidelines of Research and 
Development Organisation (RDSO), 2015, GBV impact level shall be 72 VdB for residences and 
buildings where people normally sleep. If proper precaution is not taken to address this issue, it 
could cause severe discomfort to the occupants as well affect the working of sensitive equipment  
g. Offensive Odor  
Offensive odours can be a significant issue during the operation phase of metro systems, primarily 
due to the improper handling of domestic waste and sewage generated at stations and depot sites. 
When solid waste, food waste, and sewage are not managed effectively, they c an lead to the 
accumulation of organic matter, which, when decomposed, emits unpleasant smells. This can be 
particularly problematic in and around metro stations, where large volumes of waste are 
produced daily by passengers and staff. 
Inadequate waste segregation, delayed waste collection, and ineffective sewage treatment 
processes can exacerbate the situation, resulting in foul odours that affect the comfort of 
commuters and nearby residents.  
(2) Natural Environment  
a. Ecosystem  
During the operation phase, no vegetation removal and clearing are expected so there would be 
no threat to the existence and/or loss of important local flora species. Afforestation will allow to 
grow thereby reverting the area to ecological value. 
Increase in noise, vibration, illumination, and vehicular movement in station area and alignment 
can disrupt animal activities. However, the wildlife population in the project area  have likely 
habituated to this presence of various types of anthropogenic activities. Thus, the impact is 
expected to be low  and w ildlife that avoided the area during the pre -construction and 
construction phases will slowly return and utilize the green space that has regenerated. 
b. Hydrogeology  "
238,PDF page 238," 
Environment Impact Assessment for Delhi Metro Phase IV-2 Project 
 
 
228 J A DELHI METRO RAIL CORPORATION LTD. 
 
Drainage flow could be obstructed due to inadequate drainage channel capacity leading to local 
flooding. There is risk of s eepage in underground section including station where water table is 
high. Extreme rain / flooding may lead to water flow into the underground structures. 
c. Geology and topography  
Geological factors such as earthquakes and liquefaction present significant risks to the safety and 
operational integrity of metro rail facilities. In earthquake-prone regions, seismic activity can lead 
to ground shaking, which may damage tracks, stations, and other infrastructure. The potential for 
liquefaction, where saturated soil temporarily loses its strength and behaves like a liquid during 
seismic events, further complicates these risks. 
(3) Social Environment 
a. Vulnerable Group  
Due to difficulties in promoting their use of railway through lack of consideration for the 
vulnerable in planning the station design and in providing access to the station and ensuring 
affordability of services, including threats of worsening environmental  conditions such as 
increased emission of air pollutants, re-routing of access routes to social infrastructure facilities, 
and the influx of workers. The poor, vulnerable groups, and the marginalized may not avail full 
benefit and opportunities from the Project. 
b. Water uses 
Additional water usage at depots and station buildings is expected, but no significant impact is 
expected as rainwater and tunnel drainage are planned to be collected and reused in addition to 
being procured through a regional water supply corporation.  
c. Occupational Health and Safety  
Improper working conditions and environments such as poorly maintained facilities, machinery, 
equipment, and extreme heat and rain will put workers under the risk of physical hazards 
associated with the work. 
d. Community Health and Safety  
Consideration of the health and safety of railway operation suggests that without due 
consideration for train users and local communities’ items such as limited light around stations, 
uncontrolled access and crossing, protection from during extreme rain an d sun, collisions of 
trains, fire in rolling stock, insufficient maintenance and management of railway facilities might 
increase the risk of safety for users and community members.  The increase in traffic around the 
station may also increase traffic accidents involving local communities. 
(4) Other  
a. Road Safety 
The increase in traffic and the flow of people around the station will lead to increase the chances 
of a traffic incidents locally. 
b. Climate Change 
The threat to the project’s railway network is due to the projected temperature increases and the 
susceptibility of tracks to damage during periods of elevated temperatures that may exceed the 
operating conditions. Specifically, the steel tracks are designed to operate in a range that is based 
on the temperature in which it is originally laid, known as the Design Neutral Temperature.  "
239,PDF page 239," 
Environment Impact Assessment for Delhi Metro Phase IV-2 Project 
 
 
229 J A DELHI METRO RAIL CORPORATION LTD. 
 
The frequency and magnitude of extreme heat conditions is projected to increase which increases 
the risk of failures due to track expansion.  When this temperature is exceeded, the ability of the 
steel rails to support normal rail traffic begins to reduce. At extreme heat conditions, the 
continuously welded rail tracks that make up the Project’s rail system may expand past their 
buckle limit. Currently, the accepted practice for addressing these heat events is to reduce the 
traffic on the affected areas by r educing the speed of the trains, or in extreme events, stopping 
traffic completely for a period of time. The intent of these practices is to reduce the stress on the 
weakened tracks during the highest temperature points during the day. These practices could 
cause delays in rail traffic as trains are forced to reduce speed or wait until temperatures return 
to a normal operating level. 
Climate change may cause damage to infrastructure and disturbance to the operations. More 
frequent and intense natural disasters may damage infrastructure and equipment which in turn 
may disrupt operations. Warmer and drier conditions may cause wildfires t hat threaten project 
facilities. Flooding from increased rainfall may interrupt project operations and necessitate 
additional controls for safety. Rising temperatures may increase energy demand to cool the trains, 
offices, and stations, increasing the cost of operations. 
Water scarcity and warmer temperatures may put stress on environmental mitigation measures. 
Risks of heavier rainfall may include equipment and facility failure, accompanying remediation 
costs, increases in environmental liability, impacts on community hea lth and safety, and 
significant potential for reputational damage. The project may require additional protection 
measures to ensure efficiency of facilities. Environmental liability costs may increase, and 
monitoring responsibilities may be extended to ensure effectiveness of the mitigation measures. 
c. Traffic/Public Access 
The railway line development, traffic conditions are projected to be affected by the generation 
of increased feeder transportation to/from the railway stations and the modal shift from 
existing public and private modes to rail, especially among those living in the catchment area of 
the stations. 
8.4. Positive Environmental Impacts during operation phase  
Based on project particulars and existing environmental conditions, potential impacts that are 
likely to result from the proposed DMRC development have been identified and wherever 
possible these have been quantified.  
8.4.1. During Construction 
(1) Employment Opportunities 
The civil works of the project is likely to be completed in a period of 4 years. During this period 
manpower will be needed for various  project activities. In post-construction phase, people will 
be employed  for operation  and maintenance  of the system. Thus, the project  would provide  
substantial direct employment equal to the above number. In  addition to these, more people 
would be indirectly employed for allied activities. 
8.4.2. During Operation 
(1) Pollution  
a. Less Air Pollution 
The operation of the DMRC has had a largely positive impact on reducing air pollution in Delhi. 
By offering a reliable and efficient public transportation system, the DMRC has significantly 
reduced the number of private vehicles on the road, leading to low er emissions of harmful 
pollutants such as carbon dioxide (CO₂), nitrogen oxides (NOx), and particulate matter (PM). In "
240,PDF page 240," 
Environment Impact Assessment for Delhi Metro Phase IV-2 Project 
 
 
230 J A DELHI METRO RAIL CORPORATION LTD. 
 
addition to the above pollution, un -burnt products like aldehydes, formaldehydes, acrolein, 
acetaldehyde and smoke are by products of vehicular emissions. 
(2) Natural Environment 
a. Ecosystem 
Afforestation will allow to grow thereby reverting the area to ecological value in planted area. 
(3) Social Environment 
a. Benefits to Economy 
In the present context, the project will streamline and facilitate movement of public from different 
parts of Delhi and NCR. This link will yield tangible and non -tangible savings due to equivalent 
reduction in road traffic and certain socio -economic benef its. Introduction of this metro will 
result in the reduction in number of buses, usage of private vehicles. This in turn will result in 
significant social benefits due to reduction in fuel consumption, vehicle operating cost and travel 
time of passengers.  
b. Vulnerable Group  
The Project will improve access to more employment opportunities and provide social 
infrastructure such as for education and healthcare which may benefit the poor and vulnerable 
groups.  
c. Existing social infrastructure 
The introduction of a metro system significantly enhances access to existing social infrastructure, 
offering a range of benefits for communities. By connecting residential areas to key facilities such 
as hospitals, schools, parks, and commercial centres, the metro provides a reliable and efficient 
mode of transportation that reduces travel time and congestion. This improved accessibility can 
lead to increased usage of social services and amenities, fostering greater community engagement 
and economic activity. 
(4) Others 
a. Road Safety 
The introduction of a metro system can significantly alleviate traffic congestion in urban areas, 
leading to a reduction in the overall number of traffic accidents.  By providing a reliable and 
efficient alternative to road transportation, metros encourage commuters to shift from cars and 
buses to trains. This shift can ease road congestion, thereby decreasing the likelihood of collisions 
and improving the overall safe ty of road users, including pedestrians and cyclists. With fewer 
vehicles on the road, the risk s associated with traffic accidents are minimized, contributing to 
safer urban environments. 
b. Climate Change  
On implementation of the project, consumption of petrol, diesel and CNG will get reduced  and 
contribute reduction of GHG emission.  
The estimated numbers of vehicles trips that will be reduced due to construction 3 corridors of 
Delhi Metro Phase IV Part A are given in Table 8.4. Based on number of vehicle trips reduction, 
reduction in fuel consumption is reported in Table 8.5. It is estimated that about 3 5.683 million 
litres of diesel, 17.790 million litres of petrol and 24.203 million kg of CNG gas will be reduced in 
in year 2041. Net saving on fuel expenditure at current price level is given in Table 8.6.  
 "
241,PDF page 241," 
Environment Impact Assessment for Delhi Metro Phase IV-2 Project 
 
 
231 J A DELHI METRO RAIL CORPORATION LTD. 
 
Table 8.4: Reduction in Vehicle Trips 
 
Mode 2031 2041 
Bus 18,661 23,248 
Car 77,415 96,446 
2W 177,409 221,021 
Auto 14,192 17,681 
Total 287,677 358,396 
 
Table 8.5: Reduction in Fuel Consumption 
 
Year Petrol (Million litres) CNG (Million Kg) 
2021 10.912 14.846 
2031 14.280 19.428 
2041 17.790 24.203 
 
Table 8.6: Net Saving on Fuel Expenditure (Rs Million) 
 
Fuel 2031 2041 
Diesel 253.067 315.278 
Petrol 1,044.722 1,301.545 
CNG 349.701 435.662 
Total 1,647.490 2,052.486 
c. Public /Traffic Access 
With the implementation corridor travel time of passengers travelling by other modes of vehicles 
in the absence of Metro will go reduced. Also, implementation of the metro will provide improved 
safety and lower number of accidents, injuries and accidental deaths. The reduced vehicles on 
road in turn will reduce accidents and increase safety of persons.  
 
 
***** "
242,PDF page 242," 
Environment Impact Assessment for Delhi Metro Phase IV-2 Project 
 
 
232 J A DELHI METRO RAIL CORPORATION LTD. 
 
CHAPTER 9. ENVIRONMENTAL MANAGEMENT PLAN  
The proposed DMRC corridors will provide employment opportunity, quick mobility service and 
safety, traffic  congestion reduction, less fuel consumption and air pollution on one hand and 
problems of muck disposal, traffic diversion, utility dislocation etc. on the other hand. Protection, 
preservation and conservation of environment have always been a primary consideration in 
Indian ethos, culture and traditions. Management of Environment by provision of necessary 
safeguards in planning of the project itself can lead to reduction of adverse impacts due to a 
project. This chapter , therefore, spells out the set of measures to be taken during project 
construction and operation to mitigate or bring down the adverse environmental  impacts to 
acceptable levels based on the proposed Environmental Management Plan (EMP). 
The most reliable way to ensure that the plan will be integrated into the overall project planning 
and implementation is to establish the plan as a component of the project. This will ensure that it 
receives funding and supervision along with the other inv estment components. For optimal 
integration of EMP into the project, there should be investment links for: 
• Funding 
• Management and training 
• Monitoring 
The purpose of the first link is to ensure that proposed actions are adequately financed.  The 
second link helps in embedding training, technical assistance, staffing and other institutional 
strengthening items in the mitigation measures to implement the overall management plan. The 
third link provides a critical path for implementation and enab les sponsors and the funding 
agency to evaluate the success of mitigation measures as part of project supervision, and to 
improve future projects. This chapter has been divided into three sections: 
• Mitigation measures 
• Disaster management 
• Emergency measures 
The proposed mitigation measures and Environmental Management Pla n have been prepared 
and discussed in subsequent sections. 
9.1. Mitigation Measures 
9.1.1.  Pre-Construction and Construction Phase  
(1) Pollution Control 
a. Air Pollution  
During the construction period, the impact  on air quality will be mainly due to increase in 
Particulate Matter (PM) along haul roads and emission from vehicles and construction machinery. 
Mitigation measures which shall be adopted to reduce the air pollution are presented below: 
• The Contractor shall conduct frequent checks to ensure adherence to consent 
conditions. Provide comprehensive training to project staff on environmental 
regulations, consent conditions, and best practices for compliance  
• The Contractor shall take all necessary precautions to minimize dust emissions from 
operations involving excavation and clearing of land and disposal of waste. He shall not "
243,PDF page 243," 
Environment Impact Assessment for Delhi Metro Phase IV-2 Project 
 
 
233 J A DELHI METRO RAIL CORPORATION LTD. 
 
allow emissions of fugitive dust from any transport, handling, construction or storage 
activity to remain visible in atmosphere beyond the property line of emission source. 
• Contractor’s transport vehicles and other equipment shall conform to emission 
standards fixed by Statutory Agencies of Government of India or the State Government 
from time  to time. The Contractor shall  carry out  periodical checks and undertake 
remedial measures including replacement, if required, so as to operate within 
permissible norms. 
• The Contractor shall cover loads of dust generating materials like debris and soil being 
transported from construction sites. 
• The Contractor shall place material in a manner that will minimize dust production. 
Material shall be minimized each day and wetted, to minimize dust production. 
• The Contractor will make water sprinklers, water supply and water delivering 
equipment available at any time that it is required for dust control use.  
• The Contractor shall provide a wash pit or a wheel washing and/or vehicle cleaning 
facility at the exits from work sites such as construction depots and batching plants. At 
such facility, high - pressure water jets will be directed at the wheels of vehicles to 
remove all spoil and dirt. 
b. Water Pollution Control 
The sewerage disposal systems should be adopted for sewage disposal. contractor should 
prepare a sewerage management plan before start of construction. As well as dewatering 
management plan should also be prepared to remove the water from tunnel.  
c. Waste  
Construction and Demolition Waste 
The construction and demolition waste can be managed by the following ways; 
• Construction & Demolition (C&D) waste shall be stored at a designated area. 
• The contractor shall be responsible for collection, segregation and storage of 
construction and demolition waste, as directed or notified by the concerned local 
authority in consonance with the Construction & Demolition Waste Management Rules, 
2016. 
• The contractor shall ensure that other waste does not get mixed with this waste and is 
stored and disposed separately. 
• The contractor shall dispose C&D waste only at authorized processing facilities and  
ensure that there is no littering or deposition of construction and demolition waste so 
as to prevent obstruction to the traffic or the public or drains. 
• The requirement of concrete/RCC/PCC waste disposal, generated from the entire 
contract shall be either when 15 Tonnes of C&D waste has been generated or such 
C&D waste has been stored for 15 days (irrespective of quantity), of the two 
whichever is earlier. 
Muck Disposal 
Muck shall be collected from the construction sites, then transferred to disposal sites.  
Disposal of excess soil will be permitted in low lying areas owned by land owning agencies. The  
excess excavated soil will be reused at another site in consultation with DDA/other "
244,PDF page 244," 
Environment Impact Assessment for Delhi Metro Phase IV-2 Project 
 
 
234 J A DELHI METRO RAIL CORPORATION LTD. 
 
authority/agency. The excess soil disposal site will be those identified by land owning agency and 
communicated to DMRC . The transfer and disposal of surplus soil may create air pollution and 
leached water problem. To mitigate these problems following mitigation measure are proposed 
to be adopted: 
• The height from which soil will be dropped shall be minimum practical height to limit 
the dust generation. 
• The stockpiling of earth in the designated locations with suitable slopes. 
• During dry weather, dust control methods such as water sprinkling will be used daily 
especially on windy, dry day to prevent any dust from blowing. 
• The muck shall be filled in the dumping site in layers and compacted mechanically. 
• Dumping sites on sloping ground shall be protected adequately against any possible 
slide/slope failure through engineering measures. 
Hazardous Waste Management  
Hazardous waste would mainly arise from the maintenance of equipment which may include used 
engine oils, etc. To mitigate  hazardous risks  following mitigation measure are proposed to be 
adopted: 
• Classification of waste as hazardous shall be in accordance with the Hazardous and 
Other Wastes (Management, Handling & Trans-boundary movement) Rules 2016. The 
contractor shall identify the nature and quantity of hazardous waste generated as a 
result of his activities and shall file an Application for obtaining authorization in “Form 
I” with Delhi Pollution Control Committee along with a map showing the location of 
storage area.  
• Outside the storage area, the contractor shall place a ‘display board’, which will display 
quantity and nature of hazardous waste on date. Hazardous Waste needs to be stored 
in a secure place. 
• It shall be the responsibility of the contractor to ensure that hazardous wastes are 
stored, based on the composition in a manner suitable for handling storage and 
transport.  
• The labelling and packaging is required to be easily visible and be able to withstand 
physical conditions and climatic factors. The storage of hazardous waste should not 
exceed 90 days, and the contractor shall maintain a record of sale, transfer, storage of 
such waste and make these records available for inspection.  
• The contractor shall approach only Authorized Recyclers for disposal of Hazardous 
Waste, under intimation to the DMRC. Used lubricants should be collected and stored 
in individual containers which are fully labelled in English and Hindi and stored in a 
designated secure place. These wastes should be sent to authorized re-cyclers, and the 
empty drums collected by appropriated companies for reuse or refill.  
• The environmentally hazardous waste shall be stored in an impermeable surface with 
containment bounding to retain leaks, spills and ruptures. 
d. Water Supply, Sanitation and Solid Waste Management and Odour 
The public health facilities, such as water supply, sanitation and toilets are much needed at the 
stations. The collection and safe disposal of human wastes is among the most important problems 
of environmental health. The water carried sewerage solves the excreta disposal problems. The 
sewerage disposal systems should be adopted for sewage disposal.  "
245,PDF page 245," 
Environment Impact Assessment for Delhi Metro Phase IV-2 Project 
 
 
235 J A DELHI METRO RAIL CORPORATION LTD. 
 
The waste generated from stations is primarily solid waste comprising paper and plastic from 
eatables consumed by commuters. The waste shall be collected in bins marked for two types- bio-
degradable and others.  
During construction wastewater (e.g. wash water) from the concrete batching plant and Casting 
yard will be collected into a sedimentation tank, and the treated water will be reused on site (e.g. 
water sprinkling), No discharge will be allowed.  
• Recycle of water consumed in wheel washing. 
• Recharge of discarded water from RO plant should be explored wherever practically 
feasible. 
• Water from dewatering will also be used for ground water re- charge. 
e. Soil Contamination  
• Conduct comprehensive soil testing before construction to identify existing 
contaminants and the baseline soil condition. Test for heavy metals, hydrocarbons, 
chemicals, and organic pollutants. 
• Plan the layout of the construction site to minimize soil disturbance, reducing the risk 
of spreading contamination. 
• Ensure that all waste generated during construction, including hazardous materials, is 
disposed of in accordance with environmental regulations. 
• In areas where soil contamination is detected, develop a remediation plan using 
appropriate techniques. 
• Conduct frequent inspections of the construction site to ensure that soil contamination 
prevention measures are being followed. 
f. Noise Control Measures 
There will be an increase in noise level in the ambient environment due to construction and 
operation of the Metro corridors. However, noise levels in the core city are expected to go down  
during operation. The increase  in noise levels is marginal; hence local  population will not  be 
adversely affected. However, the exposure of workers to high noise levels especially, near the 
engine, vent shaft etc. need to be minimized. This could be achieved by: 
• Job rotation 
• Automation 
• Construction of permanent and temporary noise barriers 
• Use of hydraulic tools instead of pneumatic tools 
• Acoustic enclosures should be provided for individual noise generating construction 
equipment like DG sets 
• Scheduling truck loading, unloading and hauling operation 
• Scheduling work to avoid simultaneous activities that generates high noise levels 
Control of noise at source: 
There will be three steps to the protection of workers from noise, using technical  and 
organization measures: 
• Control the noise at source 
• Collective measures, including work organization 
• Personal hearing protection 
Control of noise at source:  
Such control measures will include: "
246,PDF page 246," 
Environment Impact Assessment for Delhi Metro Phase IV-2 Project 
 
 
236 J A DELHI METRO RAIL CORPORATION LTD. 
 
• Using a machine with lower noise emissions 
• Avoidance of metal-on-metal impacts 
• Damping to reduce noise or isolating vibrating parts 
• Carrying out preventive maintenance: as parts become worn, noise levels can change 
Collective control measures: 
 Actions should be taken to reduce the exposure to  noise of all those who  may be exposed, in 
addition to the steps above. On sites with more than one contractor, liaison between employers 
is essential. Collective measures will include: 
• Isolating noisy procedures and restricting access to noisy areas 
• Using absorptive materials to reduce reflected sound 
• Planning to have noisy work done when as few workers will be exposed as possible 
• Implementing work schedules that control exposure to noise 
Personal hearing protection:  
Personal hearing protection should be used as a last resort. 
• The personal hearing protection must be worn and its use enforced. 
• It should be suitable for the job, type and level of noise, and compatible with other 
protective equipment. 
• Workers should have a choice of suitable hearing protection, so that they can find the 
most comfortable. 
• Training should be given on how to use, store, and maintain the hearing protection. 
g. Vibration Control Measures 
Vibration during the construction of a metro system can occur due to activities such as excavation, 
drilling, piling, and the movement of heavy machinery. These vibrations can impact nearby 
structures, potentially causing minor cracks or settlement, and may disturb occupants of adjacent 
buildings. The vibration levels depend on factors like soil conditions, the distance to nearby 
structures, and the type of equipment used. 
To minimize these effects, it is essential to employ vibration control measures. This includes using 
less intrusive construction methods, such as bored piling instead of driven piling, and applying 
vibration-dampening techniques like isolating equipment fr om the ground. Continuous 
monitoring of vibration levels during construction helps ensure they remain within safe limits. In 
particularly sensitive areas, pre -construction surveys should be conducted to assess the 
condition of nearby buildings, and protective measures, such as temporary supports or bracing, 
can be implemented if necessary. Proper planning and communication with the affected 
community are also crucial to mitigate the impact of construction-related vibrations 
(2) Natural Environment 
a. Ecosystem 
Tree removal and Compensatory Afforestation 
According to the results of the present study, it is found that about 15,856 trees are likely to be 
lost due to the project construction.  
• As per the provision of the Delhi Preservation of Trees Act, 1994 and Government 
guidelines (Feb 2010), 10 tree saplings are to be planted for every tree felled. Hence 
15,856 trees need to be planted. "
247,PDF page 247," 
Environment Impact Assessment for Delhi Metro Phase IV-2 Project 
 
 
237 J A DELHI METRO RAIL CORPORATION LTD. 
 
• The objective of the afforestation programme should be to develop natural areas in 
which ecological functions could be maintained on a sustainable basis.  
• The finalization of the plantation program will involve consultation with the Forest 
Department, and the project proponent will provide the necessary funds for 
compensatory afforestation in accordance with government policy.  
• The development of greenery and the maintenance of the carbon-oxygen balance in 
the area will be guaranteed through the implementation of roadside plantations. 
Additionally, these plantations will enhance the regional biodiversity, particularly the 
diversity of bird species.  
Biodiversity Mitigation measures  
In addition to species -specific conservation efforts, it is imperative to implement the following 
precautionary measures to safeguard the bird population: 
• The proposed metro corridors and metro stations will be accompanied by a tree 
plantation as far as practical given the space constraints; such plantation will serve 
multiple purposes. Not only will it enhance the area's visual appeal and micro-climate, 
but it will also facilitate water recharging. Additionally, the plantation will act as a 
natural barrier, effectively mitigating air and noise pollution. 
• Borewells for water are strictly prohibited in or near parks, gardens, and city forests at 
all times. The DMRC will provide water from surface sources for construction and 
other needs. 
• The tree individuals that are not being cut or replaced will be safeguarded with metal 
or brick tree-guards and will be maintained throughout the construction process. 
• During the night-time, it is advisable to refrain from engaging in activities that produce 
excessive noise. In case it becomes necessary, the installation of noise barriers could 
be considered while carrying out operations in areas that traverse parks, gardens, or 
city forests. 
• Adequate care shall be given by the contractor to checking that there are no significant 
species nesting in the trees which are getting transplanted. 
b. Hydrology 
Conduct of hydro geological study 
Due to underground tunnel construction and bridge pier construction, there might be impact on 
groundwater and drainage water flow. However, as a precautionary measure, detailed 
hydrological investigation will be undertaken prior to the construction to locate the ground water 
aquifer falling in the alignment of metro tunnel, and to safeguard the ground water flow wherever 
feasible. Extraction of ground water is necessary to build underground stations. This water 
should be used for simultaneous recharge. De -watering is going to impact ground water. A 
comprehensive impact study will be taken before starting de -watering. As a precautionary 
measure DMRC will take conservation norms.  DMRC w ill obtain Floodplain Management 
Approval from Flood Control Department, approval from the Delhi Development Authority (DDA). 
Draining of Water from Tunnel 
Problems of water flow associated with tunnelling are bound to take place where water table is 
low. In cut and cover type construction continuous pumping is an economical alternative. 
A suitable piezometer is installed to monitor the water table constantly and to see how much 
lowering has been effectively done. The dewatering should not be stopped unless it is ensured 
from design calculations that the load of the constructed box compone nt has reached a stage 
where it will be able to counter act the hydrostatic pressure from below. 
The dewatering can be achieved by: "
248,PDF page 248," 
Environment Impact Assessment for Delhi Metro Phase IV-2 Project 
 
 
238 J A DELHI METRO RAIL CORPORATION LTD. 
 
• The construction of diaphragm walls of concrete along the side of channels, before the 
commencement of excavation will be required.  
• During operation phase, seepage water has to be drained along the side of walls 
(retaining). Proper drainage system needs to be incorporated in design and 
implemented during construction phase. 
• The pumped water from sump wells will be put into storm water drain to avoid any 
load to wastewater treatment plants. These storm water drains finally join natural 
existing streams/nallahs. 
Flood control measures 
Reduce the number of bridge piers to be installed in  drains and adoption of a bridge pier cone 
design.  
DMRC will add flood control walls to prevent flood water entering the cut and cover stations 
construction site and also ensure desilting of drains in the vicinity prior to monsoon season so 
that the draining of surface water is not impeded during flood. 
c. Soil Erosion Control 
Temporary erosion/sedimentation and pollution control measures will be used to control the 
phenomenon of erosion, sedimentation  and pollution  that may develop during normal 
construction practices but  may neither be foreseen during design stage nor associated with 
permanent control  features on the Project.  Under no  conditions shall a large  surface area of 
credible earth material be exposed at one time  by clearing and grubbing or excavation without 
prior approval of the DMRC. 
The DMRC may limit the area of excavation,  borrow and embankment operations  in progress, 
commensurate with the Contractor's capability and progress in keeping the finish grading, 
mulching, seeding and other such permanent erosion, sedimentation and pollution control 
measures, in accordance with the accepted schedule. 
(3) Social Environment 
a. Land Acquisition 
The land required for the construction of proposed Metro Stations is on Government land and no 
private land and structure will be affected by the project. The government structures and Land 
acquired for the project includes Central Government CPWD quarters, DDA Land, MCD Parks, 
Railway quarters, area of Indraprastha Power Generation Company Ltd., Delhi.  
b. Livelihood  
DMRC will hold consultations with local communities to ensure that concerns of those affected 
are considered and addressed, with emphasis on ensuring they derive benefits and opportunities 
from the Project. Furthermore, the GRM will serve as a venue for local communities to relay their 
concerns to ensure that their issues. 
c. Vulnerable group 
• Prioritize the use of local materials and contractors to stimulate the local economy and 
create job opportunities for vulnerable residents. 
• Hold consultations with local communities including the vulnerable and marginalized 
groups including women, elderly, poor, single parents, the physically and socially 
disabled to ensure that concerns of those affected are considered and addressed, with 
emphasis on ensuring they derive benefits and opportunities from the Project. "
249,PDF page 249," 
Environment Impact Assessment for Delhi Metro Phase IV-2 Project 
 
 
239 J A DELHI METRO RAIL CORPORATION LTD. 
 
Furthermore, the GRM will serve as a venue for local communities to relay their 
concerns to ensure that their issues are addressed. 
d. Archaeological and Historical Preservation 
If any ASI protected monument is encountered, DMRC will undertake process of obtaining 
clearance as per applicable legislation from statutory authority prior to the initiation of 
construction. 
e. Landscape / Environmental Sanitation 
Environmental sanitation also referred to as Housekeeping, is the act of keeping the working 
environment cleared of all unnecessary waste, thereby providing a first line of defence against 
accidents and injuries. Contractor shall understand and accept that improper environmental 
sanitation is the primary hazard in any construction site and ensure that a high degree of 
environmental sanitation is always maintained. Environmental sanitation is the responsibility of 
all site personnel, and line management commitment shall be demonstrated by the continued 
efforts of supervising staff towards this activity. 
General environmental sanitation shall be carried out by the contractor and ensured at all times 
at Work Site, Batching Plant, Stores, Offices and toilets/urinals. Towards this the Contractor shall 
constitute a special group of environmental sanitation per sonnel. This group shall ensure daily 
cleaning at work sites and surrounding areas and maintain a register as per the approved format 
by the DMRC. 
Team of environmental sanitation squad shall carry out: 
• All surplus earth and debris shall be removed/disposed of from the working areas to 
officially designated dumpsites. Trucks carrying sand, earth and any pulverized 
materials etc. shall be covered while moving in order to avoid dust or odour impact. 
• No parking of trucks/trolleys, cranes and trailers etc. shall be allowed on roads, which 
may obstruct the traffic movement. 
• Roads shall be kept clear and materials like pipes, steel, sand boulders, concrete, chips 
and brick etc. This material shall not be allowed on the roads to obstruct free 
movement of road traffic. 
• Water logging or bentonite spillage on roads shall not be allowed. 
• Proper and safe stacking of material are of paramount importance at yards, stores and 
such locations where material would be unloaded for future use. The storage area shall 
be well laid out with easy access and material stored / stacked in an orderly and safe 
manner. 
• Flammable chemicals/compressed gas cylinders shall be safely stored. 
• Unused/surplus cables, steel items and steel scrap lying scattered at different places 
within the working areas shall be removed to identify locations. 
• All wooden scrap, empty wooden cable drums and other combustible packing 
materials, shall be removed from workplace to identified locations. 
• Empty cement bags and other packaging material shall be properly stacked and 
removed. 
• The Contractor shall ensure that all his sub-contractors maintain the site reasonably 
clean through provisions related to environmental sanitation (housekeeping). 
f. Water Use  
• All relevant regulations and obtaining necessary permits or approvals for water 
extraction, including obtaining permits from local water authorities or other "
250,PDF page 250," 
Environment Impact Assessment for Delhi Metro Phase IV-2 Project 
 
 
240 J A DELHI METRO RAIL CORPORATION LTD. 
 
governing bodies, and complying with any restrictions or guidelines related to water 
usage and conservation.  
• Central Ground Water Authority had declared whole of South and South-West districts 
of NCT Delhi as “Notified Areas” in August 2000 and imposed prohibition and 
restriction in these districts on the construction and installation of any new structure 
for extraction of ground water resources to avoid further depletion and deterioration 
in water quality in the said districts. Drinking water and raw water requirement for 
underground and elevated stations shall be provided from municipal source.  
• Source of drinking water for the labours should be identified and requirement 
permission should be taken by. In addition to this grey and black water disposal 
management plan will be prepared and implemented by contractor. 
• The contractor will comply with all relevant regulations and obtain necessary permits 
or approvals for water extraction, if required, to ensure sustainable water 
management practices during the construction phase. This includes obtaining permits 
from local water authorities or other governing bodies, and complying with any 
restrictions or guidelines related to water usage and conservation. 
g. Existing utility and social infrastructure and services 
• Telephone lines, electric poles and wires, electrical connection boxes, gas pipeline 
water lines within the proposed project locations may require to be shifted in few 
cases. During the utility shifting the respective service may be affected and contractor 
should obtain prior permission from the respective authorities and care should be 
taken during construction. 
• detailed investigation of all utilities and location will be undertaken well in advance 
by making trench pit to avoid damage to any utility. 
• Utility services shall be kept operational during the entire construction period and 
after completion of project. All proposals should, therefore, ensure their 
uninterrupted functioning. 
• Make sure to provide safe access to sensitive facilities such as hospital, school, etc. 
during the construction period by installing traffic guides and warning signs, and if 
required, measures such as detour route should be set up based on the traffic 
congestion condition. 
• Closely coordinate with the concerned municipal and concerned stakeholders 
through various public consultations activities in accordance to ensure that all key 
stakeholders are properly informed for construction schedule and potential impacts, 
adequately consulted. 
• Consultations with local communities including the vulnerable and marginalized 
groups including women, elderly, poor, single parents, the physically and socially 
disabled to ensure that concerns of those affected are considered and addressed, 
with emphasis on ensuring they derive benefits and opportunities from the Project. 
Furthermore, the GRM will serve as a venue for local communities to relay their 
concerns to ensure that their issues are addressed. 
h. Children’s rights 
• Temporary impact to schools such as construction noise and vibration is to be 
minimized by installation of temporary noise barrier and/or, allocation of traffic safety 
officer, signages, etc 
• High noise-generating construction activities will be scheduled during feasible times 
in consultation with schools so as not to interfere with the class works. "
251,PDF page 251," 
Environment Impact Assessment for Delhi Metro Phase IV-2 Project 
 
 
241 J A DELHI METRO RAIL CORPORATION LTD. 
 
• Closely coordinate with the concerned municipal and concerned stakeholders 
including teachers and local communities including the vulnerable and marginalized 
groups such as women, elderly, poor, single parents, the physically and socially 
disabled through various public consultations activities in accordance to ensure that 
all key stakeholders are properly informed for construction schedule and potential 
impacts, adequately consulted. Furthermore, the GRM will serve as a venue for local 
communities to relay their concerns to ensure that their issues are considered. 
i. Infectious Diseases 
• prepare and implement comprehensive health education programs to raise awareness 
about infectious disease and prevention, while providing access to healthcare services 
for regular screenings and counselling. 
• providing adequate facilities at construction sites, employment of preferably local 
labour. 
j. Work Environment 
Construction works shall be executed as laid down in the Safety Health and Environment (SHE) 
Manual prepared by DMRC. 
The SHE manual: 
• Describes the SHE interfaces between Employer and the Contractor. 
• Details the processes by which the contractor shall manage SHE issues while carrying 
out the work under the contract  
• Describes by reference, the practices and procedures 
The construction works shall be undertaken in accordance with all applicable legislation and 
Indian statutory requirements and guidelines - Occupational Health and Safety Management 
System and ISO 45001:2018/Amd 1:2024: Environmental Management Systems. 
The key elements of the SHE manual are as follows: 
• The unit responsible for co-ordinating and monitoring the Contractor’s SHE 
performance. 
• Procedures for identifying and estimating hazards, and the measures for addressing 
the same; A list of SHE hazards anticipated. 
• SHE training courses and emergency drills. 
• SHE inspections to identify any variation in construction activities and operations, 
machineries, plant and equipment and processes against the SHE Plan and its 
supplementary procedures and programs: Planned General Inspection, Routine 
Inspection, Specific Inspection and Other Inspection 
• Safety Audit. 
• SHE Audit to assess potential risk, liabilities and the degree of compliance of 
construction Safety, Health & Environmental plan and its supplementary procedures 
and programs against applicable and current SHE legalisation regulations and 
requirements of the employer. 
• Electrical Safety Audit External SHE Audit. 
• SHE Communication to communicate the Safety, Occupational health and Environment 
management measures through posters campaigns / billboards / banners / glow signs 
being displayed around the work site. 
• SHE Reports –reports, minutes, inspection reports, audit reports "
252,PDF page 252," 
Environment Impact Assessment for Delhi Metro Phase IV-2 Project 
 
 
242 J A DELHI METRO RAIL CORPORATION LTD. 
 
• Accident reporting and investigation. i)Reporting of all accidents (fatal / injury) and 
dangerous occurrences to the Employer ii) Reporting to Govt. organisations. 
• Investigations of Accidents and Dangerous Occurrences, Near misses and minor 
accidents. 
• Prepare an Emergency Response Plan for all work sites including injury, sickness, 
evacuation, fire, chemical spillage, severe weather and rescue. 
• The Contractor will be required to conduct awareness programs and other measures 
to prevent infectious diseases spreading. 
• Workplace safety and occupational health shall be ensured with special focus on 
following areas. 
• Housekeeping. 
• Working at Height and Falling objects and Danger areas, Lifting Appliances. 
• Launching Operation. 
• Construction machinery, tools equipment - Safe worthiness 
• Exposure of worker to use of exhaust or harmful gases in confined locations i) Fire 
prevention, protection and fighting system. 
• Traffic Management. 
• Personal Protective Equipment (PPEs). 
Sanitation Facilities: Construction camps shall provide sanitary latrines and urinals.  Sewerage 
drains should be provided for the flow of used water outside the camp. Drains and ditches should 
be treated regular basis. The sewage system for the camp must be properly designed, built and 
operated so that no health hazard occurs and no pollution to the air, ground or adjacent 
watercourses take place.  
Canteen Facilities: A cooked food canteen on a moderate scale shall be provided for the benefit 
of workers wherever it is considered necessary. The contractor shall conform generally to 
sanitary requirements of local medical, health and municipal authorities and at all times  adopt 
such precautions as may be necessary to prevent soil pollution of the site. 
First aid facilities:  At every workplace, a readily available first -aid unit including an adequate 
supply of sterilized dressing materials and appliances will be provided. Suitable transport will be 
provided to facilitate taking injured and ill persons to the nearest hospital. 
Security: Security guards shall be deployed at construction sites as well as labour camps. In 
connection with their behaviour, they shall  be subject to conditions of their employment and 
criminal liability.  
 
k. Community Health and Safety 
• Engage community stakeholders on a regular basis. If complaints arise, immediately 
identify the causes and evaluate built-in measures. Disclose results to the public. 
• Inform local communities and general public through slogans etc , about the potential 
impacts of the project and corresponding health and safety mitigation measures so 
that their issues and concern of stakeholders are addressed through identifying the 
concerns and issues of communities and thereby appropriate measures are selected 
and implemented wherever required so as to resolve the complaint/grievance.  
• Operate GRM to handle complaint/s, if any. Disseminate information on activity with 
community health and safety risk (i.e., diversion routes for vehicles, and pedestrians) 
widely through various media in a timely manner. 
• Monitor community-involved accidents at construction sites and temporary facilities 
and immediate vicinity as well as, record, report and disclose accidents including fatal "
253,PDF page 253," 
Environment Impact Assessment for Delhi Metro Phase IV-2 Project 
 
 
243 J A DELHI METRO RAIL CORPORATION LTD. 
 
accident, medical treatment cases, disabling injuries and non-injury adverse events 
involving local communities. 
(4) Others 
a. Road Safety 
• Diversion routes for vehicles and pedestrians to ensure that these are safe, well-lit, 
and sufficient to meet the foot and vehicular traffic to avoid any untoward incidents. 
• Disseminate Information on traffic diversion routes widely through various media. 
• ensure proper fencing of the construction site, provision of signage, warning and 
posters, and guarding of the access point to ensure that the area is not accessible to the 
public 
b. Climate Resilience and Adaptation 
• Awareness drives and Plantation drives will be conducted. 
• Adequate measures are undertaken to prevent the workers from the impact of heat. 
Water bottles are provided at regular interval to provide drinking facilities.  
• Rest rooms are provided to mitigate the impact of heat during summers.  
• Green building features are incorporated in the design phase of the metro construction 
so as to account for the aspects such as material management, waste generation, water 
demand etc.  
c. Traffic Diversion/ Management 
During such construction, traffic is most likely to be affected.  Hence Traffic Diversion Plans are 
required in order to look for options and remedial measures so as  to mitigate any traffic 
congestion situations arising out due to acquisition of road space during Metro construction. Any 
reduction of road space during Metro construction will result in constrained traffic flow. In order 
to retain satisfactory levels of traffic flow during the construction period; traffic management and 
engineering measures need to be taken. They can be road widening exercises, traffic segregation, 
one-way movements, traffic diversions on influence area roads, acquisition of service lanes, etc. 
Various construction technologies are in place to ensure that traffic impedance  is done at the 
minimum. They are: 
• Cut-and-Cover’ method is proposed for construction of the underground stations. 
• Only temporary diversion plans will be required during construction of the Metro 
corridor.  
Traffic Management Guidelines: The basic objective of the following guidelines is to lay down 
procedures to be adopted by contractor to ensure the safe and efficient movement of traffic and 
also to ensure the safety of workmen at construction sites. 
• All construction workers should be provided with high visibility jackets with reflective 
tapes at most of viaduct/tunnelling and station works or either above or under right-
of- way. The conspicuousness of workmen at all times shall be increased to protect 
from speeding vehicular traffic. 
• Warn the road user clearly and sufficiently in advance. 
• Provide safe and clearly marked lanes for guiding road users. 
• Provide safe and clearly marked buffer and work zones 
• Provide adequate measures that control driver behaviour through construction zones. "
254,PDF page 254," 
Environment Impact Assessment for Delhi Metro Phase IV-2 Project 
 
 
244 J A DELHI METRO RAIL CORPORATION LTD. 
 
• The primary traffic control devices used in work zones shall include signs, delineators, 
barricades, cones, pylons, pavement markings and flashing lights. 
• The contractor should hire a transportation consultant that carryout the traffic survey 
and suggest alternative routes for smooth flow of traffic. 
9.1.2. Operation phase  
(1) Pollution Control 
a. Air Pollution Control 
• Ensure seamless connectivity between the metro and other public transport systems 
to minimize reliance on private vehicles. Create pedestrian-friendly zones around 
stations, with wide sidewalks, pedestrian crossings, and clear signage 
• Plan maintenance activities carefully to minimize disruptions to traffic and pedestrian 
flow. 
• Periodical maintenance of relevant facilities such as ventilation system, substation, 
and the depot. 
b. Water Pollution 
• Minimise the wastewater generation by undertaking measures such as water efficient 
faucets etc, 
• Ensure recycling of wastewater by providing effluent treatment plants at depots.  
• Provide training to staff on water conservation. 
• Sanitation requires the provision of clean, well-maintained restrooms and effective 
drainage systems to prevent hygiene issues. 
c. Waste 
Implementing robust waste segregation systems at stations, along with regular collection and 
recycling initiatives, can significantly reduce the volume of waste sent to landfills and promote 
recycling. Metro authorities must establish strict protocols for the safe storage, handling, and 
disposal of hazardous materials to mitigate these risks. Regular training for staff on waste 
management practices, coupled with the installation of proper waste disposal facilities, can 
enhance operational efficiency and sustainability. 
Hazardous Waste Management 
Classification of waste as hazardous shall be in accordance with the Hazardous and Other Wastes 
(Management, Handling & Trans -boundary movement) Rules 2016. DMRC shall identify  the 
nature and quantity of hazardous waste generated as a result of his activities, DMRC shall place a 
‘display board’, which will display quantity and nature of hazardous waste on  date. Hazardous 
Waste needs to be stored in  a secure place. The labelling and packaging is required to be easily 
visible and be able to withstand physical conditions and climatic factors. 
d. Soil contamination 
• Undertake plantation/develop green belt to possible locations. 
• Conduct frequent inspections of the site to ensure that soil contamination prevention 
measures are being followed. 
e. Noise Control  
Noise pollution control measures during the operation of a metro system include installing sound 
barriers along tracks, particularly in residential areas, to reduce noise impact. Regular 
maintenance of tracks and trains is essential to prevent noise from w ear and tear. Using noise -
reducing technologies, such as rubber track pads and dampers, helps minimize noise. Speed "
255,PDF page 255," 
Environment Impact Assessment for Delhi Metro Phase IV-2 Project 
 
 
245 J A DELHI METRO RAIL CORPORATION LTD. 
 
regulation in noise -sensitive areas and insulating tunnels with sound -absorbing materials also 
play a key role in controlling noise. Additionally, managing the volume of public announcements 
and regularly monitoring noise levels to ensure compliance with s tandards are crucial steps in 
mitigating noise pollution.  
f. Vibration Control  
The large forces between the wheel and the rail are the primary cause of vibration. These forces 
fluctuate in response to wheel and rail roughness over a wide range of frequencies.  
Vibration can be reduced by minimizing surface irregularities of wheel and rail, improving track 
geometry, providing elastic fastenings, and separation of rail seat assembly from the concrete 
plinth with insertion of resilient and shock absorbing pad. 
(2) Natural Environment 
a. Hydrology 
• Structure design taking into account the probability of a 100-year flood, installation of 
steps at station entrances and flood-proof walls. 
• Wherever water table is high, seepage water will be collected and will be utilised 
within premises. 
• the metro infrastructure (under ground stations) is designed to collect the seepage 
water wherever water table is high. The collected water is then utilised within the 
premises to the extent possible. 
b. Geology and Topography 
• Ensure structures are designed to withstand seismic loads based on local seismic 
hazard assessments. 
• Develop comprehensive emergency response plans for earthquakes and liquefaction 
like Disaster Management Plan as explained in Section 9.3. 
(3) Social Environment 
a. Water use (Rainwater harvesting) 
Delhi are considered critical in regard to ground water resources. Taking  into account the 
depleting ground water resources in Delhi, Central Ground Water Authority had declared whole 
of South and Southwest districts of NCT Delhi as “Notified Areas”  in August, 2000 and imposed 
prohibition and restriction in these districts on the construction and installation  of any new 
structure for extraction of ground water resources to avoid further depletion and deterioration 
in water quality in the said districts.  
To conserve and augment the storage of groundwater, it has been proposed to construct roof top 
rainwater harvesting structure of suitable capacity at the elevated stations and in the elevated 
alignment. Each pillar can have inbuilt downpipes to collect the rainwater from the viaduct and 
into the underground tanks on  the median.  A recharge tank shall be constructed at suitable 
distance. The water collected will percolate down to the subsoil through numerous layers of sand, 
gravel and boulders. 
b. Community health and safety 
• Engage community stakeholders on a regular basis. If complaints arise, immediately 
identify the causes and evaluate built-in measures. Disclose results to the public. 
• Inform local communities and general public through slogans etc , about the potential 
impacts of the project and corresponding health and safety mitigation measures so "
256,PDF page 256," 
Environment Impact Assessment for Delhi Metro Phase IV-2 Project 
 
 
246 J A DELHI METRO RAIL CORPORATION LTD. 
 
that their issues and concern of stakeholders are addressed through identifying the 
concerns and issues of communities and thereby appropriate measures are selected 
and implemented wherever required so as to resolve the complaint/grievance. 
• Operate GRM to handle complaint/s, if any. Disseminate information on activity with 
community health and safety risk (i.e., diversion routes for vehicles, and pedestrians) 
widely through various media in a timely manner. 
• Monitor community-involved accidents at construction sites and temporary facilities 
and immediate vicinity as well as, record, report and disclose accidents including fatal 
accident, medical treatment cases, disabling injuries and non-injury adverse events 
involving local communities. 
(4) Others 
a. Road Safety 
• The proposed Metro project will help reduce traffic accidents in the area. 
• Provision of footpath to ensure safer commute for pedestrians along the road. 
• The median height should be increased to prevent people crossing the highway. 
• There should be pedestrian crossings and subways. 
b. Climate Change 
• Awareness drives and Plantation drives will be conducted. 
• Adequate measures are undertaken to prevent the workers from the impact of heat. 
Water bottles are provided at regular interval to provide drinking facilities.  
• Rest rooms are provided to mitigate the impact of heat during summers.  
• Green building features are incorporated in the design phase of the metro construction 
so as to account for the aspects such as material management, waste generation, water 
demand etc.  
c. Public and Traffic Access 
• measures are required on the junction for reducing the speed of vehicles 
• Multi Modal Integration (MMI) by installing pedestrian crossings and subways, 
continuity in footpath & cycle track. and regulated bus stops. measures are required 
on the junction for reducing the speed of vehicles 
9.2. Environmental Management Plan  
The environmental impacts stemming out of the proposed project can be mitigated with simple 
set of measures, dealing with careful planning and designing of the metro alignment and 
structures. Adequate provision of environmental clauses in work contracts and efficient contract 
management will eliminate or reduce significantly all possible problems. A common problem 
encountered during implementation of environmental management plans of such projects is lack 
of environmental awareness among engineers and manag ers concerned with day-to-day 
construction activities, which can be solved through regular environmental training programs. A 
set of preliminary EMP is presented in Table below, which defines actions to be undertaken 
during the design stage, pre -construction, construction and operatio n stage of the project. The 
effectiveness of environmental considerations will, however, depend on appropriate inclusion of 
these in the work contracts. "
257,PDF page 257," Environment Impact Assessment for Delhi Metro Phase IV-2 Project 
 
 
247 A DELHI METRO RAIL CORPORATION LTD. 
 
Table 9.1: Environmental Management Plan (EMP) 
 Item Expected impact Mitigation Measure Implementation 
Body 
Responsibility 
Body 
Cost 
 Pre-Construction and Construction Phase 
 Pollution 
1 Air pollution 
Pre:  
(-) Non-compliance of consent conditions 
may result in generating pollution and 
may trigger legal action against the project 
proponent.  
(-) During  both construction and 
demolition activities and land clearance 
activities dust will be generated. thereby 
adversely impacting air quality in the 
surrounding area.  
CON:  
(-) Temporary and local deterioration of 
air quality due to dust emissions and 
gaseous pollution generated from the 
operation of construction equipment, 
machinery and vehicles, loading and 
unloading of construction material, 
operation of temporary facilities and 
access road. 
 Conduct frequent checks to ensure adherence to 
consent conditions. 
 Provide comprehensive training to project staff on 
environmental regulations, consent conditions, and 
best practices for compliance. 
 Take steps to prevent dust from spreading during 
excavation, grading, land clearing, and waste 
disposal. Dust from transportation, handling, 
construction, or storage activities should not be 
visible outside the property line. 
 Vehicles and equipment must meet emission 
standards set by Indian government agencies. 
Regular checks and maintenance, including 
replacements, are necessary to comply with these 
standards. Proper traffic clearance will be provided 
by the Contractor at peak timings. 
 Dust-generating materials like debris and soil being 
transported should be covered and loaded properly 
to prevent spills. 
 Provide a wash pit or vehicle cleaning facility at site 
exits. High -pressure water jets should be used to 
clean vehicles and remove dirt and debris. 
 The stockpiling of earth in the designated locations 
with suitable slopes. Sufficient equipment, water 
and personnel shall be available on dumping sites at 
all times to minimise dust suppression. 
Contractor PIU/DMRC 
 
This is the 
part of 
Contract 
Cost of 
Contractor. 
2 Water pollution 
Pre/CON:  
(-) Turbid water may occur in all 
construction especially the area of cut and 
cover section and flows of silts, sediments. 
(-) Improper handling of stockpiles of 
excavated soil and construction material 
could be exposed to erosion and may be 
discharged to water bodies. 
(-) Discharged with improperly treated 
waste and wastewater from construction 
sites, and run off contaminated pollutant 
to contaminate water. 
 Prepare and implement a comprehensive water 
management plan to segregate and dispose of 
different types of solid, liquid, hazardous, according 
to local regulations.  
 Encourage recycling and reuse of materials to 
reduce the amount of wastewater generated. 
 The exposed land is minimized, and cover is 
established as quickly as possible. 
 Surplus soil and other excavated materials will be 
transferred to a soil disposal site 
Contractor PIU/DMRC This is the 
part of 
Contract 
Cost of 
Contractor. "
258,PDF page 258," Environment Impact Assessment for Delhi Metro Phase IV-2 Project 
 
 
248 A DELHI METRO RAIL CORPORATION LTD. 
 
 Item Expected impact Mitigation Measure Implementation 
Body 
Responsibility 
Body 
Cost 
 prepare and implement site management plan to 
minimise soil erosion flowing into waterbodies. 
3 Waste 
Pre/CON: 
(-) Improper handling of solid waste may 
cause soil, air, water pollution and harm to 
health of workers and community near the 
construction sites. 
(-) Improper handling of hazardous waste 
will degrade surrounding environment 
quality as well as lead to accidents. 
(-) Improper arrangement of disposal sites 
can lead to soil and water contamination. 
 
 Prepare and implement a comprehensive waste 
management plan to segregate and dispose of 
different types of solid, hazardous waste etc.  
according to local regulations.  
 Prepare and implement 3R plan 37  to encourage 
recycling and reuse of materials to reduce the 
amount of waste generated.  
 Dispose of Construction and Demolition (C&D) 
waste to C&D waste recycling unit. 
 The hazardous waste shall be stored in an 
impermeable surface with containment bunding to 
retain leaks, spills and ruptures. Further, waste to 
be disposed off to authorised recyclers only to 
ensure effective management and disposal of waste 
from the site. 
 The muck generated at site shall be filled in the 
dumping site in layers and compacted mechanically. 
Contractor PIU/DMRC This is the 
part of 
Contract 
Cost of 
Contractor. 
4 Soil contamination 
 
CON: 
(-) Excavated soil may be contaminated 
and may spread in surrounding area and 
affect the health of workers and local 
communities.  
(-) Soil also can be contaminated by 
hazardous chemical materials, leaks from 
construction vehicles and equipment  and 
construction waste. 
 Conduct comprehensive soil testing before 
construction to identify existing contaminants and 
the baseline soil condition. Test for heavy metals, 
hydrocarbons, chemicals, and organic pollutants. 
 In areas where soil contamination is detected, 
develop a remediation plan to minimise the impact. 
 Ensure that all waste generated during construction, 
including hazardous materials, is disposed of in 
accordance with environmental regulations. 
 In case of accidental spills and leaks, an Emergency 
Response Plan (spill response) and a Health and 
Safety Management Plan will be 
applied/implemented immediately. 
 During construction phase, various chemicals such 
as grease, oil etc will be kept on site. They will be kept 
on an impermeable precast concrete surface so as to 
prevent spillage on soil. 
 Conduct frequent inspections of the construction 
site to ensure that soil contamination prevention 
measures are being followed. 
Contractor PIU/DMRC This is the 
part of 
Contract 
Cost of 
Contractor. 
 
37 3R plan: a minimum of 20 % of C&D recycled products shall be used for external development and road woks for finishing contracts. "
259,PDF page 259," Environment Impact Assessment for Delhi Metro Phase IV-2 Project 
 
 
249 A DELHI METRO RAIL CORPORATION LTD. 
 
 Item Expected impact Mitigation Measure Implementation 
Body 
Responsibility 
Body 
Cost 
5 
Noise 
and 
vibration 
Pre:/CON: 
(-) O peration of heavy machines, dump 
trucks, concrete placing work, and traffic 
congestion may increase noise and 
vibration level and affect nearby sensitive 
receptors in the area, especially at night. 
(–) Increase in vibration and risk of 
building damage and human disturbance,  
(–) Use of equipment with noise and 
vibration intensive will leased to impact 
health of workers. 
Source control:  
 Use low -noise and vibration machinery for 
construction such as piling. 
 Noise suppressors such as mufflers will be installed 
whenever deemed necessary to maintain the noise 
generated by various heavy equipment and other 
construction machinery within permissible limits. 
Collective control:  
 High noise -generating construction activities will 
be scheduled during daytime only (6:00 – 22:00) to 
avoid noise disturbance to adjust residential and 
commercial areas and other noise -sensitive areas. 
In the case of academic facilities, the activities 
should be scheduled during feasible times in 
consultation with the school so as not to interfere 
with the class works. 
 Provide Noise Barriers wherever required to 
minimise the impact on residential areas/ sensitive 
receptors. 
 Applying vibration-dampening techniques like 
isolating equipment from the ground, 
 Pre-construction surveys should be conducted to 
assess the condition of nearby buildings, and 
protective measures, such as temporary supports 
or bracing, can be implemented if necessary.  
 Proper planning and communication with the 
affected community are also crucial to mitigate the 
impact of construction-related vibrations 
Worker’s protection: 
 Workers are provided with personal hearing 
protection and training.  
Contractor PIU/DMRC This is the 
part of 
Contract 
Cost of 
Contractor. 
6 Ground subsidence 
Pre/CON:  
 There is a possibility of occurrence of 
unforeseen event. 
 The detailed survey of condition of 
buildings/houses along proposed alignment will be 
conducted. 
 Conduct monitoring of buildings/houses condition 
during the underground construction work. 
Contractor PIU/DMRC This is the 
part of 
Contract 
Cost of 
Contractor. 
7 Offensive odour 
CON:  
(-) Offensive odour may be emitted due to 
the improper handling of domestic waste. 
 Implement effective waste management practices. 
This includes ensuring that construction sites are 
equipped with adequate sanitation facilities, such as 
portable toilets and waste disposal bins, to facilitate 
proper waste handling. 
Contractor PIU/DMRC 
 
This is the 
part of 
Contract 
Cost of 
Contractor. "
260,PDF page 260," Environment Impact Assessment for Delhi Metro Phase IV-2 Project 
 
 
250 A DELHI METRO RAIL CORPORATION LTD. 
 
 Item Expected impact Mitigation Measure Implementation 
Body 
Responsibility 
Body 
Cost 
 Regular waste collection and disposal schedules 
should be Established to prevent the accumulation 
of refuse and minimize odour generation. 
 Natural Environment 
8 Ecosystem 
Pre:  
(-) Laying of metro line requires 
permission from the Forest Department, 
and relevant authorities. Noncompliance 
of consent conditions may result 
degradation in pollution and may trigger 
legal action against the project proponent. 
(-) Construction activities will require 
removal of 15856 trees including some 
parts of deemed forest  and impact flora 
fauna.  
 
CON:  
(-) Their ecosystem may be degraded 
through anthropogenic activities. 
(-) When relocating or cutting a tree, there 
might be a  bird's nes t and construction 
activity might disturb the roosting 
grounds of bats.  
 Conduct frequent checks to ensure adherence to 
consent conditions. Provide comprehensive 
training to project staff on environmental 
regulations, consent conditions, and best practices 
for compliance. 
 Clearly mark the area of tree to be cut and locally 
adjust the area of tree cut to minimise the number 
of trees to be cut as much as possible. 
 The individual trees that are not being cut or 
replaced as decided by the Forest department of 
GNCT of Delhi will be safeguarded with appropriate 
measures and will be maintained throughout the 
construction process. 
 As per the provision of the Delhi Preservation of 
Trees Act, 1994 and Government guidelines (Feb 
2020), 10 tree saplings are to be planted for every 
tree felled. 158,560 trees is planned to be planted in 
total, however, it will depend on actual number of 
trees felled. 
 As per the guidelines of forest department, 
transplantation of trees shall be carried out 
 Planting area will be proposed around proposed 
metro corridors and metro stations as far as 
practical given the space constraints, such lands 
owned by DMRC, and the recommended area by 
forest department. 
 Adequate care shall be given by the contractor to 
checking that there are no significant species 
nesting in the trees which are getting transplanted 
 Establishing clear boundaries around sensitive 
areas, marked with fencing or signage, is crucial to 
prevent unauthorized access and limit construction 
activities in sections of the parks, gardens, and city 
forests will be off-limits to the workers throughout 
the construction period. 
 During the night-time, it is advisable to refrain from 
engaging in activities that produce excessive noise 
Contractor DMRC & Forest 
Department 
This is the 
part of 
Contract 
Cost of 
Contractor. "
261,PDF page 261," Environment Impact Assessment for Delhi Metro Phase IV-2 Project 
 
 
251 A DELHI METRO RAIL CORPORATION LTD. 
 
 Item Expected impact Mitigation Measure Implementation 
Body 
Responsibility 
Body 
Cost 
 Respond if any potential impact to fauna is detected. 
and implement appropriate response measures  in 
consultation with expert’s agency. 
9 Hydrology 
Pre/CON 
(-) Due to underground tunnel 
construction, there might be impact on 
groundwater flow. 
(-) Absent of construction drainage may  
cause local flooding 
(-) Construction activities of underground 
section may impact to groundwater flow.  
(-) In case of pier construction required 
within water bodies, there may be impact 
to the surface water flow. 
(-) Flooding may occur during the 
monsoon season /extreme rain , and may 
cause damage to the constructing 
activities and risks safety of workers. 
 the metro infrastructure (under ground stations) is 
designed to collect the seepage water wherever 
water table is high. The collected water is then 
utilised within the premises. 
 Conduct comprehensive assessments to 
understand the potential impacts of construction on 
local hydrology. This includes evaluating surface 
water/groundwater levels, flow patterns, depth of 
ground water etc. 
 Reduce the number of bridge piers to be installed in 
drains, and adoption of a bridge pier cone design. 
 Obtain Floodplain Management Approval from 
Flood Control Department, approval from the Delhi 
Development Authority (DDA) 
 DMRC will add flood control walls to prevent flood 
water entering the underground stations 
construction site and also ensure desilting of drains 
in the vicinity prior to monsoon season so that the 
draining of surface water is not impeded during 
heavy flood 
 If dewatering is necessary during Underground 
construction, use temporary dewatering systems 
designed to minimize the impact on surrounding 
groundwater levels. 
 Implement a surface water  and groundwater 
monitoring program to regularly measure water 
levels and quality in wells near construction sites.  
Contractor PIU/ DMRC This is the 
part of 
Contract 
Cost of 
Contractor. 
10 Geology and 
Topography 
CON:  
(–) Excavation and large-scale cut and fill 
work of underground section , may indue 
soil erosion , slope collapse  and ground 
subsidence. 
(–) Earthquake could affect constructing 
structures and work schedules and put 
safety risks for workers and local resident. 
 Conduct detailed geological and geotechnical 
surveys before construction to understand the 
Natural topography, soil composition, rock 
formations, fault lines, and potential seismic activity 
in the area. This information is crucial for designing 
safe and effective structures. 
 Tailor the design of tunnels, stations, and other 
infrastructure to the specific geological and 
topographical conditions. 
 incorporate all permanent erosion features into the 
project. 
Contractor PIU/ DMRC 
 
This is the 
part of 
Contract 
Cost of 
Contractor. "
262,PDF page 262," Environment Impact Assessment for Delhi Metro Phase IV-2 Project 
 
 
252 A DELHI METRO RAIL CORPORATION LTD. 
 
 Item Expected impact Mitigation Measure Implementation 
Body 
Responsibility 
Body 
Cost 
 conduct regular monitoring  program to regularly 
assess ground conditions during construction.  
 Social Environment 
11 Livelihood 
Pre/ CON:  
(-) Due to traffic restrictions caused by 
construction activities, revenue of 
businesses and industries located along 
the alignment may also temporarily 
worsened from current levels.  
 Maintain access to local businesses and ensure that 
no significant disruptions affect their business 
operations. 
 Engage concerned stakeholders (i.e. business, 
employee etc.) and conduct consultations to ensure 
that their issues and concern are addressed in 
decision-making process and information is 
provided in a timely manner. 
Contractor  PIU/ DMRC 
 
This is the 
part of 
overall 
project Cost. 
12 Socially Vulnerable 
Pre/CON:  
(-) Lack of consideration to vulnerable 
people and gender equality  may lead to 
miss out from opportunities reflecting 
their opinion to the Project 
(-) It may be possible that Project might 
impact local business.  The socially 
vulnerable group associated with these 
businesses might be impacted 
 Prioritize the use of local materials and contractors 
to stimulate the local economy and create job 
opportunities for vulnerable residents. 
 Hold consultations with local communities  
including the vulnerable and marginalized groups 
such as women, elderly, poor, single parents, the 
physically and socially disabled.  to ensure that 
concerns of those affected are considered and 
addressed, with emphasis on ensuring they derive 
benefits and opportunities from the Project. 
Furthermore, the GRM will serve as a venue for local 
communities to relay their concerns to ensure that 
their issues 
Contractor  PIU/ DMRC This is the 
part of 
overall 
project Cost. 
13 Cultural heritage 
CON:  
(-) There may encounter if any chance 
finds. 
 If any ASI protected monument is encountered, 
DMRC will undertake process of obtaining 
clearance as per applicable legislation from 
statutory authority prior to the initiation of 
construction. 
Contractor  PIU/ DMRC This is the 
part of 
overall 
project Cost. 
14 Landscape 
CON:  
(-) Insufficient organization of the 
construction site and poor waste handling 
may induce temporary nuisance to local 
communities 
 Keep in and around of construction 
sites/temporary facilities/ access road tidy and 
clean, and strictly manage solid wastes to minimize 
visual clutter.  
 Record the condition of roads, and other 
infrastructure prior to construction activities and 
fully reinstate temporary access and sites including 
local infrastructure to at least their pre -project 
condition upon the completion of construction 
activities.  
Contractor  PIU/ DMRC This is the 
part of 
overall 
project Cost. "
263,PDF page 263," Environment Impact Assessment for Delhi Metro Phase IV-2 Project 
 
 
253 A DELHI METRO RAIL CORPORATION LTD. 
 
 Item Expected impact Mitigation Measure Implementation 
Body 
Responsibility 
Body 
Cost 
 Implement grievance redress procedure in a timely 
and transparent manner. If any complaints and /or 
risks detected, supplement measures, etc. 
15 Water Use 
Pre/CON  
(-) Lack of complying with relevant  
regulations and obtaining necessary 
permits or approvals for water extraction 
and complying with any restrictions or 
guidelines related to water usage and 
conservation, will lead to legal actions. 
(-) Extraction of ground water for 
construction and domestic activity will 
impact the ground water level. 
(-) Use of water for construction and 
domestic activity will exceed the existing 
supplying capacity and impact local 
community. 
 All relevant regulations and obtaining necessary 
permits or approvals for water extraction, including 
obtaining permits from local water authorities or 
other governing bodies, and complying with any 
restrictions or guidelines related to water usage 
and conservation.  
 Adopt methodologies and technologies for 
construction activities that minimize disruption of 
water availability for existing users. 
 Establish a monitoring program to regularly assess 
ground conditions during construction.  
Contractor  PIU/ DMRC This is the 
part of 
Contract 
Cost of 
Contractor. 
16 
Existing social 
infrastructure and 
services 
Pre/CON: 
(-) No objection Certificate (NOC) from all 
concerned departments. Noncompliance 
of consent conditions may result in legal 
action against the project proponent. 
(-) Temporary/permanent diversions and 
laying of  utilities will affect local 
communities for a brief span of time. 
(-) Temporary deviation of the 
community’s access to some social 
services 
 Detailed investigation of all utilities and location 
will be undertaken well in advance by making 
trench pit to avoid damage to any utility. 
 Utility services shall be kept operational during the 
entire construction period and after completion of 
project. All proposals should, therefore, ensure 
their uninterrupted functioning. 
 Make sure to provide safe access to sensitive 
facilities such as hospital, school, etc. during the 
construction period by installing traffic guides and 
warning signs, and if required, measures such as 
detour route should be set up based on the traffic 
congestion condition. 
 Closely coordinate with the concerned municipal 
and concerned stakeholders through various public 
consultations activities in accordance to ensure that 
all key stakeholders are properly informed for 
construction schedule and potential impacts, 
adequately consulted. 
 Hold consultations with local communities 
including the vulnerable and marginalized groups 
such as women, elderly, poor, single parents, the 
physically and socially disabled.  to ensure that 
concerns of those affected are considered and 
addressed, with emphasis on ensuring they derive 
Contractor PIU/ DMRC 
 
This is the 
part of 
overall 
project Cost. "
264,PDF page 264," Environment Impact Assessment for Delhi Metro Phase IV-2 Project 
 
 
254 A DELHI METRO RAIL CORPORATION LTD. 
 
 Item Expected impact Mitigation Measure Implementation 
Body 
Responsibility 
Body 
Cost 
benefits and opportunities from the Project. 
Furthermore, the GRM will serve as a venue for local 
communities to relay their concerns to ensure that 
their issues are considered 
17 Children's rights 
Pre/CON:  
(-) Temporary impacts due to air pollution 
and noise pollution may affect the nearby 
location such as schools. However, the 
impact will be limited to the construction 
phase only.  
(-) Children may be involved in traffic 
accident by construction related vehicles. 
 Temporary impact to schools such as construction 
noise and vibration is to be minimized by 
installation of temporary noise barrier and/or, 
allocation of traffic safety officer, signages, etc. 
 High noise -generating construction activities will 
be scheduled during feasible times in consultation 
with school s so as not to interfere with the class 
works. 
 Closely coordinate with the concerned municipal 
and concerned stakeholders including 
teachers/schools and local communities including 
the vulnerable and marginalized groups such as 
women, elderly, poor, single parents, the physically 
and socially disabled  through various public 
consultations activities in accordance to ensure that 
all key stakeholders are properly informed for 
construction schedule and potential impacts, 
adequately consu lted. Furthermore, the GRM will 
serve as a venue for local communities to relay their 
concerns to ensure that their issues are considered. 
Contractor PIU/ DMRC This is the 
part of 
Contract 
Cost of 
Contractor. 
18 Infectious diseases 
such as HIV/AIDS 
CON:  
(-) Health risks may occur  due to lack of 
sanitation facilities (water supply and 
human waste disposal) and insect vector 
disease hazards of local workers. 
 Prepare and implement comprehensive health 
education programs to raise awareness about 
infectious disease and prevention, while providing 
access to healthcare services for regular screenings 
and counselling. 
 Providing adequate facilities at construction sites, 
employment of preferably local labour. 
Contractor PIU/ DMRC This is the 
part of 
Contract 
Cost of 
Contractor. 
19 
working 
environment 
(work safety) 
Pre/CON:  
(-) Labor accidents and health 
deterioration may occur due to long 
working hour, poor maintenance of 
vehicle and machinery, lack of PPE etc,  
 
(-) The use of heavy machinery and 
construction materials will also lead to 
dust and noise emissions, affecting the 
health of workers and labours  
 Prepare and implement Safety Health and 
Environment Manual (SHE).  
 Regular Health check-up of the worker. 
 Proper training, maintenance, and safety measures 
are necessary to prevent accidents. 
 Adhere to strict working hour regulations and 
provide adequate rest periods.  
 Ensure regular maintenance of all vehicles and 
machinery to prevent breakdowns and accidents.  
 Provide appropriate PPE to protect workers from 
air pollution, noise, vibration, and extreme weather.  
Contractor PIU/ DMRC 
 
This is the 
part of 
Contract 
Cost of 
Contractor. "
265,PDF page 265," Environment Impact Assessment for Delhi Metro Phase IV-2 Project 
 
 
255 A DELHI METRO RAIL CORPORATION LTD. 
 
 Item Expected impact Mitigation Measure Implementation 
Body 
Responsibility 
Body 
Cost 
 Conduct regular safety training programs for all 
workers to enhance their awareness of potential 
hazards and safe working practices.  
 Develop and implement emergency response plans 
to address accidents promptly. 
 Employ advanced construction planning and 
management techniques to minimize risks 
associated with tunnel and viaduct construction. 
Establish strict safety protocols for the operation of 
heavy machinery, including regular inspections and 
operator training.  
20 Community health 
and safety 
Pre/CON:  
(-) The health and safety of the nearby 
communities along the corridor may be 
impacted due to traffic and pollution 
generated by land clearing and 
construction activities  
 
(-) Accidents involving nearby residents 
could occur at entrances for  construction 
site and access roads.. 
 Engage community stakeholders on a regular basis. 
If complaints arise, immediately identify the causes 
and evaluate built -in measures. Disclose results to 
the public. 
 Inform local communities and public through 
slogans etc, about the potential impacts of the 
project and corresponding health and safety 
mitigation measures so that their issues and 
concern of stakeholders are addresse d through 
identifying the concerns and issues of communities 
and thereby appropriate measures are selected and 
implemented wherever req uired so as to resolve 
the complaint/grievance. 
 Operate GRM to handle complaint/s, if any. 
Disseminate information on activity with 
community health and safety risk (i.e., diversion 
routes for vehicles, and pedestrians) widely 
through various media in a timely manner. 
 Monitor community -involved accidents at 
construction sites and temporary facilities and 
immediate vicinity as well as, record, report and 
disclose accidents including fatal accident, medical 
treatment cases, disabling injuries and non -injury 
adverse events involving local communities. 
 Mitigation measures for pollution (air, water, noise 
and vibration, waste) as well as public/transport 
access are referred to under each item 
Contractor PIU/ DMRC This is part 
of Contract 
Cost of 
Contractor. 
 Others 
21 Road Safety 
CON:  
(-) May cause accidents due to operation of 
machineries and increase traffic. 
 Diversion routes for vehicles and pedestrians to 
ensure that these are safe, well-lit, and sufficient to 
Contractor PIU/ DMRC This is the 
part of 
Contract "
266,PDF page 266," Environment Impact Assessment for Delhi Metro Phase IV-2 Project 
 
 
256 A DELHI METRO RAIL CORPORATION LTD. 
 
 Item Expected impact Mitigation Measure Implementation 
Body 
Responsibility 
Body 
Cost 
(-) Movement of large vehicle and 
increased traffic related construction and 
lack of access control to the construction 
site poses a potential risk of incidents 
involving construction workers and 
residents. 
meet the foot and vehicular traffic to avoid any 
untoward incidents. 
 Disseminate Information on traffic diversion routes 
widely through various media. 
 Ensure proper fencing of the construction site, 
provision of signage, warning and posters, and 
guarding of the access point to ensure that the area 
is not accessible to the public 
Cost of 
Contractor. 
22 
Transboundary 
impacts or climate 
change 
CON: 
(-) Emissions of greenhouse gases is 
expected temporally due to construction 
activities. 
 (-) The removal of these trees will disrupt 
the process of converting CO2 into oxygen. 
(-) Increased frequency of extreme 
weather events  impacts such as 
construction delays, extra costs, worker 
health and safety, increased materials 
costs, and disruptions to raw material 
delivery. 
(-) Extreme weather will also affect the 
performance of construction material, 
paint quality, stability of lands, etc. 
 Awareness drives and Plantation drives will be 
conducted. 
 Adequate measures are undertaken to prevent the 
workers from the impact of heat. Water bottles are 
provided at regular interval to provide drinking 
facilities.  
 Rest rooms are provided to mitigate the impact of 
heat during summers.  
 Green building features are incorporated in the 
design phase of the metro construction so as to 
account for the aspects such as material 
management, waste generation, water demand etc.  
 
Contractor PIU/ DMRC 
 
This is the 
part of 
Contract 
Cost of 
Contractor. 
23 Traffic/ public 
access 
Pre/CON:  
(-) Inadequate capacity of access road 
(size, volume of traffic, route) for 
transportation of construction material 
may lead longer time and adverse impacts 
to existing traffic and surrounding 
environments. 
(-) Complete/partial traffic diversions will 
lead to traffic congestion in local area.  
 Prepare a Traffic Management Plan (TMP) in 
coordination with the concerned authorities and 
transport operator/s to ensure that traffic 
congestion due to construction activities 
(movement of construction vehicles, haulage 
trucks, and equipment) is minimized. 
 Inform local communities on project activities, 
construction schedule, possible impact to the 
existing public access, 
 In case of any temporary road closure/s, minimize 
impact/s to the daily life of affected communities’ 
access through providing alternative access/the 
diverted routes. 
Contractor PIU/ DMRC This is the 
part of 
Contract 
Cost of 
Contractor. 
 OPERATION PHASE 
 Pollution 
1 Air pollution 
OP: 
(-) There might be local deterioration 
around station area by increase in traffic 
 Ensure seamless connectivity between the metro 
and other public transport systems to minimize 
reliance on private vehicles. Create pedestrian -
PIU/ DMRC PIU/ DMRC 
 
 
This is the 
part of "
267,PDF page 267," Environment Impact Assessment for Delhi Metro Phase IV-2 Project 
 
 
257 A DELHI METRO RAIL CORPORATION LTD. 
 
 Item Expected impact Mitigation Measure Implementation 
Body 
Responsibility 
Body 
Cost 
by train users , increase in commercial 
activities as well as maintenance activities. 
 
friendly zones around stations, with wide 
sidewalks, pedestrian crossings, and clear signage 
 Plan maintenance activities carefully to minimize 
disruptions to traffic and pedestrian flow. 
 Periodical maintenance of relevant facilities such as 
ventilation system, substation, and the depot. 
overall 
project Cost. 
2 Water pollution 
OP: 
(-)Cleaning of stations, depots, offices and 
trains are expected to generate waste 
water in metro premises.  
 Minimize the wastewater generation by 
undertaking measures such as water efficient 
faucets etc, 
 Make efforts to recycling of wastewater by 
providing Effluent treatment plants at station and 
depots.  
 Provide training to staff on water conservation.  
PIU/ DMRC PIU/ DMRC 
 
 
This is the 
part of 
overall 
project Cost. 
3 Waste 
OP: 
(-) Improper handling of waste from 
station and depot, etc. will degrade 
environment of surrounding area. 
 All the waste generated during operation shall be 
disposed off in an adequate manner such disposal of 
E-waste, Battery waste etc to recycling units. 
 Provide training to staff on waste management. 
 Making efforts to re -use the material thereby 
minimise the waste generation. Such measures 
include reuse of metal waste etc.  
PIU/ DMRC PIU/ DMRC 
 
 
This is the 
part of 
overall 
project Cost. 
4 Soil contamination 
 
OP: 
(-) Improper management of solid wastes 
and wastewater generated at station  and 
depot will contaminate soil of surrounding 
area. 
 Undertake plantation/develop green belt to 
possible locations. 
 Implement measure for waste collection and waste 
management.  
 Conduct frequent inspections of the site to ensure 
that soil contamination prevention measures are 
being followed. 
PIU/ DMRC PIU/ DMRC This is the 
part of 
overall 
project Cost. 
5 
Noise 
and 
vibration 
OP: 
(-) Increase in noise and vibration 
generated by operation of metro and 
station, and maintenance works may 
impact nearby sensitive receptors. 
 
(-) Increase in vibration level by train 
operation, may cause Ground Borne 
Vibration (GBV) on building abo ve 
underground section. 
 Undertake noise monitoring near 
residential/sensitive receptors  
 Undertake noise mitigation measures at location of 
noise complaints. Measures generally include wheel 
profiling, rail grinding, using noise-reducing 
technologies, such as rubber track pads, helps 
minimize noise.  
 Additionally, managing the volume of public 
announcements and regularly monitoring noise 
levels to ensure compliance with standards are 
crucial steps in mitigating noise pollution.  
 Undertake vibration monitoring near 
residential/sensitive receptors  
PIU/ DMRC PIU/ DMRC This is the 
part of 
overall 
project Cost. "
268,PDF page 268," Environment Impact Assessment for Delhi Metro Phase IV-2 Project 
 
 
258 A DELHI METRO RAIL CORPORATION LTD. 
 
 Item Expected impact Mitigation Measure Implementation 
Body 
Responsibility 
Body 
Cost 
 Undertake vib ration mitigation measures which 
generally include wheel profiling, rail grinding, 
monitoring speed, providing elastic fastenings, and 
separation of rail seat assembly from the concrete 
plinth with insertion of resilient and shock 
absorbing pad. 
6 Offensive odour 
OP:  
(-) Offensive odour may be emitted due to 
the improper handling of domestic waste. 
 Regular cleaning and collection of the general waste 
from stations and depot. 
PIU/ DMRC PIU/ DMRC This is the 
part of 
overall 
project Cost. 
 Natural Environment 
7 Hydrology 
OP: 
(-) Flooding may occur due to blockage of 
drainage flow, as well as inadequate 
drainage channel capacity. 
 (-) Seepage in underground station may 
occur where water table is high. 
(-) The possibility of flooding in 
underground stations in areas with high 
groundwater levels  and inflow from 
waterbodies might run into  the 
underground station 
.(-) Due to extreme rain and/or floods, 
water might drain into underground 
structure 
 
 Implementing an advanced drainage system is 
essential to prevent waterlogging and reduce the 
risk of flooding.  
 The metro infrastructure (under ground stations) is 
designed to collect the seepage water wherever 
water table is high. The collected water is then 
utilised within the premises. 
 Protection from flood during operation: Structures 
on the ground have been designed to be above the 
100-year flood level, and entrances to stations will 
have step up and down and temporary flood 
barriers. 
PIU/ DMRC PIU/ DMRC This is the 
part of 
overall 
project Cost. 
8 Geology and 
Topography 
OP:  
(–) Earthquake and liquefaction could 
impact rail facilities and operations, and 
pose safety risks to staff, users, and 
residents. 
 Structures have been designed to withstand seismic 
loads based on local seismic hazard assessments. 
 Apply comprehensive emergency response plans 
which is already in place  for earthquakes and 
liquefaction like Disaster Management Plan as 
explained in Section 9. 3. of EIA report. 
PIU/ DMRC PIU/ DMRC This is the 
part of 
overall 
project Cost. 
 Social Environment 
9 Water Use 
OP: 
(-) Additional water usage at depots and 
station is expected, but no significant 
impact is expected as rainwater and tunnel 
drainage are planned to be collected and 
reused in addition to being procured 
 Install rainwater harvesting (RWH) units to collect 
the rainwater and recharge Ground water.  
 Collect drainage water to reuse for purposes of 
reuse. 
 Implement a regular program for leak detection and 
repair to minimize water wastage. 
PIU/ DMRC PIU/ DMRC This is the 
part of 
overall 
project Cost. "
269,PDF page 269," Environment Impact Assessment for Delhi Metro Phase IV-2 Project 
 
 
259 A DELHI METRO RAIL CORPORATION LTD. 
 
 Item Expected impact Mitigation Measure Implementation 
Body 
Responsibility 
Body 
Cost 
through a regional water supply 
corporation. 
 Install water meters at all depots and station 
buildings to monitor water consumption and 
identify areas for improvement. 
 Conduct awareness campaigns to educate people 
about the importance of water conservation and the 
measures being taken to mitigate the impact of 
metro projects. 
10 
working 
environment 
(work safety) 
OP: 
(-) Accidents and injuries may occur 
during metro operation and maintenance 
work due to lack of training etc. 
(-) Unfairness  in wage, salary, and 
treatment among workers. 
 The Delhi Metro ensures the employment rights are 
fully respected and develop processes to comply 
with the requirements of the national laws.  
 Occupational Health and Safety (OHS) and an 
Emergency Response Plan, requiring the strict 
implementation of precautionary safety and security 
protocols. 
PIU/ DMRC PIU/ DMRC This is the 
part of 
overall 
project Cost. 
11 Community health 
and safety 
OP: 
(-) Access of passenger to metro track can 
impact metro passengers and safety.  
 
(-) Accidents and injuries may occur 
during operation due to unforeseeable 
events. 
 Provision of PSD, CCTV etc to ensure that no 
passenger access the track. 
 Security personnel to be provided at station to 
ensure frisking of passengers while entering the 
stations. 
 Warning signs to  be installed to control access. 
There should be clearly marked emergency escape 
route/s, evacuation system and warning and 
announcement system.  
 Pedestrian crossings are to be provided in 
appropriate location and clearly marked.  
 Information for any interruption of train operation 
will also be publicly disclosed in a timely manner. 
PIU/ DMRC PIU/ DMRC This is the 
part of 
overall 
project Cost. 
 Others 
12 Road Safety 
OP:  
 (-)Increase in traffic and the flow of 
people around the station will lead to 
increase the chances of a traffic incidents 
locally. 
 The proposed Metro project will help reduce traffic 
accidents in the area.  
 There should be pedestrian crossings, subways, 
continuity in footpath & cycle track.  
 Multi Modal Integration (MMI) to be provided to 
ensure the safe access of passengers from metro to 
other modes.  
 Dedicated ways for e-rickshaw and other modes to 
ensure that passenger access to stations safely. 
PIU/ DMRC PIU/ DMRC This is the 
part of 
overall 
project Cost. 
13 
Transboundary 
impacts or climate 
change 
OP: 
(-) Deterioration of rail structures due to 
global warming and inadequate 
 Use materials with high durability and resistance to 
environmental factors, such as corrosion -resistant 
steel. 
PIU/ DMRC PIU/ DMRC This is the 
part of 
overall 
project Cost. "
270,PDF page 270," Environment Impact Assessment for Delhi Metro Phase IV-2 Project 
 
 
260 A DELHI METRO RAIL CORPORATION LTD. 
 
 Item Expected impact Mitigation Measure Implementation 
Body 
Responsibility 
Body 
Cost 
adaptation to climate change is expected 
to affect users. 
(-) Extreme weather will also affect the 
performance of material, paint quality, 
stability of lands, etc. 
 Develop and implement upgrading facilities to 
withstand extreme weather events. 
 DMRC is developing climate resilient infrastructure 
by incorporating green features in operation such 
as waste segregation, air quality sensors etc.  
14 Traffic/ public 
access 
OP: 
(-) Traffic conditions may be affected by 
the generation of increased feeder 
transportation to/from the railway 
stations  
 Measures are required on the junction for reducing 
the speed of vehicles 
 MMI by installing pedestrian crossings and 
subways, continuity in footpath & cycle track. and 
regulated bus stops. 
PIU/ DMRC PIU/ DMRC This is the 
part of 
overall 
project Cost. 
Note: Pre: Pre-Construction Stage, CON: Construction Stage, OP: Operation Stage "
271,PDF page 271," 
Environment Impact Assessment for Delhi Metro Phase IV-2 Project 
 
 
261 J DELHI METRO RAIL CORPORATION LTD. 
 
9.3. Disaster Management 
Disaster is an unexpected event due to sudden failure of the system, external threats, internal 
disturbances, earthquakes, fire and accidents.  The first step is to identify the causes which 
develop/ pose unexpected danger to the structural integrity of Metro tunnel or overhead rail. The 
potential causes are excessive load, cracks, failure and malfunctioning of sensing instruments, 
accident, etc. These need to be investigated with care. 
(1) Preventive Action 
Once the likelihood of a disaster is suspected, action must be initiated to  prevent a failure. 
Engineers responsible for preventive  action should identify sources of repair  equipment, 
materials, labour and expertise for use during emergency. 
(2) Reporting Procedures 
The level at which a situation will be termed a disaster shall be specified. This shall include the 
stage at which the surveillance requirements should be increased both in frequency and details. 
The Engineer-in-Chief should notify the officer for the following information: 
• Exit points for the public, 
• Safety areas in the tunnel/overhead rail, and 
• Nearest medical facilities. 
(3) Communication System 
An efficient communication system is essential for the success of any disaster management plan. 
This has to be worked out in consultation with local authorities.  More often, the entire 
communication system gets disrupted when a disaster occurs. The damage areas need to be 
clearly identified and provided with temporary and full proof communication system. 
(4) Emergency Action Committee 
To ensure coordinates action, an Emergency Action Committee should be constituted. The civic 
administrator may be the Chairman of this Committee. The committee may comprise of: 
• Station Master concerned, 
• Police Officer of the area, 
• Delhi Transport Corporation Representative, 
• Home Guard representative, 
• Fire Brigade representative, 
•  Health Department representative, 
• Department of Information and Publicity, and 
• Non-Governmental Organization of the area. 
Emergency Action  Committee will prepare the  evacuation plan and procedures for 
implementation based on local needs and facilities available. The plan should include: 
• Demarcation of the areas to be evacuated with priorities, 
• Safe route to be used, adequacy of transport for evacuation, and traffic control, 
• Safe area and shelters, 
• Security of property left behind in the evacuated areas, 
• Functions and responsibilities of various members of evacuation teams and setting up 
of joint control room. "
272,PDF page 272," 
Environment Impact Assessment for Delhi Metro Phase IV-2 Project 
 
 
262 J DELHI METRO RAIL CORPORATION LTD. 
 
All personnel involved in the Emergency Action Plan should be thoroughly familiar with all the 
elements of the plan and their responsibilities. They should be trained through drills for the 
Emergency Action Plan. The staff at the site should be trained for problem detection, evaluation 
and emergency remedial  measures. Individual responsibility to handle the segments  in 
emergency plan must be allotted. Success of an emergency plan depends on public participation, 
their response to warning notifications and timely action. Public has to be educated on the 
hazards and key role in di saster mitigation by helping in the planned evacuation and rescue 
operations. 
It is essential to communicate by whom and how a declared emergency will be terminated. There 
should be proper notification  to the public on de-alert signals regarding termination of the 
emergency. The notification should be clear so that the evacuees know precisely what to do when 
re-entering or approaching the affected areas. 
9.4. Emergency Measures 
The emergency measures are adopted to avoid any failure in the system such as lights, fire, means 
of escape, ventilation shafts etc. The aim of Emergency Action Plan is to identify areas, population 
and structures likely to be affected due to a catastrophic event of accident. The action plan should 
also include preventive action, notification, warning procedures and coordination among various 
relief authorities. These are discussed in following sections. 
(1) Emergency Lighting 
The emergency lights operated on battery power should be provided at each station. The battery 
system should supply power to at least  25% of the lights  at the station, platforms, 
tunnels/viaducts for a period  of 2 hours. The underground station should have transformer at 
each end of the platform. Both the transformers need to be kept energized and should feed 
independently alternate rows of lights so that in case of failure of one transformer, there will not 
be complete darkness. The tunnels need to be provided with fluorescent incandescent lamps at a 
spacing of 20 m. 
(2) Fire Protection 
The building  materials should  be of appropriate  fire resistance standard.  For underground 
structures the fire resistance period should be at least 4 hours, and 2 hours for surface or 
overhead structures. Wood shall not be used for any purpose, excluding artificial wood products, 
which are flame resistant. The materials which have zero surface burning characteristics need to 
be used. The electrical systems shall be provided with automatic circuit breakers activated by the 
rise of current as well as activated by over current. The design of a station will include provision 
for the following: 
• Fire prevention measures, 
• Fire control measures, 
• Fire detection systems, 
• Means of escape, 
• Access for fireman, and 
• Means of firefighting. 
Accumulations of refuse of any inflammable material like paper, plastic cartons constitute a major 
fire hazard and should not be permitted. Smoking should be strictly prohibited at all locations of 
MRTS. All aspects of fire prevention and control will be dealt in close collaboration with the city 
fire fighting authority. Smoke control will be achieved by the following means: "
273,PDF page 273," 
Environment Impact Assessment for Delhi Metro Phase IV-2 Project 
 
 
263 J DELHI METRO RAIL CORPORATION LTD. 
 
• Down stand  bulkheads of a minimum depth of 600 mm to provide smoke containment. 
These will be provided around openings for escalators, lifts and stairs in underground 
stations, 
• In underground stations the ventilation system will be designed to extract smoke in  the 
event of fire, and 
• In enclosed public areas of above ground stations (e.g. a concourse located below a 
platform) arrangement for smoke extraction will be provided. 
A minimum of 30 minutes supply of water is to be assured in the case of fire. The pumps/overhead 
tanks shall have the capacity to discharge the water at the rate of 1100 litres per minute at a head 
of 21 m at nozzle mouth. The storage capacity in an underground or overhead tank may be divided 
into two parts i.e. dead storage and running storage. Firefighting pumps shall be provided with a 
diesel pump as a standby arrangement, in case of power failure. 
Fire of electrical origin, water cannot be used until the electric system has been made safe. For 
electrical fires, non -aqueous agents like ABC Power Chloro  Bromo Methane or CO2  gas are 
utilized for firefighting. Fire extinguishers with these agents shall be liberally provided at static 
installations and on the rolling stock. 
Generally, there are often more casualties from smoke inhalation than from burning. Smoke 
needs to be transported away from the site of the fire. In order to achieve this, each fresh air has 
to be introduced into the underground section and exhaust gases should be sucked out from other 
section. 
Openings, including ducts and passages, between MRTS property and any adjoining structures 
which allow free access into the MRTS property will be protected by fire doors, fire shutters, fire 
dampers etc. as appropriate. Fire detection and alarm systems will be provided as per the 
prevailing state of are technology. 
(3) Fire Prevention and Safety Measures 
Fire prevention measures will be designed and implemented to minimize the risk of outbreak of 
fire by appropriate choice, location and installation of various materials and equipment. In 
stations planning, potential sources of fire can be reduced by: 
I. Fire Prevention 
• Use of non-combustible or smoke retardant materials where possible, 
• Rolling stock is provided with fire retarding materials, low smoke zero halogen type 
electric cable is also provide, 
• Provision of layout which permits ease of maintenance for equipment and cleaning of 
the station premises, 
• Provision of special storage spaces for combustible materials such as paint and oil, 
• Prohibition of smoking in fire prone areas, 
• Provision of cigarette and litter bins, and 
• Good housekeeping. 
II. Safety 
Following provisions will be required from fire safety point of view: 
• Automatic sprinkler/detection system to be provided if floor area exceeds 750 sq.m 
• Portable fire non-aqueous extinguishers of Carbon dioxide, chemical dry powder etc. 
at suitable places. 
• Automatic smokes venting facilities. "
274,PDF page 274," 
Environment Impact Assessment for Delhi Metro Phase IV-2 Project 
 
 
264 J DELHI METRO RAIL CORPORATION LTD. 
 
• Fire resisting doors shall be provided at appropriate places along the escape routes to 
prevent spread of fire and smoke. 
(4) Fire Alarm and Detection System 
A complete fire detection system with equipment complying with the requirements of Delhi Fire 
Services shall be provided through out each station and ancillary buildings including entrance 
passageways, subways and adits  etc. to give  visual and audible  indication of alarm conditions 
actuated by the operation  of break glass contact or fire  sensors e.g. detector heads, linear  heat 
detecting cables etc. The system shall be operated from 24 V DC Power sources. 
Manually operated call points shall be provided at every hydrant and nose reel points, station 
head wall, tail wall and other locations. Alarm bells shall be installed in each plant room complex 
at both platform and concourse level and shall be clearly audible at all points in the room/area.  
Beam detector or heat detector shall be installed at roof level, ceiling and floor cavity, whilst linear 
detecting cables shall be installed in under platform cable ducts and cable shafts. 
Smoke probe units shall be installed in rooms/compartments. When an alarm point is operated, 
the fire pump shall start to operate automatically. A station fire control and indicating panel shall 
be provided an installed in the station controllers room, for the control, indication and monitoring 
of the whole detection and firefighting systems. While designing the firefighting system, the zone 
of Delhi Fire Services shall be taken into account for linking with the same. 
(5) Fire Control Measures 
Control of the spread of fire and smoke will be achieved by partition of fire risk areas, planning 
for smoke extraction, and arrangement for smoke containment. Partition is aimed at limiting the 
extent of a fire.  The openings must be capable of being sealed in the event of fire.  With the 
exception of station public areas, a fire compartment will not exceed 1500 m2.  Partition of the 
public areas in stations  is not practicable for operational reasons. The fire resistance period of  
this separated area should be about 3 hours. 
a. Access for Fireman 
A secondary access to the station, not used by passengers for evacuation, shall be available to 
fireman should the need arise. The entry point shall be easily accessible from the road. Access 
shall be available to all levels of the station.  The minimum width of the stairs is 1.0 m and 
maximum height should not exceed 60 cm. 
Ventilation Shafts 
The Environmental  Control system for  underground stations  require ventilation openings 
between various plants, plant rooms and the atmosphere. The tunnel vent shafts of approximately 
20 sq. m.  area will be constructed at each end of the stations.  There shall be supply shaft and 
exhaust shafts of similar dimensions at the stations.  
b. Emergency Door 
The rolling stock is provided with emergency doors at both ends of the cab to  ensure directed 
evacuation of passengers in case of any emergency including fire in the train. 
 
***** "
275,PDF page 275," 
Environment Impact Assessment for Delhi Metro Phase IV-2 Project 
 
 
265 J DELHI METRO RAIL CORPORATION LTD. 
 
CHAPTER 10. ENVIRONMENTAL MONITORING PLAN  
10.1. Environmental Monitoring Plan 
The Table 10.1 and 10.2 will be representing the Pre -Construction and Construction and 
Operation Phases Monitoring plans, respectively. Draft Environment Monitoring Form is included 
in Annexure XII. "
276,PDF page 276," Environment Impact Assessment for Delhi Metro Phase IV-2 Project 
 
 
266 J A DELHI METRO RAIL CORPORATION LTD. 
 
Table 10.1: Pre-Construction and Construction Stage Monitoring Schedule 
 Impact Item Mitigation Measure Method / Survey 
Item 
monitoring 
standards 
monitoring 
site 
period and 
frequency 
Implementing 
agency 
costs 
(i) Pollution        
1 Air Quality  Conduct frequent checks to ensure 
adherence to consent conditions. 
 Provide comprehensive training to 
project staff on environmental 
regulations, consent conditions, and 
best practices for compliance. 
 Take steps to prevent dust from 
spreading during excavation, grading, 
land clearing, and waste disposal. Dust 
from transportation, handling, 
construction, or storage activities 
should not be visible outside the 
property line. 
 Vehicles and equipment must meet 
emission standards set by Indian 
government agencies. Regular checks 
and maintenance, including 
replacements, are necessary to comply 
with these standards. Proper traffic 
clearance will be provided by the 
Contractor at peak timings. 
 Dust-generating materials like debris 
and soil being transported should be 
covered and loaded properly to prevent 
spills. 
 Provide a wash pit or vehicle cleaning 
facility at site exits. High-pressure water 
jets should be used to clean vehicles and 
remove dirt and debris. 
 The stockpiling of earth in the 
designated locations with suitable 
slopes. Sufficient equipment, water and 
personnel shall be available on dumping 
sites at all times to minimise dust 
suppression. 
Status of obtaining 
permits 
- - Once prior to  
the 
construction  
Contractor  This is part of 
contractor’s 
cost. 
Sampling Survey:  
PM2.5 and PM 10, SO 2, 
NOX, CO and HC 
 
National 
Ambient air 
quality 
standards, 
18th 
November 
2009 
12 locations 
identified 
during 
baseline 
survey 
2x24 Hours, 
twice in a 
month until 
the 
completion of 
construction. 
DMRC/Contrac
tor through 
NABL 
accredited lab 
 
Per sample Rs. 
3500 and is 
part of 
contractor’s 
cost. 
Visual Inspection； 
Status of ambient air 
quality, dust 
generation/ 
deposition 
- In and around 
construction 
sites, 
temporary 
facilities and 
project area 
 
Weekly visual 
observation 
until the 
completion of 
construction. 
 
 
Contractor This is part of 
contractor’s 
cost. 
2 Surface & 
Ground Water 
 Prepare and implement a 
comprehensive water management 
plan  
Visual inspection - Waterbody 
along the 
corridors 
Daily during 
monsoon 
season 
Contractor This is part of 
contractor’s 
cost. "
277,PDF page 277," Environment Impact Assessment for Delhi Metro Phase IV-2 Project 
 
 
267 J A DELHI METRO RAIL CORPORATION LTD. 
 
 Impact Item Mitigation Measure Method / Survey 
Item 
monitoring 
standards 
monitoring 
site 
period and 
frequency 
Implementing 
agency 
costs 
 Encourage recycling and reuse of 
materials to reduce the amount of 
wastewater generated. 
 The exposed land is minimized, and 
cover is established as quickly as 
possible. 
 Surplus soil and other excavated 
materials will be transferred to a soil 
disposal site 
 Prepare and implement site 
management plan to minimise soil 
erosion flowing into waterbodies. 
Sampling survey: 
pH, Sodium, 
Potassium, Chloride, 
Nitrogen, 
Phosphorous, 
Organic Matter, 
Heavy Metals 
(Mercury, Cadmium, 
Arsenic, Cyanide, 
lead, chromium), Oil 
and Grease 
CPCB (BIS 
10500:2012) 
06 locations 
for surface 
water and 06 
location for 
groundwater 
identified 
during 
baseline 
survey 
Once in  semi-
annually until 
the 
completion of 
construction. 
DMRC/Contrac
tor through 
NABL 
accredited lab 
Per sample Rs. 
2000 and is 
part of 
contractor’s 
cost. 
3 
Environmental 
Sanitation, 
Waste Disposal, 
and Odour 
 Prepare and implement a 
comprehensive waste management 
plan to segregate and dispose of 
different types of solid, hazardous 
waste etc. According  to local 
regulations.  
 Prepare and implement 3R plan 38  to 
encourage recycling and reuse of 
materials to reduce the amount of waste 
generated.  
 Dispose of Construction and Demolition 
(C&D) waste to  C&D waste recycling 
unit. 
 The hazardous waste shall be stored in 
an impermeable surface with 
containment bunding to retain leaks, 
spills and ruptures. Further, waste to be 
disposed off to authorised recyclers 
only to ensure effective management 
and disposal of waste from the site. 
 The muck generated at site shall be filled 
in the dumping site in layers and 
compacted mechanically 
Visual Inspection  All 
construction 
site 
Weekly 
inspection 
Contractor This is part of 
contractor’s 
cost. 
 The volume of C&D 
waste i ncluding 
soil. 
 Status of 
implementing a 
comprehensive 
waste 
management plan 
and Soil/C&D 3 R 
(reduce, reuse, 
recycle) plan  
 Record of disposal 
of C&D waste 
including 
delivering process 
and disposal sites 
and this procedure 
 Voices and 
complaints from 
the local 
community 
-  All 
construction 
sites 
Monthly basis 
 until the 
completion of 
construction. 
DMRC/Contrac
tor 
4 Soil 
Contamination 
 Conduct comprehensive soil testing 
before construction to identify existing 
contaminants and the baseline soil 
Sampling survey: 
 pH, Sodium, 
Potassium, 
USEPA RSL 10 locations 
identified 
during 
Once in six 
months until 
the 
DMRC/Contrac
tor through 
Rs. 2000 per 
sample and is 
part of 
 
38 3R plan: a minimum of 20 % of C&D recycled products shall be used for external development and road woks for finishing contracts. 
 "
278,PDF page 278," Environment Impact Assessment for Delhi Metro Phase IV-2 Project 
 
 
268 J A DELHI METRO RAIL CORPORATION LTD. 
 
 Impact Item Mitigation Measure Method / Survey 
Item 
monitoring 
standards 
monitoring 
site 
period and 
frequency 
Implementing 
agency 
costs 
condition. Test for heavy metals, 
hydrocarbons, chemicals, and organic 
pollutants. 
 In areas where soil contamination is 
detected, develop a remediation plan to 
minimise the impact. 
 Ensure that all waste generated during 
construction, including hazardous 
materials, is disposed of in accordance 
with environmental regulations. 
 In case of accidental spills and leaks, an 
Emergency Response Plan (spill 
response) and a Health and Safety 
Management Plan will be 
applied/implemented immediately. 
 During construction  phase, various  
chemicals such as grease, oil etc will be 
kept on site. They will be kept on an 
impermeable PCC surface so as to  
prevent spillage on soil. 
 Conduct frequent inspections of the 
construction site to ensure that soil 
contamination prevention measures are 
being followed. 
Chloride, Nitrogen, 
Phosphorous, 
Organic Matter, 
Heavy Metals 
(Mercury, 
Cadmium, Arsenic, 
Cyanide, lead, 
chromium), Oil 
and Grease. 
 
 Visual inspection 
of Implementation 
status of soil 
contamination 
prevention 
measures 
Baseline 
survey 
Completion of 
construction. 
NABL 
accredited lab 
contractor’s 
cost. 
5 Noise 
Source control:  
 Use low -noise machinery for 
construction such as piling. 
 Noise suppressors such as mufflers will 
be installed whenever deemed 
necessary to maintain the noise 
generated by various heavy equipment 
and other construction machinery 
within permissible limits. 
Collective control:  
 High noise -generating construction 
activities will be scheduled during 
daytime only (6:00 – 22:00) to avoid 
noise disturbance to adjust residential 
and commercial areas and other noise -
sensitive areas. In the case of academic 
facilities, the activities should be 
scheduled during feasible times in 
Ocular observation, 
 
-  In and around 
construction 
sites and 
temporary 
facilities and 
project area 
Weekly Contractor This is part of 
contractor’s 
cost. 
Sampling Survey:  
Leq, Lmax, (for both 
day and night).  
 
Visual observation of 
installation of 
necessary facilities 
Noise 
Pollution 
(Regulation 
and Control) 
Rules, 2000 
12locations 
identified 
during 
baseline 
survey 
24 hours once 
a week until 
the 
completion of 
construction. 
DMRC/Contrac
tor through 
NABL 
accredited lab 
Rs. 1500 per 
sample and is 
part of 
contractor’s 
cos "
279,PDF page 279," Environment Impact Assessment for Delhi Metro Phase IV-2 Project 
 
 
269 J A DELHI METRO RAIL CORPORATION LTD. 
 
 Impact Item Mitigation Measure Method / Survey 
Item 
monitoring 
standards 
monitoring 
site 
period and 
frequency 
Implementing 
agency 
costs 
consultation with the school so as not to 
interfere with the class works.. 
 Provide Noise Barriers wherever 
required to minimise the impact on 
residential areas/ sensitive receptors. 
 Proper planning and communication 
with the affected community are also 
crucial to mitigate the impact of 
construction-related vibrations 
Worker’s protection: 
 Workers are provided with personal 
hearing protection and training.  
6 Vibration 
 Use low vibration machinery for 
construction such as piling. 
 Applying vibration-dampening 
techniques like isolating equipment from 
the ground, 
 Pre-construction surveys should be 
conducted to assess the condition of 
nearby buildings, and protective 
measures, such as temporary supports 
or bracing, can be implemented if 
necessary.  
Visual observation of 
installation of  
necessary facilities, 
- Construction 
sites 
Weekly Contractor This is part of 
contractor’s 
cost. 
Sampling  
Vdb,  
 
FTA 
Guidelines 
(Day time and 
nighttime) 
 12 locations 
identified 
during 
baseline 
survey 
24 hours at 
two locations, 
in each 
quarter for 
until the 
completion of 
construction. 
DMRC/Contrac
tor 
Rs. 25000 per 
sample and is 
part of 
contractor’s 
cost 
 
7 Ground 
subsidence 
 The detailed survey of condition of 
buildings/houses along proposed 
alignment will be conducted. 
 Conduct monitoring of buildings/houses 
condition during the underground 
construction work. 
Conduct of survey 
 
- Buildings/ho
uses along 
proposed 
alignment 
Prior to 
construction 
 
during the 
underground 
construction 
work. up to 
the time of 
excavation 
 
DMRC)/Contra
ct 
This is part of 
project/contra
ctor’s cost.t 
(ii)Natural Environment       
8 Ecological 
Monitoring and 
Afforestation 
 Conduct frequent checks to ensure 
adherence to consent conditions. 
Provide comprehensive training to 
project staff on environmental 
regulations, consent conditions, and best 
practices for compliance. 
 Status of 
obtaining tree cut 
permit 
 Number of trees 
planted / Number 
of trees planned to 
be planted , 
- Project sites,  
Planted area 
 
 
Once Prior to 
tree cut  in 
each site. 
 
Annually 
during 
construction 
DMRC/Contrac
tor 
Rs. 50,000 for 
one survey 
and is part of 
contractor’s 
cost. "
280,PDF page 280," Environment Impact Assessment for Delhi Metro Phase IV-2 Project 
 
 
270 J A DELHI METRO RAIL CORPORATION LTD. 
 
 Impact Item Mitigation Measure Method / Survey 
Item 
monitoring 
standards 
monitoring 
site 
period and 
frequency 
Implementing 
agency 
costs 
 Clearly mark the are a of tree to be cut 
and locally adjust the area of tree cut to 
minimise the number of trees to be cut as 
much as possible. 
 The tree individuals that are not being 
cut or replaced will be safeguarded with 
appropriate measures  and will be 
maintained throughout the construction 
process. 
 As per the provision of the Delhi 
Preservation of Trees Act, 1994 and 
Government guidelines (Feb 2020), 10 
tree saplings are to be planted for every 
tree felled. 158,560 trees is planned to be 
planted in total, however, it will depend 
on actual number of trees felled. 
 As per the guidelines of forest 
department, transplantation of trees 
shall be carried out.  Planting area 
proposed; proposed metro corridors and 
metro stations  as far as practical given 
the space constraints , and the 
recommended area by forest 
department.  
until the 
completion of 
construction 
 During the night -time, it is advisable to 
refrain from engaging in activities that 
produce excessive noise  
 Establishing clear boundaries around 
sensitive areas , pr otected forest, parks , 
marked with fencing or signage, is 
crucial to prevent unauthorized access 
and limit construction activities in these 
zones. 
 Adequate care shall be given by the 
contractor to checking that there are no 
significant species nesting in the trees 
which are getting transplanted 
 Respond if any potential impact to fauna 
is detected. and implement appropriate 
response measures in consultation with 
expert’s agency. 
 Visual observation 
of installation of 
necessary 
facilities, 
 
 Issues and 
concerns raised by 
public 
- Sites adjacent 
to protected 
forests, parks 
 
Once prior to 
the activity 
starts 
 
Annually 
during 
construction 
until the 
completion of 
construction. 
  
DMRC/Contrac
tor 
This is part of 
project/contra
ctor’s cost.  "
281,PDF page 281," Environment Impact Assessment for Delhi Metro Phase IV-2 Project 
 
 
271 J A DELHI METRO RAIL CORPORATION LTD. 
 
 Impact Item Mitigation Measure Method / Survey 
Item 
monitoring 
standards 
monitoring 
site 
period and 
frequency 
Implementing 
agency 
costs 
9 Hydrology 
 The metro infrastructure (under 
ground stations) is designed to collect 
the seepage water wherever water 
table is high. The collected water is then 
utilised within the premises. 
 Conduct comprehensive assessments to 
understand the potential impacts of 
construction on local hydrology. This 
includes evaluating surface 
water/groundwater levels, flow 
patterns, depth of ground water etc. 
 Reduce the number of bridge piers to be 
installed in drains, and adoption of a 
bridge pier cone design, 
 obtain Floodplain Management 
Approval from Flood Control 
Department, approval from the Delhi 
Development Authority (DDA) 
 DMRC will add flood control walls to 
prevent flood water entering the 
underground stations construction site 
and also ensure desilting of drains in 
the vicinity prior to monsoon season so 
that the draining of surface water is not 
impeded during heavy flood 
 If dewatering is necessary during 
Underground construction, use 
temporary dewatering systems 
designed to minimize the impact on 
surrounding groundwater levels. 
 Implement a surface water  and 
groundwater monitoring program to 
regularly measure water levels and 
quality in wells near construction sites. 
Installation and 
condition of flood 
control measures 
and drainage 
Visual observation of 
surface water flow,  
 
Measurement of 
groundwater surface 
water level,  
Iissues and concerns 
raised by public 
 
- Drains nearby 
which 
alignment 
pass over 
Construction 
sites and the 
surrounding 
Area,  
 
As per the 
requirement 
of Site 
conditions 
Once prior to 
construction,  
 
Twice per 
year during 
construction. 
 
For 2 years 
after. the 
start. of 
operation. 
 
For 
underground 
construction: 
Until the 
completion of 
construction. 
 
DMRC/Contrac
tor 
Rs. 1,00,000 
for one survey 
and is part of 
contractor’s 
cost. "
282,PDF page 282," Environment Impact Assessment for Delhi Metro Phase IV-2 Project 
 
 
272 J A DELHI METRO RAIL CORPORATION LTD. 
 
 Impact Item Mitigation Measure Method / Survey 
Item 
monitoring 
standards 
monitoring 
site 
period and 
frequency 
Implementing 
agency 
costs 
10 Geology/Topogr
aphy 
 Conduct detailed geotechnical surveys 
before construction to understand the 
Natural topography, soil composition, 
rock formations, fault lines, and 
potential seismic activity in the area. 
This information is crucial for designing 
safe and effective structures. 
 Tailor the design of tunnels, stations, 
and other infrastructure to the specific 
geological and topographical 
conditions. 
 incorporate all permanent erosion 
features into the project. 
Visual inspection  
Soil Erosion, Topsoil 
removal, Debris 
material collection 
- Construction 
sites 
Monthly Contractor This is part of 
contractor’s 
cost. 
(iii) Social Environment       
11 Livelihood  Maintain continuous access to local 
businesses and ensure that no 
significant disruptions affect their 
business operations. 
 Engage concerned stakeholders (i.e. 
business, employee etc.) and conduct 
consultations to ensure that their issues 
and concern are addressed in decision -
making process and information is 
provided in a timely manner.  
Voices and 
complaints from  
local communities, 
- Nearby local 
communities 
affected by 
the project 
As & when 
required. 
until the 
completion of 
construction. 
DMRC/Contrac
tor 
This is part of 
project/contra
ctor’s cost. 
12 Socially 
Vulnerable 
 Prioritize the use of local materials and 
contractors to stimulate the local 
economy and create job opportunities 
for vulnerable residents. 
 Hold consultations with local 
communities including the vulnerable 
and marginalized groups such as 
women, elderly, poor, single parents, 
the physically and socially disabled.  to 
ensure that concerns of those affected 
are considered and addressed, with 
emphasis on ensuring they derive 
benefits and opportunities from the 
Project. Furthermore, the GRM will 
serve as a venue for local communities 
to relay their concerns to ensure th at 
their issues 
Voices and 
complaints from  
local communities, 
- Nearby local 
communities 
affected by 
the project 
As & when 
required until 
the 
completion of 
construction.  
 
DMRC/Contrac
tor 
This is part of 
project/contra
ctor’s cost. "
283,PDF page 283," Environment Impact Assessment for Delhi Metro Phase IV-2 Project 
 
 
273 J A DELHI METRO RAIL CORPORATION LTD. 
 
 Impact Item Mitigation Measure Method / Survey 
Item 
monitoring 
standards 
monitoring 
site 
period and 
frequency 
Implementing 
agency 
costs 
13 Cultural 
heritage 
 If any ASI protected monument is 
encountered, DMRC will undertake 
process of obtaining clearance as per 
applicable legislation from statutory 
authority prior to the initiation of 
construction. 
Record of ASI 
protected 
monument is 
encountered, if any 
- Construction 
sites 
As & when 
required until 
the 
completion of 
construction.  
 
DMRC/Contrac
tor 
This is part of 
project/contra
ctor’s cost. 
14 Landscape 
(housekeeping) 
 Keep in and around of construction 
sites/temporary facilities/ access road 
tidy and clean, and strictly manage solid 
wastes to minimize visual clutter.  
 Record the condition of roads, and other 
infrastructure prior to construction 
activities and fully reinstate temporary 
access and sites including local 
infrastructure to at least their pre -
project condition upon the completion of 
construction activities.  
 Implement grievance redress procedure 
in a timely and transparent manner. If 
any complaints and /or risks detected, 
supplement measures, etc. 
Visual Inspection - Construction 
sites 
Weekly Contractor This is part of 
project/contra
ctor’s cost.  Status of waste 
management 
 Status of 
information 
dissemination to 
local community 
 
- Construction 
sites, 
Monthly until 
the 
completion of 
construction. 
DMRC/Contrac
tor 
14 Water Use 
 All relevant regulations and obtaining 
necessary permits or approvals for 
water extraction, including obtaining 
permits from local water authorities or 
other governing bodies, and complying 
with any restrictions or guidelines 
related to water usage and conservation.  
 Adopt methodologies and technologies 
for construction activities that 
minimize disruption of water 
availability for existing users. 
 Establish a monitoring program to 
regularly assess ground conditions 
during construction 
 Status of obtaining 
permit, if required 
 Voices and 
complaints from  
local communities 
- Construction 
sites 
Once prior to 
construction 
 
Semi-
annually until 
the 
completion of 
construction. 
 
DMRC/Contrac
tor 
This is part of 
project/contra
ctor’s cost. 
15 
Existing utility 
and social 
infrastructure 
and service 
 Detailed investigation of all utilities and 
location will be undertaken well in 
advance by making trench pit to avoid 
damage to any utility. 
 Utility services shall be kept operational 
during the entire construction period 
and after completion of project. All 
 Status of utility 
interruption 
 Voices and 
complaints from 
the local 
community 
- Project 
affected area 
Once Before 
construction 
commenceme
nt and when 
complaints 
are raised 
DMRC/Contrac
tor 
This is part of 
project/contra
ctor’s cost. "
284,PDF page 284," Environment Impact Assessment for Delhi Metro Phase IV-2 Project 
 
 
274 J A DELHI METRO RAIL CORPORATION LTD. 
 
 Impact Item Mitigation Measure Method / Survey 
Item 
monitoring 
standards 
monitoring 
site 
period and 
frequency 
Implementing 
agency 
costs 
proposals should, therefore, ensure 
their uninterrupted functioning. 
 Make sure to provide safe access to 
sensitive facilities such as hospital, 
school, etc. during the construction 
period by installing traffic guides and 
warning signs, and if required, 
measures such as detour route should 
be set up based on the traffic congestion 
condition. 
 Closely coordinate with the concerned 
municipal and concerned stakeholders 
through various public consultations 
activities in accordance to ensure that 
all key stakeholders are properly 
informed for construction schedule and 
potential impacts, adequately 
consulted. 
 Hold consultations with local 
communities including the vulnerable 
and marginalized groups such as 
women, elderly, poor, single parents, 
the physically and socially disabled.  to 
ensure that concerns of those affected 
are considered and addressed, with 
emphasis on ensuring they derive 
benefits and opportunities from the 
Project. Furthermore, the GRM will 
serve as a venue for local communities 
to relay their concerns to ensure th at 
their issues are considered 
until the 
completion of 
construction. 
 
16 Children’s right 
 Temporary impact to schools such as 
construction noise and vibration is to be 
minimized by installation of temporary 
noise barrier and/or, allocation of 
traffic safety officer, signages, etc. 
 High noise -generating construction 
activities will be scheduled during 
feasible times in consultation with 
schools so as not to interfere with the 
class works. 
 Closely coordinate with the concerned 
municipal and concerned stakeholders 
 Voices and 
complaints from 
the local 
community 
Including 
teachers/schools 
 Site observation 
- Project 
affected area 
Once Before 
construction 
commenceme
nt and when 
complaints 
are raised  
until the 
completion of 
construction. 
DMRC/Contrac
tor 
This is part of 
project/contra
ctor’s cost. "
285,PDF page 285," Environment Impact Assessment for Delhi Metro Phase IV-2 Project 
 
 
275 J A DELHI METRO RAIL CORPORATION LTD. 
 
 Impact Item Mitigation Measure Method / Survey 
Item 
monitoring 
standards 
monitoring 
site 
period and 
frequency 
Implementing 
agency 
costs 
including teachers/schools and local 
communities including the vulnerable 
and marginalized groups such as women, 
elderly, poor, single parents, the 
physically and socially disabled through 
various public consultations activities in 
accordance to ensure that all key 
stakeholders are properly informed for 
construction schedule and potential 
impacts, adequately consulte d. 
Furthermore, the GRM will serve as a 
venue for local communities to relay 
their concerns to ensure that their issues 
are considered. 
17 Infectious 
Disease 
 Prepare and implement comprehensive 
health education programs to raise 
awareness about infectious disease and 
prevention, while providing access to 
healthcare services for regular 
screenings and counselling. 
 Providing adequate facilities at 
construction sites, employment of 
preferably local labour. 
 General health 
checkup 
 Confirmation of 
voices and 
complaints 
 Status of adequate 
facilities at sites 
- Project 
affected area 
Once Before 
construction 
commenceme
nt and 
when 
complaints 
are heard 
until the 
completion of 
construction. 
DMRC/Contrac
tor 
This is part of 
project/contra
ctor’s cost. 
18 Workers health 
and safety 
 Prepare and implement Safety Health 
and Environment Manual (SHE).  
 Regular Health check-up of the worker. 
 Proper training, maintenance, and safety 
measures are necessary to prevent 
accidents. 
 Adhere to strict working hour 
regulations and provide adequate rest 
periods.  
 Ensure regular maintenance of all 
vehicles and machinery to prevent 
breakdowns and accidents.  
 Provide appropriate PPE to protect 
workers from air pollution, noise, 
vibration, and extreme weather.  
 Conduct regular safety training 
programs for all workers to enhance 
Ocular inspection on 
status of ensuring a 
clean and safe work 
environment at each 
construction site or 
temporary facility: 
 All 
construction 
sites 
Weekly Contractor This is part of 
project/contra
ctor’s cost. 
 General health 
checkup 
 Voice and 
complaints from 
the workers 
- All 
construction 
sites - 
Once in three 
months, when 
complaints 
are heard  
until the 
completion of 
construction. 
DMRC/Contrac
tor "
286,PDF page 286," Environment Impact Assessment for Delhi Metro Phase IV-2 Project 
 
 
276 J A DELHI METRO RAIL CORPORATION LTD. 
 
 Impact Item Mitigation Measure Method / Survey 
Item 
monitoring 
standards 
monitoring 
site 
period and 
frequency 
Implementing 
agency 
costs 
their awareness of potential hazards and 
safe working practices.  
 Develop and implement emergency 
response plans to address accidents 
promptly. 
 Employ advanced construction planning 
and management techniques to 
minimize risks associated with tunnel 
and viaduct construction. Establish strict 
safety protocols for the operation of 
heavy machinery, including regular 
inspections and operator training.  
19 
Community 
health and 
safety 
 Engage community stakeholders on a 
regular basis.  If complaints arise, 
immediately identify the causes and 
evaluate built -in measures. Disclose 
results to the public. 
 Inform local communities and public 
through slogans etc, about the potential 
impacts of the project and 
corresponding health and safety 
mitigation measures so that their issues 
and concern of stakeholders are 
addressed through identifying the 
concerns and issues of communities 
and thereby appropriate measures are 
selected and implemented wherever 
required so as to resolve the 
complaint/grievance. 
 Operate GRM to handle complaint/s, if 
any. Disseminate information on 
activity with community health and 
safety ri sk (i.e., diversion routes for 
vehicles, and pedestrians) widely 
through various media in a timely 
manner. 
 Monitor community-involved accidents 
at construction sites and temporary 
facilities and immediate vicinity as well 
as, record, report and disclose accidents 
including fatal accident, medical 
treatment cases, disabling injuries and 
Voice and 
complaints from  
local communities 
 
 
- Project 
affected area 
When 
complaints 
are heard  
until the 
completion of 
construction. 
DMRC/Contrac
tor 
This is part of 
project/contra
ctor’s cost. "
287,PDF page 287," Environment Impact Assessment for Delhi Metro Phase IV-2 Project 
 
 
277 J A DELHI METRO RAIL CORPORATION LTD. 
 
 Impact Item Mitigation Measure Method / Survey 
Item 
monitoring 
standards 
monitoring 
site 
period and 
frequency 
Implementing 
agency 
costs 
non-injury adverse events involving 
local communities. 
 Mitigation measures for pollution (air, 
water, noise and vibration, waste) as 
well as public/transport access are 
referred to under each item. 
 (iv) Others 
20 Road safety 
 Diversion routes for vehicles and 
pedestrians to ensure that these are 
safe, well-lit, and sufficient to meet the 
foot and vehicular traffic to avoid any 
untoward incidents. 
 Disseminate Information on traffic 
diversion routes widely through various 
media. 
 Ensure proper fencing of the 
construction site, provision of signage, 
warning and posters, and guarding of 
the access point to ensure that the area 
is not accessible to the public 
 Voices and 
complaints from the 
local community 
- Project 
affected area 
Monthly and 
when 
complaints 
are heard 
until the 
completion of 
construction. 
DMRC/Contrac
tor 
This is part of 
project/contra
ctor’s cost. 
21 Climate Change 
 Awareness drives and Plantation drives 
will be conducted. 
 Adequate measures are undertaken to 
prevent the workers from the impact of 
heat. Water bottles are provided at 
regular interval to provide drinking 
facilities.  
 Rest rooms are provided to mitigate the 
impact of heat during summers.  
 Plantation 
initiatives 
 Status of providing 
resting facilities, 
provision of 
sufficient drinking 
water 
- Project 
affected area 
As & when it 
is possible. 
 
Until the 
completion of 
construction. 
DMRC/Contrac
tor 
This is part of 
project/contra
ctor’s cost. "
288,PDF page 288," Environment Impact Assessment for Delhi Metro Phase IV-2 Project 
 
 
278 J A DELHI METRO RAIL CORPORATION LTD. 
 
 Impact Item Mitigation Measure Method / Survey 
Item 
monitoring 
standards 
monitoring 
site 
period and 
frequency 
Implementing 
agency 
costs 
22 Traffic/ Public 
Access 
 Prepare a Traffic Management Plan 
(TMP) in coordination with the 
concerned authorities and transport 
operator/s to ensure that traffic 
congestion due to construction 
activities (movement of construction 
vehicles, haulage trucks, and 
equipment) is minimized. 
 Inform local communities on project 
activities, construction schedule, 
possible impact to the existing public 
access. 
 In case of any temporary road closure/s, 
minimize impact/s to the daily life of 
affected communities’ access through 
providing alternative access/the 
diverted routes. 
 Voices and 
complaints from 
the local 
community 
- Project 
affected area 
Four times a 
year until the 
completion of 
construction. 
DMRC/Contrac
tor 
This is part of 
project/contra
ctor’s cost. 
 
 
 
 
  "
289,PDF page 289," Environment Impact Assessment for Delhi Metro Phase IV-2 Project 
 
 
279 J A DELHI METRO RAIL CORPORATION LTD. 
 
Table 10.2 : Operation Stage Monitoring Schedule 
 Impact Item Mitigation Measure Method / Survey 
Item 
monitoring 
standards 
monitoring 
site 
period and 
frequency 
Implementing 
agency costs 
(i) Pollution 
1 Air Quality 
 Ensure seamless connectivity between 
the metro and other public transport 
systems to minimize reliance on private 
vehicles. Create pedestrian-friendly 
zones around stations, with wide 
sidewalks, pedestrian crossings, and 
clear signage. 
 Plan maintenance activities carefully to 
minimize disruptions to traffic and 
pedestrian flow. 
 Periodical maintenance of relevant 
facilities such as ventilation system, 
substation, and the depot. 
PM2.5 and PM 10, SO 2, 
NOX, CO and HC 
National 
Ambient air 
quality 
standards, 
18th 
November 
2009 
12 locations , to 
be determined 
in 
consideration 
to the site 
condition. 
Including 
sensitive 
receptors  
 
2days x24 
Hours, twice 
in a month  
for 2 years. 
DMRC through 
NABL 
accredited lab 
Per sample Rs. 
3500 and is 
part of 
contractor’s 
cost. 
2 Surface & 
Ground Water 
 Minimise the wastewater generation by 
undertaking measures such as water 
efficient faucets etc, 
 Ensure recycling of wastewater by 
providing Effluent treatment plants at 
station and depots.  
 Provide training to staff on water 
conservation.  
pH, Sodium, 
Potassium, Chloride, 
Nitrogen, 
Phosphorous, Organic 
Matter, Heavy Metals 
(Mercury, Cadmium, 
Arsenic, Cyanide, lead, 
chromium), Oil and 
Grease 
CPCB (BIS 
10500:2012
) 
06 locations for 
surface water 
and 06 location 
for 
groundwater to 
be determined 
in 
consideration 
to the site 
condition. 
Once in six 
months for 2 
year. 
DMRC through 
NABL 
accredited lab 
Per sample Rs. 
2000 and is 
part of 
contractor’s 
cost. 
3 
Environmental 
Sanitation, 
Waste Disposal , 
and Odour 
 All the waste generated during 
operation shall be disposed off in an 
adequate manner such disposal of E -
waste, Battery waste etc to recycling 
units. 
 Provide training to staff on waste 
management. 
 Make efforts to re-use the material 
thereby minimise the waste generation. 
Such measures include reuse of metal 
waste etc.  
 The quantity of 
waste generated and 
disposed.  
 Record of disposal 
including deliverin g 
process  
 Voices and 
complaints from the 
local community 
 Station and 
depot. 
Quarterly 
 
DMRC This is part of 
project/contrac
tor’s cost. 
4 Soil 
Contamination 
 Implement measure for water pollution 
and waste.  
 Conduct frequent inspections of the site 
to ensure that soil contamination 
prevention measures are being followed. 
 Visual inspection 
 pH, Sodium, 
Potassium, Chloride, 
Nitrogen, 
Phosphorous, 
USEPA RSL 10 locations  
to be 
determined in 
consideration 
Once within 
a year after 
completion 
of 
DMRC through 
NABL 
accredited lab 
Rs. 2000 per 
sample 
and is part of 
contractor’s 
cost. "
290,PDF page 290," Environment Impact Assessment for Delhi Metro Phase IV-2 Project 
 
 
280 J A DELHI METRO RAIL CORPORATION LTD. 
 
 Impact Item Mitigation Measure Method / Survey 
Item 
monitoring 
standards 
monitoring 
site 
period and 
frequency 
Implementing 
agency costs 
Organic Matter, 
Heavy Metals 
(Mercury, Cadmium, 
Arsenic, Cyanide, 
lead, chromium), Oil 
and Grease. 
 
 
to the site 
condition. 
constructio
n  
 
Visual 
inspection 
annually 
5 Noise 
 Undertake noise monitoring near 
residential/sensitive receptors. 
 Wheel profiling, rail grinding, using 
noise-reducing technologies, such as 
rubber track pads and dampers, helps 
minimize noise. Additionally, managing 
the volume of public announcements 
and regularly monitoring noise levels to 
ensure compliance with standards are 
crucial steps in mitigating noise 
pollution.  
Leq, Lmax, (for both 
day and night). 
 
 
 
Noise 
Pollution 
(Regulation 
and Control) 
Rules, 2000 
 
12 locations  
to be 
determined in 
consideration 
to the site 
condition 
Including 
sensitive 
receptors  
 
24 hours 
four time a 
year for 2 
years 
DMRC through 
NABL 
accredited lab 
Rs. 1500 per 
sample 
and is part of 
contractor’s 
cost. 
6 Vibration 
 Undertake vibration monitoring near 
residential/sensitive receptors  
 Undertake vibration mitigation 
measure which generally include wheel 
profiling, rail grinding, monitoring 
speed, providing elastic fastenings, and 
separation of rail seat assembly from 
the concrete plinth with insertion of 
resilient and shock absorbing pad. 
Vdb FTA 
Guidelines 
(Day time 
and 
nighttime) 
 12 locations  
to be 
determined in 
consideration 
to the site 
condition. 
Including 
sensitive 
receptors  
 
24 hours 
four time a 
year for 2 
years. 
DMRC Rs. 25000 per 
sample 
and is part of 
contractor’s 
cost. 
(ii)Natural Environment 
7 Hydrology  Implementing an advanced drainage 
system is essential to prevent 
waterlogging and reduce the risk of 
flooding.  
 The metro infrastructure (under 
ground stations) is designed to collect 
the seepage water wherever water 
table is high. The collected water is then 
utilised within the premises. 
 Protection from flood during operation: 
Structures on the ground  have been   
 Visual observation 
of surface water 
flow 
 
 Visual observation 
of seepage water at 
underground 
stations. 
 
- Station sites 
and the 
surrounding 
Area 
 
Quarterly DMRC Rs. 1,00,000 for 
one survey  and 
is part of 
contractor’s 
cost. "
291,PDF page 291," Environment Impact Assessment for Delhi Metro Phase IV-2 Project 
 
 
281 J A DELHI METRO RAIL CORPORATION LTD. 
 
 Impact Item Mitigation Measure Method / Survey 
Item 
monitoring 
standards 
monitoring 
site 
period and 
frequency 
Implementing 
agency costs 
designed to be above the 100 year flood 
level, and entrances to stations  have 
step up and down and temporary flood 
barriers. 
 Status of facilities 
(drainage, entrance 
etc.) 
8 Geology and 
Topography 
 Structures have been  designed to 
withstand seismic load s based on local 
seismic hazard assessments. 
 Apply comprehensive emergency 
response plans which is already in place 
for earthquakes like Disaster 
Management Plan  as explained in 
Section 9.3 of EIA report. 
 Applying status  of 
emergency response 
plan 
- Station sites 
and the 
surrounding 
Area. 
 
As per the 
requiremen
t of Site 
conditions 
for 2 years. 
DMRC This is part of 
project/contrac
tor’s cost. 
(iii) Social Environment 
9 Water Use 
 Install rainwater harvesting (RWH) 
units to collect the rainwater and 
recharge Ground water.  
 Collect drainage water to reuse for 
purposes of reuse. 
 Implement a regular program for leak 
detection and repair to minimize water 
wastage. 
 Install water meters at all depots and 
station buildings to monitor water 
consumption and identify areas for 
improvement. 
 Conduct awareness campaigns to 
educate people about the importance of 
water conservation and the measures 
being taken to mitigate the impact of 
metro projects. 
Voices and complaints 
from local 
communities 
 
Status of installing 
RWH, water meters, 
awareness campaign 
- Station sites As & when 
required for  
2 years. 
DMRC This is part of 
project/contrac
tor’s cost. 
10 Workers health 
and safety 
 The Delhi Metro ensures the 
employment rights are fully respected 
and develop processes to comply with 
the requirements of the national laws.  
 Occupational Health and Safety (OHS) 
and an Emergency Response Plan  
(ERP), requiring the strict 
implementation of precautionary safety 
and security protocols. 
General health 
checkup 
Voice and complaints 
from the workers 
Status of 
implementing OHS 
and ERP 
-  When 
complaints 
are heard 
for 2 years. 
DMRC This is part of 
project/contrac
tor’s cost. "
292,PDF page 292," Environment Impact Assessment for Delhi Metro Phase IV-2 Project 
 
 
282 J A DELHI METRO RAIL CORPORATION LTD. 
 
 Impact Item Mitigation Measure Method / Survey 
Item 
monitoring 
standards 
monitoring 
site 
period and 
frequency 
Implementing 
agency costs 
11 
Community 
health and 
safety 
 Provision of PSD, CCTV etc to ensure 
that no passenger access the track. 
 Security personnel to be provided at 
station to ensure frisking of passengers 
while entering the stations. 
 Warning signs to be installed to control 
access. There should be clearly marked 
emergency escape route/s, evacuation 
system and warning and announcement 
system.  
 Pedestrian crossings are to be provided 
in appropriate location and clearly 
marked.  
 Information for any interruption of 
train operation will also be publicly 
disclosed in a timely manner. 
Voice and complaints 
from local 
communities 
 
Status of PSD, CCTV, 
security personal, 
warning sign, 
pedestrian crossing 
etc. 
 
 
- stations Once before 
operation,  
 
When 
complaints 
are and 
heard  
 
For 2 years 
DMRC This is part of 
project/contrac
tor’s cost. 
(iv) Others 
12 Road Safety 
 There should be pedestrian crossings, 
subways, continuity in footpath & cycle 
track.  
 Multi Modal Integration (MMI) to be 
provided to ensure the safe access of 
passengers from metro to other modes.  
 Dedicated ways for e -rickshaws and 
other modes to ensure that passenger 
access to stations safely. 
 Voices and 
complaints from the 
local community 
 
- Station Once before 
operation,  
 
When 
complaints 
are and 
heard  
 
For 2 years 
DMRC This is part of 
project/contrac
tor’s cost. 
13 Climate Change 
 Use materials with high durability and 
resistance to environmental factors, 
such as corrosion-resistant steel. 
 Develop and implement upgrading 
facilities to withstand extreme weather 
events. 
 DMRC is developing climate resilient 
infrastructure by incorporating green 
features in operation such as waste 
segregation, air quality sensors etc.  
Status of facilities, 
incorporating green 
features 
- Station, depot Before 
operation,  
 
When 
complaints 
are and 
heard  
 
For 2 years 
DMRC This is part of 
project/contrac
tor’s cost. 
14 Traffic/ Public 
Access 
  Measures are required on the junction 
for reducing the speed of vehicles 
 There should be pedestrian crossings 
and subways, continuity in footpath & 
cycle track. And regulated bus stops. 
Voices and complaints 
from the local 
community 
- Station Once before 
operation,  
 
When 
complaints 
DMRC This is part of 
project/contrac
tor’s cost. "
293,PDF page 293," Environment Impact Assessment for Delhi Metro Phase IV-2 Project 
 
 
283 J A DELHI METRO RAIL CORPORATION LTD. 
 
 Impact Item Mitigation Measure Method / Survey 
Item 
monitoring 
standards 
monitoring 
site 
period and 
frequency 
Implementing 
agency costs 
are and 
heard  
 
For 2 years 
  "
294,PDF page 294," 
Environment Impact Assessment for Delhi Metro Phase IV-2 Project 
 
 
284 J A DELHI METRO RAIL CORPORATION LTD. 
 
10.2. EMOP Implementation 
The results of all the monitoring results under the EMOP will be submitted  to management 
quarterly during construction phase and semi-annually during operation phase. 
 
 
 
Figure 10.1: Organizational Setup during Construction Phase 
 
 
Figure 10.2: Organizational Setup during Operation Phase 
 
 
 
***** 
 
"
295,PDF page 295," 
Environment Impact Assessment for Delhi Metro Phase IV-2 Project 
 
 
285 J A DELHI METRO RAIL CORPORATION LTD. 
 
CHAPTER 11. IMPLEMENTATION ARRANGEMENT 
11.1. Institutional Arrangement for implementation of EMP  
DMRC has the most important role for environment management plan implementation and up -
dating. While Contractor shall implement the EMP, the supervision work shall be carried out by 
the Environment and Social Safeguard Specialist of DMRC.  DMRC shall carry out periodical 
internal monitoring. It is to be noted that the entire team of Contractor and DMRC, shall support 
in managing the Environment and Social Management Plan. External Monitoring shall be carried 
out by an independent agency.  Figure 11.1 below shows the inputs which DMRC will require in 
order to fulfil the JICA requirement and also report to the ministry of Housing and Urban Affairs 
for compliance. 
 
A: DMRC reports to JICA on quarterly basis about the progress, Environment monitoring etc. 
B: DMRC reports to Mohua about grievances. 
C: DMRC is responsible body and contractor is implementing body for grievance redressal. 
D: Various departments of DMRC maintain record and coordinate with JICA regarding the grievance. 
Figure 11.1: Implementation Structure of EMP implementation 
 
JICA plays a significant role by providing financial and technical support to DMRC, facilitating the 
project's development. The Ministry of Housing and Urban Affairs oversees DMRC, offering 
administrative guidance and policy direction. Additionally, the Departm ent of Environment 
under DMRC monitors compliance with environmental regulations, will ensure that the project 
adheres to established laws and standards. The Social Cell under DMRC works alongside DMRC 
to manage social impacts and address community concern s related to the project. Meanwhile, 
construction contractors will execute the building activities, following DMRC's plans and 
specifications while adhering to environmental safeguards. Finally, the Design and Supervision 
team oversees the design phase and monitors construction to ensure compliance with safety and 
operational standards. gather, these stakeholders form a comprehensive network that supports 
the successful and sustainable implementation of the DMRC project. 
11.2. Key Institution Roles and Responsibilities for implementing EMP 
The following summarizes the roles and responsibilities for implementation, supervision and 
monitoring of the ESMP.  
 
 
 
 
 
  
 
 
 
 
 
 
 
 
MoHUA 
DMRC 
                      Environment 
               Social 
              Design 
 
 
Contractor 
JICA 
 
  A 
 
D 
B 
C
F 
 
 
 
 
 
C "
296,PDF page 296," 
Environment Impact Assessment for Delhi Metro Phase IV-2 Project 
 
 
286 J A DELHI METRO RAIL CORPORATION LTD. 
 
Marserve as the Supervision Organization while the contractor serves as the Implementation 
Organization for the Environmental Management Plan (EMoP), ensuring that environmental 
measures are effectively executed and monitored throughout the project phases. 
Table 11.1: Roles and Responsibilities of Key Institutions 
Organization Responsibility 
DMRC  Perform the quality control and review of EMPs. DMRC will be responsible for overall 
checking of the quality of work done by  contractor for mitigating and minimizing the 
environmental and social impacts during preconstruction, construction and operation 
phase. There are mitigation measures to be taken by to minimize the adverse impacts 
of the project activities. A quality control Management Information System (MIS) will 
be prepared to regularly monitor the quality of the sub-projects undertaken during the 
execution of the project. 
 Perform inspections of the implementation of ESMPs, make recommendations and 
decide whether additional measures are needed. 
 DMRC will review the performance of  contractor and if it is found that the measures 
taken by  are not as per the EMP, then the same will be brought to the notice of  
Contractor and will be asked to comply with the requirements of EMP fully in letter 
and spirit 
 DMRC is also responsible to submit the compliance report i.e. quarterly, half -yearly 
progress report to JICA.  
 Guide and monitor the preparation and deployment of labour, Environment and Social 
Commitment Plan their finalization, consultations around these instruments with 
relevant stakeholders and their disclosure by the DMRC. 
 Contractor  The Contractor shall develop project specific EMP before construction, as part of their 
method statement and submit to DMRC for review and approval. 
 The Contractor shall submit a monthly report on environmental and social issues, 
mitigation and results throughout the construction period. In case of unexpected 
problem, the Contractor will consult DMRC. 
 Ensure that the construction work complies with the approved SIA/EMOP and the site 
EMP; 
 Control and minimize environmental impacts. 
 Ensure that all staff and workers understand the procedure and their tasks in the 
environmental management program.. 
 Ensure environmental hygiene. 
 
The EMP has been developed and is found in Chapter 9. The measures contained in the EMP 
would be followed by the project proponent and will serve as an integral part of the contract of 
the Contractor employed for this project. The mitigation measures suggested therein during 
operation phase should be made part of the regular maintenance and monitoring schedule.  
 
***** "
297,PDF page 297," 
Environment Impact Assessment for Delhi Metro Phase IV-2 Project 
 
 
287 J A DELHI METRO RAIL CORPORATION LTD. 
 
CHAPTER 12. Grievance Redress Mechanism 
12.1. Grievance Prevention 
It is important to reduce grievances to manageable levels to ensure smooth running of the 
construction and operation.  
Many grievances arise because of misunderstandings; lack of information; or delayed, 
inconsistent, or insufficient information. To avoid this the Contractor and Proponent will provide 
sufficient and timely information to communities affected by the project such as;  
• Information (on the project operations and impacts) will be made available in a timely 
manner, in an accessible place, and in a form and language(s) understandable to affected 
people. 
• Appropriate communication channels and means of communication will be used 
• Conduct meaningful community consultations. and dialogue throughout the 
implementation of a project. 
• Build capacity for project staff and ensure field -level staff are provided with adequate 
information on the project. 
• Recruit community facilitators as staff where necessary that have good understanding 
of community dynamics and processes, negotiation and conflict resolution skills, and be 
able to build trust and maintain good rapport with the communities. 
The contractor and proponent will ensure that reports from field level staff on community 
interactions are considered by higher level management staff in order to prevent grievances 
escalating. 
12.2. GRM Operation Team 
DMRC as the organization is responsible to address environment and social related issues an 
DMRC internally has distributed the work within two department of environment and land. 
Environment department is responsible for environment related grievance such as pollution 
control etc. land cell (department) another hand  is responsible for land acquisition and tree 
cutting etc. 
12.3. Anticipated Grievances 
During Construction the contractor is responsible under environmental clauses in the contract 
for ensuring the EMP is implemented.  Even so complaints from the public may still occur in the 
following areas. 
• Environmental Effects: nuisance dust, flooding, noise (blasting, piling, concrete 
breaking), vibration (disturbance, building damage), deteriorating groundwater or 
surface water quality and quantity.  
• Environmental Concern: Opposition to tree cutting, loss of open space. 
• Public Safety: lost access, dangers to life, damage caused to public roads from heavy 
machinery, 
In pursuit of speedy disposal of customer grievance and to evolve an effective grievance handling 
mechanism, Delhi Metro has made following procedure. 
12.4. Grievance Procedure  "
298,PDF page 298," 
Environment Impact Assessment for Delhi Metro Phase IV-2 Project 
 
 
288 J A DELHI METRO RAIL CORPORATION LTD. 
 
The levels of response to complaints are as follows : If the complaint cannot be resolved at a one 
level, it will be dealt with at the next level (project level, DMRC level, state government level, and 
court).  
The grievance is first handled at the Project Level, where the Contractor and an E&S Expert are 
responsible for addressing the issue. A maximum of 7 days will be provided for grievance 
resolution and proper record keeping at this stage. If unresolved, the grievance escalates to the 
DMRC Level, where the Superintending Engineer and Assistant Engineer take charge. At this level, 
a maximum of 15 days is allotted for redressal and documentation. If the grievance remains 
unaddressed after these steps, the affected person can seek further resolution through the state 
government. The Law Courts can be used after all internal mechanisms have been exhausted. 
 
 
Figure 12.1: GRM implementation Process 
As the GRM works within existing legal and cultural frameworks of DMRC, it is recognized that 
the GRM shall comprise project level redress mechanisms.  The contact details of the concerned 
person are always available for raising a grievance and subsequently for the grievance redressal. 
Most project related grievances could be minor and site -specific. Most grievances are to be 
received directly on -site by the designated site representative of  DMRC that will attempt to 
resolve them satisfactorily on -site. The designated site representative will inform the DMRC of 
these complaints and their outcomes and of others not satisfactorily resolved so that they could 
be escalated. All offline complaints shall need to be logged in the site Complaints Register and 
periodically compiled at the city level for analysis and reporting purposes. 
1. The grievances will be register through online or Toll Free No. 1800-1800-0172 or Chatbot.  
2. On receipt of each complaint, the representative will note the date, time, name and contact 
details of the complainant and the nature of the complaint and shall inform the complainant 
about the timeframe within which to expect a response/ redress. In case the representative is 
not able to redress the grievance within the project specified timeframe, it will be his/ her 
responsibility to escalate it to the DMRC. 
3. Grievance Redressal Mechanism flow chart is given below, and Steps are as follows: 
a. Registration: This should be the first step and will involve the social contact 
person/institution receiving the complaint from the complainant. The complainant is 
"
299,PDF page 299," 
Environment Impact Assessment for Delhi Metro Phase IV-2 Project 
 
 
289 J A DELHI METRO RAIL CORPORATION LTD. 
 
expected to fill out and return a “complainant form” to the social Contact person/institution 
who in turn shall acknowledge receipt of the complaint within 2 business working days. 
b. Verification: The verification will determine among other things whether the matter has any 
relationship with the Project and whether the level at which it is presented can handle it. 
This shall mean a quick referral of the case either to the next level or the traditional rulers or 
to law enforcement. Part of investigation will also be assessing the cost of loss or risk 
involved in the grievance. 
c. Processing: The processing step is when options for the approach to resolving the case are 
weighed and determined. Parties involved in the case are brought together for a first attempt 
at resolution with suggestion from the parties by the social contact personnel. The  social 
personnel at a certain level then decide where the case should go to for hearing and 
resolution if complainant decides to pursue the matter further. This should happen within 
five days from investigation. 
Implementation and case closing: The social contact personnel then refer the case to the 
responding authority within the level for GRM implementation. This authority may be the 
chairperson of the GRC or the officers with direct responsibility over the nature of the case within 
the DMRC. Putting this in writing makes the appeal process faster in case of dissatisfaction on the 
part of the complainant and in the case of satisfaction, it is an instrument to compel execution of 
decision. The outcome of the Griev ance Redress process is therefore communicated to the 
complainant and other concerned party. The result of the process can vary. The request of the 
complainant may be turned down, compensation may be recommended, or Management may 
simply apologize to the grievant. 
12.5.  Raising and Recording of Grievance  
(1) Raise grievances  
DMRC is a organization has established GRM under operation with unified helpline number IVRS 
social media etc. for any external person, Individuals or groups impacted by the Phase IV -2 
project can raise their grievances related to their concerns through following means;  
• Complaint/Suggestion/Appreciation book available at all the customer care centres at 
the stations. 
• E-mail Complaint/Suggestion/Appreciation in DMRC are received by e -mail on 
helpline@dmrc.org (Link available on DMRC website delhimetrorail.com under Quick 
Links in Feedback) 
• 24X7 Calls at IVRS helpline no. 155370 
• SMS, Social Media (Twitter, Facebook & Instagram etc.) 
• Other means such as DMRC office reception, Government portals & Letters addressed 
to DMRC 
Beside the general co ntact point, t here are dedicated contact points for different type of 
vulnerable groups (i.e. women, elderly) and grievance type ( i.e. Missing, Separated, Women, Child 
and Specially Abled Commuters Helpline, Public, Tourist, etc.) . 
(2) Acknowledgement 
On receipt of Complaint/Suggestion/Appreciation, an acknowledgement is given in the following 
form.  
• Written Complaint at Station: a commuter copy is given. 
• E-mail complaint: an acknowledgement/interim reply is sent immediately & final reply 
is given once the complaint is resolved. 
• Complaint on 24x7 IVRS helpline: a complaint number is given. "
300,PDF page 300," 
Environment Impact Assessment for Delhi Metro Phase IV-2 Project 
 
 
290 J A DELHI METRO RAIL CORPORATION LTD. 
 
(3) Grievance Pathway 
Once a grievance is raised by the affected people, it can follow two primary pathways: seeking 
Assistance or Compensation. In both pathways, the ultimate goal is to ensure that the grievances 
of the affected people are resolved effectively. 
a. Assistance Pathway: 
1. Grievances seeking assistance are handled by DMRC Field Level Staffs. 
2. If the issue is not resolved at this level, it is escalated to the Grievance Redress Committee.  
The committee reviews the grievance and provides a solution, resulting in the Grievance 
Addressed. 
b. Compensation Pathway: 
1. Grievances seeking compensation are directed to a Competent Authority. 
2. If the affected party is unsatisfied with the decision, they can escalate the matter to the 
Judiciary. The judiciary provides a final resolution, leading to the Grievance Addressed. 
(4)  Disposal  
On receipt, complaints are reviewed with respect to the action required. Where a complaint needs 
to be referred to the concerned official for seeking action taken comment, an interim reply is given 
to the complainant informing him/her about the forwarding of his/her complaint. On receipt of 
action taken report from the concerned official, final reply is given to the complainant. In all other 
cases necessary action is taken and a suitable reply is given to the complainant 
12.6. Disseminating GRM 
The GRM is disseminated  to public in several ways. There are posters  in the Delhi Metro train, 
station platform, Delhi Metro Website (https://delhimetrorail.com/contact-us) provides contact 
points by issues, and there are customers window at stations. In the case of the construction site, 
the contact details of concerned person are always available for raising a grievance and 
subsequently for the grievance redressal. 
   
Figure 12.2 Delhi Metro online GRM information 
 
"
301,PDF page 301," 
Environment Impact Assessment for Delhi Metro Phase IV-2 Project 
 
 
291 J A DELHI METRO RAIL CORPORATION LTD. 
 
 
 
Source: Delhi Metro Website (https://delhimetrorail.com/contact-us) 
Figure 12.3 Delhi Metro online GRM information 
 
 
 
***** 
"
302,PDF page 302," 
Environment Impact Assessment for Delhi Metro Phase IV-2 Project 
 
 
292 J A DELHI METRO RAIL CORPORATION LTD. 
 
CHAPTER 13. STAKEHOLDER CONSULTATION 
Community participation and stakeholder consultation is a core component of an EIA study and 
essential for the effective management of project impacts. Sustainability of any infrastructure 
development project depends on participatory planning in which publ ic consultation plays a 
major role. Community participation and stakeholder consultation recognizes that the Project 
assessment includes the outcome of dialogue with the community and relevant stakeholders, 
including residents, local businesses, government , and other interested parties. It not only 
minimizes the risks and unwanted hurdle against the project implementation, but also bridges 
the gap between the community and the project formulators which leads to successful completion 
of the project and makin g the project people friendly. Hence, stakeholder consultations and 
participation are required at all stages throughout the project life cycle (design, pre-construction, 
construction and operations phases). These consultations are an integral part of the E IA report 
for infrastructure development projects.  
The Stakeholder’s consultations were carried out during the project in the form of community 
meeting,  The consultation process ensured that project affected persons (PAPs), local community 
and other stakeholders were informed in advance about the project background, project design 
& planning, likely positive and negative impacts, project outcome & safety measures during 
project constructions and operation phase and take note of their issues, concerns and preferences 
and allow them to make choices and allowed to participate actively in the consultation/ 
discussion.  
The stakeholder consultations were conducted in a two-step process of Group Discussion then 
stakeholder consultation . Where Group Discussion was conducted prior to Stakeholder 
consultation it was to give people a brief idea of the project  and disseminate information about 
the coming Stakeholder consultations. 
13.1. Objectives 
The main objectives for the consultation process were to involve the communities, stakeholders 
and project beneficiaries (especially women) of the project so as to : 
• Obtain information on the baseline scenario. 
• Identify key stakeholders that are affected, and/or able to influence the project and its 
activities. 
• Promote public awareness and improve understanding of residents of MCA ab out the 
project and to collect their opinions and suggestions about the project. 
• Assess positive as well as adverse socio economic and environmental impacts and 
evaluate the relative significance of the likely negative impacts and find ways to 
minimize them and enhance the positive impacts of the project. 
• Assessment of possible requirement of improvements. 
• Soliciting the views of the affected communities and individuals on environmental and 
social problems. 
• Improvement in Environmental and Social soundness among the communities. 
• Settlement of problems with mutual consent. 
• Creation of accountability and sense of local ownership during project implementation.  
• Define reporting and monitoring measures to ensure the effectiveness of the 
stakeholder engagement. 
 "
303,PDF page 303," 
Environment Impact Assessment for Delhi Metro Phase IV-2 Project 
 
 
293 J A DELHI METRO RAIL CORPORATION LTD. 
 
13.2. Stakeholder Identification  
A stakeholder can be an individual or a group of individuals who are likely to be affected by the 
project. They can be classified as direct and indirect stakeholders. The direct stakeholders are 
those getting directly affected, interested or influenced by the project. Similarly, indirect 
stakeholders are those whose interest is indirect and/or influence the opinion, either positive or 
negative. Direct Stakeholder will be those who that may have interest in a project and/or the 
ability to influence its outcome, either positively or negatively in the project like Government 
institutions, beneficiaries or riders of Metro. Indirect Stakeholder may in clude the traders or 
business working in the area and other transporters that may have impact due to the Metro 
project. Stakeholder identification is useful to prioritize, analyse and assess the issues while 
creating management systems and strategies to address the specific concerns. 
13.3. Group Discussions in the Study Area 
Public consultation is an important method of involving various stakeholders, particularly, local 
community with reference to the proposed Metro activity. It provides a platform for participants 
to express their views, concerns and apprehensions that might  affect them positively or 
negatively. For this purpose , group discussion s at local level were conducted with the 
beneficiaries of the project. These consultations were taken up in the month of May 2024. The 
detail of the meetings are presented in . 
(1) Methodology 
Participants were recruited three to four days before the day of GD by interviewers who went to 
the proposed stations and identified people who were living or working within 50 m from ROW 
of three Corridors. The project outline was explained . Consideration was given to maintain 
gender equality. The date and time of the GD and the venue were announced verbally. 
On the day of the GD , p articipants received a comprehensive overview of the metro project  
verbally using a map for about an hour , including its objectives, proposed routes, potential 
community impacts, and key topics for discussion, ensuring they are well-informed and prepared 
to share their insights. 
Participants were informed of the date and time of the SHM and the venue at the same time. . 
Special measures in terms of suitable site selections with ease of access were considered. Also, 
provisions were kept for disabled people and senior citizens like providing assistance in pick-up 
and drop-off from their residence. 
(2) Dates and Places of GDs Conducted  
• Corridor 2 Ajmal Khan Park: May 22,2024  
• Corridor3 Electricity Board Office, Kundli: May 21,2024 
Table 13.1: Details of GD and Addressal of Issues 
Sr. 
No. Location 
Date and 
Number of 
Participants 
Points Discussed Addressal of the Issues 
1 Ajmal Khan 
Park, Near 
Karol Bagh, 
(Corridor 2) 
22.05.2024 
 
Participants: 8 
Male 8 
Female 0 
 Respondents wanted to 
know about the Project 
details, and how it will be 
of benefit to them. 
 Perceptions and opinion 
of the people was 
gathered regarding Metro 
project  
 Consultant explained the 
participants that the present 
corridor is from Inderlok to 
Indraprastha, and the alignment is 
underground with only 1 station 
elevated. Ajmal Khan Park will be 
one of location of the station in the 
present corridor. 
 It was explained to the participants 
that the project is under the stage of "
304,PDF page 304," 
Environment Impact Assessment for Delhi Metro Phase IV-2 Project 
 
 
294 J A DELHI METRO RAIL CORPORATION LTD. 
 
Sr. 
No. Location 
Date and 
Number of 
Participants 
Points Discussed Addressal of the Issues 
 One participant enquired 
when construction will 
start  
 Respondents opined that 
the metro project will 
increase the visitors in the 
park so DMRC should also 
work for the development 
of the park. 
 Participants said that if 
there will be disturbances 
in the park during the 
construction phase or 
whether the Park will 
remain close during the 
construction of Metro. 
fulfilment of permissions required 
for the project and will start after 
that but exact time cannot be given 
now.  
 The consultants noted the 
suggestion and convinced for the 
necessary actions. 
 It was explained to the participants 
that appropriate measures shall be 
taken during the construction phase 
and minimal effect shall be on the 
local people. 
2 
Electricity 
Board Office, 
Kundli, 
(Corridor 3) 
21.05.2024 
Participants: 10 
Male 8 
Female 2 
 People wanted to know 
about the scope of our 
study and how it will be 
beneficial for them. 
 The Project Background, 
Social issue and benefit 
from the Metro project 
were explained to the 
Stakeholders. 
 Participants enquired if 
there will be any 
acquisition of land for the 
construction of Metro 
 Female Participant said 
that they are very happy 
and positive towards the 
proposed project as it will 
reduce their travel time. 
They asked the location of 
the station near to their 
office and the starting 
point of the corridor 
 Participants enquired if 
there will be special coach 
or car chair for female 
passengers. 
 The scope of the work was 
explained that the study of socio - 
economic status of the people in the 
study area will help in the planning 
and implementation of the project. 
 The consultant informed the 
participants about the proposed 
stretch of Metro and the stations 
and locations coming the corridor 
and that proposed Metro project 
will help in minimizing the traffic 
conflicts in the area. 
 It was informed to the people that 
the Metro line will be elevated and 
there shall be no impact on Physical 
structures, Plantation along the 
stretch shall be affected for which 
compensatory plantation will be 
carried out in the vacant areas in 
consultation with the respective 
departments.  
 Consultant informed the 
participants that the corridor will 
merge with existing Rithala Metro 
station and the point of the station 
is exactly in front of the electricity 
Board office so it will be beneficial 
for them to travel by Metro. 
  The consultants noted the 
suggestion and informed the 
participants that special care shall 
taken during planning and 
implementation of project 
considering female passengers. 
 
13.4. Stakeholder Meetings 
In compliance with JICA Guidelines, the project proponents are required to publicly disclose 
information about the environmental and social considerations of the projects and seek the 
opinion/suggestions of the stakeholders through Public Consultation. As a JICA loan proponent,  
DMRC committed to hold the two (2) stakeholder engagements as per the JICA  Guidelines. The 
meetings were conducted together with SIA study.  "
305,PDF page 305," 
Environment Impact Assessment for Delhi Metro Phase IV-2 Project 
 
 
295 J A DELHI METRO RAIL CORPORATION LTD. 
 
13.4.1. Stakeholder Notice 
The 1st Stakeholder Meeting for the proposed Delhi Metro Phase IV- 2 project was held under 
Chairmanship of DMRC Environment department Officials and Civil department Officials, dated: 
03.06.2024, at different time scale with respect to the corridors’ location.  
The date, time and venue of the public hearing was published in Daily Newspaper named ‘The 
Dainik Tribune’ This newspaper was selected considering the coverage, affordability and also 
being a daily newspaper, this was selected as a medium of disseminating the information of SHM. 
Advertisement for stakeholder public consultation was published in two newspapers  on 
24.05.2024 and 05.07.2024 for 1st and 2nd Stakeholder Meeting, respectively, in both Hindi & 
English languages by the sub-consultant, Vardan Environet LLP, Gurugram, Haryana, India, with 
project details, inviting objection, views from the public regarding the proposed project.  Equal 
opportunity for participation was given to all regardless of gender. 
The copies of the Notices published for Stakeholder Meetings are given in Figure 13.1 and Figure 
13.2. 
As an other important means of dissemination of information on the  SHM, and considered the 
fastest way to communicate with people including  socially vulnerable people such as those who 
cannot read, DMRC explained the invitation to SHM verbally during GD and field surveys. 
  
Figure 13.1: Notice for 1st Stakeholder Meeting published on 24.05.2024 in the Dainik 
Tribune 
  
Figure 13.2: Notice for 2nd Stakeholder Meeting published in the Dainik Tribune on 
05.07.2024 in both Hindi and English languages. 
"
306,PDF page 306," 
Environment Impact Assessment for Delhi Metro Phase IV-2 Project 
 
 
296 J A DELHI METRO RAIL CORPORATION LTD. 
 
13.4.2. Stakeholder Meetings Conducted 
(1) 1st Stakeholder meeting 
1st Stakeholder meeting has been conducted on 3rd of June 2024 at nearby locations concerning 
the proposed corridors are as follows . Minutes of Meetings and photos are presented in Table 
13.3 and Figure 13.3 respectively.  
Table 13.2 : 1st Stakeholder Meeting 
Corridor Time Venue Occupation of 
participants 
No. of 
Participants 
(M/F/T) 
Agenda/Information 
disseminated 
Corridor 1 – 
Inderlok to 
Indraprastha 
12:00 
PM to 
2:00 PM 
Raj Vatika, 876, 
Khajoor Road, 
Opposite Ajmal 
Khan Park, 
Karol bagh, New 
Delh 
 Traders  
 Women,  
 Squatters, kiosks 
and 
  Other inhabitants 
in the areas likely 
to be affected by 
the project. 
Total 10 
Male 8 
Female 2 
 
 
project outline, 
predicted positive and 
negative impacts, 
survey items and 
methodology, project 
schedule and exchange 
opinions project outline, 
predicted positive and 
negative impacts, 
survey items and 
methodology, project 
schedule and exchange 
opinions 
Corridor 2 – 
Lajpat Nagar to 
Saket G Block: 
9:00 AM 
to 11:00 
AM 
DDA-KPM 
Community 
Hall, Vikram 
Vihar, Lajpat 
Nagar-IV, New 
Delhi, India.  
 Businessmen 
 Men 
 Women 
 Habitants of the 
area 
 
Total 12 
Male 11 
Female 1 
 
Corridor 3 – 
Rithala – 
Narela – 
Nathupur 
3:00 PM 
to 5:00 
PM 
 
B-1, 
Dharamshala 
(Community 
Hall), Sec -16, 
Opp Petrol 
Pump, Rohini, 
New Delhi 
 General members 
of the 
communities 
within the Project 
scope  
 Residents in the 
Project area; 
 
Total 20 
Male 19 
Female 1 
 
Table 13.3 : Minutes of Meetings for 1st Stakeholder Meeting  
 
S. 
No. 
Major opinion and Answer 
Question/Comment Answer 
Name/ 
Position 
Question Reply by Answer 
 Corridor 1 – Inderlok to Inderprastha 
1 
Mr. Saurabh 
Vishwakarm
a from 
Indraprasth
a, New Delhi 
(male) 
First, I would like to 
welcome everyone 
present here. I am using 
the metro from almost my 
childhood, and it provides 
easy mode of 
transportation.  
How much time it will 
take for this metro project 
to be completed? 
What mitigation measures 
will be taken for the air 
pollution?  
DMRC 
Officials 
To control the Air Pollution during 
Construction phase, we will be focused to 
our construction site. During Construction 
phase, the active work that will be done by 
Contractor to sprinkle water on road, 
__washing of vehicle while going out of the 
site, and in summer the water sprinkling will 
be more. In DMRC project, we set -up Mist 
Machine at our sites, so it will be provided as 
well.  
The roads near the construction sites will be 
cleaned periodically/fixed internal of time, 
in case if any dust particle will be present 
there will not be spread in the air as 
pollutant.  
The training and understanding will be 
provided to workers, and truck drivers so 
that they will take the best precautions. The 
trucks will be covered while movement and 
labours will be informed about the working 
to avoid the air pollution at minimum level.  
2 
Ms. Khyati 
Gaur from 
Karol Bagh, 
Metro is providing the 
convenient and 
comfortable facilities for 
DMRC 
Officials 
During the construction, the noise pollution 
is mainly because of the Vehicle movement 
and the breakdown of big stones. We also try "
307,PDF page 307," 
Environment Impact Assessment for Delhi Metro Phase IV-2 Project 
 
 
297 J A DELHI METRO RAIL CORPORATION LTD. 
 
 
S. 
No. 
Major opinion and Answer 
Question/Comment Answer 
Name/ 
Position 
Question Reply by Answer 
New Delhi. 
(female) 
women. Women feel safe 
during travelling in metro. 
I want more metro lines to 
be proposed.  
During the Construction 
phase, what mitigation 
measures will be taken for 
Noise pollution and 
Vibration?  
planting trees and try different noise barrier 
techniques one by one for noise cancellation.  
When we talk about the Vibration, it doesn’t 
occur during the construction phase, even if 
it will be happen then we have the proper 
guidelines and procedures for these 
problems as we are working from last 15 
years for metro projects.  
3 
Ms. Meenu 
from 
Jhandewala, 
New Delhi. 
(female) 
There is a huge line in 
front of the ticket counters 
at metro stations. For the 
same, I would like to 
suggest the authority to 
increase the no of 
counters or take any other 
actions to resolve this.  
DMRC 
Officials 
We are here for proposed metro 
construction project. Also, there are many 
alternatives available for the ticket booking 
like you can book by scanning QR Code, and 
different payment sources. Please don’t rely 
on token system only, we have provided 
many applications such as Travel DMRC and 
others as well to make it easy for the 
passenger to book the tickets as per the 
capability and choice. We even also have 
Card facility for metro. All these things have 
been explained in detail with procedure at 
our DMRC website.  
4 
Mr. 
Himanshu 
from 
Jhandewala, 
New Delhi. 
(male) 
I am using the Metro from 
a long time.  
From where to where this 
line will go?  
DMRC 
Officials 
As we have explained in presentation, this 
line will be constructed from Indraprastha 
to Inderlok Metro Station. These two are the 
existing metro stations, so basically this new 
proposed line will connect both the lines. It 
might be known as Line 5 extensi on. At 
present, the Line 5 is from Inderlok to 
Bahadurgarh metro station.  
5 
Mr. Avneesh 
from 
Inderlok, 
New Delhi. 
(male) 
Due to the metro in Delhi, 
people can easily travel 
from one place to another 
within the city.  
How many metro lines 
will be proposed in Delhi?  
DMRC 
Officials 
The Delhi Metro is the Joint Venture of 
Government of India and Government of 
Delhi. For now we are planning for 3 
corridors Lajpat Nagar to Saket B Block, 
Inderlok to Indraprastha and Rithala 
corridor, which are under planning and 
consideration.  
 Corridor 2 – Lajpat Nagar to Saket G Block 
1.  
Mr. Gaurav 
Yadav from 
Lajpat 
Nagar, New 
Delhi 
(male) 
We all use Metro so we 
welcome the new metro 
corridors 
How much time it will 
take for project to be 
completed? 
What solutions will be 
taken for the traffic 
congestion during the 
construction phase?  
DMRC 
Officials 
 The proposed year for completion of 
project is 2029.  
 DMRC has made rules to avoid traffic 
congestion are:  
Boards will be used for the barriers and use 
the minimum proportion of road for the 
construction of the project work.  
Pakka road will be made while diversion (if 
needed) and give more space to the traffic 
flow.  
2.  
Ms. Neha 
from Lajpat 
Nagar, New 
Delhi 
(female) 
How much no. of trees will 
be affected/cut -down for 
the construction of 
Stations? 
DMRC 
Officials 
As per our survey, we have observed the 
approx. 1500 -1600 trees will be affected 
during the construction phase. Also, with the 
concern of Forest department, plants will be 
planted 10 times the no of trees will be cut -
down. The 80% of the affected trees wil l be 
transplanted to different place as per the 
order by Supreme Court, India. Also, we will 
try to complete the construction of the 
project by the Mid of 2027 or till 2028.  
3 
Mr. H S 
Gulati from 
Lajpat Nagar 
IV, New 
Delhi (male) 
 From where the 
Construction will start 
either Moolchand or 
Lajpat Nagar existing 
Metro station? 
DMRC 
Officials 
 The construct of the new Corridor will 
start from the existing Lajpat Nagar Metro 
Station because someone wants to change 
the line can do from the same station.  
 In case of Water issues at Greater Kailash, 
the case was registered to High Court, the "
308,PDF page 308," 
Environment Impact Assessment for Delhi Metro Phase IV-2 Project 
 
 
298 J A DELHI METRO RAIL CORPORATION LTD. 
 
 
S. 
No. 
Major opinion and Answer 
Question/Comment Answer 
Name/ 
Position 
Question Reply by Answer 
 There is a drainage or 
water logging issues 
near the Greater 
Kailash.  
committee was formed where IIT Delhi, 
Delhi Jal Board, and MCD monitored the 
area and concluded that the water logging 
issues were not because of metro line 
passing through the area. According to the 
people it was because of the Metro line the 
flow of water was towards the residential 
areas but the real problem was created 
due to heavy rainfall during the year 2018-
2019 and at the same time Delhi Jal Board 
also closed the many bore-wells in the area 
resulting into the water logging in the area. 
Now, this corridor is elevated so there will 
not be any issues like this.  
4 
Mr. H S 
Gulati from 
Lajpat Nagar 
IV, New 
Delhi (male) 
Recently 5 borewells have 
been implanted in the 
society. 
 
Now it’s better condition. 
I hope whatever you are 
saying is right. 
 
It’s a good thing. I just 
hope proposing this 
corridor will not cause 
any problem. 
DMRC 
Officials 
These 5 borewells are in vicinity of a 
different line viz Line 8 from Janakpuri West 
to Botanical Garden and has been in 
operation since 2018. The 5 bore wells are 
located at least 300 m away from Corridor .2 
The use of the existing 5 deep wells is not 
known as they are  outside project impact 
area.  
 
This Lajpat Nagar Metro Station will be 
stabilized parallelly to the existing Lajpat 
Nagar metro station. There will be no 
proposed staircase even as an old staircase 
will be used for this station. From the Lajpat 
Nagar elevated Station, it will go to Andr ew 
Ganj near PWD Office, Greater Kailash -I in 
front of ISRO Office, Chirag Delhi towards the 
side corner on existing station, then taking 
left turn the Pushp Bhawan station will be 
there. Afterwards taking right turn, next 
station will be in front of DPS S chool and 
taking left turn it will meet the Saket G Block 
alignment coming from Sangum Vihar. I also 
want to request the RWA, as I will come to 
you direct later for a portion of land to 
transplantation and we will maintain the 
same in future as well.  
5 
Mr. N L 
Nagdev from 
Pushp vihar, 
RWA 
President 
(male) 
Why are you not 
proposing the Moolchand 
metro station as it will be 
helpful for local people 
and nearby societies to 
travel the Moolchand 
hospital easily?  
Also, as you requested, we 
will provide the area in 
the Parks of our society 
for plantation. We have 
very beautiful parks and 
we will be happy to offer 
this to you.  
DMRC 
Officials 
The Moolchand station cannot be proposed 
as there is flyover bridge and there is no 
space at both the sides of the bridge and in 
front of it there is a college, so it’s not 
possible there. But the Andrew Ganj Station 
is almost in front of Moolchand where o ne 
underpass is already proposed, and we will 
propose another one towards the 
Moolchand so that it will be easy for you all 
to reach the station through it. Also, the 
societies after the Moolchand, the Greater 
Kailash-I Station will be near for them.  
6 
Mr. Tarsem 
Chaudhary 
from Lajpat 
Nagar IV, 
New Delhi 
(male) 
The metro station is 
spread over a kilometre 
because of that it is very 
difficult for Senior Citizen 
to walk and reach the 
station. So I want to 
request the officials to 
start something for 
travelling like cycle, e -
DMRC 
Officials 
We will pass your concern to The architect 
department, they will plan according to 
availability of land and provide wherever 
feasible. "
309,PDF page 309," 
Environment Impact Assessment for Delhi Metro Phase IV-2 Project 
 
 
299 J A DELHI METRO RAIL CORPORATION LTD. 
 
 
S. 
No. 
Major opinion and Answer 
Question/Comment Answer 
Name/ 
Position 
Question Reply by Answer 
rickshaw, etc., for easy 
travelling.  
7 
Mr. N L 
Nagdev from 
Pushp vihar, 
RWA 
President 
(male) 
 There is an escalator 
available for going up 
towards the station but 
there are stairs for 
downward direction, 
which is very problematic. 
Lifts are also available but 
we need to wait for a long 
period so its waste of time 
basically. Sometimes the 
escalator is not working 
or the lift.  
At many main & big metro 
stations, for both runways 
the escalator is available. 
We request you to do the 
same for all the stations.  
At some places, there are 
more than 10 one -way 
escalators and one or two 
lifts which is used for 
luggage by the public so 
makes it difficult to reach 
the metro station. That’s 
why it’s necessary to have 
upward and downward 
escalators on every 
gateway of the metro 
station. 
DMRC 
Officials 
We are ready to do the same but we need the 
adequate space or area according to both 
upward & downward escalators. Sometimes 
due to the inadequate space on both sides of 
the road or metro stations, we provide the 
one way escalator and other way staircase. 
We are trying our best to provide the two -
way escalators at stations with adequate 
space on every gateway of the stations.  
8 
Mr. Vishal 
from N -
Block, 
Greater 
Kailash 
(male) 
The ongoing YFC project 
of the Delhi Metro at Saket 
G Block seems to have 
been experiencing delays, 
leading to persistent 
traffic congestion in the 
area. Additionally, there 
appears to be 
inconsistency in the pace 
of construction activity. 
DMRC 
Officials 
Unfortunately, the project faced a setback 
due to the sudden passing of the original 
contractor during the COVID -19 pandemic. 
DMRC offered support to the contractor's 
family and subsequently appointed a new 
contractor. While I cannot comment on the 
specific details of the corridor alignment, 
this unforeseen event is a contributing factor 
to the delays. 
 Corridor 3 – Rithala – Narela – Nathupur 
1 
Mr. Mukesh 
Chandra 
from Rithala, 
New Delhi 
(Male) 
What measures will be 
taken for Sound & 
Vibrations? 
DMRC 
Officials 
We gathered here to describe the scope of 
work of this stakeholder meeting for DMRC 
projects. In the ongoing EIA study, the 
current Baseline environment study will be 
conducted for Noise & Vibration and if there 
will be any increase in Noise and Vibration 
due to the metro; it will also be explained by 
us in the next Stake Holder Meeting. As Delhi 
Metro is working from a long time, the 
proper measures will be taken by DMRC to 
decrease or control the Noise pollution and 
Vibrations.  
2 
Mr. Ashish 
Singh from 
Rohini 
Sector 25, 
New Delhi 
(Male) 
What facilities will be 
provided for the workers? 
DMRC 
Officials 
‘Workers’ means Construction Workers, 
right. As we explained in the presentation, 
we will hire the Contractor who will provide 
all the required facilities like water and 
shelter, accordingly. Simultaneously we will 
ensure the work and activities.  
3 
Mr. Ravi 
from Narela, 
New Delhi 
(Male) 
What will be benefits to 
the local people from this 
proposal? 
DMRC 
Officials 
It is very natural. If there will be any public 
transportation which will be provided, then 
it is for the sake of common public whether "
310,PDF page 310," 
Environment Impact Assessment for Delhi Metro Phase IV-2 Project 
 
 
300 J A DELHI METRO RAIL CORPORATION LTD. 
 
 
S. 
No. 
Major opinion and Answer 
Question/Comment Answer 
Name/ 
Position 
Question Reply by Answer 
it is for work or education. It is for local 
people benefits.  
4 
Mr. Mohit 
Yadav from 
Narela, New 
Delhi (Male) 
What will be the source of 
water for the project? 
DMRC 
Officials 
We have bore -well permissions. We 
generally have a batching plant where all the 
facilities will be provided like preparation of 
concrete and then it will be transported to 
the construction sites for the formation of 
new structures.  
5 
Mr. Mansha 
Ram from 
Rohini, New 
Delhi (Male) 
I do welcome metro as I do 
use the facilities provided 
by the Delhi Metro.  
 How and where the 
Solid waste and 
chemicals generate 
from the metro will be 
used? 
 What will the mitigation 
measures taken for dust 
particles or air pollution 
DMRC 
Officials 
 In metro operation, there is no generation 
of any type of Hazardous chemical. We 
don’t use Coal or any fuel in metro. It is 
only operated by electricity.  
 During the Construction, the waste 
material generated like stones and debris 
material will be transported to the 
authorized sites as per the Waste 
management rules.  
 During the operation phase, there will not 
be any type of air pollution or dust 
generation.  
DMRC 
Officials 
2. During the Construction phase, there are 
few facilities like sprinkling of water on road 
and construction site, all the machineries 
will be cleaned at proper interval of time. 
Also, having dust particles in environment is 
normal but we try our best to n ot support 
the same and minimize the dust during the 
construction period.  
6 
Mr. Sonu 
from Rohini, 
New Delhi 
(Male) 
What is the solution for 
Air & Water Pollution 
happen due to this 
proposal? 
DMRC 
Officials 
At every place, we have our Water 
Treatment Plant in which wastewater is 
treated and use to recharge the ground 
water after filtration. For air pollution, like 
for dust we do sprinkle water to minimize 
the effect. We also have few plants where we 
dismantle the concrete and reuse or recycle 
the same.  "
311,PDF page 311," 
Environment Impact Assessment for Delhi Metro Phase IV-2 Project 
 
 
301 J A DELHI METRO RAIL CORPORATION LTD. 
 
Corridor 1 – Inderlok to Indraprastha (1st SHM) 
  
  
 
Corridor 2 – Lajpat Nagar to Saket G Block (1st SHM) 
  
  
 
 
 
 
"
312,PDF page 312," 
Environment Impact Assessment for Delhi Metro Phase IV-2 Project 
 
 
302 J A DELHI METRO RAIL CORPORATION LTD. 
 
Corridor 3 – Rithala – Narela – Nathupur (1st SHM) 
  
  
Figure 13.3: Photographs of 1st Stake Holder Meeting conducted on 03.06.2024 
(2) 2nd Stakeholder meeting 
2nd Stakeholder meeting has been conducted in 16th July, 2024 at the previously selected Venues 
and timings. The presentation has been given in local/vernacular language i.e., Hindi, by the sub-
consultant, Vardan Environet LLP team members. Minutes of Meetings and photos are presented 
in Table 13.5 and Figure 13.4 respectively. 
Table 13.4: 2nd Stakeholder Meeting 
Corridor Time Venue Occupation of 
participants participants Information 
disseminated 
Corridor 1 – 
Inderlok to 
Indraprastha 
12:00 PM 
to 2:00 PM 
Raj Vatika, 876, 
Khajoor Road, 
Opposite Ajmal 
Khan Park, Karol 
bagh, New Delh 
 Traders  
 Women,  
 Squatters, 
kiosks and 
  Other 
inhabitants in 
the areas likely 
to be affected by 
the project. 
Total 16 
 Male 14 
Female 2 
 
 
Project details, 
analysis of 
positive and 
negative 
impacts, 
mitigation 
measures and 
monitoring plan 
and exchange 
opinion. 
Corridor 2 – 
Lajpat Nagar to 
Saket G Block: 
9:00 AM to 
11:00 AM 
DDA-KPM 
Community Hall, 
Vikram Vihar, 
Lajpat Nagar -IV, 
New Delhi, India.  
 Businessmen 
 Men 
 Women 
 Habitants of the 
area 
Total 23 
 Male 17 
Female 6 
 
 
Corridor 3 – 
Rithala – Narela – 
Nathupur 
3:00 PM to 
5:00 PM 
 
B-1, Dharamshala 
(Community Hall), 
Sec-16, Opp Petrol 
Pump, Rohini, New 
Delhi 
 General 
members of the 
communities 
within the 
Project scope  
 Residents in the 
Project area; 
Total 13 
Male 13 
Female 0 
"
313,PDF page 313," 
Environment Impact Assessment for Delhi Metro Phase IV-2 Project 
 
 
303 J A DELHI METRO RAIL CORPORATION LTD. 
 
Table 13.5 : Minutes of Meetings for 2nd Stakeholder Meeting 
S. 
No. 
Major opinion and Answer 
Question/Comment Answer 
Name/ 
Position 
Question Reply By Answer 
Corridor 1 – Inderlok to Indraprastha 
1 
Mr. Saurabh 
Vishwakarma 
from 
Indraprastha, 
New Delhi 
(male) 
First, I would like to 
welcome Metro in Delhi. I 
have been using the metro 
since almost my childhood 
and it provides an easy 
mode of transportation 
and safety. 
My only suggestion is that 
the mitigation measures 
will be taken for the 
diversion of the road. 
DMRC Officials To address the potential impact of dust 
and air pollution during road 
diversions, we will implement 
mitigation measures. These measures 
will be communicated to DMRC 
contractors to ensure strict adherence. 
Our Environment team will collaborate 
closely with contractors and conduct 
weekly inspections to monitor progress 
and rectify any shortcomings. 
2 
Mr. Avneesh 
from Inderlok, 
New Delhi. 
(male) 
I would like to welcome 
Metro in Delhi. Due to the 
metro in Delhi, 
transportation has 
increased and traffic has 
been reduced. 
I have a suggestion that 
during the peak hours in 
the morning and evening 
when it is generally 
crowded, the metro 
frequency should be 
increased. 
DMRC Officials It is a valid point though. The interval 
between metro trains would indeed 
enhance metro frequency during these 
busy periods. 
3 
Ms. Khyati Gaur 
from Karol 
Bagh, New 
Delhi. (female) 
I would like to welcome 
Metro in Delhi. I have a few 
suggestions:  
Coaches for females 
should be increased.  
During the festivals & peak 
hours, long line -ups are 
there at metro stations, so 
the number of security 
check-ins should be 
increased.  
DMRC Officials The suggestions will be forwarded to 
the relevant department at DMRC, 
namely, the Operations department. 
Appropriate provisions based on these 
recommendations will be considered 
and implemented as necessary.  
4 
Mr. Parneet 
from Shalimar 
Bagh, New 
Delhi. (male) 
During peak hours, the 
number of ticket counters, 
AVM machines, and 
entry/exit counters is 
insufficient to 
accommodate the 
passenger volume. I 
recommend increasing the 
number of ticket counters 
and entry/exit points both 
inside and outside the 
metro stations. 
Additionally, given the 
proposed eight 
underground metro 
stations, which will 
experience signal and 
network disruptions, I 
suggest implementing Wi -
Fi connectivity at all 
stations and within metro 
trains to ensure 
uninterrupted 
communication. 
DMRC Officials The implementation of Wi -Fi at metro 
stations and within trains has been 
proposed and discussed extensively. 
The DMRC IT team is actively working 
to ensure seamless connectivity of 
network throughout the metro. 
Also, regarding your suggestion about 
additional ticket counters at metro 
exits, it's important to note that DMRC 
offers multiple convenient options for 
purchasing tickets and recharging 
metro cards, including online 
platforms. 
5 Mr. Arun Yadav 
from 
I would like to draw 
attention to the cleanliness 
DMRC Officials This issue has been raised repeatedly 
with the Delhi Police and Delhi "
314,PDF page 314," 
Environment Impact Assessment for Delhi Metro Phase IV-2 Project 
 
 
304 J A DELHI METRO RAIL CORPORATION LTD. 
 
S. 
No. 
Major opinion and Answer 
Question/Comment Answer 
Name/ 
Position 
Question Reply By Answer 
Jhandewala, 
New Delhi. 
(male) 
conditions outside the 
metro station. While the 
interiors are maintained 
well, the exterior areas are 
in need of improvement, 
with rainwater 
accumulating in the pits. 
Government. It’s important to note that 
while the metro station itself is 
constructed on DMRC land, the 
surrounding areas are under the 
jurisdiction of other agencies. 
Discussions regarding the cleanliness of 
these areas and the management of 
auto-rickshaw stands are ongoing with 
the Public Works Department and the 
Delhi Government. 
DMRC's role is primarily focused on the 
internal operations of the metro 
stations. However, we do incorporate 
measures to mitigate cleanliness issues 
during the construction phase of new 
stations. 
6 
Mr. Vinay Singh 
from Inderlok, 
New Delhi. 
(male) 
I extend my support for the 
proposed Inderlok to 
Indraprastha metro 
corridor. However, I would 
like to draw attention to 
the apparent lack of toilet 
facilities at and around the 
proposed stations. 
DMRC Officials As you might have noticed DMRC has 
endeavoured to install toilet facilities at 
most metro stations where feasible. 
However, the availability of land and 
water connections has presented 
significant challenges especially at 
developed stations. Despite these 
constraints, we have made every effort 
to construct toilet facilities wherever 
possible. 
7 
Mr. Munendra 
Kumar from 
Karol Bagh, 
New Delhi. 
(male) 
I would like to welcome 
Delhi Metro.  
We have been told that 
during the construction, 
the trees will be cut down 
and 10 plants will be 
planted in place of 1 tree.  
How will tree maintenance 
be ensured? 
Will new trees be planted 
at the original site or 
elsewhere? 
What are the advantages of 
planting trees 20 -50 km 
away? 
DMRC Officials The Delhi Government mandates tree 
cutting according to specific provisions, 
with 80% of trees being transplanted. 
Only trees unable to withstand 
transplantation will be removed. This 
process is overseen by the Forest 
Department, which has granted 
necessary permissions. 
Tree transplantation is conducted 
under Forest Department supervision, 
with plantation sites determined jointly 
by DDA and the Forest Department. Due 
to development view, on-site replanting 
is impractical. Instead, trees are being 
relocated to the nearest suitable area as 
recommended by the Forest 
Department. The department will 
manage these new plantations, with 
maintenance costs borne by DMRC. 
8 
Ms. Meenu 
from 
Jhandewala, 
New Delhi. 
(female) 
I support the proposed 
Delhi Metro project.  
To enhance passenger 
experience, I recommend 
increasing the number of 
security counters 
designated for girls and 
boys at station entrances 
to reduce the wait times. 
DMRC Officials The number of security checkpoints 
varies based on passenger volume. 
Major stations typically require more 
checkpoints than smaller ones. To 
facilitate smoother passenger flow 
during peak hours, we will increase 
security personnel. I have taken note of 
this and will implement the necessary 
measures.  
9 
Mr. Satya Dev 
from 
Jhandewala, 
New Delhi. 
(male) 
I extend my support for the 
proposed metro corridor. 
However, I would like to 
draw attention to the dust 
pollution and the affected 
areas during the 
construction phase. What 
mitigation measures will 
be taken for the same?  
DMRC Officials To mitigate dust pollution during the 
construction phase, we will implement 
regular water sprinkling on both the 
roadways and the construction site. 
This measure is designed to effectively 
suppress dust generated by vehicular 
traffic and construction activities. 
Corridor 2 – Lajpat Nagar to Saket G Block "
315,PDF page 315," 
Environment Impact Assessment for Delhi Metro Phase IV-2 Project 
 
 
305 J A DELHI METRO RAIL CORPORATION LTD. 
 
S. 
No. 
Major opinion and Answer 
Question/Comment Answer 
Name/ 
Position 
Question Reply By Answer 
1 
Mr. Ashwani 
Kumar from 
Dayanand 
Vihar Colony, 
Lajpat Nagar, 
New Delhi 
(male) 
While constructing the 
Metro stations from Lajpat 
Nagar to Saket G Block, the 
roads, demolition building 
waste and any waste 
material will be generated. 
What will DMRC do with 
the waste material, as 
Delhi already has waste 
collection mountains in 
the city? 
 
DMRC Officials There will be no house will be 
demolished, beside a few government 
quarters near Pushp Vihar will be 
destroyed as those are more than 50 
years old quarters of CPWD. Now, 
CPWD are allotting new quarters to the 
families. As per the Govt. policy, the 
waste debris will be recycled and used 
as raw material in the factories whose 
products like building blocks will be 
used in Building construct footpath tiles 
and road making. The collected dust 
will be used in road -widening near 
Pushp Vihar.  
2 
Ms. Subiya 
Neyaz from 
Pushp Vihar, 
New Delhi 
(female) 
During Construction 
period, the dust will be 
generated. What 
mitigation measures will 
be taken by DMRC? 
As we all know the dust 
pollution is the important 
topic in Delhi-NCR. 
DMRC Officials Basically, during the Construction 
phase, we will do the sprinkling of 
water on road and construction site at 
regular basis. For Noise, we use the 
silent generators. Also, having dust 
particles in environment is normal but 
we try our best to not support the same 
and maintain the dust pollution below 
the limits, hopefully.  
3 
Mr. Banti 
Kumar from 
Greater 
Kailash , New 
Delhi (male) 
The proposed Delhi Metro 
extension from Lajpat 
Nagar to Saket G Block, we 
understand there may be a 
need to remove or 
transplant existing trees 
along the route.  
How will the newly 
planted trees be cared for 
and protected from animal 
damage?  
DMRC Officials Nowadays, Tree removal has become a 
significant concern. In many cases, tree 
removal now requires Supreme Court 
authorization, ensuring proper 
oversight. To compensate for tree loss, 
a 10:1 replacement policy is often 
implemented. While some saplings may 
not survive, others will mature, 
promoting a net gain in trees. 
Additionally, when large -scale 
removals are necessary (e.g., 100 
trees), at least 80% are often 
transplanted to new locations, 
maximizing survival rates. As 
mandated by the Supreme Court, 
specialized agencies handle these 
transplants, ensuring proper care and 
adherence to a minimum 4 -meter 
spacing requirement for optimal 
sunlight and water access. This critical 
issue, as you're likely aware from news 
coverage, demands our collective 
attention. 
4 
Mr. Ashwani 
Kumar from 
Dayanand 
Colony, Lajpat 
Nagar, New 
Delhi 
(male) 
These are my suggestions:  
Major metro stations such 
as Kashmiri Gate and 
Anand Vihar frequently 
experience significant 
congestion at entry points. 
Increasing the number of 
entry gates beyond the 
current two or three 
would effectively alleviate 
passenger wait times. 
Recent news reports have 
highlighted instances of 
passenger altercations 
within the metro system. 
To prevent such incidents 
and maintain a safe 
environment, a consistent 
presence of security 
DMRC Officials Basically, we are the part of Planning 
team. There is minimum two entry 
gates at metro stations. Still, we are 
planning to increase the entry gates so 
that speed will be increased, and people 
will not face any issues.  "
316,PDF page 316," 
Environment Impact Assessment for Delhi Metro Phase IV-2 Project 
 
 
306 J A DELHI METRO RAIL CORPORATION LTD. 
 
S. 
No. 
Major opinion and Answer 
Question/Comment Answer 
Name/ 
Position 
Question Reply By Answer 
personnel or police 
officers at all metro 
stations is imperative. 
5 
Ms. Sonali 
Chauhan from 
Pushp Vihar, 
New Delhi 
(female) 
During Construction 
period, what mitigation 
measures will be taken for 
traffic congestion?  
DMRC Officials To alleviate traffic congestion during 
the construction phase in Pushp Vihar 
and Saket District Centre, the widening 
of the road in front of Delhi Public 
International School is currently 
underway. An available space within 
the CPWD colony adjacent to thes e 
locations is being considered for this 
purpose. Given the age of the colony 
and the absence of new quarter 
allotments for its residents, discussions 
are ongoing with the CPWD to facilitate 
this plan. While some traffic disruptions 
are expected during con struction, the 
overall traffic flow is anticipated to 
improve significantly upon completion. 
Corridor 3 – Rithala – Narela - Nathupur 
1 
Mr. Shivam 
Singh from 
Kundli, New 
Delhi (Male) 
I support the proposed 
metro corridor and 
commend DMRC for its 
existing facilities. 
However, I recommend 
increasing the number of 
coaches dedicated to 
female and girl passengers. 
DMRC Officials Please submit your suggestions via the 
DMRC website. 
 
2 
Mr. Aman from 
Barwala, New 
Delhi (Male) 
During the peak hours, 
stations will be crowded. 
So I recommend increasing 
the number of entry check-
in points. Additionally, I 
suggest implementing Wi -
Fi connectivity at all 
stations and within metro 
trains to ensure 
uninterrupted 
communication. 
DMRC Officials I am not the right person to answer this 
question. Also, you can share the 
suggestions on the website. However, 
we do increase the frequency of trains 
during the peak hours according to 
public participation.  
 
Security is a very important part of 
Metro. The deployment of CISF 
personnel at stations is essential for 
maintaining a secure environment. We 
believe that compromising on security 
measures would be detrimental to the 
overall well-being of our passengers.  
To address the concern, we have 
implemented several strategies, 
including increasing train frequency 
and operating trains in loops. DMRC 
needs to run trains approx. 18 -19 
hours, which is not easy. DMRC 
operates a complex system with over 
300-400 metro trai ns and a large 
workforce. Our teams work diligently to 
optimize services, considering factors 
such as peak and non-peak hours, train 
availability, and operational efficiency. 
3 
Mr. Mayank 
Sharma from 
Narela, New 
Delhi (Male) 
I extend my support for the 
proposed metro corridor.  
My concerns are:  
The DMRC should provide 
the clean drinking water 
facilities at every metro 
station.  
The pigeon drop issues has 
been noticed at the Metro 
Stations, which will 
DMRC Officials In the case of pigeon control at 
particular places like on CCTV, at metro 
stations, etc., we use different methods 
to control the same. Also, DMRC don’t 
want to disturb the any livelihood of 
any animal and human beings and 
provide the least disturbance in our 
premises.  
Second, when we talk about the 
drinking water issues. The passengers 
approximately stay around 3-4 minutes "
317,PDF page 317," 
Environment Impact Assessment for Delhi Metro Phase IV-2 Project 
 
 
307 J A DELHI METRO RAIL CORPORATION LTD. 
 
S. 
No. 
Major opinion and Answer 
Question/Comment Answer 
Name/ 
Position 
Question Reply By Answer 
increase the manpower to 
clean it and damage the 
infrastructures as well. 
What measures can be 
taken for pigeon drops?  
at the station and board on the metro to 
next station. Our metro is within the 
city. So mostly people are those who 
travels to offices, schools and lives 
nearby and do carry their own water 
bottles.  
And the other factor is availability of 
space. Like the elevated stations are 
very space constraints where we need 
to do the security, passenger 
accommodations and equipment 
placement. However, if we get the space 
we do provide the other essential 
facilities.  
4 
Mr. Ritik from 
Narela Sector 5, 
New Delhi 
(Male) 
I am very thankful for this 
proposed metro corridor 
towards the Narela side 
results in providing the 
better connectivity to the 
main city.  
I have noticed that DMRC 
needs to provide the more 
efficient means of 
elevators and lifts for 
senior citizen so that the 
trains will not be missed, 
and they can travel 
without any hustle.  
 
DMRC Officials We do provide the elevators and lifts at 
every metro station. Even we provide 
the ramps for disabled people. 
Additionally, we provide helpline 
service in which the assistant service is 
provided from the control room to 
facilitate the senior citizen or disable 
person from the metro station to the 
metro train and once the train left the 
station, they convey to the respective 
station to handle the same person at 
designated station and drop to the 
DMRC main gate. 
We have tactile path for blind person. 
After all this, we provide all such 
information at our website as well.  
 
  "
318,PDF page 318," 
Environment Impact Assessment for Delhi Metro Phase IV-2 Project 
 
 
308 J A DELHI METRO RAIL CORPORATION LTD. 
 
Corridor 1 – Inderlok to Indraprastha (2nd SHM) 
  
  
 
 
Corridor 2 – Lajpat Nagar to Saket G Block (2nd SHM) 
  
  
 
"
319,PDF page 319," 
Environment Impact Assessment for Delhi Metro Phase IV-2 Project 
 
 
309 J A DELHI METRO RAIL CORPORATION LTD. 
 
Corridor 3 – Rithala – Narela – Nathupur (3rd SHM) 
  
  
Figure 13.4: Photographs of 2nd Stake Holder Meeting conducted on 16.07.2024 
 
13.5. Stakeholder Engagement Plan  
DRMC is to prepare, updat e and implement the Stakeholder Engagement Plan (SEP) for the 
project cycle in consideration to  vulnerable groups paying attention to the gender aspect of the 
Project. The schedule of preparation of SEP is not know as of the time of preparing this report.  
13.6.  Information Disclosure 
Both online and consultation will be used for information dissemination of the Delhi Metro Phase 
IV-2 p roject. Public consultation will be carried out prior to construction to create awareness 
among the public on potential impacts. Feedback from the public will be analysed for actions 
when required. Project reports including EIA and SIA reports will be uploaded and accessible to 
the public through official websites of the DMRC and JICA. A hard copy being available to read and 
copy at DMRC Env ironment department, in addition to the Summarized information was 
disseminated during stakeholder consultation activities. Online news pertaining to the 
commencement of the project are also available.  
 
***** 
"
320,PDF page 320," 
Environment Impact Assessment for Delhi Metro Phase IV-2 Project 
 
 
310 J A DELHI METRO RAIL CORPORATION LTD. 
 
CHAPTER 14. CONCLUSIONS AND RECOMMENDATIONS  
14.1. Conclusions 
The conduct of this Environmental Impact Assessment study has revealed several positive and 
negative issues associated to the proposed project. The impacts identified have been analysed in 
detail to formulate mitigation measures in response to negative aspects which have been raised. 
The proposed Environmental Management Plan (EMP) provides a way forward for 
implementation of the mitigation measures and should be implemented as a require ment for a 
positive Record of Decision by appropriate authorities. 
The pertaining impacts have been assessed and described in detail to gain an adequate 
understanding of possible socio and environmental effects of the proposed project in all its 
implementation phases. When the mitigation measures listed in this document a re fully 
implemented in the design, construction, and post -construction phases, it is no doubt that the 
project will benefit to both people and the environment. The cost for the implementation of the 
EMP are estimates indicative to the general cost and wer e estimated based on the current local 
prices on the market.  
In any case potential disputed among workers arise and connected to the project activities, a 
project Grievance Redress Mechanism (GRM) is proposed as a dispute resolution mechanism 
option available to redress grievances and disputes emanating or associated with this project to 
avoid potential social impacts. Therefore, based on the study findings, most of the potential 
environmental impacts identified can be mitigated. The proposed Environmental Management 
Plan and Environmental Monitoring Plan as implemen ted will safeguard the integrity of the 
environment. To this extent, it can be concluded that the potential impacts associated with the 
proposed development are of a nature and extent that can be reduced, limited, and eliminated by 
the application of appropriate mitigation measures. 
14.2. Recommendations 
In addition to the mitigation measures proposed in the EMP, consultant is recommending the 
following: 
• The project should assign the Health, Social and Environmental officer who will oversee 
undertaking the monitoring of the mitigation measures for the project through its 
existence. This will help to achieve sustainable project implementation at reduced cost 
for undertaking the monitoring despite the facts that regular internal monitoring shall 
be carried out by the project developer 
• Local and affected people should be given priority in works; 
• Taking into consideration that most of the project activities will be carried out longest 
the existing roads, special attention shall be given to the management of traffic and 
roads repair to avoid any incident associated to the project activities. 
• Mid-term environmental audit should be conducted to evaluate the effectiveness of 
proposed mitigation measures and provide corrective measures as appropriate. 
• Prior to the project implementation, the Contractor shall prepare the Construction 
Environmental and Social Management Plan (CSEMP) as well as the Construction 
Environmental Health Safety Plan (CEHSP) related to the project 
 
***** "
321,PDF page 321," 
Environment Impact Assessment for Delhi Metro Phase IV-2 Project 
 
 
311 J A DELHI METRO RAIL CORPORATION LTD. 
 
References  
 
• Detail Project Report, Delhi Metro Rail Corporation Ltd, August 2023. 
• Basel Convention on Trans-boundary Movement of Hazardous Wastes, 1989. 
• Batteries (Management and Handling) Rules, 2001. 
• Biological Diversity Act, 2002. 
• Central Ground Water Board. Retrieved from https://cgwb.gov.in/ 
• Climate of Delhi at a Glance – Ministry of Earth Sciences, India Meteorological 
Department. 
• Climatological Tables 1991-2020, Indian Meteorological Department, Government of 
India. 
• Convention on International Trade in Endangered Species of Wild Fauna and Flora 
(CITES), 1973. 
• Convention on Migratory Species of Wild Animals (CMS), 1979 (Bonn Convention). 
• Delhi Metro Rail Corporation Ltd. (n.d.). Retrieved from 
https://www.delhimetrorail.com/ 
• Dynamic Ground Water Resource of India, 2023. 
• Economic Survey of Delhi, 2022-23, Government of Delhi. 
• Environment Protection Act/Rules, 1986. 
• Environmental Impact Assessment Notification, 14th September 2006. 
• E-waste (Management) Rules, 2016. 
• Flood Affected Area Atlas of India, Satellite-based Study, National Remote Sensing 
Centre (NRSC), Indian Space Research Organisation (ISRO), Department of Space, 
Government of India, March 2023. 
• Geological Survey of India. Retrieved from 
https://www.gsi.gov.in/webcenter/portal/OCBIS 
• Ground Water Year Book, National Capital Territory, Delhi, 2017-18. 
• Hazardous & Other Wastes (Management and Transboundary Movement) Rules, 2016. 
• India Meteorological Department (IMD) Handbook (1991-2020). 
• Indian Agriculture Research Institute. 
• International Union for Conservation of Nature (IUCN). 
• IS: 3025 (Part-1) Methodology 
• IS:9989, Assessment of Noise with Respect to Community Response. 
• IS-5182, Central Pollution Control Board (CPCB) Guidelines for Measurement of 
Ambient Air Pollutants. 
• Japan International Cooperation Agency (JICA Guideline), 2022. 
• Montreal Protocol, 1992. 
• National Ambient Air Quality Standards, 2009. 
• Ozone Depleting Substances (Regulation and Control) Rules, 2000. 
• Ramsar Convention, 1971. 
• Sampling Methodology and Analysis - IS: 2720. 
• State Forest Acts. 
• The Forest (Conservation) Act, 1980 and amendments, and The Forest (Conservation) 
Rules, 1981 and amendments. 
• United Nations Educational, Scientific and Cultural Organization (UNESCO). 
• Wetlands (Conservation and Management) Rules, 2017. 
• Wildlife Protection Act, 1972 (WLPA). 
• World Bank Environmental and Social Standards. 
• World Bank Involuntary Resettlement Sourcebook, 2004. "
322,PDF page 322," 
Environment Impact Assessment for Delhi Metro Phase IV-2 Project 
 
 
312 J A DELHI METRO RAIL CORPORATION LTD. 
 
• Vulnerability atlas of India. Retrieved from https://vai.bmtpc.org/landslide.html 
• Geological survey of India. Retrieved from https://bhukosh.gsi.gov.in/Bhukosh/Public 
 
 
 
***** 
 "
